group,video_id,publishedAt,author,text,likeCount
BOYNEXTDOOR,jizAb-SLvtM,2023-05-25T20:58:41Z,@bichinabichina4452,mid,0
BOYNEXTDOOR,jizAb-SLvtM,2023-05-25T20:57:41Z,@кирусядеточкина,"THEY&#39;RE SOOO SWEET I REALLY LOVE IT, GUYS I&#39;M YOUR FAN❤❤❤",0
BOYNEXTDOOR,jizAb-SLvtM,2023-05-25T20:57:40Z,@Mama_Aqila01,"Vibes nya prince bgt ga sih? Para prince yg lagi keluar kastil buat liburan, menurut gw gitu soalnya 😂😍 suka bgt, jarang kan ya skrg BG konsepnya kyk gini",0
BOYNEXTDOOR,jizAb-SLvtM,2023-05-25T20:57:24Z,@leeknooooow,이 옵션을 선택하면 이 옵션을 선택할 수 있습니다♥️😍😅,1
BOYNEXTDOOR,jizAb-SLvtM,2023-05-25T20:57:08Z,@loove143_,"<a href=""https://www.youtube.com/watch?v=jizAb-SLvtM&amp;t=14"">0:14</a> &quot;representing KOZ&quot; I can&#39;t handle that, Jaehyun is way to cute omgg 😭",146
BOYNEXTDOOR,jizAb-SLvtM,2023-05-25T20:57:05Z,@rrraissy,these guys are crazy!!,2
BOYNEXTDOOR,jizAb-SLvtM,2023-05-25T20:55:49Z,@solhwa4334,americacore,0
BOYNEXTDOOR,jizAb-SLvtM,2023-05-25T20:54:42Z,@miorionz,QUE BUEN GRUPO VOY A SEGUIRLOS,0
BOYNEXTDOOR,jizAb-SLvtM,2023-05-25T20:54:01Z,@SVGARTiTZ,LETS GOOO,0
BOYNEXTDOOR,jizAb-SLvtM,2023-05-25T20:53:13Z,@paigemc2107,I&#39;m into it!! This is a vibe!! 😆,1
BOYNEXTDOOR,jizAb-SLvtM,2023-05-25T20:51:34Z,@アールグレイドール,センスの塊すぎて震える(̨̡ ¨̮ )̧̢ 〜♡<br>ウナクくんのサビかわいいよぉ,2
BOYNEXTDOOR,jizAb-SLvtM,2023-05-25T20:51:32Z,@winter5185,I LOVE THIS NEW GROUP ALREADY,0
BOYNEXTDOOR,jizAb-SLvtM,2023-05-25T20:50:38Z,@yyubtim8769,Ey,0
BOYNEXTDOOR,jizAb-SLvtM,2023-05-25T20:49:35Z,@ricver33,and stop mention newjeans,0
BOYNEXTDOOR,jizAb-SLvtM,2023-05-25T20:49:09Z,@MinAri_Ari,Love these boys!!!,1
BOYNEXTDOOR,jizAb-SLvtM,2023-05-25T20:49:02Z,@SafaAyoub,Oh,0
BOYNEXTDOOR,jizAb-SLvtM,2023-05-25T20:48:16Z,@chrise.alcivar9381,I’m already a fan bro…tf,0
BOYNEXTDOOR,jizAb-SLvtM,2023-05-25T20:47:01Z,@asm9560,Let your future be bright like one and only BTS❤,0
BOYNEXTDOOR,jizAb-SLvtM,2023-05-25T20:46:47Z,@tabsidu3626,Woah i really like this song,0
BOYNEXTDOOR,jizAb-SLvtM,2023-05-25T20:46:18Z,@intakies,ATEE,0
BOYNEXTDOOR,jizAb-SLvtM,2023-05-25T20:46:10Z,@justkeepgroovin,"Oh I love the music director of Boynextdoor so much, indeed Zico is a music genius, I&#39;m so happy he&#39;s behind the group!!",0
BOYNEXTDOOR,jizAb-SLvtM,2023-05-25T20:45:44Z,@unnamedchar,Liked it. Waiting for next,1
BOYNEXTDOOR,jizAb-SLvtM,2023-05-25T20:44:57Z,@dazzlingangels0707,im im love with this group already 😂,1
BOYNEXTDOOR,jizAb-SLvtM,2023-05-25T20:44:28Z,@AnaluizA-hn9bx,CUTEEEEEEE,1
BOYNEXTDOOR,jizAb-SLvtM,2023-05-25T20:44:25Z,@aaronburrsir6347,I can tell by the mall this was filmed in the U.S and as an American K-pop fan LET ME FIND OUT THEY FILMED IT IN THE MALL I ALWAYS GO TO,0
BOYNEXTDOOR,jizAb-SLvtM,2023-05-25T20:44:10Z,@리라-x6v,지코야 어디서 이런애들을 구해온거니 정말 노래도좋고 대박날거같네,55
BOYNEXTDOOR,jizAb-SLvtM,2023-05-25T20:44:09Z,@AHJ_Agency,This is so cute,1
BOYNEXTDOOR,jizAb-SLvtM,2023-05-25T20:43:22Z,@samarkorean9544,❤❤,0
BOYNEXTDOOR,jizAb-SLvtM,2023-05-25T20:42:57Z,@alesslopez1868,"Me gusta la vibra que traen, por un futuro grandioso",0
BOYNEXTDOOR,jizAb-SLvtM,2023-05-25T20:42:17Z,@marcelaslo205,They give positive vibes ❤,1
BOYNEXTDOOR,jizAb-SLvtM,2023-05-25T20:41:52Z,@꽃노루김효진,지코가 준비중이다던 그룹 드뎌 세상 밖으로 나왔네&gt;_&lt; 비비씨라서 너무 기대했었는데 기대 이상으로 프로듀싱해서 내보내네. 데뷔 축하드리고 지코 수고많았어요!,74
BOYNEXTDOOR,jizAb-SLvtM,2023-05-25T20:39:55Z,@ahmed_mahmud40,Buenisima,0
BOYNEXTDOOR,jizAb-SLvtM,2023-05-25T20:38:57Z,@dannavillamil132,LOS STANEO PERO YAAAAA,1
BOYNEXTDOOR,jizAb-SLvtM,2023-05-25T20:38:55Z,@nawar14,am I the only one who hears hongjoong&#39;s voice in some parts??,0
BOYNEXTDOOR,jizAb-SLvtM,2023-05-25T20:38:41Z,@insomniatic991,you wanna be gowon so bad 🤣🤣🤣,0
BOYNEXTDOOR,jizAb-SLvtM,2023-05-25T20:38:38Z,@csashagift.our.blood.is.pu601,I cant wait to see their stage performances....🎉  fighting 🙂🔥,5
BOYNEXTDOOR,jizAb-SLvtM,2023-05-25T20:38:05Z,@wingwing1008,やっぱり優勝だわ,1
BOYNEXTDOOR,jizAb-SLvtM,2023-05-25T20:37:56Z,@refoultra,BOYNEXTDOOR &#39;BND&#39; pendatang baru yang keren menurutku :)<br>keep creative and kind.,1
BOYNEXTDOOR,jizAb-SLvtM,2023-05-25T20:36:11Z,@oooshio,ほんとにほんとに音楽がどどどタイプで好き顔しかいなくてどーーーせみんないい子たちなんでしょ,39
BOYNEXTDOOR,jizAb-SLvtM,2023-05-25T20:35:28Z,@lilsels,"They have such an uplifting summer vibe, I’m loving itttt",5
BOYNEXTDOOR,jizAb-SLvtM,2023-05-25T20:34:10Z,@유동-h8q,오 노래가 지코느낌남;,5
BOYNEXTDOOR,jizAb-SLvtM,2023-05-25T20:34:03Z,@chiyoragi8991,I love them so much what should I do 😭,0
BOYNEXTDOOR,jizAb-SLvtM,2023-05-25T20:32:12Z,@tyunsworld,THE BRIDGE OMG,1
BOYNEXTDOOR,jizAb-SLvtM,2023-05-25T20:31:55Z,@moshka7648,"Прикольно)<a href=""UCkszU2WH9gy1mb0dV-11UJg/m8MfY4jbFsWJhL0PyouA2Ak""></a>",0
BOYNEXTDOOR,jizAb-SLvtM,2023-05-25T20:31:34Z,@stephanielee2959,"can&#39;t keep up, why is there a lot of Boygroup being uploaded in Hybe channel? What did I miss?",1
BOYNEXTDOOR,jizAb-SLvtM,2023-05-25T20:28:01Z,@justusyouknow,bunlar kim?,0
BOYNEXTDOOR,jizAb-SLvtM,2023-05-25T20:27:32Z,@iamstaypuppym,I ALREADY LOVE THEM,0
BOYNEXTDOOR,jizAb-SLvtM,2023-05-25T20:26:15Z,@dianaarquerosmedrano2584,Tenia la esperanza de encontrar a JJ 😢,1
BOYNEXTDOOR,jizAb-SLvtM,2023-05-25T20:26:02Z,@ijellyfishu,oh yea!!!word up,1
BOYNEXTDOOR,jizAb-SLvtM,2023-05-25T20:25:52Z,@zeo9734,"So so so I Love you All,. Cute",0
BOYNEXTDOOR,jizAb-SLvtM,2023-05-25T20:25:52Z,@MayYt-iq3mk,What title of BL series?,0
BOYNEXTDOOR,jizAb-SLvtM,2023-05-25T20:23:18Z,@evangelistedithagbontaen4540,Literally new Jens boy version kgroup😂❤😊,0
BOYNEXTDOOR,jizAb-SLvtM,2023-05-25T20:21:59Z,@swthrtsofia,Uhh jayden from Dhar man what are you doing here 😭 am i the only one who realised this??,0
BOYNEXTDOOR,jizAb-SLvtM,2023-05-25T20:21:49Z,@my_Ald1,They&#39;ll is so gorgeous and adorable 🥰 I love them so much,1
BOYNEXTDOOR,jizAb-SLvtM,2023-05-25T20:19:58Z,@stinkyjosh,this is better than what ENHYPEN has released omfgg!!!,4
BOYNEXTDOOR,jizAb-SLvtM,2023-05-25T20:19:51Z,@mais5131,I missed this sound in K-pop !! Giving winner/ iKON vibes<br>They&#39;re so cute too ! I&#39;m a fan,5
BOYNEXTDOOR,jizAb-SLvtM,2023-05-25T20:19:46Z,@IZNATION_7,A new group?,0
BOYNEXTDOOR,jizAb-SLvtM,2023-05-25T20:19:01Z,@reginaotto6959,This group really gives me ikon and bigbang vibes!! absolutely love it,1
BOYNEXTDOOR,jizAb-SLvtM,2023-05-25T20:18:35Z,@miamia2312,block b   music but softer lol i love it,1
BOYNEXTDOOR,jizAb-SLvtM,2023-05-25T20:17:56Z,@ferskis,ITS REALLY COOL!!! BOYNEXTDOOR LETS GOOO,1
BOYNEXTDOOR,jizAb-SLvtM,2023-05-25T20:17:42Z,@rikap713,"Me canto, es un grupo con un aura diferente y original, me encanta el estilo que tienen.",2
BOYNEXTDOOR,jizAb-SLvtM,2023-05-25T20:17:07Z,@dmvumaiza,JAYDEN?!!!! OMG DHAR MANN,0
BOYNEXTDOOR,jizAb-SLvtM,2023-05-25T20:16:51Z,@paimdaim,"когда увидела название без просмотра, то подумала что очередная песня про ван энд онли лав но нет.<br> так круто что они познокомили с этой песней себя. звучание песни очень отличное. всё прям в стиле Зико. сам клип очень свежий. мне понравилась момент где они танцевали в шоп бутике. это выглядело ново. крутые ребята. Зико и твои ребята отлично постарались.  думаю они будут очень успешны. <br>все еще подумываю начать ли стэнит их. хочу ознокомительное видео в их оф ютуб канале или влог, чтобы познакомиться и узнать их поближе!<br>❤",6
BOYNEXTDOOR,jizAb-SLvtM,2023-05-25T20:15:28Z,@Solo06_solo06,오우 노래가 생각보다 중독성있고 좋은걸 입에 착착 감기넹❤,57
BOYNEXTDOOR,jizAb-SLvtM,2023-05-25T20:15:14Z,@lwo_owl,Such a nice debut song ❤,1
BOYNEXTDOOR,jizAb-SLvtM,2023-05-25T20:14:25Z,@nini-wo4ot,Expect great success from these guys ❤,0
BOYNEXTDOOR,jizAb-SLvtM,2023-05-25T20:13:41Z,@makotomato5380,"Does anyone know this mall? <a href=""https://www.youtube.com/watch?v=jizAb-SLvtM&amp;t=112"">1:52</a> it looks so familiar",0
BOYNEXTDOOR,jizAb-SLvtM,2023-05-25T20:12:41Z,@manoban7399,amoooooooooooooooo,0
BOYNEXTDOOR,jizAb-SLvtM,2023-05-25T20:12:21Z,@h3llo_k1tty12,I love so much the concept of this group they have a lot potential,1
BOYNEXTDOOR,jizAb-SLvtM,2023-05-25T20:11:28Z,@dali._.,Me gustó muchoooo creo que encontré un nuevo grupo favorito 😍💙,0
BOYNEXTDOOR,jizAb-SLvtM,2023-05-25T20:10:59Z,@cxxai21,많이 사랑해주세요~~~~,15
BOYNEXTDOOR,jizAb-SLvtM,2023-05-25T20:10:40Z,@Blhabkha,So amazing love the concept and everything I Stan have a successful debut 🩵,0
BOYNEXTDOOR,jizAb-SLvtM,2023-05-25T20:10:39Z,@kyuhynn,is this the debut? anyways ate,1
BOYNEXTDOOR,jizAb-SLvtM,2023-05-25T20:10:09Z,@zamnx_5896,Me encanta la canción  y la vibras q dan 😺💗,0
BOYNEXTDOOR,jizAb-SLvtM,2023-05-25T20:09:46Z,@ttub2,무ㅜ야 그럼 타이틀까지 뮤비 3개 나오는거임??,3
BOYNEXTDOOR,jizAb-SLvtM,2023-05-25T20:09:01Z,@sofiapereira3765,So cool!!! BoyNextDoor 💙💙,1
BOYNEXTDOOR,jizAb-SLvtM,2023-05-25T20:08:35Z,@iva793,I will be a fan🥺💙,3
BOYNEXTDOOR,jizAb-SLvtM,2023-05-25T20:08:15Z,@A1441,Looks promising as an introductory video. I wish them well.,1
BOYNEXTDOOR,jizAb-SLvtM,2023-05-25T20:07:19Z,@grlsunki,Gosteii,0
BOYNEXTDOOR,jizAb-SLvtM,2023-05-25T20:07:17Z,@_sunoolover_,Give the guys all the support they deserve   💗,1
BOYNEXTDOOR,jizAb-SLvtM,2023-05-25T20:06:53Z,@Life_Line567,Nice,1
BOYNEXTDOOR,jizAb-SLvtM,2023-05-25T20:04:57Z,@purrrfectt,SLAAYYYYY,0
BOYNEXTDOOR,jizAb-SLvtM,2023-05-25T20:04:35Z,@kaceytkm8788,Is this their official debut or another side track?,0
BOYNEXTDOOR,jizAb-SLvtM,2023-05-25T20:04:24Z,@clouheav,余裕で期待を超えてくる新人、、、,4
BOYNEXTDOOR,jizAb-SLvtM,2023-05-25T20:03:52Z,@saff1223,no se que grupo es pero me encanto la canción,3
BOYNEXTDOOR,jizAb-SLvtM,2023-05-25T20:03:46Z,@bangjeeminlvr,Yasss,0
BOYNEXTDOOR,jizAb-SLvtM,2023-05-25T20:03:15Z,@СветланаГребенюк-к7о,Бесподобные мальчишки ! 💖👍🇷🇺,90
BOYNEXTDOOR,jizAb-SLvtM,2023-05-25T20:02:51Z,@Yasmine-n7j,&lt;3,0
BOYNEXTDOOR,jizAb-SLvtM,2023-05-25T20:02:01Z,@yungyus_hat,WOAH!?!?,1
BOYNEXTDOOR,jizAb-SLvtM,2023-05-25T20:01:50Z,@jadenoften,THEY SLAPPED SO HARD,2
BOYNEXTDOOR,jizAb-SLvtM,2023-05-25T20:01:21Z,@kadidjasacko5665,J&#39;adore,1
BOYNEXTDOOR,jizAb-SLvtM,2023-05-25T20:00:55Z,@daisuki9222,I LOVE BOY NEXT DOOR! CANT WAIT FOR MORE,1
BOYNEXTDOOR,jizAb-SLvtM,2023-05-25T20:00:25Z,@ricver33,my boy woonhak ate,0
BOYNEXTDOOR,jizAb-SLvtM,2023-05-25T20:00:16Z,@hey2128,또 새로운 보이그룹 느낌이라 좋음<br>근뎈ㅋㅋㅋㅋㅋㅋ지코노래같음ㅋㅋㅋㅋㅋㅋㅋㅋㅋㅋㅋㅋㅋㅋ당연함 지코가 만든거임,4
BOYNEXTDOOR,jizAb-SLvtM,2023-05-25T20:00:10Z,@seydingarcia7769,Primera vez que los veo y me gustó,1
BOYNEXTDOOR,jizAb-SLvtM,2023-05-25T19:59:50Z,@_gaby_quinsa_,Que buena canción,0
BOYNEXTDOOR,jizAb-SLvtM,2023-05-25T19:57:53Z,@ingyinpyaehnin6707,this song makes me si addicting i prefre this concept they nailed it❤,2
BOYNEXTDOOR,jizAb-SLvtM,2023-05-25T19:56:48Z,@ricver33,stop mention enhypen pls <br>this is boynextdoor not enh!!,1
BOYNEXTDOOR,jizAb-SLvtM,2023-05-25T19:56:32Z,@Julia_Mkr,"Спасибо ребята, очень позитивно и привлекает! Вы такие лапочки 🤭🤭🤭🥰🥰🥰",1
BOYNEXTDOOR,jizAb-SLvtM,2023-05-25T19:54:44Z,@ilichusmch521,우아아아 너무 좋아!!!😻,2
BOYNEXTDOOR,jizAb-SLvtM,2023-05-25T19:54:23Z,@iki8400,vaya vaya,0
BOYNEXTDOOR,jizAb-SLvtM,2023-05-25T19:53:12Z,@betinacorrea7658,아아!,1
BOYNEXTDOOR,jizAb-SLvtM,2023-05-25T19:51:04Z,@ヲタク人,운학~🧸♡,2
BOYNEXTDOOR,jizAb-SLvtM,2023-05-25T19:50:52Z,@Hannie200,❤❤🎉,0
BOYNEXTDOOR,jizAb-SLvtM,2023-05-25T19:50:03Z,@Jkheartme,Umm the song is really catchy,5
BOYNEXTDOOR,jizAb-SLvtM,2023-05-25T19:49:48Z,@trollfalgar,Their vocal colors are shining here and im living for it ❤,62
BOYNEXTDOOR,jizAb-SLvtM,2023-05-25T19:49:45Z,@MilkisVanilla,"Me gusta, es una canción suave pero no cutie, es muy disfrutable sin sentirse pesada<br>Buenos vocales, y me gusta la vibra le doy 10/10 ❤",0
BOYNEXTDOOR,jizAb-SLvtM,2023-05-25T19:49:12Z,@Gragra...,Muy bueno,0
BOYNEXTDOOR,jizAb-SLvtM,2023-05-25T19:49:00Z,@julesishere7836,They&#39;re so bubbly and cute,0
BOYNEXTDOOR,jizAb-SLvtM,2023-05-25T19:48:49Z,@whyparkjiminnotridejimin,"<a href=""https://www.youtube.com/watch?v=jizAb-SLvtM&amp;t=100"">01:40</a> Adorable",0
BOYNEXTDOOR,jizAb-SLvtM,2023-05-25T19:47:46Z,@rosioj739,"q carismáticos, q lindosss",0
BOYNEXTDOOR,jizAb-SLvtM,2023-05-25T19:47:32Z,@whyparkjiminnotridejimin,They&#39;re so cute🥺,0
BOYNEXTDOOR,jizAb-SLvtM,2023-05-25T19:47:28Z,@Yasmine-n7j,451K,0
BOYNEXTDOOR,jizAb-SLvtM,2023-05-25T19:47:17Z,@ladysophystikatty8623,"데뷔 축하해요, 너무 쪼아해요",23
BOYNEXTDOOR,jizAb-SLvtM,2023-05-25T19:47:12Z,@whyparkjiminnotridejimin,This is a vibe💅🏻,0
BOYNEXTDOOR,jizAb-SLvtM,2023-05-25T19:46:50Z,@evaa2292,cute and fun,1
BOYNEXTDOOR,jizAb-SLvtM,2023-05-25T19:46:05Z,@toulouse9043,FLOP,0
BOYNEXTDOOR,jizAb-SLvtM,2023-05-25T19:44:57Z,@ariannakei8426,❤❤❤❤,0
BOYNEXTDOOR,jizAb-SLvtM,2023-05-25T19:44:12Z,@NuNu__,Congratulations <br>I like it x,0
BOYNEXTDOOR,jizAb-SLvtM,2023-05-25T19:43:22Z,@amir.rdehghan9948,Cool,1
BOYNEXTDOOR,jizAb-SLvtM,2023-05-25T19:43:00Z,@s4risari,This concept is very fresh and I love how the boys fit perfectly into it.<br>BOYNEXTDOOR FIGHTING! ❣,59
BOYNEXTDOOR,jizAb-SLvtM,2023-05-25T19:42:41Z,@margaritacortes6768,Yeeee me encanto 👏👏👏,0
BOYNEXTDOOR,jizAb-SLvtM,2023-05-25T19:42:31Z,@septseptt,Bunlar çok yakışıklı olm,0
BOYNEXTDOOR,jizAb-SLvtM,2023-05-25T19:42:18Z,@_Harukki,STAN BOYNEXTDOOR,0
BOYNEXTDOOR,jizAb-SLvtM,2023-05-25T19:41:30Z,@sttarwinterr,اول مره اشوف هاي الفرقه وحيل حبيت الاغنيه !! 🌟,1
BOYNEXTDOOR,jizAb-SLvtM,2023-05-25T19:41:12Z,@nupalito,I like it,1
BOYNEXTDOOR,jizAb-SLvtM,2023-05-25T19:40:45Z,@s4risari,YAY! ANOTHER BANGER FROM BOYNEXTDOOR .🤩<br>I totally <b>loved</b> it. Can&#39;t wait for their debut song coming out next week. ❤,14
BOYNEXTDOOR,jizAb-SLvtM,2023-05-25T19:40:39Z,@IZUM_99,"I love it and this has a great personality story who likes clothes, and feeling lived and loved. <br><br>BoyNextDoor, you guys are my new jam now! 💙",2
BOYNEXTDOOR,jizAb-SLvtM,2023-05-25T19:40:13Z,@julli9818,"Песня прекрасна, хорошо постарались.",1
BOYNEXTDOOR,jizAb-SLvtM,2023-05-25T19:39:38Z,@luiza6840,woww i like this one better. they&#39;re so cute 💘,0
BOYNEXTDOOR,jizAb-SLvtM,2023-05-25T19:39:27Z,@leeknowcat_,"Son muy lindos y talentosos, mereces todo el apoyo ❤",0
BOYNEXTDOOR,jizAb-SLvtM,2023-05-25T19:39:02Z,@pink._.ribbonss,"Ah, I love their concept sm-",0
BOYNEXTDOOR,jizAb-SLvtM,2023-05-25T19:38:39Z,@milamiller8337,Какие красивые все🥰,1
BOYNEXTDOOR,jizAb-SLvtM,2023-05-25T19:37:39Z,@HarsYz,Sarıyorr,1
BOYNEXTDOOR,jizAb-SLvtM,2023-05-25T19:37:37Z,@npc_LetYaga,I like how it sounds!! And MV is so refreshing too,2
BOYNEXTDOOR,jizAb-SLvtM,2023-05-25T19:37:12Z,@HarsYz,Ay çok beğendim,0
BOYNEXTDOOR,jizAb-SLvtM,2023-05-25T19:36:36Z,@user-ik1qj8ni4o,"This is super fun. I really like the song and the beat. Like it makes you wanna song and dance along to it. Ngl though, the words are a bit odd. But other than that- I like the tune a lot. It sounded cool when one of em whispered “I’m the one and only” haha. I can’t wait to see what ell lol we these guys give us 💜🔥",3
BOYNEXTDOOR,jizAb-SLvtM,2023-05-25T19:36:18Z,@キレテツ-s9n,これは売れる,2
BOYNEXTDOOR,jizAb-SLvtM,2023-05-25T19:35:43Z,@yoopi.e,"So fresh.... really, i can feel Zico vibe👍🏻",3
BOYNEXTDOOR,jizAb-SLvtM,2023-05-25T19:34:55Z,@azzywazzy11,This a vibe no capppppppppppp,1
BOYNEXTDOOR,jizAb-SLvtM,2023-05-25T19:34:53Z,@h00nschip,theyre all so talented n pretty,1
BOYNEXTDOOR,jizAb-SLvtM,2023-05-25T19:34:49Z,@キレテツ-s9n,これは売れる,0
BOYNEXTDOOR,jizAb-SLvtM,2023-05-25T19:34:27Z,@silverberry3949,this was really cute ngl~,4
BOYNEXTDOOR,jizAb-SLvtM,2023-05-25T19:34:19Z,@ahuman3064,There&#39;s one boy thats smiling 90% of the time lol i cant help but look his way who is heeee,6
BOYNEXTDOOR,jizAb-SLvtM,2023-05-25T19:32:44Z,@lauracastillochaverra235,...,0
BOYNEXTDOOR,jizAb-SLvtM,2023-05-25T19:31:59Z,@joanzhou8708,好听啊啊啊喜欢,1
BOYNEXTDOOR,jizAb-SLvtM,2023-05-25T19:31:34Z,@Rickylover_wife,They met higher than my expectations,1
BOYNEXTDOOR,jizAb-SLvtM,2023-05-25T19:31:14Z,@NARUTOUZUMAKI-dh8it,SUNGHOON WHAT ARE YOU DOİNG THERE PWÖAMDLWŞAÖDPAĞZMEPŞWKDOWPDKKE,0
BOYNEXTDOOR,jizAb-SLvtM,2023-05-25T19:31:05Z,@hanaadulset7,Oh they ate ateee,1
BOYNEXTDOOR,jizAb-SLvtM,2023-05-25T19:30:22Z,@virianelui8628,Oh i love it,0
BOYNEXTDOOR,jizAb-SLvtM,2023-05-25T19:29:57Z,@Dearturtle_,"<a href=""https://www.youtube.com/watch?v=jizAb-SLvtM&amp;t=26"">0:26</a> sounds so much like sunghoon, i love the vibe of this song.",1
BOYNEXTDOOR,jizAb-SLvtM,2023-05-25T19:29:50Z,@neowneohawhaya,Such a refreshing song,0
BOYNEXTDOOR,jizAb-SLvtM,2023-05-25T19:29:31Z,@miss.moody1,They remind me of txt when they just began,4
BOYNEXTDOOR,jizAb-SLvtM,2023-05-25T19:29:11Z,@bangpink2771,omgg,0
BOYNEXTDOOR,jizAb-SLvtM,2023-05-25T19:28:34Z,@reniyatado,This is so awesome ❤,0
BOYNEXTDOOR,jizAb-SLvtM,2023-05-25T19:27:56Z,@purple_black_2,2023/5/25 <br>پێنج شەممە<br>Wow so perfect i love it😍😇💜,1
BOYNEXTDOOR,jizAb-SLvtM,2023-05-25T19:27:50Z,@Yasmine-n7j,425k,0
BOYNEXTDOOR,jizAb-SLvtM,2023-05-25T19:27:25Z,@しっぽ-u2w,曲もMVもセンスの塊❤何度もリピします✨,27
BOYNEXTDOOR,jizAb-SLvtM,2023-05-25T19:27:22Z,@shoinluv,theyre so refreshing and it feels like cozy im so fr,0
BOYNEXTDOOR,jizAb-SLvtM,2023-05-25T19:26:58Z,@ouafaeblal1934,I like their concept ❤<br>It&#39;s very clear and simple<br>Make you wanna hear more &amp; more,0
BOYNEXTDOOR,jizAb-SLvtM,2023-05-25T19:26:16Z,@Victoria-mz6df,Song of the summer!!,0
BOYNEXTDOOR,jizAb-SLvtM,2023-05-25T19:26:09Z,@melodysong9453,"there’s something so refreshing about them and their silly, boy next door concept, added onto their not quite conventional debut with zico’s sound. definitely looking forward to them in the future! BOYNEXTDOOR, fighting!!! 🫶🫶🫶",882
BOYNEXTDOOR,jizAb-SLvtM,2023-05-25T19:26:00Z,@user-oz3tx7oc3t,Beautiful 👍🏻👍🏻,0
BOYNEXTDOOR,jizAb-SLvtM,2023-05-25T19:25:55Z,@jwthinker_,"I love their concept sm, it just feels like watching a bunch of friends",90
BOYNEXTDOOR,jizAb-SLvtM,2023-05-25T19:25:51Z,@taeminted1204,the side eye from that guy in the white hat at the end 😂,1
BOYNEXTDOOR,jizAb-SLvtM,2023-05-25T19:25:36Z,@jensenackleshunter,Estou Apaixonada  por esse mv!!!,0
BOYNEXTDOOR,jizAb-SLvtM,2023-05-25T19:25:09Z,@Monmiwv,다들 너무 잘생겼다,3
BOYNEXTDOOR,jizAb-SLvtM,2023-05-25T19:24:45Z,@cecil1108,❤❤❤❤,0
BOYNEXTDOOR,jizAb-SLvtM,2023-05-25T19:24:38Z,@Monmiwv,좋아요 정말 &lt;3,2
BOYNEXTDOOR,jizAb-SLvtM,2023-05-25T19:24:37Z,@usakoara1968,いいわぁ🎉<br>New jeansのボーイズ版みたい<br>中毒性のある爽やかさ😊,2
BOYNEXTDOOR,jizAb-SLvtM,2023-05-25T19:22:41Z,@Yasmine-n7j,415k,0
BOYNEXTDOOR,jizAb-SLvtM,2023-05-25T19:22:38Z,@sera6012,the song is very boynextdoor very Zico!,4
BOYNEXTDOOR,jizAb-SLvtM,2023-05-25T19:22:23Z,@coffee_lover_boy,Se siente como la mezcla perfecta entre BTS y NewJeans &lt;3<br>Amé este debut,2
BOYNEXTDOOR,jizAb-SLvtM,2023-05-25T19:22:10Z,@Dorameira-i14l,👏👏👏👏gostei da música 🎶 ❤️,1
BOYNEXTDOOR,jizAb-SLvtM,2023-05-25T19:21:54Z,@Amy-if9yc,"всё было настолько креативным начиная с самого начала, сначала двери потом доставка и теперь целая песня. Восторг!",1
BOYNEXTDOOR,jizAb-SLvtM,2023-05-25T19:21:51Z,@oiNattou,"<a href=""https://www.youtube.com/watch?v=jizAb-SLvtM"">0:00</a> - <a href=""https://www.youtube.com/watch?v=jizAb-SLvtM&amp;t=180"">3:00</a> best part of mv 🥰",2
BOYNEXTDOOR,jizAb-SLvtM,2023-05-25T19:21:50Z,@panchayliriyuwa,está bonita la rola de los vecinitos,1
BOYNEXTDOOR,jizAb-SLvtM,2023-05-25T19:21:07Z,@leylele,This song is such a vibe 😊,12
BOYNEXTDOOR,jizAb-SLvtM,2023-05-25T19:21:05Z,@galaxy9303,this is so catchy and the vibe is so nice,6
BOYNEXTDOOR,jizAb-SLvtM,2023-05-25T19:21:05Z,@seokjinthusiast,",,,,I did not expect to see a very American shopping mall in this video 😂😂😂 anyway, you can tell how much fun these boys are having, it’s infectious ☺️☺️☺️ I hope they enjoy themselves a lot and know their hard work is valued by their fans. 👏🏽👏🏽👏🏽",6
BOYNEXTDOOR,jizAb-SLvtM,2023-05-25T19:20:14Z,@andrewignacio6873,They give me baby Block B/B1A4/Ikon vibes. Kinda into it :),11
BOYNEXTDOOR,jizAb-SLvtM,2023-05-25T19:19:34Z,@Yasmine-n7j,Leehan,0
BOYNEXTDOOR,jizAb-SLvtM,2023-05-25T19:19:17Z,@ava.akha237,I think I fell in love with them.,1
BOYNEXTDOOR,jizAb-SLvtM,2023-05-25T19:19:16Z,@Yasmine-n7j,Boy next door,0
BOYNEXTDOOR,jizAb-SLvtM,2023-05-25T19:18:46Z,@ssyawssyaw,Lucu amat woonhak selalu senyuuuum ❤ our newest sunshine 🌞✨,1
BOYNEXTDOOR,jizAb-SLvtM,2023-05-25T19:18:36Z,@miho3x,musica boa slk,1
BOYNEXTDOOR,jizAb-SLvtM,2023-05-25T19:18:08Z,@Vancm29,Espectacular,0
BOYNEXTDOOR,jizAb-SLvtM,2023-05-25T19:18:05Z,@ccakes_,"Knock, Knock! I love BoyNextDoor 🚪❤️",0
BOYNEXTDOOR,jizAb-SLvtM,2023-05-25T19:17:57Z,@Yasmine-n7j,405k,0
BOYNEXTDOOR,jizAb-SLvtM,2023-05-25T19:17:43Z,@ashleyliana9771,The aesthetic in this video is immaculate,3
BOYNEXTDOOR,jizAb-SLvtM,2023-05-25T19:17:32Z,@Be.different-p7h,This is actually such a vibe,4
BOYNEXTDOOR,jizAb-SLvtM,2023-05-25T19:17:18Z,@plantaa7006,un nugu paso y dijo,0
BOYNEXTDOOR,jizAb-SLvtM,2023-05-25T19:17:08Z,@lemizinga7578,They all know how to charm when the camera is on them.. really charismatic for a rookie... congratulations,185
BOYNEXTDOOR,jizAb-SLvtM,2023-05-25T19:17:00Z,@adrianabaker6150,Me encanta,0
BOYNEXTDOOR,jizAb-SLvtM,2023-05-25T19:16:54Z,@nini2822,"Bro, what is that dhar mann kid doing there? MIKEYY",0
BOYNEXTDOOR,jizAb-SLvtM,2023-05-25T19:15:59Z,@the8ily.,Offf ölürümmm şarkı çok iiiiii,0
BOYNEXTDOOR,jizAb-SLvtM,2023-05-25T19:15:52Z,@deyar9070,Army:fighting boynextdoor,1
BOYNEXTDOOR,jizAb-SLvtM,2023-05-25T19:14:59Z,@skinnyqueen2207,we love you boy next door,2
BOYNEXTDOOR,jizAb-SLvtM,2023-05-25T19:14:16Z,@ccakes_,"OMG!! The visuals, The vocals, The dancing, it&#39;s perfect !😍",36
BOYNEXTDOOR,jizAb-SLvtM,2023-05-25T19:13:04Z,@YoYo-zw3kn,It’s really fun and refreshing,2
BOYNEXTDOOR,jizAb-SLvtM,2023-05-25T19:12:46Z,@k_love13,Cuteee🥺🥺,0
BOYNEXTDOOR,jizAb-SLvtM,2023-05-25T19:12:41Z,@simona6175,This is so SLAY 😍⁉️,0
BOYNEXTDOOR,jizAb-SLvtM,2023-05-25T19:12:20Z,@Yasmine-n7j,398k,1
BOYNEXTDOOR,jizAb-SLvtM,2023-05-25T19:12:03Z,@ArmanMohamed-xk2cv,HOW LUXURIOUS THAT THEY FILMED A SCENE OF THE SONG IN AN ACTUALL MALL!!! ✨✨✨ I bet they got their cool clothes from there 😎,1
BOYNEXTDOOR,jizAb-SLvtM,2023-05-25T19:11:57Z,@lol_la1ra,Вы тооп❤,0
BOYNEXTDOOR,jizAb-SLvtM,2023-05-25T19:11:48Z,@RosiaAsha,i get very much comfortable energy from them i already love it,4
BOYNEXTDOOR,jizAb-SLvtM,2023-05-25T19:10:45Z,@avrildsouza11,For some reason it&#39;s giving  hybe boy vibes 😭,1
BOYNEXTDOOR,jizAb-SLvtM,2023-05-25T19:10:31Z,@bouthaina954,I&#39;m in love with their concept it&#39;s so fun and makes me happy 💞💙💘🌸,2
BOYNEXTDOOR,jizAb-SLvtM,2023-05-25T19:10:30Z,@봉봉-l1n,BND Tae San🚪,0
BOYNEXTDOOR,jizAb-SLvtM,2023-05-25T19:10:05Z,@LiaTy-ud1ze,"<a href=""https://youtube.com/@Cookie_Rosie"">https://youtube.com/@Cookie_Rosie</a>",0
BOYNEXTDOOR,jizAb-SLvtM,2023-05-25T19:10:00Z,@multifandombr6466,Esse MV tá muito criativo. Vocês fizeram um bom trabalho meninos.,8
BOYNEXTDOOR,jizAb-SLvtM,2023-05-25T19:09:36Z,@euphemiac5579,"this group give me a j-pop vibe, but i like it! Congrats on making your debut guys! Hope you have a bright path in front of you~",1
BOYNEXTDOOR,jizAb-SLvtM,2023-05-25T19:09:31Z,@ele4206,🎉그들은 15세에서 18세 사이의 내 형제들과 같은 나이라는 것을 알고 있습니다. 그들은 당신과 같은 나이입니다. 내 형제들은 아름답습니다. ❤,2
BOYNEXTDOOR,jizAb-SLvtM,2023-05-25T19:09:03Z,@lms5286,Fanny boys,1
BOYNEXTDOOR,jizAb-SLvtM,2023-05-25T19:08:57Z,@ramodetulipanes,los re amo,0
BOYNEXTDOOR,jizAb-SLvtM,2023-05-25T19:08:16Z,@shakirarochalopes6917,Ohhhhh the best song😭♥️🤌🏼✨✨✨✨,0
BOYNEXTDOOR,jizAb-SLvtM,2023-05-25T19:07:50Z,@bawihadavid3359,💗💗💗,0
BOYNEXTDOOR,jizAb-SLvtM,2023-05-25T19:07:22Z,@ele4206,😊❤내 삶에 와줘서 고마워 내 아름다운 마음은 더 내 아름다운 생명의 천사들 항상 너를 지켜줄게,5
BOYNEXTDOOR,jizAb-SLvtM,2023-05-25T19:07:22Z,@bouchratifahi2237,So cool 💗,0
BOYNEXTDOOR,jizAb-SLvtM,2023-05-25T19:06:34Z,@dianaosazenaye1313,Hopefully  it goes well,0
BOYNEXTDOOR,jizAb-SLvtM,2023-05-25T19:06:30Z,@봉봉-l1n,BND Tae San.,0
BOYNEXTDOOR,jizAb-SLvtM,2023-05-25T19:05:53Z,@Yuuren_noona,nice~  I like that their music is easy to the ears  and sounds refreshing~  a nice song to listen to when you&#39;re just chilling on a weekend   or  doing some chores~,0
BOYNEXTDOOR,jizAb-SLvtM,2023-05-25T19:05:48Z,@ShinSupyae,Love it the song,0
BOYNEXTDOOR,jizAb-SLvtM,2023-05-25T19:05:26Z,@oiNattou,Vamos rezar que este grupo bombe como twice,0
BOYNEXTDOOR,jizAb-SLvtM,2023-05-25T19:05:25Z,@Han_the,멤버들의 풋풋함+지코의 영리함+하이브의 노련함=개쩌는 결과,162
BOYNEXTDOOR,jizAb-SLvtM,2023-05-25T19:04:09Z,@shintanee,"Я вижу вас впервые, но вы мне уже нравитесь. Музыка такая энергичная, вайб лета.",0
BOYNEXTDOOR,jizAb-SLvtM,2023-05-25T19:03:50Z,@ChromeColossus,"I liked the first song more, but this one is cute too. Excited to hear &quot;Serenade.&quot;",0
BOYNEXTDOOR,jizAb-SLvtM,2023-05-25T19:03:05Z,@momcilogospic4820,"why people sleep on they? vocal, rap dance and concept is just iconic!",2
BOYNEXTDOOR,jizAb-SLvtM,2023-05-25T19:02:46Z,@hanjisungxsuga12345,Simply great!,1
BOYNEXTDOOR,jizAb-SLvtM,2023-05-25T19:01:32Z,@anjaligawali5804,"As I Heard 5th gen is start so , it was a hybe&#39;s first 5th gen group and they are so amazing ❤🎉🎉🎉",1
BOYNEXTDOOR,jizAb-SLvtM,2023-05-25T19:01:19Z,@ditayulia1433,Menarikkkk!!!!,0
BOYNEXTDOOR,jizAb-SLvtM,2023-05-25T19:00:32Z,@camillaespiritu,i love their vibes i don’t know how to explain it,4
BOYNEXTDOOR,jizAb-SLvtM,2023-05-25T19:00:28Z,@aliiblink,"SUPERO MIS ESPECTATIVAS!!! ES GENIAL, ESTOS CHICOS VIENEN CON TODO, PARA ROMPERLA!!!❤🔥",0
BOYNEXTDOOR,jizAb-SLvtM,2023-05-25T19:00:23Z,@y_erol00,I love your guys concept so much,0
BOYNEXTDOOR,jizAb-SLvtM,2023-05-25T18:59:44Z,@AlmaXO4,cute,0
BOYNEXTDOOR,jizAb-SLvtM,2023-05-25T18:59:36Z,@ficnonnie6006,This is just so fun!,0
BOYNEXTDOOR,jizAb-SLvtM,2023-05-25T18:59:31Z,@niya3338,THIS IS TOO CUTE BYEEEE,0
BOYNEXTDOOR,jizAb-SLvtM,2023-05-25T18:59:21Z,@HeyItsAnnies,me encantaaaaa!!! cual es el nombre del fandom?? ya soy una de ellas!!!,0
BOYNEXTDOOR,jizAb-SLvtM,2023-05-25T18:58:37Z,@camillaespiritu,“representing KOZ” literally slay,4
BOYNEXTDOOR,jizAb-SLvtM,2023-05-25T18:58:12Z,@iloveen-,Amazing!!!! I love it! If there are any Engenes here pls stream bite me and fever!,2
BOYNEXTDOOR,jizAb-SLvtM,2023-05-25T18:58:10Z,@vlovesyoungk,Me gusta muchísimo su concepto. :),0
BOYNEXTDOOR,jizAb-SLvtM,2023-05-25T18:56:40Z,@noritaa.4,ESTA CANCIÓN ES DEMASIADO BUENA ME ENCANTA 💗,2
BOYNEXTDOOR,jizAb-SLvtM,2023-05-25T18:56:23Z,@Grace-r8p,대박!.. 좋아해 진짜,3
BOYNEXTDOOR,jizAb-SLvtM,2023-05-25T18:55:42Z,@khadijaoussabou3255,Bruuuh&gt;&gt;&gt;&gt;&gt;&gt;&gt;&gt;&lt;333333,0
BOYNEXTDOOR,jizAb-SLvtM,2023-05-25T18:55:31Z,@kenestrada9972,"<a href=""https://www.youtube.com/watch?v=jizAb-SLvtM&amp;t=49"">0:49</a> who is he?",0
BOYNEXTDOOR,jizAb-SLvtM,2023-05-25T18:55:26Z,@sunootaerae,I love this.. I love the concept ❤❤❤,0
BOYNEXTDOOR,jizAb-SLvtM,2023-05-25T18:54:50Z,@PurpleSoul8,"Я не можу, всі такі гарні і милі хлопці 🥺💔<br>Пісня чудова 👍💃",0
BOYNEXTDOOR,jizAb-SLvtM,2023-05-25T18:53:47Z,@LeoJames-m3k,I noticed something about hybe lebels that they are very bad at giving their group names . I mean I still can&#39;t get it why they choose boynextdoor as their group name . I&#39;m not saying that is bad name but they could choose  other name .it gonna take me some time to get this name . Don&#39;t gate me wrong I love this new group ❤❤,0
BOYNEXTDOOR,jizAb-SLvtM,2023-05-25T18:53:29Z,@bae9466,"La canción es muy buena en realidad a mi me encanto, aparte de eso todos se ven tan lindos.",0
BOYNEXTDOOR,jizAb-SLvtM,2023-05-25T18:53:13Z,@PurpleSoul8,FIGHTING!,0
BOYNEXTDOOR,jizAb-SLvtM,2023-05-25T18:53:07Z,@akritypandey9997,Who are theyyyy???????!!!!!!!! THEY ARE ADDICTING,2
BOYNEXTDOOR,jizAb-SLvtM,2023-05-25T18:52:48Z,@naojsdrafts,omg luvvvvvvv it!!!!!!,0
BOYNEXTDOOR,jizAb-SLvtM,2023-05-25T18:52:30Z,@bebbaxs,이 노래는 아름답습니다 나는 그것을 사랑합니다 😭😭🤍,2
BOYNEXTDOOR,jizAb-SLvtM,2023-05-25T18:51:44Z,@asalkhonal,So cute and refreshing 😍,0
BOYNEXTDOOR,jizAb-SLvtM,2023-05-25T18:51:10Z,@isgemma_2493,Why I can’t find their songs on Spotify I need them asp,0
BOYNEXTDOOR,jizAb-SLvtM,2023-05-25T18:50:43Z,@joksch22,excellent,0
BOYNEXTDOOR,jizAb-SLvtM,2023-05-25T18:50:43Z,@weizhi-i1z,"ONE AND ONLY STREAMING GOALS: <br><br>-2M VIEWS (24 HOURS)<br>-150K+ LIKES (24 HOURS)<br>-12M VIEWS (1 WEEK)<br>-500K+ LIKES (1 WEEK)",3
BOYNEXTDOOR,jizAb-SLvtM,2023-05-25T18:50:22Z,@faithahmad6829,Newjeanse boy version 🔥,0
BOYNEXTDOOR,jizAb-SLvtM,2023-05-25T18:50:20Z,@tariqtariqmahmood8421,Amazing song😍😍,1
BOYNEXTDOOR,jizAb-SLvtM,2023-05-25T18:50:07Z,@Itsdaiisy,"Cute! so cute and fresh, I like their concept!",1
BOYNEXTDOOR,jizAb-SLvtM,2023-05-25T18:47:29Z,@LESSERAJEANS,The concept feels so nostalgic,1
BOYNEXTDOOR,jizAb-SLvtM,2023-05-25T18:47:00Z,@caia.3041,oh this ate😭,4
BOYNEXTDOOR,jizAb-SLvtM,2023-05-25T18:43:44Z,@abefhilmnprstxy,Really enjoying their songs and MVs!,2
BOYNEXTDOOR,jizAb-SLvtM,2023-05-25T18:43:36Z,@ayshazulfiquar1712,They will be big for sure!,3
BOYNEXTDOOR,jizAb-SLvtM,2023-05-25T18:43:12Z,@SpiritandScholar,Boynextdoor more like boyfriendnextdooe,0
BOYNEXTDOOR,jizAb-SLvtM,2023-05-25T18:43:03Z,@soldemariachoquelatorre3228,Me gusta mas esta canción 😁,0
BOYNEXTDOOR,jizAb-SLvtM,2023-05-25T18:43:00Z,@_stvrbrightx,They need more views😭❣️,1
BOYNEXTDOOR,jizAb-SLvtM,2023-05-25T18:42:58Z,@youtubekanal2592,완벽한 사랑,1
BOYNEXTDOOR,jizAb-SLvtM,2023-05-25T18:42:25Z,@TheDude9D2,"The first line of rap I could hear Zico&#39;s voice in my head and see his facial expression + gestures. 😂 The music, choreo, and outfits. Very excited for his boys, will be supporting them!",20
BOYNEXTDOOR,jizAb-SLvtM,2023-05-25T18:42:21Z,@elevenicc4591,taesan😘,0
BOYNEXTDOOR,jizAb-SLvtM,2023-05-25T18:42:11Z,@druks21,This is so addicting omg,1
BOYNEXTDOOR,jizAb-SLvtM,2023-05-25T18:41:56Z,@gunesk,Energy🎉🎉,0
BOYNEXTDOOR,jizAb-SLvtM,2023-05-25T18:41:29Z,@_sunkissed,i love them so much this is such a pure performance ♥️,1
BOYNEXTDOOR,jizAb-SLvtM,2023-05-25T18:41:24Z,@gunesk,I love it omg❤❤❤,0
BOYNEXTDOOR,jizAb-SLvtM,2023-05-25T18:40:52Z,@melolow,THEY ARE THE BEST!!!!,1
BOYNEXTDOOR,jizAb-SLvtM,2023-05-25T18:40:39Z,@taychunwolfexo3473,"Wonderful song, I&#39;m addicted to the rap part, I mean all wahhh",0
BOYNEXTDOOR,jizAb-SLvtM,2023-05-25T18:40:31Z,@Taetaeuniverse,listen I m the  One and only so beautiful voices of new boys,0
BOYNEXTDOOR,jizAb-SLvtM,2023-05-25T18:40:23Z,@isabellalnunmawiii6075,😌🤍,0
BOYNEXTDOOR,jizAb-SLvtM,2023-05-25T18:40:10Z,@svitikam447,Весёлые ребята! Удачи Вам.,0
BOYNEXTDOOR,jizAb-SLvtM,2023-05-25T18:40:06Z,@urruuly,sukaaaa bangettttt,0
BOYNEXTDOOR,jizAb-SLvtM,2023-05-25T18:39:57Z,@snegurochek_boy,Такие милашки красавцы всё с вами навсегда 🤩🤩😍😍😍🥰🥰😭😭💘💘💘😘😘😘,0
BOYNEXTDOOR,jizAb-SLvtM,2023-05-25T18:39:56Z,@Grriffin,"Woaaah, really digging the funky tunes!! BOYNEXTDOOR is fantastic much from Germany ❤",0
BOYNEXTDOOR,jizAb-SLvtM,2023-05-25T18:39:16Z,@spacecase25,Me just trying to figure out what mall this was filmed at,0
BOYNEXTDOOR,jizAb-SLvtM,2023-05-25T18:38:58Z,@별별별-b7o,Newgenes male branch,0
BOYNEXTDOOR,jizAb-SLvtM,2023-05-25T18:38:36Z,@k.hant2403,Let&#39;s go to 3M . Let&#39;s make them proud.,1
BOYNEXTDOOR,jizAb-SLvtM,2023-05-25T18:38:33Z,@yutaluvrr,"i hope they will get big soon enough, they deserve the world",1
BOYNEXTDOOR,jizAb-SLvtM,2023-05-25T18:37:42Z,@sunitadodum09,Now I want blue hoodie 😃💗,4
BOYNEXTDOOR,jizAb-SLvtM,2023-05-25T18:37:35Z,@vinurinethma3787,Ohhh..they seem like a fun and a talented group..,1
BOYNEXTDOOR,jizAb-SLvtM,2023-05-25T18:37:23Z,@SpicyicDrama,Look so cool 😢😢❤,1
BOYNEXTDOOR,jizAb-SLvtM,2023-05-25T18:37:13Z,@peony9645,this one is better!!!,0
BOYNEXTDOOR,jizAb-SLvtM,2023-05-25T18:36:16Z,@lovsyizhuo,"Who is he? <a href=""https://www.youtube.com/watch?v=jizAb-SLvtM&amp;t=87"">1:27</a>",0
BOYNEXTDOOR,jizAb-SLvtM,2023-05-25T18:34:47Z,@the_boyz-sunkyu,fresh concept i like,1
BOYNEXTDOOR,jizAb-SLvtM,2023-05-25T18:34:07Z,@0liip_,Fighting😊🤍🇮🇩🇰🇷,1
BOYNEXTDOOR,jizAb-SLvtM,2023-05-25T18:34:03Z,@nicolienhypen3177,SO PERFECT,0
BOYNEXTDOOR,jizAb-SLvtM,2023-05-25T18:33:56Z,@jacefgtdhu,The boy next door is giving it their all just at the beginning of their career,2
BOYNEXTDOOR,jizAb-SLvtM,2023-05-25T18:33:56Z,@nicolienhypen3177,I LOVED,2
BOYNEXTDOOR,jizAb-SLvtM,2023-05-25T18:33:45Z,@reginanyirubugara4428,they gotta stick with the cute concept!! i am so hapy to see that the cute concept is slowly coming back!,1
BOYNEXTDOOR,jizAb-SLvtM,2023-05-25T18:32:24Z,@isabellebizbelle,not the america-core 😭😭,0
BOYNEXTDOOR,jizAb-SLvtM,2023-05-25T18:31:41Z,@btsismylife8199,Super,0
BOYNEXTDOOR,jizAb-SLvtM,2023-05-25T18:30:53Z,@АлинаРайская-ч6я,OMG so amazing boys and fresh song 😍,0
BOYNEXTDOOR,jizAb-SLvtM,2023-05-25T18:30:26Z,@esehcoupseu,Omg BOYNEXTDOOR was in my neighborhood and I didn’t even know 😆😆,0
BOYNEXTDOOR,jizAb-SLvtM,2023-05-25T18:29:34Z,@musicgirl8153,¡Amo esto!<br>Veamos que pasa luego...,0
BOYNEXTDOOR,jizAb-SLvtM,2023-05-25T18:29:15Z,@chillyflvmes80,I MESS WITH THIS ONE HOLD ON,1
BOYNEXTDOOR,jizAb-SLvtM,2023-05-25T18:28:59Z,@adninimani2006,yo the vibee,0
BOYNEXTDOOR,jizAb-SLvtM,2023-05-25T18:28:39Z,@chillyflvmes80,AYE,0
BOYNEXTDOOR,jizAb-SLvtM,2023-05-25T18:28:34Z,@jhoannalis_dancer,Es muy buena esta cancion me gusto,0
BOYNEXTDOOR,jizAb-SLvtM,2023-05-25T18:26:55Z,@ren.icekerenbarcelata,So cute❤,0
BOYNEXTDOOR,jizAb-SLvtM,2023-05-25T18:26:43Z,@Ssaradz,I love it,0
BOYNEXTDOOR,jizAb-SLvtM,2023-05-25T18:24:55Z,@kiranjeetkour2501,"Love this , so fresh and relaxing and so smooth to listen 😌💕",1
BOYNEXTDOOR,jizAb-SLvtM,2023-05-25T18:24:18Z,@rosiee1697,"Congrats to ZICO and BND. Also, congrats on the song. But to be honest, if this is supposed to be the male version of Newjeans or the 5th gen IT boys, not with these two songs so far. Difficult to watch till end not to talk of rewatching",0
BOYNEXTDOOR,jizAb-SLvtM,2023-05-25T18:24:15Z,@tereaissance,gonna listen to this 24/7 !!,0
BOYNEXTDOOR,jizAb-SLvtM,2023-05-25T18:23:53Z,@7macandog284,Another threat to my wallet,1
BOYNEXTDOOR,jizAb-SLvtM,2023-05-25T18:23:44Z,@dhritimadas9599,Aarrrgghhhhh!! They kept me hooked up ❤️❤️❤️❤️❤️❤️❤️❤️❤️❤️❤️<br>This is the first time any kpop group has hooked me up from their debut...<br>Lots of love and support ❤️❤️❤️❤️❤️,1
BOYNEXTDOOR,jizAb-SLvtM,2023-05-25T18:23:15Z,@rruby2473,ダンスに自由度があって好き,0
BOYNEXTDOOR,jizAb-SLvtM,2023-05-25T18:23:10Z,@tramuwu7454,Dù gì thì chúc nhóm thành công,0
BOYNEXTDOOR,jizAb-SLvtM,2023-05-25T18:22:32Z,@elisabethkaterivas,They have such a cute concept please,1
BOYNEXTDOOR,jizAb-SLvtM,2023-05-25T18:22:26Z,@letsstayarmyczennie4ever682,The best groups 🔥🔥🔥<br>BOYNEXTDOOR 🔥🔥🔥,1
BOYNEXTDOOR,jizAb-SLvtM,2023-05-25T18:21:55Z,@tereaissance,LET&#39;S GO!! FINALLY!!<br>i loved this so much! i hope they get more recognition soon! <br>keep it up &lt;3,0
BOYNEXTDOOR,jizAb-SLvtM,2023-05-25T18:21:37Z,@jadoroki2850,Such a basic group<br>Nothing special 🤷‍♂️🤷‍♂️🤷‍♂️,0
BOYNEXTDOOR,jizAb-SLvtM,2023-05-25T18:21:25Z,@kiranjeetkour2501,🎉 They will do really well in the future 👍,0
BOYNEXTDOOR,jizAb-SLvtM,2023-05-25T18:20:37Z,@bximo_,I love itt!!!!!!,0
BOYNEXTDOOR,jizAb-SLvtM,2023-05-25T18:20:36Z,@kimkameika,"? 9.1k, 546<br>25/5/23, 21.59- 22.03(timerecord) <br>nnton premier smpet record juga tp lupa idupin viewnya/ tanda tyg pertamanya",0
BOYNEXTDOOR,jizAb-SLvtM,2023-05-25T18:20:22Z,@not_funnier_than_me4468,"Loved the songs so far, litterally so excited for them. I also love the blue outfits that sorta give a newjeans vibe",0
BOYNEXTDOOR,jizAb-SLvtM,2023-05-25T18:20:13Z,@nikifyy,BOYNEXTDOOR 🔛🔝,2
BOYNEXTDOOR,jizAb-SLvtM,2023-05-25T18:20:06Z,@georgiarose630,I like how the lyric goes<br>&quot;Knock knock knock&quot; <br>&quot;Who&#39;s there?&quot; <br>&quot;The Boy Next Door&quot; <br>THAT&#39;S CUTE 😊,44
BOYNEXTDOOR,jizAb-SLvtM,2023-05-25T18:19:38Z,@dadaradara,I can&#39;t stop watching them<br>They are amazing!!,0
BOYNEXTDOOR,jizAb-SLvtM,2023-05-25T18:18:57Z,@chelsssey6091,Cuties!,0
BOYNEXTDOOR,jizAb-SLvtM,2023-05-25T18:18:26Z,@elisabethkaterivas,STAN BOYNEXTDOOR,0
BOYNEXTDOOR,jizAb-SLvtM,2023-05-25T18:18:25Z,@whyasking,i know that thrift shop lol 😂,1
BOYNEXTDOOR,jizAb-SLvtM,2023-05-25T18:18:22Z,@Besitos2016,"<a href=""https://www.youtube.com/watch?v=jizAb-SLvtM&amp;t=154"">2:34</a> what’s his name",0
BOYNEXTDOOR,jizAb-SLvtM,2023-05-25T18:17:56Z,@isismarianne3784,Eles tão vindo com tudoooo,1
BOYNEXTDOOR,jizAb-SLvtM,2023-05-25T18:17:21Z,@ingrisitasthelllima664,Que bonita canción la voz del chico que canta primero es bonita y diferente ♡ le da estilo a la canción y tiene flow se la rifo zico ♡,1
BOYNEXTDOOR,jizAb-SLvtM,2023-05-25T18:17:15Z,@adeshewaCokerr,Woww that was awesomee,0
BOYNEXTDOOR,jizAb-SLvtM,2023-05-25T18:17:06Z,@whyasking,wait what is this?,0
BOYNEXTDOOR,jizAb-SLvtM,2023-05-25T18:17:04Z,@RubyJensetter-09,I love the song i love how they are bringing back fresh bg concepts and the song defo gives vibes as Zico so happy they debuted under Zico&#39;s company can&#39;t wait for more,3
BOYNEXTDOOR,jizAb-SLvtM,2023-05-25T18:16:51Z,@altty4569,so bfable,0
BOYNEXTDOOR,jizAb-SLvtM,2023-05-25T18:16:50Z,@Ha-qk7ic,這首比之前那首好多了,0
BOYNEXTDOOR,jizAb-SLvtM,2023-05-25T18:16:25Z,@ayA1-p,Catchy and cute at the same time!<br>Love the song ✌🏼,1
BOYNEXTDOOR,jizAb-SLvtM,2023-05-25T18:16:20Z,@SubliminalOnline-lo3uh,"<a href=""https://youtube.com/@Cookie_Rosie"">https://youtube.com/@Cookie_Rosie</a>",0
BOYNEXTDOOR,jizAb-SLvtM,2023-05-25T18:16:12Z,@altty4569,their voice is just AMAZING,0
BOYNEXTDOOR,jizAb-SLvtM,2023-05-25T18:16:12Z,@GiseCoronel,Ame todo! Son muy talentosos y sus voces son increíbles 😍,0
BOYNEXTDOOR,jizAb-SLvtM,2023-05-25T18:16:08Z,@boky21,Cute lol,0
BOYNEXTDOOR,jizAb-SLvtM,2023-05-25T18:16:01Z,@Lee_n0ra,When will this be on Spotify,0
BOYNEXTDOOR,jizAb-SLvtM,2023-05-25T18:15:49Z,@altty4569,BOYNEXTDOOR,0
BOYNEXTDOOR,jizAb-SLvtM,2023-05-25T18:15:16Z,@evessinfatondji5870,"le groupe est trop frais<a href=""UCkszU2WH9gy1mb0dV-11UJg/8gF1Xp_zK8jk8gSDrI2wCw""></a>🤩🤩🤩🤩",1
BOYNEXTDOOR,jizAb-SLvtM,2023-05-25T18:15:15Z,@릴-h6c,˚₊·—̳͟͞͞♡,0
BOYNEXTDOOR,jizAb-SLvtM,2023-05-25T18:15:07Z,@j3on1,🎉🎉,0
BOYNEXTDOOR,jizAb-SLvtM,2023-05-25T18:14:50Z,@kris_x2,"Boynextdoor mucho existos en su estreno, está canción es refrescante y divertida 🥰💜🌈",0
BOYNEXTDOOR,jizAb-SLvtM,2023-05-25T18:14:28Z,@impolchowdhury6225,Ysss let&#39;s gooo,0
BOYNEXTDOOR,jizAb-SLvtM,2023-05-25T18:14:15Z,@kristinemaegolilao516,New Jeans Brother&#39;s,1
BOYNEXTDOOR,jizAb-SLvtM,2023-05-25T18:13:45Z,@kissy1080,"Uy, esto me doy muchas vibras a Pentagon! T_T me encanta!!! La canción está re pegadiza",0
BOYNEXTDOOR,jizAb-SLvtM,2023-05-25T18:13:36Z,@yudihe-iw9jf,KOZ🔥,0
BOYNEXTDOOR,jizAb-SLvtM,2023-05-25T18:12:55Z,@fineflrm,I love this sm,0
BOYNEXTDOOR,jizAb-SLvtM,2023-05-25T18:12:45Z,@fineflrm,AYYYYY,0
BOYNEXTDOOR,jizAb-SLvtM,2023-05-25T18:12:31Z,@tavtaekimyeotan5212,It&#39;s cool,0
BOYNEXTDOOR,jizAb-SLvtM,2023-05-25T18:12:18Z,@meelay3663,너무 귀여운,4
BOYNEXTDOOR,jizAb-SLvtM,2023-05-25T18:12:14Z,@Logan.85,✨✨✨✨✨✨,0
BOYNEXTDOOR,jizAb-SLvtM,2023-05-25T18:11:16Z,@nixx3524,❤,0
BOYNEXTDOOR,jizAb-SLvtM,2023-05-25T18:10:56Z,@sisisi3u,🇹🇷🇹🇷🫂🫂🫂,0
BOYNEXTDOOR,jizAb-SLvtM,2023-05-25T18:10:52Z,@jesus_saves8943,"interesting, i feel they could really have potential to be big! you got this! please make spotify!<br><br>흥미롭게도, 나는 그들이 정말로 커질 잠재력이 있다고 생각합니다! 당신은 이것을 얻었다! 스포티 파이에 부탁드립니다!",2
BOYNEXTDOOR,jizAb-SLvtM,2023-05-25T18:10:24Z,@peredumala,Весело 😆,0
BOYNEXTDOOR,jizAb-SLvtM,2023-05-25T18:09:53Z,@Lorelaaii,HOYYY ANG CUTEEEEEE💗💋,0
BOYNEXTDOOR,jizAb-SLvtM,2023-05-25T18:09:34Z,@Ianuarhope,I love You 💗,0
BOYNEXTDOOR,jizAb-SLvtM,2023-05-25T18:09:30Z,@louloubumper8179,So cute❤ 😊,0
BOYNEXTDOOR,jizAb-SLvtM,2023-05-25T18:09:13Z,@Lorelaaii,💋💋💋,0
BOYNEXTDOOR,jizAb-SLvtM,2023-05-25T18:08:32Z,@altyyepthomi,"Nct vibe, no hate*",0
BOYNEXTDOOR,jizAb-SLvtM,2023-05-25T18:08:27Z,@fruityap77,smooooooth rap 👏🏻,2
BOYNEXTDOOR,jizAb-SLvtM,2023-05-25T18:07:53Z,@euph0r1cal11,Divinos,0
BOYNEXTDOOR,jizAb-SLvtM,2023-05-25T18:07:39Z,@MounaIdrissi-s5y,"I really liked the concept of an group, a very lively and natural concept❤",11
BOYNEXTDOOR,jizAb-SLvtM,2023-05-25T18:07:19Z,@michelle.garcia2202,LOOVEEEEE!!!!!,0
BOYNEXTDOOR,jizAb-SLvtM,2023-05-25T18:07:15Z,@RARE_ENT,Naturally snatchED. LMFAO yea that have boynextdoor type beat,2
BOYNEXTDOOR,jizAb-SLvtM,2023-05-25T18:06:45Z,@padmasonkul,"This song is great! But I like you was fantastic as well just waiting for serenade to come out...<br><br><a href=""https://www.youtube.com/watch?v=jizAb-SLvtM&amp;t=145"">2:25</a> i don&#39;t know this scene just cracks me up 😂",1
BOYNEXTDOOR,jizAb-SLvtM,2023-05-25T18:06:11Z,@eve4560,Leehan really looks princely.,3
BOYNEXTDOOR,jizAb-SLvtM,2023-05-25T18:06:09Z,@nainai9788j,"i love the casual vibes of their songs, looks like they really are having fun",3
BOYNEXTDOOR,jizAb-SLvtM,2023-05-25T18:05:54Z,@yudihe-iw9jf,jaehyun😍,0
BOYNEXTDOOR,jizAb-SLvtM,2023-05-25T18:05:52Z,@suwai0322,AAA LOVED THIS,0
BOYNEXTDOOR,jizAb-SLvtM,2023-05-25T18:05:36Z,@venůs_br,HWAITING,0
BOYNEXTDOOR,jizAb-SLvtM,2023-05-25T18:05:01Z,@trollfalgar,"Jaehyun - main rapper, leader<br>Taesan - lead vocals, lead rapper, dancer<br>Riwoo - main dancer, main vocals<br>Leehan - lead dancer, vocals<br>Sungho - main vocals, oldest<br>Woonhak - maknae, lead vocals, dancer<br><br>This is just pure speculation lmao... They are all great dancers ❤❤",290
BOYNEXTDOOR,jizAb-SLvtM,2023-05-25T18:04:27Z,@taryarmay_txt,I hope you &#39;ll get more successful. And you&#39;ll be masterpiece gp in the new generation,0
BOYNEXTDOOR,jizAb-SLvtM,2023-05-25T18:04:21Z,@takichan735,The MV is like the mix of attention and omg..like they really are the sibling group of newjeans,2
BOYNEXTDOOR,jizAb-SLvtM,2023-05-25T18:03:22Z,@shiharagamage,Wow.....love u gys....😍,0
BOYNEXTDOOR,jizAb-SLvtM,2023-05-25T18:02:58Z,@Rosie_Posie17,Cute and catchy,0
BOYNEXTDOOR,jizAb-SLvtM,2023-05-25T18:02:29Z,@Indokoreana,"I love this song , choreography is awesome 🤎",0
BOYNEXTDOOR,jizAb-SLvtM,2023-05-25T18:02:25Z,@kuj9794,They so cute,0
BOYNEXTDOOR,jizAb-SLvtM,2023-05-25T18:01:29Z,@nikitay6714,"Their voice 😮😮 , keep going 💪💪",0
BOYNEXTDOOR,jizAb-SLvtM,2023-05-25T18:00:50Z,@sanjuktaghanty2372,These guys have so much potential ❤ love them,0
BOYNEXTDOOR,jizAb-SLvtM,2023-05-25T18:00:36Z,@multistanedits5122,yayyy,0
BOYNEXTDOOR,jizAb-SLvtM,2023-05-25T18:00:31Z,@bratzdollseokjin,Wow I love the vibe!! Wish u a lot of success BOYNEXTDOOR,1
BOYNEXTDOOR,jizAb-SLvtM,2023-05-25T18:00:23Z,@manyan427,めちゃくちゃ、おジコ味感じる!!!!<br>皆ダンスも上手いですね！,1
BOYNEXTDOOR,jizAb-SLvtM,2023-05-25T17:59:27Z,@taimarafreitas5079,에기들 잘했어 ^^ ‹3,1
BOYNEXTDOOR,jizAb-SLvtM,2023-05-25T17:58:20Z,@carlisace02,me encantaaaaaaaaaaa,0
BOYNEXTDOOR,jizAb-SLvtM,2023-05-25T17:58:11Z,@taimarafreitas5079,they are too precious ‹3,0
BOYNEXTDOOR,jizAb-SLvtM,2023-05-25T17:57:59Z,@taimarafreitas5079,i hope you guys have a bright career ♡,0
BOYNEXTDOOR,jizAb-SLvtM,2023-05-25T17:57:25Z,@ugar01,"они мне так понравились, зацепило)) ❤❤❤",0
BOYNEXTDOOR,jizAb-SLvtM,2023-05-25T17:57:24Z,@queencelcruz4243,I love the song. It&#39;s a whole vibe!!!,0
BOYNEXTDOOR,jizAb-SLvtM,2023-05-25T17:56:42Z,@erikoenglish1651,I love this song ❤️,0
BOYNEXTDOOR,jizAb-SLvtM,2023-05-25T17:56:09Z,@WinterRoses7163,Comellll🥰🥰🥰,1
BOYNEXTDOOR,jizAb-SLvtM,2023-05-25T17:55:22Z,@user-rg2ik7uf4l,I Stan talent so I Stan BOYNEXTDOOR,0
BOYNEXTDOOR,jizAb-SLvtM,2023-05-25T17:54:59Z,@user-rg2ik7uf4l,They served,0
BOYNEXTDOOR,jizAb-SLvtM,2023-05-25T17:54:48Z,@user-rg2ik7uf4l,Omg I&#39;m too stunned to speak,0
BOYNEXTDOOR,jizAb-SLvtM,2023-05-25T17:54:42Z,@asifs100,My mind&#39;s going Odigaso Lady on loop😅,0
BOYNEXTDOOR,jizAb-SLvtM,2023-05-25T17:54:27Z,@AllAboutLove00,Okay time to choose my bias &lt;3,0
BOYNEXTDOOR,jizAb-SLvtM,2023-05-25T17:54:23Z,@kookiemonster15,They have newjeans vibe but the boy version love themm ❤💜,3
BOYNEXTDOOR,jizAb-SLvtM,2023-05-25T17:54:19Z,@zzwkk,저번 곡보다 훨 좋음<br>싸비는 좀 슴슴한데 벌스랑 랩이 넘 좋아서<br>이게 메인곡이었으면 좋겠당,4
BOYNEXTDOOR,jizAb-SLvtM,2023-05-25T17:54:12Z,@protectynggirls,Glendale galleria!!!!,0
BOYNEXTDOOR,jizAb-SLvtM,2023-05-25T17:54:07Z,@daena270,"<a href=""https://www.youtube.com/watch?v=jizAb-SLvtM&amp;t=8"">0:08</a> who is he someone please",19
BOYNEXTDOOR,jizAb-SLvtM,2023-05-25T17:54:01Z,@mentalemmida,They are too cuteee❤,0
BOYNEXTDOOR,jizAb-SLvtM,2023-05-25T17:53:32Z,@lili-jm5lx,🤩🤩🤩🇫🇷🇫🇷🇫🇷🥰🥰🥰🥰🥰🥰🤯🤯🤯,1
BOYNEXTDOOR,jizAb-SLvtM,2023-05-25T17:53:31Z,@brentans3223,I love this song♥️♥️,1
BOYNEXTDOOR,jizAb-SLvtM,2023-05-25T17:53:10Z,@AllAboutLove00,"I don&#39;t know why I even click this video, but I&#39;m not regret it sksksk!",0
BOYNEXTDOOR,jizAb-SLvtM,2023-05-25T17:52:50Z,@sugarrush___,Alguien de latinoamerica que esté apoyando a estos talentosos chicos?,0
BOYNEXTDOOR,jizAb-SLvtM,2023-05-25T17:52:43Z,@shinelisandangana8147,I love their songs. There songs are very unique and I really love them 🥳🥳🥳🥰🥰😘😘✨️✨️🔥💜️💜️💜️💜️💜️💫💫💫💫💫🔥🔥😘✨️✨️🥰🥰🥰🥰😘😘💜️💜️💜️✨️✨️✨️😀😀😀🤩🤩🤩😊😊,0
BOYNEXTDOOR,jizAb-SLvtM,2023-05-25T17:52:43Z,@isadoragoncalves9651,❤❤❤,0
BOYNEXTDOOR,jizAb-SLvtM,2023-05-25T17:52:23Z,@kim_rose252,Love it&lt;3,0
BOYNEXTDOOR,jizAb-SLvtM,2023-05-25T17:52:18Z,@KT_Twice,Siiiiiiiiiiiiiiiiiiiiiiiiiiiiiiiiiiiiiiiiiiiiiiiiiiiiiiiiiiiiiiiiiiiiiiiiiiiiiiiii❤,1
BOYNEXTDOOR,jizAb-SLvtM,2023-05-25T17:51:47Z,@andreita761,Hermosos,0
BOYNEXTDOOR,jizAb-SLvtM,2023-05-25T17:51:26Z,@anytio,"Our charming talented boys) Dance skills are on top. I can&#39;t help smiling and having fun. The song feels like summer, I&#39;m in love with it. Thank you, guys))",0
BOYNEXTDOOR,jizAb-SLvtM,2023-05-25T17:50:33Z,@shokufeh_loves_tangerines,Not me wanting awesome neighbours who are my bffs like them :D,0
BOYNEXTDOOR,jizAb-SLvtM,2023-05-25T17:50:31Z,@dakonez,muy bonito el video :D,0
BOYNEXTDOOR,jizAb-SLvtM,2023-05-25T17:50:24Z,@justhere152,I wanna be here for many years!!! 🎉,0
BOYNEXTDOOR,jizAb-SLvtM,2023-05-25T17:50:18Z,@HarsYz,Ayaysy başarılarının devamını dilerimmm <br>Şarkı güzell <br>Klip güzel<br>Sesler güzel<br>Dinlenirrr <br>Stan&lt;3,0
BOYNEXTDOOR,jizAb-SLvtM,2023-05-25T17:50:01Z,@fundohhmahtayhh7315,الأغنية جميلة نوعآ ما ...,0
BOYNEXTDOOR,jizAb-SLvtM,2023-05-25T17:49:47Z,@kittyrubyzen,Lagunya asik bgt aaksksks sukaaa,0
BOYNEXTDOOR,jizAb-SLvtM,2023-05-25T17:49:39Z,@LegendsEntOfficial,Help-💀✨🤚😭IS THE GUY WITH BLONDE HAIR FROM DHAR MANN OR AM I TRIPPING-CUZ THAT GOOFY AAH HELLA NPC POSE IS SENDING ME<br>Edit:that’s definitely him,1
BOYNEXTDOOR,jizAb-SLvtM,2023-05-25T17:49:35Z,@kittyrubyzen,LOVE THE VIBESSS,0
BOYNEXTDOOR,jizAb-SLvtM,2023-05-25T17:49:34Z,@elaizaart,ME ESTAN ENCANTANDO LAS CANCIONES 🥰🥰,0
BOYNEXTDOOR,jizAb-SLvtM,2023-05-25T17:49:15Z,@_onion5568,노래는 좋은 데 멤버 구성이 너무 아쉽다 음색이 다 비슷해서 구분도 안되고 톤이 높아서 귀가 피곤함 그리고 톤 창법 다 너무 지코임,1
BOYNEXTDOOR,jizAb-SLvtM,2023-05-25T17:49:08Z,@ababababa9842,can gowon get royalties or something literally,0
BOYNEXTDOOR,jizAb-SLvtM,2023-05-25T17:48:44Z,@whereisspiderman,"I love this concept so much they&#39;re so talented, the outfits, the dance, the vocals and the rap everything about this. Can&#39;t wait for the album",2
BOYNEXTDOOR,jizAb-SLvtM,2023-05-25T17:48:28Z,@sun-chanlife,I&#39;m already part of their fandom,0
BOYNEXTDOOR,jizAb-SLvtM,2023-05-25T17:48:25Z,@rruby2473,こっちもいい曲だな,1
BOYNEXTDOOR,jizAb-SLvtM,2023-05-25T17:48:17Z,@lylianart_lyli5540,"<a href=""https://www.youtube.com/watch?v=jizAb-SLvtM&amp;t=160"">2:40</a> Jaehyun lo baru debut udah pamer perut",0
BOYNEXTDOOR,jizAb-SLvtM,2023-05-25T17:47:33Z,@شخص-ذ1ف,이 곡은 말 그대로 명품 아티스트다 너도 너무 고급스러워 스타일이나 미모나 목소리나 웅장함이나 곡 전체에 집중할 줄을 모른다. 정말 아름다운 트렌드임에 틀림없네요 정말 제 마음을 훔쳤어요😋😋😋,166
BOYNEXTDOOR,jizAb-SLvtM,2023-05-25T17:46:42Z,@SafaChwe,Keep going ❤❤,0
BOYNEXTDOOR,jizAb-SLvtM,2023-05-25T17:46:40Z,@uaena4151,wait <br>whats this?,0
BOYNEXTDOOR,jizAb-SLvtM,2023-05-25T17:46:21Z,@yasi1685,I really love boynextdoor 😭💗,0
BOYNEXTDOOR,jizAb-SLvtM,2023-05-25T17:46:18Z,@_Emily_432,Es un nuev0 grupo?,0
BOYNEXTDOOR,jizAb-SLvtM,2023-05-25T17:45:55Z,@yasi1685,OMGGGG😭😭😭😭😭,0
BOYNEXTDOOR,jizAb-SLvtM,2023-05-25T17:45:48Z,@zezyuro,الاغنية مريحههه و منعشة حبيتهاااا 😩💖💖,0
BOYNEXTDOOR,jizAb-SLvtM,2023-05-25T17:45:46Z,@ruthflores3508,"no entiendo por qué la empresa los impulsa como una new jeans male version, es que se ven con igual concepto que ellas, no es hate,, es que me da muchas vibes de verdad",1
BOYNEXTDOOR,jizAb-SLvtM,2023-05-25T17:45:09Z,@giulianamejiabaylon,I love you,0
BOYNEXTDOOR,jizAb-SLvtM,2023-05-25T17:44:50Z,@lidia9362,"Cool,fresh, love it!🎉🎉🎉",1
BOYNEXTDOOR,jizAb-SLvtM,2023-05-25T17:44:50Z,@hihi707hihi,wow,0
BOYNEXTDOOR,jizAb-SLvtM,2023-05-25T17:44:49Z,@jellybear2617,I really like this song it&#39;s kinda catchy,2
BOYNEXTDOOR,jizAb-SLvtM,2023-05-25T17:44:42Z,@lidia9362,"Cool,fresh, love it!🎉🎉🎉",0
BOYNEXTDOOR,jizAb-SLvtM,2023-05-25T17:43:59Z,@marbellacrisbelsaezpizzarr7131,"They look like new jeans version boys, i like so much",0
BOYNEXTDOOR,jizAb-SLvtM,2023-05-25T17:43:40Z,@_xmjm_9414,"La canción está buenísima, me encanta 😍",0
BOYNEXTDOOR,jizAb-SLvtM,2023-05-25T17:43:25Z,@sudeozkl69,One and onlyyyyyyyyy I love this songgg,1
BOYNEXTDOOR,jizAb-SLvtM,2023-05-25T17:43:18Z,@4sku,Why can’t I find them on spotify?,0
BOYNEXTDOOR,jizAb-SLvtM,2023-05-25T17:43:17Z,@Hi_nabi1,보이녁스트도어 멋있다 ❤❤,68
BOYNEXTDOOR,jizAb-SLvtM,2023-05-25T17:42:51Z,@sachi9565,I like the vibe of this song and visual are amazing 😍🤩 it&#39;s looks lovely 🌹,0
BOYNEXTDOOR,jizAb-SLvtM,2023-05-25T17:42:50Z,@bonedo11,YESSSSS,0
BOYNEXTDOOR,jizAb-SLvtM,2023-05-25T17:42:33Z,@lumily,One &amp; only BOYNEXTDOOR&lt;3,1
BOYNEXTDOOR,jizAb-SLvtM,2023-05-25T17:42:30Z,@notquitechaos6705,naturally snatch-ed lmao,0
BOYNEXTDOOR,jizAb-SLvtM,2023-05-25T17:42:01Z,@teefanatiker,you will never be gowon 😒,0
BOYNEXTDOOR,jizAb-SLvtM,2023-05-25T17:41:34Z,@renebow7,I love you guys,0
BOYNEXTDOOR,jizAb-SLvtM,2023-05-25T17:41:05Z,@Glamourrrrr143,I love their vibe so muchhh;! 💯😭🤭🫶,1
BOYNEXTDOOR,jizAb-SLvtM,2023-05-25T17:40:38Z,@timilehin841,omg their pre- debut song they&#39;ll soon debut,0
BOYNEXTDOOR,jizAb-SLvtM,2023-05-25T17:39:58Z,@casualviewer1747,Every group under hybe has its own signature..,0
BOYNEXTDOOR,jizAb-SLvtM,2023-05-25T17:39:32Z,@cherileocherilei9022,Low budget mv,0
BOYNEXTDOOR,jizAb-SLvtM,2023-05-25T17:39:25Z,@rmr4827,Another hit song,2
BOYNEXTDOOR,jizAb-SLvtM,2023-05-25T17:38:59Z,@lovelyday2u,"I NEED THIS ON SPOTIFY, PLEAAAAASE",0
BOYNEXTDOOR,jizAb-SLvtM,2023-05-25T17:38:50Z,@happyhjdyx,My new boyfriends 😭,0
BOYNEXTDOOR,jizAb-SLvtM,2023-05-25T17:38:38Z,@LuckyChaCha-b2x,"เป็นเพลงที่รู้สึกว่าฟังได้เรื่อยๆเลยนะ ฟังตอนไหนก็รู้สึกดี อีกอย่างโทนเสียงทุกคนคือ ทำให้รู้สึกคิดถึงค่ายมาก แบบให้ความรู้สึกว่านี่แหละ เสียงแบบนี้ต้องค่ายนี้เท่านั้น อะไรประมาณนี้อ่ะ<a href=""UCkszU2WH9gy1mb0dV-11UJg/EvkfY6uNC5OykQOewoCQAQ""></a>",2
BOYNEXTDOOR,jizAb-SLvtM,2023-05-25T17:38:32Z,@estrella0one,✨💙,1
BOYNEXTDOOR,jizAb-SLvtM,2023-05-25T17:38:31Z,@lucerootd8750,Me encantooo,1
BOYNEXTDOOR,jizAb-SLvtM,2023-05-25T17:38:09Z,@superpokedinette7222,Wouah 🎉❤💯💯💯,0
BOYNEXTDOOR,jizAb-SLvtM,2023-05-25T17:37:59Z,@kongsuni6610,"days ago they were saying that there&#39;s no vocalist of the group and then they dropped this song lolololol no vocalist? not when they have riwoo, woonhak, sungho and jaehyun",1
BOYNEXTDOOR,jizAb-SLvtM,2023-05-25T17:37:55Z,@Mina-my3ky,Woow!Let&#39;s go guys!❤🫰,0
BOYNEXTDOOR,jizAb-SLvtM,2023-05-25T17:37:45Z,@StarGirls-,"Just started stanning them but I&#39;m excited already, I just know they&#39;re going to go far!",0
BOYNEXTDOOR,jizAb-SLvtM,2023-05-25T17:37:30Z,@Studywithhayath,"I wonder what our fandom name will be !!! <a href=""https://www.youtube.com/watch?v=jizAb-SLvtM&amp;t=58"">0:58</a>",0
BOYNEXTDOOR,jizAb-SLvtM,2023-05-25T17:37:29Z,@ibo8912,ว้าย เพลงดีมาก แมสด่วน,0
BOYNEXTDOOR,jizAb-SLvtM,2023-05-25T17:36:52Z,@lamishadad2389,First boygroug with cute concept,0
BOYNEXTDOOR,jizAb-SLvtM,2023-05-25T17:36:50Z,@leenaa917,Pre chorus best,0
BOYNEXTDOOR,jizAb-SLvtM,2023-05-25T17:36:19Z,@shaniquewright1951,I will add you to my playlist 😊,1
BOYNEXTDOOR,jizAb-SLvtM,2023-05-25T17:36:13Z,@milanaismailova3123,You are so cute! Lyrics and MV are making me happy!,0
BOYNEXTDOOR,jizAb-SLvtM,2023-05-25T17:36:05Z,@鼻が折れる女,너무 멋있다‼︎,3
BOYNEXTDOOR,jizAb-SLvtM,2023-05-25T17:35:57Z,@챠챠-m8j,노래 너무 좋다 역시 지아코!! 청량에 힙합에 완전 좋아 진짜 잘 됐으면 좋겠다. 지금 한번 들었는데 중독성 대박일듯!! 계속 듣고싶어져!!!,35
BOYNEXTDOOR,jizAb-SLvtM,2023-05-25T17:35:48Z,@mursacxz,"я действительно чувствую восторг, слушая их, мне так нравится их стиль, будем ддать следующих песен, а пока что отдаим всю свою любовь и поддержку❤",137
BOYNEXTDOOR,jizAb-SLvtM,2023-05-25T17:35:18Z,@fiftyshadeofbts,"<a href=""https://www.youtube.com/watch?v=jizAb-SLvtM&amp;t=98"">1:38</a> who&#39;s he??",1
BOYNEXTDOOR,jizAb-SLvtM,2023-05-25T17:34:52Z,@whitebearsweet,nwjns and boynextdoor are getting ready to open a new page for the music industry,2
BOYNEXTDOOR,jizAb-SLvtM,2023-05-25T17:34:36Z,@isabela6545,"Omg, son tan buenos!!, Linda canción!&lt;3",0
BOYNEXTDOOR,jizAb-SLvtM,2023-05-25T17:34:30Z,@arjkive,👌 I GOTCHU,0
BOYNEXTDOOR,jizAb-SLvtM,2023-05-25T17:34:30Z,@Nora-dx9cy,Typical 4th gen bg song,0
BOYNEXTDOOR,jizAb-SLvtM,2023-05-25T17:34:15Z,@Biiidooz720maybe,I like the vibes of this group,0
BOYNEXTDOOR,jizAb-SLvtM,2023-05-25T17:34:00Z,@Nora-dx9cy,Who are they?,0
BOYNEXTDOOR,jizAb-SLvtM,2023-05-25T17:33:35Z,@beizannn,they’re so cute 😭🫶🏻,0
BOYNEXTDOOR,jizAb-SLvtM,2023-05-25T17:33:06Z,@Fatima29-8-,❤❤❤❤❤❤❤❤❤❤❤,0
BOYNEXTDOOR,jizAb-SLvtM,2023-05-25T17:32:52Z,@NoonaStarShine3748,ITS SO FUN OMG,0
BOYNEXTDOOR,jizAb-SLvtM,2023-05-25T17:32:46Z,@NoonaStarShine3748,LAWDDD,0
BOYNEXTDOOR,jizAb-SLvtM,2023-05-25T17:32:40Z,@NoonaStarShine3748,IF ONLY THEY WERE THE BOY NEXT DOOR,0
BOYNEXTDOOR,jizAb-SLvtM,2023-05-25T17:32:22Z,@NoonaStarShine3748,OMGGG,0
BOYNEXTDOOR,jizAb-SLvtM,2023-05-25T17:32:18Z,@NoonaStarShine3748,AS THEY SHOULDDD,0
BOYNEXTDOOR,jizAb-SLvtM,2023-05-25T17:32:17Z,@whitebearsweet,"omg their vocals and musicality are some of the best so fresh and dynamic, boynextdoor is ready to have a huge and loyal fanbase❤",3
BOYNEXTDOOR,jizAb-SLvtM,2023-05-25T17:31:57Z,@eb-elitebirds,The boys are handsome 💝💗💖😍😘🇧🇩🇧🇩,0
BOYNEXTDOOR,jizAb-SLvtM,2023-05-25T17:31:54Z,@Nonamenoface974,"one looks like heeseung, the other like sunghoon and the other like wooyoung 💀",0
BOYNEXTDOOR,jizAb-SLvtM,2023-05-25T17:31:42Z,@nicolelizano2942,Me gusta su estilo de música....fighting Boynextdoor,0
BOYNEXTDOOR,jizAb-SLvtM,2023-05-25T17:31:34Z,@pentagondefender9,let&#39;s show them lots of love and support that they deserve !!,1
BOYNEXTDOOR,jizAb-SLvtM,2023-05-25T17:31:29Z,@cloudypetalmew,Jaehyun is so cute...❤❤❤,1
BOYNEXTDOOR,jizAb-SLvtM,2023-05-25T17:31:24Z,@TubaKhan-l4c,❤❤,0
BOYNEXTDOOR,jizAb-SLvtM,2023-05-25T17:31:10Z,@mneth,"I love this more than the previous one, your songs so far are def my type of genre. Fighting BND!!",1
BOYNEXTDOOR,jizAb-SLvtM,2023-05-25T17:31:08Z,@ВероникаКорнилова-и1ч,Мне нравится! Супер 🎉,0
BOYNEXTDOOR,jizAb-SLvtM,2023-05-25T17:30:27Z,@cookiepie22,"I loved it, so fresh and cute!",1
BOYNEXTDOOR,jizAb-SLvtM,2023-05-25T17:30:18Z,@pyulpyul7895,"Leess&#39;gooooo BOYNEXTDOOR <a href=""UCkszU2WH9gy1mb0dV-11UJg/ssIfY7OFG5OykQOpn4CQCw""></a><a href=""UCkszU2WH9gy1mb0dV-11UJg/8gF1Xp_zK8jk8gSDrI2wCw""></a><a href=""UCkszU2WH9gy1mb0dV-11UJg/m8MfY4jbFsWJhL0PyouA2Ak""></a>",0
BOYNEXTDOOR,jizAb-SLvtM,2023-05-25T17:30:08Z,@bloominTvT,Such a new fresh song😻😼🙈💕,1
BOYNEXTDOOR,jizAb-SLvtM,2023-05-25T17:29:52Z,@fifilwm,прекрасные парни и прекрасный дебют,0
BOYNEXTDOOR,jizAb-SLvtM,2023-05-25T17:29:44Z,@yvtt0,Em0jis make the vi9ws freeze. Pls stop adding the em0jis in your cmts :3,1
BOYNEXTDOOR,jizAb-SLvtM,2023-05-25T17:29:19Z,@Lin_lee,Pero- no tenía ni idea de este grupo y creo q los voy a empezar a staneaAar 😭😭,0
BOYNEXTDOOR,jizAb-SLvtM,2023-05-25T17:29:09Z,@Daniela-ei7lm,This is so cute!!!! Foghting Boynexteoor!!!!,0
BOYNEXTDOOR,jizAb-SLvtM,2023-05-25T17:29:05Z,@kimseob,one and only song!!,0
BOYNEXTDOOR,jizAb-SLvtM,2023-05-25T17:28:58Z,@nrsyafeeqha,I LOVE YOU GUYSSS SO MUCH !!!!,0
BOYNEXTDOOR,jizAb-SLvtM,2023-05-25T17:28:11Z,@odripads,kureng sih,0
BOYNEXTDOOR,jizAb-SLvtM,2023-05-25T17:27:53Z,@duaub,六门童 我要像鬼一样缠上你们了👻👌😍,0
BOYNEXTDOOR,jizAb-SLvtM,2023-05-25T17:27:53Z,@sandrinecuty,Yay you slayin,0
BOYNEXTDOOR,jizAb-SLvtM,2023-05-25T17:27:25Z,@basmalahagras9855,Is there any Spotify account?,0
BOYNEXTDOOR,jizAb-SLvtM,2023-05-25T17:27:21Z,@heninglesyapangesti,i love this,0
BOYNEXTDOOR,jizAb-SLvtM,2023-05-25T17:27:14Z,@hatakebrisa,AAAAA I LOVE IT   I&#39;m a fan number 1 now❤️💛💛💛,0
BOYNEXTDOOR,jizAb-SLvtM,2023-05-25T17:27:13Z,@TXT_struck,They made their debut they look so cute! 🥺<br><b>&quot;I can sniff the boy crush incoming.&quot;</b>,1
BOYNEXTDOOR,jizAb-SLvtM,2023-05-25T17:27:06Z,@MiyuTokinawa-qm3nt,Jaehyun is so expressive I like him and the concept is so fun and refresh,0
BOYNEXTDOOR,jizAb-SLvtM,2023-05-25T17:26:53Z,@MAD_DOOR,💜,0
BOYNEXTDOOR,jizAb-SLvtM,2023-05-25T17:26:47Z,@crystalchan832,중독성이 있군요 ㅎㅎ  홧팅!,3
BOYNEXTDOOR,jizAb-SLvtM,2023-05-25T17:26:44Z,@ぱるんこぱるぱる,riwoo💞,0
BOYNEXTDOOR,jizAb-SLvtM,2023-05-25T17:26:32Z,@llll_25my,bonedo my new favorite bg ❤️,0
BOYNEXTDOOR,jizAb-SLvtM,2023-05-25T17:26:24Z,@lisavetaliza1331,Милаши с отличными голосами❤,0
BOYNEXTDOOR,jizAb-SLvtM,2023-05-25T17:26:15Z,@winniew5394,woonhak is so cute OMG,0
BOYNEXTDOOR,jizAb-SLvtM,2023-05-25T17:26:13Z,@FortunaK,Ohhhh I like it!,0
BOYNEXTDOOR,jizAb-SLvtM,2023-05-25T17:26:13Z,@Nicolai_uwu,Cuteness overload (≧▽≦),0
BOYNEXTDOOR,jizAb-SLvtM,2023-05-25T17:26:05Z,@mrinalbarua2315,Let&#39;s give this group a huge fandom.,0
BOYNEXTDOOR,jizAb-SLvtM,2023-05-25T17:25:53Z,@mithbtsarmyot7,Is they new boy band they all are very talented my support is 100%,0
BOYNEXTDOOR,jizAb-SLvtM,2023-05-25T17:25:34Z,@KenZzaa-A,Why not on spotify? :(,0
BOYNEXTDOOR,jizAb-SLvtM,2023-05-25T17:25:30Z,@shrabonichakma7158,Awesome boys🥰,0
BOYNEXTDOOR,jizAb-SLvtM,2023-05-25T17:25:28Z,@vanilla9280,I LIKE IT,0
BOYNEXTDOOR,jizAb-SLvtM,2023-05-25T17:25:25Z,@moonstruck821,I just wanna dance 💃🏻 🤩,0
BOYNEXTDOOR,jizAb-SLvtM,2023-05-25T17:23:57Z,@Kpopfan-il6kr,"its so cool i like it<br><a href=""UCkszU2WH9gy1mb0dV-11UJg/m8MfY4jbFsWJhL0PyouA2Ak""></a>",0
BOYNEXTDOOR,jizAb-SLvtM,2023-05-25T17:23:55Z,@thaynasantos5410,🥰👏🏻👏🏻,0
BOYNEXTDOOR,jizAb-SLvtM,2023-05-25T17:23:49Z,@thequeenreo,THATS SO COOL GUYS,0
BOYNEXTDOOR,jizAb-SLvtM,2023-05-25T17:23:27Z,@sanaaedits4683,hybe never fails to give us awesome groups.,1
BOYNEXTDOOR,jizAb-SLvtM,2023-05-25T17:23:26Z,@sheisnotcool,Who they?,0
BOYNEXTDOOR,jizAb-SLvtM,2023-05-25T17:23:22Z,@hajarbougoutaya9457,The song is refreshing and makes you dance,1
BOYNEXTDOOR,jizAb-SLvtM,2023-05-25T17:23:06Z,@rebeccavecdeuxc,OMG ??????????????????,0
BOYNEXTDOOR,jizAb-SLvtM,2023-05-25T17:23:04Z,@Orbitinbloom19018,"<a href=""https://www.youtube.com/watch?v=jizAb-SLvtM&amp;t=51"">0:51</a> who is this",0
BOYNEXTDOOR,jizAb-SLvtM,2023-05-25T17:22:48Z,@Orbitinbloom19018,Whos the one with the blue striped sweater ?,0
BOYNEXTDOOR,jizAb-SLvtM,2023-05-25T17:22:45Z,@haesoo06,daebakkk,0
BOYNEXTDOOR,jizAb-SLvtM,2023-05-25T17:22:40Z,@florenciadominguez824,Dios me encanta,0
BOYNEXTDOOR,jizAb-SLvtM,2023-05-25T17:22:34Z,@preciousgavor8082,KEEP STREAMINGGGGGG,0
BOYNEXTDOOR,jizAb-SLvtM,2023-05-25T17:22:26Z,@pwght.,They are sooooooooooooo cuuuuuuuteee 😊❤❤,0
BOYNEXTDOOR,jizAb-SLvtM,2023-05-25T17:22:13Z,@estherriveramonge7347,saben si esta en spotify? no me aparece,0
BOYNEXTDOOR,jizAb-SLvtM,2023-05-25T17:22:08Z,@andressasouzasilveira,I can&#39;t wait to meet the boys ❤❤❤❤❤❤❤❤❤❤❤❤❤❤❤❤❤❤❤❤❤❤❤❤❤❤❤❤❤❤❤❤❤❤❤❤❤❤❤❤❤❤❤❤❤❤❤❤❤❤❤❤❤❤❤❤❤❤❤❤🦊🐶🐻🐠🐥🐯❤❤❤❤❤❤❤❤,0
BOYNEXTDOOR,jizAb-SLvtM,2023-05-25T17:21:41Z,@divyankakrishna711,So cute,0
BOYNEXTDOOR,jizAb-SLvtM,2023-05-25T17:21:28Z,@mimgaming4959,Let&#39;s get this a million veiws in 2h hrs,1
BOYNEXTDOOR,jizAb-SLvtM,2023-05-25T17:21:27Z,@Hi_nabi1,Lets go boys,0
BOYNEXTDOOR,jizAb-SLvtM,2023-05-25T17:21:20Z,@larasaid352,I havent seen such a simple but nice MV and song in a WHILE... keep it coming boys!!💙,10
BOYNEXTDOOR,jizAb-SLvtM,2023-05-25T17:21:07Z,@estherriveramonge7347,knock knock knock knock knock knock knock knock knock knock,0
BOYNEXTDOOR,jizAb-SLvtM,2023-05-25T17:20:50Z,@mariamdevadze2714,Is this theyr debut song?,0
BOYNEXTDOOR,jizAb-SLvtM,2023-05-25T17:20:33Z,@jaleamantequilla,ESTAN GUAPOS,0
BOYNEXTDOOR,jizAb-SLvtM,2023-05-25T17:20:25Z,@markandreysantiago,"Such cuties🥺<br>I really like the MV and the song, it&#39;s giving youthful and fresh vibes^^ It&#39;s like they&#39;re just having fun while dancing~",0
BOYNEXTDOOR,jizAb-SLvtM,2023-05-25T17:20:22Z,@LalitaDevi-fv3bk,Let&#39;s support our boys 💜💜,0
BOYNEXTDOOR,jizAb-SLvtM,2023-05-25T17:20:13Z,@adorepink,this is the first flop of hybe omg,0
BOYNEXTDOOR,jizAb-SLvtM,2023-05-25T17:19:59Z,@cnthhng,gonna be a hit,0
BOYNEXTDOOR,jizAb-SLvtM,2023-05-25T17:19:58Z,@mireux433,"Keep going... Never feel like you are not enough, it&#39;s a great start, and you will make it and be recognised in future, I like your concept.. I will be rooting for you all.....Great job boys..🤎🤎",0
BOYNEXTDOOR,jizAb-SLvtM,2023-05-25T17:19:39Z,@seungminn8252,NOT THE DHAR MANN KID IN THE BACK AT THE END LMFAO,0
BOYNEXTDOOR,jizAb-SLvtM,2023-05-25T17:19:26Z,@krithikoduru2567,the one and only BOYNEXTDOOR!,0
BOYNEXTDOOR,jizAb-SLvtM,2023-05-25T17:19:24Z,@estherriveramonge7347,one and onlyyyyyyyyy,0
BOYNEXTDOOR,jizAb-SLvtM,2023-05-25T17:19:17Z,@Supercassie,i like the song.,0
BOYNEXTDOOR,jizAb-SLvtM,2023-05-25T17:18:40Z,@estherriveramonge7347,es adictivo,0
BOYNEXTDOOR,jizAb-SLvtM,2023-05-25T17:18:39Z,@strawberryyyy_8,woahhh they are giving new jeans boy&#39;s version vibe❤,0
BOYNEXTDOOR,jizAb-SLvtM,2023-05-25T17:18:33Z,@mxr2261,حبيت ايقاع الاغنيه واصواتهم حلوه,0
BOYNEXTDOOR,jizAb-SLvtM,2023-05-25T17:18:33Z,@fancyy_u,"Literally boy version of NJ 🥰🥰 <a href=""https://www.youtube.com/watch?v=jizAb-SLvtM&amp;t=162"">2:42</a>",0
BOYNEXTDOOR,jizAb-SLvtM,2023-05-25T17:18:08Z,@Loading_mango,Sungho needs lines,1
BOYNEXTDOOR,jizAb-SLvtM,2023-05-25T17:18:06Z,@moondaljunee,their songs are really zico style hshhshshshs,1
BOYNEXTDOOR,jizAb-SLvtM,2023-05-25T17:18:04Z,@vishranker,МОИ МАЛЬЧИКИ АААААААА,1
BOYNEXTDOOR,jizAb-SLvtM,2023-05-25T17:17:50Z,@yooji_yeon,why are they so cute,1
BOYNEXTDOOR,jizAb-SLvtM,2023-05-25T17:17:37Z,@Seraphic_JS12,BOYNEXTDOOR is one and only ❤❤❤ i love you ❤❤❤❤❤❤❤❤❤❤,0
BOYNEXTDOOR,jizAb-SLvtM,2023-05-25T17:17:34Z,@marea25.05,Que fofos!,1
BOYNEXTDOOR,jizAb-SLvtM,2023-05-25T17:17:07Z,@fersk1ss,"РЭП В НАЧАЛЕ ПЕСНИ И МОМЕНТ С ДВЕРЬЮ В КОНЦЕ КЛИПА ПРОСТО УБИВАЮТ &lt;///3 как же мне нравится эта группа, ее энергичный концепт и сами ребята! очень рада быть их стэном с самого дебюта (*´ω`*)",3
BOYNEXTDOOR,jizAb-SLvtM,2023-05-25T17:16:57Z,@Syranash97,Oh yeah!! Zico vibes,1
BOYNEXTDOOR,jizAb-SLvtM,2023-05-25T17:16:41Z,@xmarsx1412,I don’t know about y’all but I’m personally loving this.🔥,5
BOYNEXTDOOR,jizAb-SLvtM,2023-05-25T17:16:41Z,@Nayyab_khan.,Fire debut,4
BOYNEXTDOOR,jizAb-SLvtM,2023-05-25T17:16:28Z,@smthlikestrawberry,Fighting boy next door🥹🫰🏻💖💗💞💕💝💘💟,0
BOYNEXTDOOR,jizAb-SLvtM,2023-05-25T17:16:25Z,@Orbitinbloom19018,Is this their full on debut ?,1
BOYNEXTDOOR,jizAb-SLvtM,2023-05-25T17:16:24Z,@szonjarusko8377,I WANT THEM ON SPOTIFY RN,2
BOYNEXTDOOR,jizAb-SLvtM,2023-05-25T17:16:12Z,@smthlikestrawberry,اسووسويسويووسنويويويويوييت احبابيييييي,0
BOYNEXTDOOR,jizAb-SLvtM,2023-05-25T17:16:00Z,@Min.roni1,Better day by day!  fighting⁦♡⁩.,2
BOYNEXTDOOR,jizAb-SLvtM,2023-05-25T17:15:55Z,@julianaabeth5903,지금까지 두 곡의 타이틀곡을 들어봤는데 정말 좋았다고 해야 할까요! 당신의 음악은 너무 상쾌하고 나는 개념 MV가 너무 좋아! 여러분을 응원하겠습니다! 성공적인 데뷔하시길 바라며 화이팅! 🥰💞,38
BOYNEXTDOOR,jizAb-SLvtM,2023-05-25T17:15:35Z,@du3iy804,"какие лапочкиииии......<a href=""UCkszU2WH9gy1mb0dV-11UJg/m8MfY4jbFsWJhL0PyouA2Ak""></a><a href=""UCkszU2WH9gy1mb0dV-11UJg/m8MfY4jbFsWJhL0PyouA2Ak""></a><a href=""UCkszU2WH9gy1mb0dV-11UJg/m8MfY4jbFsWJhL0PyouA2Ak""></a><a href=""UCkszU2WH9gy1mb0dV-11UJg/m8MfY4jbFsWJhL0PyouA2Ak""></a><a href=""UCkszU2WH9gy1mb0dV-11UJg/m8MfY4jbFsWJhL0PyouA2Ak""></a>",1
BOYNEXTDOOR,jizAb-SLvtM,2023-05-25T17:15:30Z,@yuaremymoon,謝謝你們帶來這首元氣滿滿，跟夏日適配度滿分的歌曲！真的好可愛欸！,25
BOYNEXTDOOR,jizAb-SLvtM,2023-05-25T17:15:28Z,@m_is_ai,Mall scenes are giving me strong cover dance videos vibes. It&#39;s funny.  Anyway I like the concept,0
BOYNEXTDOOR,jizAb-SLvtM,2023-05-25T17:15:27Z,@DDLMLU,6 VISUALS<br>6 VOCALS<br>6 RAPPERS<br>6 DANCERS<br>6 ALL ROUNDERS <br>🔥🔥❤️❤️ BONEDO,32
BOYNEXTDOOR,jizAb-SLvtM,2023-05-25T17:14:58Z,@yrsailiming,Listen I&#39;m the one and only!,1
BOYNEXTDOOR,jizAb-SLvtM,2023-05-25T17:14:14Z,@salpysbaeva,wow!!,2
BOYNEXTDOOR,jizAb-SLvtM,2023-05-25T17:13:51Z,@rubybromley3284,Idk how to feel but they’re all very handsome,2
BOYNEXTDOOR,jizAb-SLvtM,2023-05-25T17:13:51Z,@ismaadz,gemeyy,1
BOYNEXTDOOR,jizAb-SLvtM,2023-05-25T17:13:44Z,@NidhiPatel-jo7pu,Wow! It sounds so fresh❤,3
BOYNEXTDOOR,jizAb-SLvtM,2023-05-25T17:13:17Z,@보라해보라해-h4h,상큼하고 기분이 좋아져요!!!,27
BOYNEXTDOOR,jizAb-SLvtM,2023-05-25T17:13:15Z,@gokugamer-cosasrandoms4199,"Me encantó desde el primer momento que escuché el incio de la instrumental, y las voces son la cereza del pastel. Y eso que apenas lo estoy escuchando",1
BOYNEXTDOOR,jizAb-SLvtM,2023-05-25T17:12:30Z,@Kattydoya,❤,0
BOYNEXTDOOR,jizAb-SLvtM,2023-05-25T17:12:30Z,@imjustafangirl127,"this is sooo cute and fun, i love it",2
BOYNEXTDOOR,jizAb-SLvtM,2023-05-25T17:12:29Z,@nightyangel6742,New group that i have to stan..literally so..catchy..i .mean the group itself😮,7
BOYNEXTDOOR,jizAb-SLvtM,2023-05-25T17:12:15Z,@uyenpham8936,Đáng iu❤,1
BOYNEXTDOOR,jizAb-SLvtM,2023-05-25T17:12:05Z,@hueningbahiyyih627,"Taesan and Sungho look so alike to me, they could be twins 😅",1
BOYNEXTDOOR,jizAb-SLvtM,2023-05-25T17:11:42Z,@Liliveee,"This song is so cuteee and fresh! Omygosh, I might fall in love again, huh.",2
BOYNEXTDOOR,jizAb-SLvtM,2023-05-25T17:11:22Z,@anapatty437,Ahhh me encanto 💖,1
BOYNEXTDOOR,jizAb-SLvtM,2023-05-25T17:11:17Z,@umaxiomararamos4837,Esta muy buena la musica y el grupo tambien🤗🤗🤗me encanta,1
BOYNEXTDOOR,jizAb-SLvtM,2023-05-25T17:11:14Z,@sulli555,화이팅~~~,25
BOYNEXTDOOR,jizAb-SLvtM,2023-05-25T17:11:03Z,@eleyni1433,Me encantó me gusto mucho,1
BOYNEXTDOOR,jizAb-SLvtM,2023-05-25T17:10:59Z,@CSTCST19,GAS LAAAH,0
BOYNEXTDOOR,jizAb-SLvtM,2023-05-25T17:10:42Z,@estherriveramonge7347,IS BOYNEXTDOOR,0
BOYNEXTDOOR,jizAb-SLvtM,2023-05-25T17:10:20Z,@estherriveramonge7347,wooooooooooooooooooooooooooooooooo LEST GO,0
BOYNEXTDOOR,jizAb-SLvtM,2023-05-25T17:10:12Z,@adrieida.maklouf,cute,0
BOYNEXTDOOR,jizAb-SLvtM,2023-05-25T17:10:08Z,@keisyasephiarahmadhani8169,Pantau dulu,0
BOYNEXTDOOR,jizAb-SLvtM,2023-05-25T17:10:02Z,@-koopi2111,🔥🔥🔥🔥,0
BOYNEXTDOOR,jizAb-SLvtM,2023-05-25T17:09:57Z,@YvonneNjeri-cw9sc,this is a banger for sure 💥💥💥,0
BOYNEXTDOOR,jizAb-SLvtM,2023-05-25T17:09:49Z,@AnalyBendana,I like this song,0
BOYNEXTDOOR,jizAb-SLvtM,2023-05-25T17:09:45Z,@Zahraa-zp7ob,my new favorite group,2
BOYNEXTDOOR,jizAb-SLvtM,2023-05-25T17:09:36Z,@euphorideni,lmao what mall were they at 😭,0
BOYNEXTDOOR,jizAb-SLvtM,2023-05-25T17:09:34Z,@namgi0,Amei,0
BOYNEXTDOOR,jizAb-SLvtM,2023-05-25T17:09:17Z,@s2u.nds3,가능한 한 빨리 그들에게 첫 승리를 줍시다🏆🎵!!<br>그들은 너무 재능이 있고 그럴 자격이 있어👌🏻💯.,176
BOYNEXTDOOR,jizAb-SLvtM,2023-05-25T17:09:06Z,@bellaarmy6995,Them and new jeans need to have a stage together,0
BOYNEXTDOOR,jizAb-SLvtM,2023-05-25T17:09:05Z,@patryk080998,♂ BOY ♂ NEXT ♂ DOOR ♂,2
BOYNEXTDOOR,jizAb-SLvtM,2023-05-25T17:08:46Z,@ejjunsay2743,LETS GAURRRRRRR,0
BOYNEXTDOOR,jizAb-SLvtM,2023-05-25T17:08:44Z,@katerinadask8558,such a nice song!! （づ￣3￣）づ╭❤~,1
BOYNEXTDOOR,jizAb-SLvtM,2023-05-25T17:08:40Z,@teelov7670,I love boynextdoor💙💙💙💙💙💙,0
BOYNEXTDOOR,jizAb-SLvtM,2023-05-25T17:08:32Z,@claygallery_0,I am army and regret becoming an army late so at least now I want to support an upcoming teams from their start rooting for you boynextdoor all my support is there for you guys,2
BOYNEXTDOOR,jizAb-SLvtM,2023-05-25T17:08:29Z,@khawlakhawla7812,What is the name of the person wearing a blue and orange striped T-shirt?,0
BOYNEXTDOOR,jizAb-SLvtM,2023-05-25T17:08:17Z,@Uhmmwhattt,Yesss,0
BOYNEXTDOOR,jizAb-SLvtM,2023-05-25T17:08:12Z,@priyankarawat4916,Nice nice,0
BOYNEXTDOOR,jizAb-SLvtM,2023-05-25T17:07:48Z,@Marthalyp,OMG!!!!! I LOVE THIS!!❤ BOYNEXTDOOR LOVE U GUYS!! FIGHTING!!,0
BOYNEXTDOOR,jizAb-SLvtM,2023-05-25T17:07:41Z,@danirobles5916,Bomnitos 🥺✨,0
BOYNEXTDOOR,jizAb-SLvtM,2023-05-25T17:07:34Z,@PixieCloud47,I love this!,0
BOYNEXTDOOR,jizAb-SLvtM,2023-05-25T17:07:32Z,@mariiringg,.,0
BOYNEXTDOOR,jizAb-SLvtM,2023-05-25T17:07:10Z,@gabiiiiiiiiiiiiiiiiiiiiiiiii,they just are so cool . .  so cool,0
BOYNEXTDOOR,jizAb-SLvtM,2023-05-25T17:07:00Z,@Lovely_tannies,This song is BANGER!!! loved it.. I&#39;ve never seen a group like these before..i love their vibe..so chill..i love this boynextdoor vibes..,2
BOYNEXTDOOR,jizAb-SLvtM,2023-05-25T17:05:57Z,@SK-nf4fg,Taesan and woonkhak seems like All rounders!,0
BOYNEXTDOOR,jizAb-SLvtM,2023-05-25T17:05:49Z,@harumined,I really thought knocking at your door is the chorus😂,0
BOYNEXTDOOR,jizAb-SLvtM,2023-05-25T17:05:48Z,@supriya_Lamsal,Wow . Its so impressive 👏 😊.  I should definitely stan them .,0
BOYNEXTDOOR,jizAb-SLvtM,2023-05-25T17:05:34Z,@darlyu8329,❤❤❤❤,0
BOYNEXTDOOR,jizAb-SLvtM,2023-05-25T17:05:31Z,@mibs_doll8188,theyre so cute ackk,1
BOYNEXTDOOR,jizAb-SLvtM,2023-05-25T17:05:25Z,@Xoxo_Nattys,😭😭😭😭 el más grandote de ahí me lleva 5 años!!!!! Y el más peque 3 😭😭😭😭😭 mi nuevo grupo fav,0
BOYNEXTDOOR,jizAb-SLvtM,2023-05-25T17:05:22Z,@allkai3250,Their so cool for it,1
BOYNEXTDOOR,jizAb-SLvtM,2023-05-25T17:05:20Z,@joji5743,another group added to the never-ending stan list I guess LEZZGOOO,2
BOYNEXTDOOR,jizAb-SLvtM,2023-05-25T17:05:10Z,@allkai3250,Omg,0
BOYNEXTDOOR,jizAb-SLvtM,2023-05-25T17:05:03Z,@maiaberterame1339,❤🇦🇷🇦🇷,0
BOYNEXTDOOR,jizAb-SLvtM,2023-05-25T17:04:46Z,@glitterglow6749,I adore this!,0
BOYNEXTDOOR,jizAb-SLvtM,2023-05-25T17:04:30Z,@tsukiverse,I like their fun concept! fighting boynextdoor!,0
BOYNEXTDOOR,jizAb-SLvtM,2023-05-25T17:03:33Z,@ЛераКостылева,"Такие харооошие!) Очень приятная и ненавязчивач песня, рчень буду ждать дебюта. Файтин!!!!!❤",2
BOYNEXTDOOR,jizAb-SLvtM,2023-05-25T17:03:20Z,@ebi8734,WOOOO,0
BOYNEXTDOOR,jizAb-SLvtM,2023-05-25T17:03:17Z,@Bhumika_222,Let&#39;s just Support BOYNEXFDOOR fully...Such a amazing grace KOZ gave us. Kudos Zico,1
BOYNEXTDOOR,jizAb-SLvtM,2023-05-25T17:03:04Z,@lrtrjsrn,I was impressed nothing I loved the song ❤,0
BOYNEXTDOOR,jizAb-SLvtM,2023-05-25T17:03:03Z,@birdwave-sv9bf,韓國人請愛,0
BOYNEXTDOOR,jizAb-SLvtM,2023-05-25T17:02:36Z,@Ensvt7,Now we are waiting for Dance practice😊,0
BOYNEXTDOOR,jizAb-SLvtM,2023-05-25T17:02:35Z,@heeloml4562,"Their music is so refreshing , as expected from koz",0
BOYNEXTDOOR,jizAb-SLvtM,2023-05-25T17:02:16Z,@dyansegovia3889,it’s upbeat! easy to listen to. 🤍,0
BOYNEXTDOOR,jizAb-SLvtM,2023-05-25T17:01:48Z,@yudihe-iw9jf,这么棒的歌 这么棒的mv 期待出道😊,5
BOYNEXTDOOR,jizAb-SLvtM,2023-05-25T17:01:45Z,@katflyss,Mi nueva obsesión,1
BOYNEXTDOOR,jizAb-SLvtM,2023-05-25T17:01:44Z,@winterbear6443,AWWW so cute. agreed you are the one and only. 🥰,1
BOYNEXTDOOR,jizAb-SLvtM,2023-05-25T17:01:42Z,@dantymartha,lagunya kok enak????? uwaaa ❤️❤️❤️,0
BOYNEXTDOOR,jizAb-SLvtM,2023-05-25T17:01:12Z,@ednahelena429,I&#39;M ALREDY IN LOVE 😍,0
BOYNEXTDOOR,jizAb-SLvtM,2023-05-25T17:00:56Z,@heyyo333,HYBE tryna create another NewJeans but for bg,1
BOYNEXTDOOR,jizAb-SLvtM,2023-05-25T17:00:56Z,@naomiereact7600,I LOVE it 😍😍😍😍😍,1
BOYNEXTDOOR,jizAb-SLvtM,2023-05-25T17:00:55Z,@s2u.nds3,BOYNEXTDOOR는 그들의 놀라운 음악으로 우리의 삶을 더 좋게 만들기 위해 왔습니다❤️👌🏻!!,133
BOYNEXTDOOR,jizAb-SLvtM,2023-05-25T17:00:49Z,@304mytinygyu,Omg i luv it,1
BOYNEXTDOOR,jizAb-SLvtM,2023-05-25T17:00:08Z,@milkyjamss_,already loving them!!,2
BOYNEXTDOOR,jizAb-SLvtM,2023-05-25T17:00:08Z,@phanyadawee8728,😭😭🫶🏻,0
BOYNEXTDOOR,jizAb-SLvtM,2023-05-25T17:00:00Z,@meongcheonghegi,This is def produced by ZICO 💕,1
BOYNEXTDOOR,jizAb-SLvtM,2023-05-25T17:00:00Z,@eslilimas6782,"Omg, love their vibes ❤",1
BOYNEXTDOOR,jizAb-SLvtM,2023-05-25T16:59:59Z,@dendranthemalavandulifoliu340,BJIRRRRR ENAK BAT LAGUNYA,1
BOYNEXTDOOR,jizAb-SLvtM,2023-05-25T16:59:46Z,@VEDMA1998,Вот это музон!!!лучше чем предыдущий ребята! Топ 1 среди новых🎉,1
BOYNEXTDOOR,jizAb-SLvtM,2023-05-25T16:59:39Z,@iham.theghost,BOYNEXTDOOR GO FOR IT <br>U GOT THIS FIGHTING 💕😭,1
BOYNEXTDOOR,jizAb-SLvtM,2023-05-25T16:59:39Z,@r0miAgus5tin,Sayang sayangku,1
BOYNEXTDOOR,jizAb-SLvtM,2023-05-25T16:59:38Z,@rubysim2153,아 애들이 너무 귀엽다 진짜 귀엽다 밖에 할 말이 없어 ㅠㅠㅠ,33
BOYNEXTDOOR,jizAb-SLvtM,2023-05-25T16:59:04Z,@dyansegovia3889,i’m loving their songssss ❤,1
BOYNEXTDOOR,jizAb-SLvtM,2023-05-25T16:58:40Z,@Manzanita103,BOYNEXTDOOR is amazing!!! ❤,2
BOYNEXTDOOR,jizAb-SLvtM,2023-05-25T16:58:32Z,@s2u.nds3,제 생각에는 그들을 5대째 왕자라고 불러야 할 것 같습니다🤴🏻🔥.,61
BOYNEXTDOOR,jizAb-SLvtM,2023-05-25T16:58:15Z,@gyanasinha704,Loving the song ❤,2
BOYNEXTDOOR,jizAb-SLvtM,2023-05-25T16:58:12Z,@tiruyuvani7029,This song is soo fun,1
BOYNEXTDOOR,jizAb-SLvtM,2023-05-25T16:58:08Z,@sarahizabela4608,"gente, eu gostei viu. gostei mais do que eu deviria",1
BOYNEXTDOOR,jizAb-SLvtM,2023-05-25T16:57:41Z,@holadani-oliva3734,Es increible! Ame y amo sin dudas sus voces y la coreo como había dicho antes tienen un estilo diferente sus canciones han sido muy buenas sin dudas con su debut les esperan buenas cosas ♡,1
BOYNEXTDOOR,jizAb-SLvtM,2023-05-25T16:57:41Z,@marlongeovane7774,Essa música me lembrou a 1 geração do kpop 😅,1
BOYNEXTDOOR,jizAb-SLvtM,2023-05-25T16:57:40Z,@Manzanita103,24/7 멋진 날이야 ! ❤,28
BOYNEXTDOOR,jizAb-SLvtM,2023-05-25T16:56:58Z,@kikihoo,QUE TEMAZO,1
BOYNEXTDOOR,jizAb-SLvtM,2023-05-25T16:56:55Z,@yoonsehyeon,하이브에서 최초로 힙합그룹으로 글로벌 힡 칠듯,3
BOYNEXTDOOR,jizAb-SLvtM,2023-05-25T16:56:53Z,@divyanirawat,This group is such a VIBE!  Game changer !!! ❤🎉<br>Love their talent and music.,0
BOYNEXTDOOR,jizAb-SLvtM,2023-05-25T16:56:38Z,@s2u.nds3,맙소사!! 이 노래 너무 좋아요!!,34
BOYNEXTDOOR,jizAb-SLvtM,2023-05-25T16:56:08Z,@xaviergonzalez2358,Are you telling me they are the male version of New jeans???,0
BOYNEXTDOOR,jizAb-SLvtM,2023-05-25T16:56:02Z,@cherita2677,Amazing debut !! Congratulation,1
BOYNEXTDOOR,jizAb-SLvtM,2023-05-25T16:56:00Z,@cathyw121,Los amamos gracias por esto ❤,0
BOYNEXTDOOR,jizAb-SLvtM,2023-05-25T16:55:48Z,@coulstassy1275,какие милашки господи,0
BOYNEXTDOOR,jizAb-SLvtM,2023-05-25T16:55:46Z,@khumlilathueru8905,this song is  so vibe and really refreshing💓💜like one and only 👀😥,1
BOYNEXTDOOR,jizAb-SLvtM,2023-05-25T16:55:28Z,@SK-nf4fg,The Rap line is a Killa!,0
BOYNEXTDOOR,jizAb-SLvtM,2023-05-25T16:55:28Z,@yoonsehyeon,최근 남돌중에서 가장 신선하고 부담스럽지않다 지코의 프로듀싱으로  올라가보자,40
BOYNEXTDOOR,jizAb-SLvtM,2023-05-25T16:55:21Z,@cherita2677,the chorus is so addictive,1
BOYNEXTDOOR,jizAb-SLvtM,2023-05-25T16:55:20Z,@mayrakchidl4713,one more group to stan,0
BOYNEXTDOOR,jizAb-SLvtM,2023-05-25T16:55:18Z,@613mhj,OMG. I&#39;m in love with this. Finally such a refreshing concepting for a boygroup.,1
BOYNEXTDOOR,jizAb-SLvtM,2023-05-25T16:55:05Z,@norashkim944,This is not a y2k concept so stop mentioning they are the boy ver of nwjns <br>Bnd is bnd,0
BOYNEXTDOOR,jizAb-SLvtM,2023-05-25T16:55:01Z,@SOOBINBABY1205,這歌好JYP喔讓我想到嘎7的歌 ，  這團也太帥了吧 XD,1
BOYNEXTDOOR,jizAb-SLvtM,2023-05-25T16:54:48Z,@wyrtnzx,какие хорошие 🥹🥹,0
BOYNEXTDOOR,jizAb-SLvtM,2023-05-25T16:54:41Z,@her_1111,I&#39;m ready to stan✨💙,0
BOYNEXTDOOR,jizAb-SLvtM,2023-05-25T16:54:31Z,@lindalps1378,Hybe always debuts great boy groups. I feel like they gonna be as famous as Enhypen in around 5 years. That wasn&#39;t a bad song. They could come to my country if they&#39;ll have more songs😊👍 I wanna be on that concert😆,2
BOYNEXTDOOR,jizAb-SLvtM,2023-05-25T16:54:20Z,@らーめん-g5c,やばいめちゃくちゃハマりそう,1
BOYNEXTDOOR,jizAb-SLvtM,2023-05-25T16:54:16Z,@keishakortje,Let&#39;s always support BOY NEXTDOOR .,2
BOYNEXTDOOR,jizAb-SLvtM,2023-05-25T16:54:14Z,@jaishreerathorerathore7000,Really so impressed,0
BOYNEXTDOOR,jizAb-SLvtM,2023-05-25T16:54:12Z,@theAlexP,And we are 2 for 2 so far. So catchy!,0
BOYNEXTDOOR,jizAb-SLvtM,2023-05-25T16:54:06Z,@army_kimtaehyung,"얼마나 많은 에너지,그리고 나는 움직이고 싶다🥰😎",0
BOYNEXTDOOR,jizAb-SLvtM,2023-05-25T16:54:00Z,@woonie4495,I NEED IT ON SPOTIFY!!!😭,0
BOYNEXTDOOR,jizAb-SLvtM,2023-05-25T16:53:55Z,@cristinahidalgo613,Aquí estamos,0
BOYNEXTDOOR,jizAb-SLvtM,2023-05-25T16:53:45Z,@praveenw.4393,Boy version of new jeans. I&#39;m not complaining tho.,1
BOYNEXTDOOR,jizAb-SLvtM,2023-05-25T16:53:33Z,@stellamarsella6602,finally find my  fav. song,0
BOYNEXTDOOR,jizAb-SLvtM,2023-05-25T16:53:28Z,@Manzanita103,"Who would have thought that such a bad day would be fixed by listening to a song, it is becoming one of my favorite songs, 화이팅  💙",26
BOYNEXTDOOR,jizAb-SLvtM,2023-05-25T16:53:28Z,@m5wty,ben begendim tam benlik sarki🫶🏻🫶🏻,0
BOYNEXTDOOR,jizAb-SLvtM,2023-05-25T16:53:28Z,@maripark7022,is this their official debut song???,0
BOYNEXTDOOR,jizAb-SLvtM,2023-05-25T16:53:23Z,@yodiotaqu4194,This group will be my new addiction  Absolutely,5
BOYNEXTDOOR,jizAb-SLvtM,2023-05-25T16:53:21Z,@Anjalikumari-cq3jz,The song is very refreshing and all of them are so cute. I LOVE IT💙,0
BOYNEXTDOOR,jizAb-SLvtM,2023-05-25T16:53:14Z,@nanaalem34335,💗💗,0
BOYNEXTDOOR,jizAb-SLvtM,2023-05-25T16:52:54Z,@alexiane_wright,Trop bien 🤍,0
BOYNEXTDOOR,jizAb-SLvtM,2023-05-25T16:52:48Z,@musiccdtan5535,Newjeans version Boys,1
BOYNEXTDOOR,jizAb-SLvtM,2023-05-25T16:52:34Z,@cbg120,Is this the debut song or the other one?,0
BOYNEXTDOOR,jizAb-SLvtM,2023-05-25T16:52:31Z,@dreamer_06,Cant help but stan them !!!<br>Boys did a great job <br>Cant wait to seem more from them ; fighting !,1
BOYNEXTDOOR,jizAb-SLvtM,2023-05-25T16:52:05Z,@Tta8221,Aw.. cute,0
BOYNEXTDOOR,jizAb-SLvtM,2023-05-25T16:52:00Z,@Fangirl_33,So this is their debut song ?,0
BOYNEXTDOOR,jizAb-SLvtM,2023-05-25T16:51:32Z,@nifemialabi4955,Yeah I prefer this way better than the other song,1
BOYNEXTDOOR,jizAb-SLvtM,2023-05-25T16:51:30Z,@upondown,이 뮤비를 구성하는 모든 요소가 완벽함,63
BOYNEXTDOOR,jizAb-SLvtM,2023-05-25T16:51:14Z,@heeramagar4800,이 노래 머무 조아,8
BOYNEXTDOOR,jizAb-SLvtM,2023-05-25T16:51:06Z,@furanaa4123,love how fresh the music video and the song is,1
BOYNEXTDOOR,jizAb-SLvtM,2023-05-25T16:50:58Z,@soyeora,난 이미 그들을 지지할 준비가 됐어,4
BOYNEXTDOOR,jizAb-SLvtM,2023-05-25T16:50:57Z,@sasaadasatu,SO COOL,0
BOYNEXTDOOR,jizAb-SLvtM,2023-05-25T16:50:56Z,@Dewyanna,六门童 我要像鬼一样缠上你🥰🥰🥰,0
BOYNEXTDOOR,jizAb-SLvtM,2023-05-25T16:50:54Z,@Riki_Soobin06,aaaaaaaaaaaaaaaaaaaaaaaaaaaaaaaaaaaaaaaaaaaaaaaaaaaaaaaaaaaaaaaaaaaaaaaaaaaaaaaaaaaaaaaaaaaaaaaaaaaaaaaaaaaaaaaaaaaaaaaaaaaaaaaaaaaaaaaaaaaaaaaaaaaaaaaaaaaaaaaaaaaaaaaaaaaaaaaaaaaaaaaaaaaaaaaaaaaaaaaaaaaaaaaaaaaaaaaaaaaaaaaaaaaaaaaaaaaaaaaaaaaaaaaaaaaaaaaaaaaaaaaaaaaaaaaaaaaaaaaaaaaaaaaaaaaaaaaaaaaaaaaaaawooooooooooooooooooooooooooooooooooooooooooooooooooooooooooooooooooooooooooooooooooooooooooooooow,0
BOYNEXTDOOR,jizAb-SLvtM,2023-05-25T16:50:49Z,@gingpatz8324,They haven&#39;t officially debuted yet but I&#39;m already a fan.❤,15
BOYNEXTDOOR,jizAb-SLvtM,2023-05-25T16:50:27Z,@weiiil,"Давайте покажем мальчикам, насколько сильно мы их любим",19
BOYNEXTDOOR,jizAb-SLvtM,2023-05-25T16:50:23Z,@geww7097,Lagu nya style zico bangett 😍,0
BOYNEXTDOOR,jizAb-SLvtM,2023-05-25T16:50:04Z,@texartthoughts5581,feel fresh,0
BOYNEXTDOOR,jizAb-SLvtM,2023-05-25T16:49:57Z,@sirena_UwU,I LOVE IT!!!!,1
BOYNEXTDOOR,jizAb-SLvtM,2023-05-25T16:49:49Z,@bukanaleya,"omggg, can&#39;t wait for their debut!!! fighting, BOYNEXTDOOR &lt;3",1
BOYNEXTDOOR,jizAb-SLvtM,2023-05-25T16:49:22Z,@shalome19,I love their concept.. glad to be fan even before their debut,11
BOYNEXTDOOR,jizAb-SLvtM,2023-05-25T16:49:12Z,@bunjayie1256,LOVE ITTTT,0
BOYNEXTDOOR,jizAb-SLvtM,2023-05-25T16:49:11Z,@e4ana,Omg it just came out but I’m already replaying it absolute slay,5
BOYNEXTDOOR,jizAb-SLvtM,2023-05-25T16:49:08Z,@haneenkook6269,Let&#39;s go boynextdoor,0
BOYNEXTDOOR,jizAb-SLvtM,2023-05-25T16:49:02Z,@72w2e,zico is a genius. he never disappoints. 보네도 대박나자!!!,58
BOYNEXTDOOR,jizAb-SLvtM,2023-05-25T16:48:42Z,@emilyma6598,MY FRIEND IS IN THERE SHE IS FAMOUS,0
BOYNEXTDOOR,jizAb-SLvtM,2023-05-25T16:48:37Z,@lilyadnfa-xg1cb,THEY&#39;RE SO CUTE,1
BOYNEXTDOOR,jizAb-SLvtM,2023-05-25T16:48:24Z,@moonnamu1758,Que sonido tan original.,0
BOYNEXTDOOR,jizAb-SLvtM,2023-05-25T16:47:55Z,@moonnamu1758,Me encanta🤍,0
BOYNEXTDOOR,jizAb-SLvtM,2023-05-25T16:47:24Z,@nobodyknowswhyiexistlol,Hope they have a great journey waiting for them &lt;3,0
BOYNEXTDOOR,jizAb-SLvtM,2023-05-25T16:47:19Z,@i_dont_pick_my_biases_they6713,They&#39;re so cool. I&#39;m in love with their concept.,0
BOYNEXTDOOR,jizAb-SLvtM,2023-05-25T16:47:18Z,@androvoid7766,really fun song i like it,2
BOYNEXTDOOR,jizAb-SLvtM,2023-05-25T16:47:18Z,@nishilee3029,The MV Is different ... song is so cool,2
BOYNEXTDOOR,jizAb-SLvtM,2023-05-25T16:47:13Z,@afthiya_yaoi_,go ahead boys💛💛,1
BOYNEXTDOOR,jizAb-SLvtM,2023-05-25T16:47:08Z,@keyyjimin7373,KINGSS,0
BOYNEXTDOOR,jizAb-SLvtM,2023-05-25T16:46:57Z,@_zahra_,banger,0
BOYNEXTDOOR,jizAb-SLvtM,2023-05-25T16:46:46Z,@angela-kc3wc,my expectations weren’t high to begin with but this was still disappointing regardless,0
BOYNEXTDOOR,jizAb-SLvtM,2023-05-25T16:46:23Z,@paodeng593,太好听了 仙曲❤,0
BOYNEXTDOOR,jizAb-SLvtM,2023-05-25T16:46:21Z,@BawanKynter,👍👍up to Boy Next Door this song &quot;one and only&quot;,1
BOYNEXTDOOR,jizAb-SLvtM,2023-05-25T16:46:12Z,@soft_for_you3392,"It’s crazy how they attract me without me searching for them, Can’t wait to see their stages cuz I already know they are gonna be fire",259
BOYNEXTDOOR,jizAb-SLvtM,2023-05-25T16:46:12Z,@keish9546,Love the song 😊🎉 congrats on the debut,1
BOYNEXTDOOR,jizAb-SLvtM,2023-05-25T16:45:57Z,@sonytamang2531,This song is soo refreshing,2
BOYNEXTDOOR,jizAb-SLvtM,2023-05-25T16:45:53Z,@sincerevi2236,"Woooow, I really like the song",3
BOYNEXTDOOR,jizAb-SLvtM,2023-05-25T16:45:50Z,@jotavedabliu,que coisa rui,0
BOYNEXTDOOR,jizAb-SLvtM,2023-05-25T16:45:49Z,@megha8130,I love this song. It&#39;s so fun. And they are so damn cute. I love how they are teenagers so their concept isn&#39;t something that forces them to act all mature and all.<br>It&#39;s fresh and fun.,46
BOYNEXTDOOR,jizAb-SLvtM,2023-05-25T16:45:38Z,@heyyou3136,"They&#39;re reminds me with Block B, they&#39;ve diff type of charm/visual &amp; unique voice<br>As an ex pledis&#39;s trainee, sungho&#39;s visual for sure was pledis type. He is mixed of Minhyun &amp; Aron<br>At first I thought Riwoo is Yun Siyun YGTB 😅<br>Taesan giving out Sunwoo&#39;s TBZ vibe<br>Woonhak another big baby of Hybe<br>Leehan has the image of Noona&#39;s boy 🥰",4
BOYNEXTDOOR,jizAb-SLvtM,2023-05-25T16:45:32Z,@minyoonji5600,their songs r refreshingly tbh🤩 i love this,0
BOYNEXTDOOR,jizAb-SLvtM,2023-05-25T16:45:27Z,@aeiou-j,마지막 빗속 파란후드 단체군무씬 짜릿!!!!! 이거다,1
BOYNEXTDOOR,jizAb-SLvtM,2023-05-25T16:45:26Z,@kozic.0,AMAMOS Y NO ESTAMOS SOPORTANDO TREMENDO ARTE.,0
BOYNEXTDOOR,jizAb-SLvtM,2023-05-25T16:45:24Z,@maekawakimmy,slayyyy,0
BOYNEXTDOOR,jizAb-SLvtM,2023-05-25T16:45:18Z,@hannahpipo7584,love this👀😍😍😍,0
BOYNEXTDOOR,jizAb-SLvtM,2023-05-25T16:44:54Z,@bangtanvmo5868,wait.. what is this? new boy group from hybe ?,0
BOYNEXTDOOR,jizAb-SLvtM,2023-05-25T16:44:35Z,@minyoonji5600,YAAAASSS,0
BOYNEXTDOOR,jizAb-SLvtM,2023-05-25T16:44:35Z,@applejinne4915,The song is so catchy☺️☺️ I hope they get big❤️❤️❤️,1
BOYNEXTDOOR,jizAb-SLvtM,2023-05-25T16:44:34Z,@kozic.0,"BOYNEXTDOOR NO DECEPCIONÓ, SE ESPERAABA ARTE Y LO FUE, ESTO SOLO ES SU DEBUT Y YA SON MUY BUENOS, DESDE YA SE SABE QUE BOYNEXTPADRES REYES DE LA 5TA GENERACION.",0
BOYNEXTDOOR,jizAb-SLvtM,2023-05-25T16:44:30Z,@yuiyue1776,What is the name of the song?,0
BOYNEXTDOOR,jizAb-SLvtM,2023-05-25T16:44:04Z,@adelinenam0,omg i actually like this one,0
BOYNEXTDOOR,jizAb-SLvtM,2023-05-25T16:43:53Z,@tine272,노래 진짜 짱이야!!! 운학이 너무 귀여워..💗,21
BOYNEXTDOOR,jizAb-SLvtM,2023-05-25T16:43:49Z,@synthesis37,"I think the hate I saw with this group was so forced, they haven&#39;t even debuted yet but you can see a lot of harmfull comments about them or the first song released. Maybe is was that people expected a NewJeans 2.0 when they were never planned to be that musically or their style.<br><br>I won&#39;t say I love those songs or that they are the best, but I don&#39;t think they are as bad as people make it see.",1
BOYNEXTDOOR,jizAb-SLvtM,2023-05-25T16:43:48Z,@roselinda1557,Aaaa love itt!!😍,0
BOYNEXTDOOR,jizAb-SLvtM,2023-05-25T16:43:33Z,@kashvijain9721,"Already a fan , like the vibez keep it up (from probably one of the first fan in India)",0
BOYNEXTDOOR,jizAb-SLvtM,2023-05-25T16:43:29Z,@Hi_chingus,The y2k concept is legit for 5th gen ❤,1
BOYNEXTDOOR,jizAb-SLvtM,2023-05-25T16:43:17Z,@koukinchan,めちゃ歌良い！！！,0
BOYNEXTDOOR,jizAb-SLvtM,2023-05-25T16:43:10Z,@hwiyg,okay i&#39;ll listen to yallss,0
BOYNEXTDOOR,jizAb-SLvtM,2023-05-25T16:43:09Z,@talitatae,Ameiiiii,0
BOYNEXTDOOR,jizAb-SLvtM,2023-05-25T16:42:56Z,@blacknirvana5397,"Another group with potential, amazing music and the vibes shhh",1
BOYNEXTDOOR,jizAb-SLvtM,2023-05-25T16:42:48Z,@inkedghost6145,"Boy next door really give some gen z vibes in their mv, this is why the mv is very interesting for some people like me...",2
BOYNEXTDOOR,jizAb-SLvtM,2023-05-25T16:42:46Z,@prettyviruzz,first one I noticed was the maknae lol<br>he has charisma &amp; is cute<br>Woonhak,2
BOYNEXTDOOR,jizAb-SLvtM,2023-05-25T16:42:43Z,@girl13sweet,BOYNEXTDOOR 화이팅!,8
BOYNEXTDOOR,jizAb-SLvtM,2023-05-25T16:42:42Z,@Quilly-Sammy,These boys are literally so much fun!,1
BOYNEXTDOOR,jizAb-SLvtM,2023-05-25T16:42:33Z,@tanvianand6651,why does this kinda slap,2
BOYNEXTDOOR,jizAb-SLvtM,2023-05-25T16:42:29Z,@ladyzero8499,Oke gue kecanduan,0
BOYNEXTDOOR,jizAb-SLvtM,2023-05-25T16:42:14Z,@QwertYuiop-uc4ii,This is catchy damn,1
BOYNEXTDOOR,jizAb-SLvtM,2023-05-25T16:41:36Z,@kaguya_is_bad,they really   ✨  S N A T C H E D ✨,0
BOYNEXTDOOR,jizAb-SLvtM,2023-05-25T16:41:35Z,@am.b.1552,Simple and cool 😊,1
BOYNEXTDOOR,jizAb-SLvtM,2023-05-25T16:41:34Z,@eonju5545,Its actually not bad,0
BOYNEXTDOOR,jizAb-SLvtM,2023-05-25T16:41:14Z,@Sam_.....,Within one hour hit 198k views🎉🎉🎉❤,0
BOYNEXTDOOR,jizAb-SLvtM,2023-05-25T16:41:03Z,@army-q1x2p,amazing song guys you are the best ♡♡,0
BOYNEXTDOOR,jizAb-SLvtM,2023-05-25T16:40:47Z,@chanhyukpizza,뭐야 완전 내vibe인데 playlist으로 go go go !!,7
BOYNEXTDOOR,jizAb-SLvtM,2023-05-25T16:40:43Z,@Kiushhh,Я буду олдом,0
BOYNEXTDOOR,jizAb-SLvtM,2023-05-25T16:40:24Z,@rociovasquezrojas7882,"<a href=""https://www.youtube.com/watch?v=jizAb-SLvtM&amp;t=29"">0:29</a> el es muy lindo me gusta su sonrisa",0
BOYNEXTDOOR,jizAb-SLvtM,2023-05-25T16:40:15Z,@BTSARMY-1320,❤❤❤❤❤❤❤❤❤❤❤❤❤❤❤❤❤,1
BOYNEXTDOOR,jizAb-SLvtM,2023-05-25T16:40:13Z,@alicecarter4022,Leehan is handsome af 😭,0
BOYNEXTDOOR,jizAb-SLvtM,2023-05-25T16:40:13Z,@eveiiaam,"They are all very cool, and younger than me",0
BOYNEXTDOOR,jizAb-SLvtM,2023-05-25T16:40:13Z,@almirafuady6293,Taesan so handsome,0
BOYNEXTDOOR,jizAb-SLvtM,2023-05-25T16:40:10Z,@taegij5army604,Nice song i like it❤,0
BOYNEXTDOOR,jizAb-SLvtM,2023-05-25T16:40:04Z,@예림-s7d,"<a href=""https://www.youtube.com/watch?v=jizAb-SLvtM&amp;t=30"">0:30</a> whats his name?",7
BOYNEXTDOOR,jizAb-SLvtM,2023-05-25T16:39:38Z,@JiYeonKim-m7j,"Ini Boygroup yang aku harapin, lagu sama konsepnya gini!!!! Makasih KOZ &amp; ZICO udah siapin mereka dengan mateng!!",7
BOYNEXTDOOR,jizAb-SLvtM,2023-05-25T16:39:37Z,@feixiao_x4,This is such a vibe❤,0
BOYNEXTDOOR,jizAb-SLvtM,2023-05-25T16:39:32Z,@0209flames,Representing KOZzzzz,0
BOYNEXTDOOR,jizAb-SLvtM,2023-05-25T16:39:26Z,@jennylg6582,🎉🎉🎉🎉🎉,0
BOYNEXTDOOR,jizAb-SLvtM,2023-05-25T16:39:21Z,@derek_shel2506,"I want English version of this song...i want to learn it❤😊..,it sound so 😎",0
BOYNEXTDOOR,jizAb-SLvtM,2023-05-25T16:39:08Z,@theaaein7757,KEREN BANGEETT BONEDO✨✨✨,0
BOYNEXTDOOR,jizAb-SLvtM,2023-05-25T16:39:07Z,@KyokoEri,Şarkıları şimdiden bana mutluluk veriyor teşekkürler boynextdoor,0
BOYNEXTDOOR,jizAb-SLvtM,2023-05-25T16:38:54Z,@valeriajimenez6005,❤,0
BOYNEXTDOOR,jizAb-SLvtM,2023-05-25T16:38:50Z,@YJ04186,너무 좋아🎉,13
BOYNEXTDOOR,jizAb-SLvtM,2023-05-25T16:38:40Z,@markmurcia9753,KISS NYOKO MALALA,0
BOYNEXTDOOR,jizAb-SLvtM,2023-05-25T16:38:32Z,@markmurcia9753,PAKISS,0
BOYNEXTDOOR,jizAb-SLvtM,2023-05-25T16:38:31Z,@joyceleee1,이상하게 남돌 그룹은 재미가없다 ㅜㅜㅜ,0
BOYNEXTDOOR,jizAb-SLvtM,2023-05-25T16:38:26Z,@markmurcia9753,JOWAIN NYO NALANG AKO,0
BOYNEXTDOOR,jizAb-SLvtM,2023-05-25T16:38:12Z,@Jo_Yuri12,"Um grupo linear, legalzinho 🙂",0
BOYNEXTDOOR,jizAb-SLvtM,2023-05-25T16:37:46Z,@ttekgiemyah5090,I liked❤,0
BOYNEXTDOOR,jizAb-SLvtM,2023-05-25T16:37:44Z,@Rennerins,"Ну что, лучше чем я думала..",1
BOYNEXTDOOR,jizAb-SLvtM,2023-05-25T16:37:42Z,@R_kive7,Lezz goooooo 🎉🎉🎉🎉🎉🎉🎉🎉🎉🎉🎉🎉🎉🎉🎉,2
BOYNEXTDOOR,jizAb-SLvtM,2023-05-25T16:37:33Z,@noartn935,THEY ARE SO CUUUUUUTEEEEE!!!!!!,0
BOYNEXTDOOR,jizAb-SLvtM,2023-05-25T16:37:32Z,@heeseungggggg,❤❤❤❤❤❤❤,1
BOYNEXTDOOR,jizAb-SLvtM,2023-05-25T16:37:31Z,@노이-f8w,노래 좋네유!!!! 다들 랩 보컬 실력도 좋은듯,45
BOYNEXTDOOR,jizAb-SLvtM,2023-05-25T16:37:09Z,@naurtss,HALOHALOHALOHH COMEY NAUU,1
BOYNEXTDOOR,jizAb-SLvtM,2023-05-25T16:37:06Z,@lskji8,Wow this song is so cute,2
BOYNEXTDOOR,jizAb-SLvtM,2023-05-25T16:36:59Z,@hasrh.m,this song is giving me hype boy feelings 😊 im gonna stan them,4
BOYNEXTDOOR,jizAb-SLvtM,2023-05-25T16:36:44Z,@busra6213,Wow Very beautiful above my expectations,1
BOYNEXTDOOR,jizAb-SLvtM,2023-05-25T16:36:42Z,@Phox876,I know they’re gonna collab with new jeans in the future,1
BOYNEXTDOOR,jizAb-SLvtM,2023-05-25T16:36:41Z,@lidanglasangtam103,Obsessed with the song^^,3
BOYNEXTDOOR,jizAb-SLvtM,2023-05-25T16:36:41Z,@dharling97,"What a fresh and fun song.<br><br>How wonderful, can&#39;t wait to see your performances!<br><br>Waiting for your Spotify account!",1
BOYNEXTDOOR,jizAb-SLvtM,2023-05-25T16:36:34Z,@MarinaBonetti96,WOW,2
BOYNEXTDOOR,jizAb-SLvtM,2023-05-25T16:36:31Z,@tsuki__shima,"<a href=""https://www.youtube.com/watch?v=jizAb-SLvtM&amp;t=153"">2:33</a> their outfit here is really cute! The stuff toy at their waist and some of them also wearing a fluffy hat just like newjeans",3
BOYNEXTDOOR,jizAb-SLvtM,2023-05-25T16:36:04Z,@qurrotinayunin8948,Lah ini baru rilisss<br>Selamatt semuaaa🎉🎉🎉🎉🎉🎉🎉🎉,1
BOYNEXTDOOR,jizAb-SLvtM,2023-05-25T16:35:47Z,@bokopi,LOVE BND SM OMGGGGGG,3
BOYNEXTDOOR,jizAb-SLvtM,2023-05-25T16:35:44Z,@33famouskids,Who’s there? The BOYNEXTDOOR!!!!,1
BOYNEXTDOOR,jizAb-SLvtM,2023-05-25T16:35:40Z,@Daryamii,Boynextdoor i love you  ❤,2
BOYNEXTDOOR,jizAb-SLvtM,2023-05-25T16:35:37Z,@lydiahnduku6198,Okay am in love with this song 😍,2
BOYNEXTDOOR,jizAb-SLvtM,2023-05-25T16:35:36Z,@newjeans3483,Less fo bag that all rookie 🏆,2
BOYNEXTDOOR,jizAb-SLvtM,2023-05-25T16:35:26Z,@rexixve,"Yeah, they are SLAYING in the world!",2
BOYNEXTDOOR,jizAb-SLvtM,2023-05-25T16:35:19Z,@aryn._,cuties! &gt;&lt;,3
BOYNEXTDOOR,jizAb-SLvtM,2023-05-25T16:35:12Z,@rezeqimeilawati8836,bias baru sih ini,1
BOYNEXTDOOR,jizAb-SLvtM,2023-05-25T16:35:10Z,@daebak1,노래 좋은데 조회수가 적네? 이유가 머지?,3
BOYNEXTDOOR,jizAb-SLvtM,2023-05-25T16:35:05Z,@lovetofootball03,ONE AND ONLY,1
BOYNEXTDOOR,jizAb-SLvtM,2023-05-25T16:34:59Z,@liksaliksa4640,Ух ты! Задорно!,1
BOYNEXTDOOR,jizAb-SLvtM,2023-05-25T16:34:48Z,@salila9799,This boys group is so fresh 😊,1
BOYNEXTDOOR,jizAb-SLvtM,2023-05-25T16:34:38Z,@fourbbbb,โอ๊ยแจฮยอนหล่อมากกกกกกก เคาะประตูกร้าวใจสุดๆ ❤❤❤❤❤,5
BOYNEXTDOOR,jizAb-SLvtM,2023-05-25T16:34:36Z,@gabriellevieira7425,it&#39;s like H.O.T energy 😍 Thank you Zico for the new group ♥️,3
BOYNEXTDOOR,jizAb-SLvtM,2023-05-25T16:34:30Z,@sovsez,OMG SUNGHOS VOICE??,1
BOYNEXTDOOR,jizAb-SLvtM,2023-05-25T16:34:28Z,@peppermint7992,🫠🫠,0
BOYNEXTDOOR,jizAb-SLvtM,2023-05-25T16:34:18Z,@d...g19,"First TXT, LE SSAREFIM, NEWJEANS AND NOW BOYNEXTDOOR.... LIKE WHAT IS UP WITH HYBE THIS YEAR... LITERALLY BACK TO BACK INTRODUCING ACE GROUPS IN KPOP...<br>LIKE WOAH🎉🎉",5
BOYNEXTDOOR,jizAb-SLvtM,2023-05-25T16:34:17Z,@juanmanue78,I love this smmm like everythings perfect and i love the conceptttt &lt;3,1
BOYNEXTDOOR,jizAb-SLvtM,2023-05-25T16:33:48Z,@wasilahsilahh2048,They are so cute,1
BOYNEXTDOOR,jizAb-SLvtM,2023-05-25T16:33:30Z,@Tonia14An,Ooooooh I like this!,1
BOYNEXTDOOR,jizAb-SLvtM,2023-05-25T16:33:26Z,@aeaoo1,"Ого, действительно не плохо",1
BOYNEXTDOOR,jizAb-SLvtM,2023-05-25T16:33:26Z,@iforiluvu,hello world this is boynextdoor,1
BOYNEXTDOOR,jizAb-SLvtM,2023-05-25T16:33:06Z,@dwosed,fav song so far!!!,1
BOYNEXTDOOR,jizAb-SLvtM,2023-05-25T16:33:04Z,@carolinalobo6022,Esto es arte 🎭!!!!❤️,1
BOYNEXTDOOR,jizAb-SLvtM,2023-05-25T16:33:02Z,@lowkwonsik,NO DEJO DE ESCUCHARLA,3
BOYNEXTDOOR,jizAb-SLvtM,2023-05-25T16:33:02Z,@mai33x,no just no,1
BOYNEXTDOOR,jizAb-SLvtM,2023-05-25T16:32:52Z,@marynevskaya3137,Found my favourite song for the upcoming summer ❤,3
BOYNEXTDOOR,jizAb-SLvtM,2023-05-25T16:32:49Z,@agustinafloretta6482,"saber que estoy desde su debut, me encanta",1
BOYNEXTDOOR,jizAb-SLvtM,2023-05-25T16:32:38Z,@betariaherlina5198,Lagunya ckeppppppp❤❤❤❤,3
BOYNEXTDOOR,jizAb-SLvtM,2023-05-25T16:32:36Z,@lowkwonsik,AMEEE LA CANCIÓN,2
BOYNEXTDOOR,jizAb-SLvtM,2023-05-25T16:32:35Z,@yudihe-iw9jf,太喜欢了🥰,0
BOYNEXTDOOR,jizAb-SLvtM,2023-05-25T16:32:22Z,@lowkwonsik,PINCHÉ CANCIÓN ESPECTACULAR,1
BOYNEXTDOOR,jizAb-SLvtM,2023-05-25T16:31:19Z,@neycotine,theyre cool,3
BOYNEXTDOOR,jizAb-SLvtM,2023-05-25T16:31:12Z,@caratgene474,They&#39;re gonna be great,3
BOYNEXTDOOR,jizAb-SLvtM,2023-05-25T16:31:00Z,@akoiace,cute &amp; cool idk,3
BOYNEXTDOOR,jizAb-SLvtM,2023-05-25T16:30:57Z,@leonitalugaric8811,"i like them, love songs and concept",3
BOYNEXTDOOR,jizAb-SLvtM,2023-05-25T16:30:42Z,@Hassanking-dh4bb,The goal of this song reach 3 million views in first day 💜,4
BOYNEXTDOOR,jizAb-SLvtM,2023-05-25T16:30:31Z,@lovelace_Brant,OS FILHOS DOS MENINOS DO STZ,1
BOYNEXTDOOR,jizAb-SLvtM,2023-05-25T16:30:26Z,@febyfadhila5714,new jeans boys ver,2
BOYNEXTDOOR,jizAb-SLvtM,2023-05-25T16:30:24Z,@CSTCST19,SUKA BANGEEET,1
BOYNEXTDOOR,jizAb-SLvtM,2023-05-25T16:30:13Z,@b2rbaraWx,IM CRYING <br>😭😭😭,1
BOYNEXTDOOR,jizAb-SLvtM,2023-05-25T16:30:11Z,@jamunagurung4193,❤❤❤❤❤❤❤❤❤❤❤❤❤❤❤❤❤❤❤❤❤❤❤❤❤❤❤❤❤❤❤❤❤,0
BOYNEXTDOOR,jizAb-SLvtM,2023-05-25T16:30:05Z,@bluelemonade7673,Too cute to handle,1
BOYNEXTDOOR,jizAb-SLvtM,2023-05-25T16:29:55Z,@현덕-c8c,나 기절함 너무 좋아서,15
BOYNEXTDOOR,jizAb-SLvtM,2023-05-25T16:29:43Z,@Айза-ф5м,❤❤❤❤💔,1
BOYNEXTDOOR,jizAb-SLvtM,2023-05-25T16:29:42Z,@sajidajaved3,CoooooooooL 😍,1
BOYNEXTDOOR,jizAb-SLvtM,2023-05-25T16:29:40Z,@ding_10_14,14m,0
BOYNEXTDOOR,jizAb-SLvtM,2023-05-25T16:29:28Z,@min-fc1bb,가사가들리는 남돌노래 넘 반갑고 좋다 그래 이게 남돌이지,2
BOYNEXTDOOR,jizAb-SLvtM,2023-05-25T16:28:56Z,@yepppp797,Yoooooo❤,1
BOYNEXTDOOR,jizAb-SLvtM,2023-05-25T16:28:56Z,@lemizinga7578,They are taking it,2
BOYNEXTDOOR,jizAb-SLvtM,2023-05-25T16:28:52Z,@Kim.jeon143,I fell in love hearing the tone of the voice&#39;s,2
BOYNEXTDOOR,jizAb-SLvtM,2023-05-25T16:28:47Z,@itsleviosa859,운학은 너무 귀여워...❤,9
BOYNEXTDOOR,jizAb-SLvtM,2023-05-25T16:28:40Z,@itsannyt,ME ENCANTAAA ♡♡♡,0
BOYNEXTDOOR,jizAb-SLvtM,2023-05-25T16:28:33Z,@kimceylan,I love it çok iyi gerçekten❤❤❤,1
BOYNEXTDOOR,jizAb-SLvtM,2023-05-25T16:28:32Z,@seoyeonkim-gn1mi,청량 그 잡채!!❤,91
BOYNEXTDOOR,jizAb-SLvtM,2023-05-25T16:28:13Z,@hello_alex_,very.....NCT,0
BOYNEXTDOOR,jizAb-SLvtM,2023-05-25T16:27:38Z,@archive2471,Amazing guys keep it up,3
BOYNEXTDOOR,jizAb-SLvtM,2023-05-25T16:27:37Z,@aotzuyu,Lets show them our love and support!!&lt;3,4
BOYNEXTDOOR,jizAb-SLvtM,2023-05-25T16:27:15Z,@Sepidesu,They are cute,0
BOYNEXTDOOR,jizAb-SLvtM,2023-05-25T16:27:08Z,@olvvia1685,Lagunya easy listening semua❤,6
BOYNEXTDOOR,jizAb-SLvtM,2023-05-25T16:27:04Z,@mandiraaich2291,They sound so different than the current boy groups...seeing them brings a big smile on my face... definitely supporting them...they will succeed a lot in future,6
BOYNEXTDOOR,jizAb-SLvtM,2023-05-25T16:26:39Z,@Wonniewonwonii,This is adorable. I Stan,2
BOYNEXTDOOR,jizAb-SLvtM,2023-05-25T16:26:39Z,@HazalazaH,o b s e s s e d,1
BOYNEXTDOOR,jizAb-SLvtM,2023-05-25T16:26:35Z,@FitriAni-pt6wy,Sepertinya aku suka boynexdoor❤,0
BOYNEXTDOOR,jizAb-SLvtM,2023-05-25T16:26:14Z,@Axpy_jko,o los staneo pero me encanto la cancionnnn,0
BOYNEXTDOOR,jizAb-SLvtM,2023-05-25T16:26:01Z,@itsridhzz_,THIS MV IS SO CUTE,2
BOYNEXTDOOR,jizAb-SLvtM,2023-05-25T16:26:00Z,@novascape128,"Ok adding them to my stan list, I&#39;ve loved both the songs they dropped",5
BOYNEXTDOOR,jizAb-SLvtM,2023-05-25T16:25:58Z,@Raisuu,Underwhelming debut tbh. <br>They’re only popular cuz hybe.,0
BOYNEXTDOOR,jizAb-SLvtM,2023-05-25T16:25:53Z,@jemaicapesquera5744,KEEP STREAMING,1
BOYNEXTDOOR,jizAb-SLvtM,2023-05-25T16:25:46Z,@Xnoura.x,SOTY!!!,1
BOYNEXTDOOR,jizAb-SLvtM,2023-05-25T16:25:45Z,@namumole,"Just my opinion, BOYNEXTDOOR is NewJeans male version🤣🤝🏼",0
BOYNEXTDOOR,jizAb-SLvtM,2023-05-25T16:25:43Z,@riyanpratama2315,Like this vibe song..,1
BOYNEXTDOOR,jizAb-SLvtM,2023-05-25T16:25:42Z,@foramxoxo,omg i love this,1
BOYNEXTDOOR,jizAb-SLvtM,2023-05-25T16:25:42Z,@tuiningkai7467,Ahhh did someone noticed that shoes on get up in the morn room ahh missing you jkkkkk😢,0
BOYNEXTDOOR,jizAb-SLvtM,2023-05-25T16:25:36Z,@LauMileth,CHICOS YA LOS AMO❤❤❤ SUS VOCES SON GENIALES❤❤ AMO EL RITMO DE LA CANCIÓN❤❤ TODO ME ENCANTA😻😻 BOYNEXTDOOR❤❤❤,0
BOYNEXTDOOR,jizAb-SLvtM,2023-05-25T16:25:33Z,@dstrayboyz,I LOVE THEM,1
BOYNEXTDOOR,jizAb-SLvtM,2023-05-25T16:25:32Z,@sweetsavage6759,THIS SONG....OMG IM SO STANNNG 😭😭,1
BOYNEXTDOOR,jizAb-SLvtM,2023-05-25T16:25:18Z,@tuiningkai7467,Ahhh did someone noticed that shoes on get up in the morn room ahh missing you jkkkkk😢,0
BOYNEXTDOOR,jizAb-SLvtM,2023-05-25T16:25:18Z,@Dapacumê,Eu gostei! Achei eles muito fofos.,1
BOYNEXTDOOR,jizAb-SLvtM,2023-05-25T16:25:11Z,@mmadvvilyn,A boppppp,2
BOYNEXTDOOR,jizAb-SLvtM,2023-05-25T16:25:10Z,@occie1988,"Ohhhhh this song is 10000x better than the first song!!! It&#39;s food song!! I&#39;m 75% satisfied with this song!! Nicely done, boys!",0
BOYNEXTDOOR,jizAb-SLvtM,2023-05-25T16:25:06Z,@Skskelele,People who will always support BOYSNEXTDOOR<br><br><br><br>👇,1
BOYNEXTDOOR,jizAb-SLvtM,2023-05-25T16:25:05Z,@heecomeandchokeme7479,Boynextdoor has such a cute and hip vibe in their songs and I love the debut. Adding this song to my playlist on May 30.,4
BOYNEXTDOOR,jizAb-SLvtM,2023-05-25T16:24:55Z,@tanatswanematp7594,BOYNEXTDOOR and NewJeans Collab is officially on my wishlist.,0
BOYNEXTDOOR,jizAb-SLvtM,2023-05-25T16:24:54Z,@0universe0,"I love their energy, really special",2
BOYNEXTDOOR,jizAb-SLvtM,2023-05-25T16:24:46Z,@mmadvvilyn,I’m obsessed with this group OML,2
BOYNEXTDOOR,jizAb-SLvtM,2023-05-25T16:24:39Z,@heragranger7818,"Son bien lindos, me encanta el ritmo de la canción.<br>Los chicos tienen una voz muy linda y la canción es pegadiza, Felicidades por su debut chicos.",4
BOYNEXTDOOR,jizAb-SLvtM,2023-05-25T16:24:38Z,@Lunédiary-9,Love their style!!!,0
BOYNEXTDOOR,jizAb-SLvtM,2023-05-25T16:24:22Z,@hala.24,:),0
BOYNEXTDOOR,jizAb-SLvtM,2023-05-25T16:24:19Z,@maylovluv,"Lagunya bagus, aku add  di playlistq",1
BOYNEXTDOOR,jizAb-SLvtM,2023-05-25T16:24:03Z,@nelljohn,THIS IS MY JAM,1
BOYNEXTDOOR,jizAb-SLvtM,2023-05-25T16:23:56Z,@란파새,기깔난다,2
BOYNEXTDOOR,jizAb-SLvtM,2023-05-25T16:23:55Z,@tskHAIRBAND000,come on let&#39;s give this guys a full support....!!!🩷🩷🩷🩷,0
BOYNEXTDOOR,jizAb-SLvtM,2023-05-25T16:23:54Z,@dhritiii,Why aren&#39;t they in Spotify 😭,1
BOYNEXTDOOR,jizAb-SLvtM,2023-05-25T16:23:49Z,@Sixemoon,It&#39;s BEAUTIFULL!!!!!!!! I&#39;M GOING TO LISTEN TO IN EVERY DAY 😊❤,0
BOYNEXTDOOR,jizAb-SLvtM,2023-05-25T16:23:39Z,@namumole,Jaehyun&#39;s rap flow damn good~,2
BOYNEXTDOOR,jizAb-SLvtM,2023-05-25T16:23:33Z,@yovanacruz3568,30 de mayo debut oficial.,0
BOYNEXTDOOR,jizAb-SLvtM,2023-05-25T16:23:30Z,@Lisel-,"Nct dream?<br>Lol chill, yes is a joke, idk the song and concept (mostly song) remind me sm to nct dream 💕",0
BOYNEXTDOOR,jizAb-SLvtM,2023-05-25T16:23:01Z,@gestiputryy1849,I like this opening yeayyy,1
BOYNEXTDOOR,jizAb-SLvtM,2023-05-25T16:23:01Z,@sanjurai6,wow best wishes for the future😊,2
BOYNEXTDOOR,jizAb-SLvtM,2023-05-25T16:22:45Z,@armymoadeobifixzenith,hybe boyz always full of standards!!!!,2
BOYNEXTDOOR,jizAb-SLvtM,2023-05-25T16:22:44Z,@danologyy,"so far, i feel like they have the sound of those american boy bands from 2015, but i&#39;m kind of enjoying it and i love the nostalgia it brings. definitely excited for what they have in store !",2
BOYNEXTDOOR,jizAb-SLvtM,2023-05-25T16:22:44Z,@islafaeee,I LOVE IT!!! SO CUTE AND COOL,1
BOYNEXTDOOR,jizAb-SLvtM,2023-05-25T16:22:36Z,@aureliamoore2105,Lmao not the classic American mall,0
BOYNEXTDOOR,jizAb-SLvtM,2023-05-25T16:22:28Z,@0universe0,Wowww,1
BOYNEXTDOOR,jizAb-SLvtM,2023-05-25T16:22:26Z,@tuiningkai7467,O m G i can&#39;t believe this... Welcome boynextdoor😘😘😘 welcome to my heart🤩😘,0
BOYNEXTDOOR,jizAb-SLvtM,2023-05-25T16:22:18Z,@Lee-dn3dl,you are the best guys i wish you success,2
BOYNEXTDOOR,jizAb-SLvtM,2023-05-25T16:22:09Z,@Nami-s8t,They are so cute 🥰,1
BOYNEXTDOOR,jizAb-SLvtM,2023-05-25T16:22:04Z,@Hyunj1ns-m0le,"The rhythm,the song,the singers,the choreography,the mv,everything is just perfect and amazing I loved the song so much and the concept is just amazing",11
BOYNEXTDOOR,jizAb-SLvtM,2023-05-25T16:21:58Z,@BareMini_mum,In Zico we trust 🫡,5
BOYNEXTDOOR,jizAb-SLvtM,2023-05-25T16:21:58Z,@swrangbiligoyari2640,Please support them all of hybes fans ❤️❤️,1
BOYNEXTDOOR,jizAb-SLvtM,2023-05-25T16:21:56Z,@okonomiyaki55,好みすぎる,0
BOYNEXTDOOR,jizAb-SLvtM,2023-05-25T16:21:47Z,@tkluvv,"BND&#39;s concept seems so fresh.<br>I really like their vibe, i feel like they&#39;re gonna have a great impact in the 4th gen.",1
BOYNEXTDOOR,jizAb-SLvtM,2023-05-25T16:21:40Z,@Army936,Wow they have such a cool calm and fresh vibe and this song is also very amazing so smooth,0
BOYNEXTDOOR,jizAb-SLvtM,2023-05-25T16:21:31Z,@TrishakimNiegas,😩😩😩💗💗💗,0
BOYNEXTDOOR,jizAb-SLvtM,2023-05-25T16:21:29Z,@ChittiyaTamueang,🩵🩵🩵🩵🩵🩵,0
BOYNEXTDOOR,jizAb-SLvtM,2023-05-25T16:21:16Z,@atubee6908,Cute😻,0
BOYNEXTDOOR,jizAb-SLvtM,2023-05-25T16:21:01Z,@ChittiyaTamueang,🎉🎉🎉🎉🎉,0
BOYNEXTDOOR,jizAb-SLvtM,2023-05-25T16:20:53Z,@mojihie,ماحبيتهم لو سمعت الاغنية مليون مره راح تعجبني او إذا سمعتها من التيك توك بس ماعجبتني الحين و راسي اليوم يعورني بعدين اجي ارجع اشوفها احس لهم مستقبل ناجح مثل انهايبين,0
BOYNEXTDOOR,jizAb-SLvtM,2023-05-25T16:20:53Z,@summermontez2003,Yes ur the one !!!!! &lt;3,1
BOYNEXTDOOR,jizAb-SLvtM,2023-05-25T16:20:15Z,@hannahdowgiallo,ohhhhhh they are such cutiesss i love this so much !!!!!,0
BOYNEXTDOOR,jizAb-SLvtM,2023-05-25T16:20:07Z,@nancyl6754,Yup zico vibes! Wonder if he produced this song,0
BOYNEXTDOOR,jizAb-SLvtM,2023-05-25T16:20:07Z,@lynnnnnn638,Congratulations on your debut BND!,0
BOYNEXTDOOR,jizAb-SLvtM,2023-05-25T16:19:59Z,@alterpocel,つまらない,0
BOYNEXTDOOR,jizAb-SLvtM,2023-05-25T16:19:52Z,@Jennie_WN,Who love it?,2
BOYNEXTDOOR,jizAb-SLvtM,2023-05-25T16:19:52Z,@losangelescausa7302,"<a href=""https://www.youtube.com/watch?v=jizAb-SLvtM&amp;t=38"">00:38</a> This area looks like Pasadena, CA area. Where the new years annual Rose Parade held.",0
BOYNEXTDOOR,jizAb-SLvtM,2023-05-25T16:19:51Z,@Lee-dn3dl,Omg you are cool,3
BOYNEXTDOOR,jizAb-SLvtM,2023-05-25T16:19:38Z,@oh.5646,it&#39;s giving JYP BG vibe ehehe,0
BOYNEXTDOOR,jizAb-SLvtM,2023-05-25T16:19:31Z,@gulperisacu-bl1pq,Is it perfect,0
BOYNEXTDOOR,jizAb-SLvtM,2023-05-25T16:19:24Z,@BigZozo,je dis STOP aux américains 😠,0
BOYNEXTDOOR,jizAb-SLvtM,2023-05-25T16:19:09Z,@Ruka_Magar,Yo this song is so catchy bro,3
BOYNEXTDOOR,jizAb-SLvtM,2023-05-25T16:19:07Z,@Honeoyjung,Where is hybe lab?,0
BOYNEXTDOOR,jizAb-SLvtM,2023-05-25T16:19:06Z,@liza_am21,"Awww... Uhm... I like their concept... They have this unique vibe, and I don&#39;t mind sticking around to find out what&#39;s next. <br>I&#39;ll support them... Would you?",0
BOYNEXTDOOR,jizAb-SLvtM,2023-05-25T16:18:54Z,@moongarrr,얘네 된다 노래가 신인답게 상큼하면서도 역시 지코프로듀싱이라 그런지 트렌디함.,4
BOYNEXTDOOR,jizAb-SLvtM,2023-05-25T16:18:45Z,@Marina_09597,This is so beautiful new group thank you for this awesome song!!,0
BOYNEXTDOOR,jizAb-SLvtM,2023-05-25T16:18:43Z,@wooheonmi,Hay á chứ,0
BOYNEXTDOOR,jizAb-SLvtM,2023-05-25T16:18:38Z,@kelvianeuchoa1128,"Nunca ouvi falar do grupo, porém gostei da música ❤",0
BOYNEXTDOOR,jizAb-SLvtM,2023-05-25T16:18:34Z,@TaTiannaTV,Wow! This song is so amazing. It’s better then I thought it would be!!I love it💙💙,1
BOYNEXTDOOR,jizAb-SLvtM,2023-05-25T16:18:25Z,@camish143,LEEHAN❤,0
BOYNEXTDOOR,jizAb-SLvtM,2023-05-25T16:18:10Z,@hortencia222,SO BEAUTY I LOVE IIIIT,0
BOYNEXTDOOR,jizAb-SLvtM,2023-05-25T16:18:06Z,@zainatisoliha,"idk why this part is so funny and cute <a href=""https://www.youtube.com/watch?v=jizAb-SLvtM&amp;t=145"">2:25</a>",0
BOYNEXTDOOR,jizAb-SLvtM,2023-05-25T16:17:42Z,@millenavieira978,"wow, i loved this so much. They are indeed one and only, so naturally carismatic",0
BOYNEXTDOOR,jizAb-SLvtM,2023-05-25T16:17:23Z,@kaurx_x5544,the guy white the white outfit is cute,0
BOYNEXTDOOR,jizAb-SLvtM,2023-05-25T16:17:14Z,@BtsArmy-tm7rm,Me looking for English comments,0
BOYNEXTDOOR,jizAb-SLvtM,2023-05-25T16:17:14Z,@Lucky_naju,Beautiful,0
BOYNEXTDOOR,jizAb-SLvtM,2023-05-25T16:16:52Z,@아롱-g5l,와!??!?!?!?!?!,0
BOYNEXTDOOR,jizAb-SLvtM,2023-05-25T16:16:51Z,@Pankhuriieee,"A 6 members Boygroup formed by KOZ ( Zico&#39;s company ) . They have released 2 tracks uptill now  [ &quot; But I like you &quot; on 23rd may and &quot; One and only &quot; on 26th may ] . <br>They will debut on 30th May with &quot;Seranade&quot; the 3rd and final title track of their debut album &quot; WHO!&quot; and it will be available on all the streaming platforms ( spotify , etc ) that day .<br>The members: <br><a href=""https://www.youtube.com/watch?v=jizAb-SLvtM&amp;t=8"">0:08</a> Jaehyun  2003<br><a href=""https://www.youtube.com/watch?v=jizAb-SLvtM&amp;t=25"">0:25</a> Taesan.   2004<br><a href=""https://www.youtube.com/watch?v=jizAb-SLvtM&amp;t=31"">0:31</a> Woonhak 2006<br><a href=""https://www.youtube.com/watch?v=jizAb-SLvtM&amp;t=40"">0:40</a> Riwoo.      2003<br><a href=""https://www.youtube.com/watch?v=jizAb-SLvtM&amp;t=49"">0:49</a> Leehan.   2004<br><a href=""https://www.youtube.com/watch?v=jizAb-SLvtM&amp;t=55"">0:55</a> Sungho  2003 <br><br>Please continue to look forward to their debut !!",337
BOYNEXTDOOR,jizAb-SLvtM,2023-05-25T16:16:50Z,@yoonology,this is the type of fun and poppy music we needed boynextdoor setting a great example of it!,9
BOYNEXTDOOR,jizAb-SLvtM,2023-05-25T16:16:47Z,@tandatngo1010,I love this song,0
BOYNEXTDOOR,jizAb-SLvtM,2023-05-25T16:16:46Z,@losangelescausa7302,HAHAHAHA I didnt expect my co-worker had a Cameo. LOL. I immediately recognize him. He does commercials for the baseballs too.,0
BOYNEXTDOOR,jizAb-SLvtM,2023-05-25T16:16:43Z,@nissa8153,fighting my boysss,0
BOYNEXTDOOR,jizAb-SLvtM,2023-05-25T16:16:43Z,@あいす-w9n,えすごいかっこいい,0
BOYNEXTDOOR,jizAb-SLvtM,2023-05-25T16:16:16Z,@nih_star07,Tão fofinhos amei a música vsmos da apoio ao boynexdoor,2
BOYNEXTDOOR,jizAb-SLvtM,2023-05-25T16:16:10Z,@prodigebreezy,Every songs that I&#39;ve heard from them looks like songs that ZICO could have use,0
BOYNEXTDOOR,jizAb-SLvtM,2023-05-25T16:15:54Z,@Yeonjunnies-sweet-heart,Ok LeeHan you&#39;re my idea type 🧎,0
BOYNEXTDOOR,jizAb-SLvtM,2023-05-25T16:15:54Z,@kpopfan325,Loveu!!!!,0
BOYNEXTDOOR,jizAb-SLvtM,2023-05-25T16:15:36Z,@이여-l6x,넥스트레벨~,1
BOYNEXTDOOR,jizAb-SLvtM,2023-05-25T16:15:16Z,@chiarapellitteri3314,Definitely my ideal type❤,0
BOYNEXTDOOR,jizAb-SLvtM,2023-05-25T16:15:12Z,@shaliniravi1632,Though it’s their first time they are coming out so strong my full support goes to BOYNEXTDOOR ♥️ this song is so refreshing and nice💃🏻🔥<br><br>Your my one and only (boynextdoor)<br>Fighting guys🫰🏻<br>Love you♥️,8
BOYNEXTDOOR,jizAb-SLvtM,2023-05-25T16:15:09Z,@oliviay2224,Love the energy they deljver🎉🎉🎉🎉,1
BOYNEXTDOOR,jizAb-SLvtM,2023-05-25T16:15:05Z,@seokjinsheart4,this song is amazing! I was captivated from the first second,1
BOYNEXTDOOR,jizAb-SLvtM,2023-05-25T16:15:00Z,@andreamaeismael6774,Nice congrats<br>From an ARMY,0
BOYNEXTDOOR,jizAb-SLvtM,2023-05-25T16:14:55Z,@_miramgul2042,맛있는 거 먹고 잘 쉬어,1
BOYNEXTDOOR,jizAb-SLvtM,2023-05-25T16:14:50Z,@losangelescausa7302,OMG!!! They filmed in Los Angeles. I recognize the buildings.,0
BOYNEXTDOOR,jizAb-SLvtM,2023-05-25T16:14:48Z,@0209flames,"If boynextdoor tell me they are the one and only so, there&#39;s no way, they must be the one and only 🫡",0
BOYNEXTDOOR,jizAb-SLvtM,2023-05-25T16:14:48Z,@_miramgul2042,I love you,0
BOYNEXTDOOR,jizAb-SLvtM,2023-05-25T16:14:39Z,@aleyna3935,Finalllyy <br>Ohh bee,0
BOYNEXTDOOR,jizAb-SLvtM,2023-05-25T16:14:36Z,@sunaaa3766,"<a href=""https://www.youtube.com/watch?v=jizAb-SLvtM&amp;t=146"">2:26</a> So cute 🥺",0
BOYNEXTDOOR,jizAb-SLvtM,2023-05-25T16:14:34Z,@lola.o.,IT&#39;S A BOP IT&#39;S A HIT IT&#39;S NOW MY FAVOURITE SONG!,0
BOYNEXTDOOR,jizAb-SLvtM,2023-05-25T16:14:06Z,@erinalleyy,I LOVE THEM ALREADY,1
BOYNEXTDOOR,jizAb-SLvtM,2023-05-25T16:14:04Z,@yarahudyma2335,This is beyond awesome!,2
BOYNEXTDOOR,jizAb-SLvtM,2023-05-25T16:14:02Z,@nicecereals,the intro is awesome!,1
BOYNEXTDOOR,jizAb-SLvtM,2023-05-25T16:14:01Z,@yarahudyma2335,This is beyond awesome!,2
BOYNEXTDOOR,jizAb-SLvtM,2023-05-25T16:13:59Z,@julisahuarcaya138,mmm nada mal 🤔,0
BOYNEXTDOOR,jizAb-SLvtM,2023-05-25T16:13:47Z,@nicecereals,the bridge! &lt;333,2
BOYNEXTDOOR,jizAb-SLvtM,2023-05-25T16:13:40Z,@ch4nniezz,"the store in <a href=""https://www.youtube.com/watch?v=jizAb-SLvtM&amp;t=68"">1:08</a> is prob. where skz got the clothes for the new comeback😭😭",6
BOYNEXTDOOR,jizAb-SLvtM,2023-05-25T16:13:36Z,@bbellalala,i love this!! y’all are crazy talented 💞 can’t wait for the album release,1
BOYNEXTDOOR,jizAb-SLvtM,2023-05-25T16:13:30Z,@ririhehe613,This is so fresh for a boy group in 2023 ( new jeans male version ),1
BOYNEXTDOOR,jizAb-SLvtM,2023-05-25T16:13:29Z,@nicecereals,hmm<br>okay i think it will grow on me,1
BOYNEXTDOOR,jizAb-SLvtM,2023-05-25T16:13:28Z,@Jungkook97-bt21,Their visual😭🤍🤍,0
BOYNEXTDOOR,jizAb-SLvtM,2023-05-25T16:13:25Z,@Kyleeelixabeth,AMAZING!!💛 I love the vibes of the members and the sound of their music so far!,0
BOYNEXTDOOR,jizAb-SLvtM,2023-05-25T16:13:12Z,@Peachesx99,"Wow sungho’s voice &amp; visuals <a href=""https://www.youtube.com/watch?v=jizAb-SLvtM&amp;t=147"">2:27</a> 😩😍🔥🙌🏼",68
BOYNEXTDOOR,jizAb-SLvtM,2023-05-25T16:13:12Z,@febl76,🎉,0
BOYNEXTDOOR,jizAb-SLvtM,2023-05-25T16:13:09Z,@reinhardecleo1417,Boss Zico ❤,1
BOYNEXTDOOR,jizAb-SLvtM,2023-05-25T16:12:54Z,@んぽぽぽぽっち,今日デビューしたグループですか？,0
BOYNEXTDOOR,jizAb-SLvtM,2023-05-25T16:12:54Z,@elsafuentes5971,"Hola chicos, felicitaciones está super CHEVERE 😂❤🎉",0
BOYNEXTDOOR,jizAb-SLvtM,2023-05-25T16:12:54Z,@sunwoning,"Me pone feliz ver tantos comentarios en coreano, por favor sigan apoyando a BOYNEXTDOOR, compartan y denle mucho amor a la canción ^^",30
BOYNEXTDOOR,jizAb-SLvtM,2023-05-25T16:12:46Z,@whysosour935,ayyeee🙌🔥🔥🔥🔥🔥,0
BOYNEXTDOOR,jizAb-SLvtM,2023-05-25T16:12:44Z,@andreita8502,Muy ZICO 🥰🥰🥰,0
BOYNEXTDOOR,jizAb-SLvtM,2023-05-25T16:12:21Z,@kpopsmthsmth,Songs produced by Zico hit different indeed. Jaehyun and Taesan slayed that rap,1
BOYNEXTDOOR,jizAb-SLvtM,2023-05-25T16:12:18Z,@amarjeetkaur3586,Loved it 😌,0
BOYNEXTDOOR,jizAb-SLvtM,2023-05-25T16:12:16Z,@harumined,I badly want to hear their encore pls give them a win,1
BOYNEXTDOOR,jizAb-SLvtM,2023-05-25T16:12:11Z,@echanooyah,"yall we need more refreshing songs like this, its all chill and groovy vibes 💃💃💃",2
BOYNEXTDOOR,jizAb-SLvtM,2023-05-25T16:12:06Z,@Sharda24,"The concept is fresh.🌿The music is awesome, the boys are full of visuals.🤩 It&#39;ll be fun to be a part of their journey. FIGHTING guys!!! ✨💙",4
BOYNEXTDOOR,jizAb-SLvtM,2023-05-25T16:11:20Z,@0209flames,"Don&#39;t you never forget that boynextdoor did <b>THIS</b> as pre debut. <br>They will be huge, take notes.",0
BOYNEXTDOOR,jizAb-SLvtM,2023-05-25T16:11:04Z,@meera0352,so cute omg,0
BOYNEXTDOOR,jizAb-SLvtM,2023-05-25T16:10:59Z,@ReenaJoseph-tu7wt,Boynextdoor is amazing I loved the song wish you guys a successful debut,0
BOYNEXTDOOR,jizAb-SLvtM,2023-05-25T16:10:37Z,@letsstartagain5442,Is this new group of hybe or  just from another company like seventeen,0
BOYNEXTDOOR,jizAb-SLvtM,2023-05-25T16:09:58Z,@earth9820,Yes you&#39;re the one and only😍. In love with the song. BOYNEXTDOOR.💗💗,0
BOYNEXTDOOR,jizAb-SLvtM,2023-05-25T16:09:56Z,@prmmdnn,Okay NewJeans boy version 👀,1
BOYNEXTDOOR,jizAb-SLvtM,2023-05-25T16:09:50Z,@GOBLlN,they truly feels like fresh clean air. boy groups needed a bit of fun to live things up,0
BOYNEXTDOOR,jizAb-SLvtM,2023-05-25T16:09:44Z,@eiei4824,The best boysss,0
BOYNEXTDOOR,jizAb-SLvtM,2023-05-25T16:09:31Z,@Woofy143,Their concept is sooooo damnn cuteee😆😆😆😄,0
BOYNEXTDOOR,jizAb-SLvtM,2023-05-25T16:09:29Z,@moen4u,"So cool,i like it❤️",0
BOYNEXTDOOR,jizAb-SLvtM,2023-05-25T16:09:29Z,@nilaaifd02,❤❤❤❤❤❤,0
BOYNEXTDOOR,jizAb-SLvtM,2023-05-25T16:09:24Z,@angeldouka,They are so cuteeee,0
BOYNEXTDOOR,jizAb-SLvtM,2023-05-25T16:09:21Z,@babypotato,Boring…,2
BOYNEXTDOOR,jizAb-SLvtM,2023-05-25T16:09:16Z,@sour_pop2523,iiittsss sooo cuteeee,0
BOYNEXTDOOR,jizAb-SLvtM,2023-05-25T16:09:08Z,@lalisa0506,Achei eles tão fofos skksks,0
BOYNEXTDOOR,jizAb-SLvtM,2023-05-25T16:09:07Z,@HEARTSFORRICKY,I like the song so much the mv sounds amazing.,2
BOYNEXTDOOR,jizAb-SLvtM,2023-05-25T16:08:54Z,@gyucheol86,THEIR CONCEPT IS SO FRESH AND I LOVE THAT,0
BOYNEXTDOOR,jizAb-SLvtM,2023-05-25T16:08:52Z,@the_girl.nextdoor_,I&#39;m so happy that I was one of the first people to join for the premiere~~<br><br>Let&#39;s hope for a great debut on the 30th~~🩷🩷,1
BOYNEXTDOOR,jizAb-SLvtM,2023-05-25T16:08:47Z,@midnightsslay13,❤❤❤❤,0
BOYNEXTDOOR,jizAb-SLvtM,2023-05-25T16:08:39Z,@merrilld8325,zico &amp; BND l love you so much😭😭😭,0
BOYNEXTDOOR,jizAb-SLvtM,2023-05-25T16:07:55Z,@Ava.-.t57,Giving a chill vibe i love it ✨🫶,1
BOYNEXTDOOR,jizAb-SLvtM,2023-05-25T16:07:48Z,@whosthere_boynextdoor,대박...🎉❣,47
BOYNEXTDOOR,jizAb-SLvtM,2023-05-25T16:07:47Z,@weirdoqs,стэньте,1
BOYNEXTDOOR,jizAb-SLvtM,2023-05-25T16:07:40Z,@nada.41222,Who fan new group hybe?<br>who fan koz?<br>me❤😌,1
BOYNEXTDOOR,jizAb-SLvtM,2023-05-25T16:07:34Z,@samanthach5646,Oh I love this vibe so much they remind me to newjeans and I’m bunny I will stan them too😭💗💗,2
BOYNEXTDOOR,jizAb-SLvtM,2023-05-25T16:07:22Z,@bendusi1530,Welcome BOYNEXTDOOR! I&#39;m behind you guys all the way!,0
BOYNEXTDOOR,jizAb-SLvtM,2023-05-25T16:07:22Z,@adrianasofea3193,Boy ver of new jeans??? But they cute thoo ❤,0
BOYNEXTDOOR,jizAb-SLvtM,2023-05-25T16:07:11Z,@cyndijacob7829,That was cute!,0
BOYNEXTDOOR,jizAb-SLvtM,2023-05-25T16:07:09Z,@CSTCST19,gw ga boomg bagus bgt,0
BOYNEXTDOOR,jizAb-SLvtM,2023-05-25T16:06:55Z,@hinata2218,SO CUTE! ❤,0
BOYNEXTDOOR,jizAb-SLvtM,2023-05-25T16:06:54Z,@Emillysb0106,mv:100% <br>vocals: 100% <br>rap:100%<br> visuals: 100% <br>boynextdoor:1000000%<br> just perfect 😊<br><br>￼,0
BOYNEXTDOOR,jizAb-SLvtM,2023-05-25T16:06:37Z,@chyynn_,Waaaa literally you are guyss so fress,0
BOYNEXTDOOR,jizAb-SLvtM,2023-05-25T16:06:36Z,@happytobehere4752,just looking at them makes me smile uncontrollably they&#39;re too cute,0
BOYNEXTDOOR,jizAb-SLvtM,2023-05-25T16:06:35Z,@tachiiro,Woooowww!!!! Super pegadizo es esta canción!!!! Me encanto!!!!! 👏🏼👏🏼👏🏼👏🏼👏🏼👏🏼🫶🏼🫶🏼🫶🏼🫶🏼,0
BOYNEXTDOOR,jizAb-SLvtM,2023-05-25T16:06:25Z,@yoonology,i’m so excited for their official debut cause these prerelease tracks are sounding amazing already,2
BOYNEXTDOOR,jizAb-SLvtM,2023-05-25T16:06:18Z,@ssasukhesukasuka,"Keren sih, asik gitu didenger pertama kali",0
BOYNEXTDOOR,jizAb-SLvtM,2023-05-25T16:06:13Z,@annaple4159,Who are they??,0
BOYNEXTDOOR,jizAb-SLvtM,2023-05-25T16:06:12Z,@xaraaura,They are just cool 😎😎,0
BOYNEXTDOOR,jizAb-SLvtM,2023-05-25T16:06:09Z,@gisselfie._.,STAN BOYNEXTDOOR FOR A BETTER LIFE.,0
BOYNEXTDOOR,jizAb-SLvtM,2023-05-25T16:06:05Z,@brunamichelle7396,Love that me from Africa gets to groove to k-pop love you S.K😘😘😘😘😘😘😘🎈🎈🎈,2
BOYNEXTDOOR,jizAb-SLvtM,2023-05-25T16:05:50Z,@Yu_kh,Unique &amp; cool,0
BOYNEXTDOOR,jizAb-SLvtM,2023-05-25T16:05:49Z,@sunghoonshii,this screams zico,0
BOYNEXTDOOR,jizAb-SLvtM,2023-05-25T16:05:48Z,@bethmctv9317,Not us in the US trying to figure out now what mall they were at….😝,0
BOYNEXTDOOR,jizAb-SLvtM,2023-05-25T16:05:46Z,@운학아사랑해,보이넥스트도어 멋있다 ㅜㅜ❤❤,65
BOYNEXTDOOR,jizAb-SLvtM,2023-05-25T16:05:46Z,@echanooyah,aaa i love this bright concepts🥺,0
BOYNEXTDOOR,jizAb-SLvtM,2023-05-25T16:05:45Z,@preshaayy4256,YES THE BOYNEXTDOOORRRRR ❤️,0
BOYNEXTDOOR,jizAb-SLvtM,2023-05-25T16:05:45Z,@zumis1566,"They look so cute, I&#39;ll definitely support them ❤",0
BOYNEXTDOOR,jizAb-SLvtM,2023-05-25T16:05:28Z,@leida1721,Why are they so cuteeee!!???,0
BOYNEXTDOOR,jizAb-SLvtM,2023-05-25T16:05:26Z,@yoonsmaze,cute! can&#39;t wait to see how you turn out boys!,0
BOYNEXTDOOR,jizAb-SLvtM,2023-05-25T16:05:24Z,@tijanaivanovic3120,Wow,0
BOYNEXTDOOR,jizAb-SLvtM,2023-05-25T16:05:14Z,@parijashinde279,"again, addicted? yea!",3
BOYNEXTDOOR,jizAb-SLvtM,2023-05-25T16:05:12Z,@renatadeoliveira8486,"They&#39;re very adorable, I gives me NewJeans vibes in the best way possible!! :)",1
BOYNEXTDOOR,jizAb-SLvtM,2023-05-25T16:05:08Z,@wow-ym7qg,THIS IS SO CUTE,0
BOYNEXTDOOR,jizAb-SLvtM,2023-05-25T16:04:58Z,@binniebunnyy,they have such a positive and happy vibe to them and i love it so much. I already feel like i want to protect them from the negative things of kpop. i hope they get bigger and SLAY more. i like their releases and im looking forward to an  another amazing boy group &lt;3,2
BOYNEXTDOOR,jizAb-SLvtM,2023-05-25T16:04:42Z,@user-cr8ke3ik6j,보넥도 사랑해 노래 너무 좋다😮❤,11
BOYNEXTDOOR,jizAb-SLvtM,2023-05-25T16:04:27Z,@mohamedhaytham2266,This band has a bright future,2
BOYNEXTDOOR,jizAb-SLvtM,2023-05-25T16:04:24Z,@tricofrancetrico2196,first time listenning to this band but not the last,2
BOYNEXTDOOR,jizAb-SLvtM,2023-05-25T16:04:14Z,@erilvsjmk,me gusta muchooo,0
BOYNEXTDOOR,jizAb-SLvtM,2023-05-25T16:04:12Z,@yongbull100,하이브 주주로서 뿌듯하군요,6
BOYNEXTDOOR,jizAb-SLvtM,2023-05-25T16:04:05Z,@haooooea3530,特别特别好听❤,0
BOYNEXTDOOR,jizAb-SLvtM,2023-05-25T16:04:00Z,@hibi2225,音楽がキャッチーでめちゃくちゃいい。PVの世界観もダンスも素敵💕,2
BOYNEXTDOOR,jizAb-SLvtM,2023-05-25T16:03:49Z,@tsikyandriamahenina1533,Boys next door are like the neighborhood I never had<br>I really like their unique world,1
BOYNEXTDOOR,jizAb-SLvtM,2023-05-25T16:03:37Z,@maybriki3663,BxD boynextdoor,2
BOYNEXTDOOR,jizAb-SLvtM,2023-05-25T16:03:29Z,@soobread,I THINK THAT INTRO IS ALREADY ICONIC. BOY NEXT DOOR REPRESENTING KOZ,0
BOYNEXTDOOR,jizAb-SLvtM,2023-05-25T16:03:28Z,@shoko_nishimiya04,너무 좋아!!!! 👍👍💕💕,154
BOYNEXTDOOR,jizAb-SLvtM,2023-05-25T16:03:16Z,@danibeltran5450,"Su primera canción no me gusto, esperemos algo mas de esta...&lt;3",0
BOYNEXTDOOR,jizAb-SLvtM,2023-05-25T16:02:59Z,@МаргаритаРябова-н2п,"wow thwy sound so fresh totally like it. they are so cute I AM OBSESSED WITH KIKIKIKI KEEP BALLING <a href=""https://www.youtube.com/watch?v=jizAb-SLvtM&amp;t=161"">2:41</a>",17
BOYNEXTDOOR,jizAb-SLvtM,2023-05-25T16:02:58Z,@faustinaangelx,cute,0
BOYNEXTDOOR,jizAb-SLvtM,2023-05-25T16:02:50Z,@maybriki3663,Sunghoooooo💜💜💜💜i&lt;3u,1
BOYNEXTDOOR,jizAb-SLvtM,2023-05-25T16:02:40Z,@Minxji7,CANT WAIT FOR THEIR DEBUT!!! 😻✨,2
BOYNEXTDOOR,jizAb-SLvtM,2023-05-25T16:02:33Z,@augustodamasceno5555,"Alguém para a Hybe,que isso,eles não sabem o que é fazer produção ruim pqp",0
BOYNEXTDOOR,jizAb-SLvtM,2023-05-25T16:02:31Z,@iwillwait2025,وااااو ايلايكت كييييت💜🤍,1
BOYNEXTDOOR,jizAb-SLvtM,2023-05-25T16:02:20Z,@khan_sujin26,Just VAUV🎉❤,0
BOYNEXTDOOR,jizAb-SLvtM,2023-05-25T16:02:20Z,@Katsumi_isalone,Our 1nonly boysnextdoor🤍,2
BOYNEXTDOOR,jizAb-SLvtM,2023-05-25T16:02:02Z,@brisita6748,la canción no está en spotify??? la necesito en spotify 😭😭😭,0
BOYNEXTDOOR,jizAb-SLvtM,2023-05-25T16:02:00Z,@KpopWise,Let&#39;s appreciate the bright and friendly vibes.,0
BOYNEXTDOOR,jizAb-SLvtM,2023-05-25T16:01:59Z,@borahae7423,Wow wat a debut. Amazing artists . I wanna know who opened the song,1
BOYNEXTDOOR,jizAb-SLvtM,2023-05-25T16:01:57Z,@fernandaflores32,ES BUENÍSIMA 💘💘💘,0
BOYNEXTDOOR,jizAb-SLvtM,2023-05-25T16:01:55Z,@linhjunsu5018,Nghe bài này đã hơn bài trước,0
BOYNEXTDOOR,jizAb-SLvtM,2023-05-25T16:01:48Z,@grugrugoo5431,음..,0
BOYNEXTDOOR,jizAb-SLvtM,2023-05-25T16:01:40Z,@nabilaelmuthiah,enaak!!,0
BOYNEXTDOOR,jizAb-SLvtM,2023-05-25T16:01:40Z,@BND_ONEDOOR,Yeah!You&#39;re only one 😘,2
BOYNEXTDOOR,jizAb-SLvtM,2023-05-25T16:01:37Z,@kpopfan325,Popogiiii,0
BOYNEXTDOOR,jizAb-SLvtM,2023-05-25T16:01:30Z,@Massoud.der.96,I&#39;m addicted to this song&#39;s beat 😭😭💋,1
BOYNEXTDOOR,jizAb-SLvtM,2023-05-25T16:01:25Z,@nida2393,Sejauh ini.. suka woyy sama lagu2nya,0
BOYNEXTDOOR,jizAb-SLvtM,2023-05-25T16:01:21Z,@junyshin5843,아 노래 춤도 좋은데 비주얼 진심 미쳤네.......,13
BOYNEXTDOOR,jizAb-SLvtM,2023-05-25T16:01:13Z,@eusemnomee,Já me apaixonei por eles S2,1
BOYNEXTDOOR,jizAb-SLvtM,2023-05-25T16:01:12Z,@marmalade_impact,It&#39;s giving Micky mouse club house,0
BOYNEXTDOOR,jizAb-SLvtM,2023-05-25T16:01:10Z,@haniaqiswah7356,let&#39;s go Boy Next Door!!,0
BOYNEXTDOOR,jizAb-SLvtM,2023-05-25T16:01:03Z,@Yasmine-n7j,Boy next door,0
BOYNEXTDOOR,jizAb-SLvtM,2023-05-25T16:01:02Z,@RUBA_TF3JHYXZT_,All love for you,0
BOYNEXTDOOR,jizAb-SLvtM,2023-05-25T16:01:02Z,@ju6140,💗💗💗,0
BOYNEXTDOOR,jizAb-SLvtM,2023-05-25T16:00:53Z,@saniyah098,❤❤❤❤❤❤,0
BOYNEXTDOOR,jizAb-SLvtM,2023-05-25T16:00:51Z,@MyHandle4455,I’ve shopped at that thrift store before. Got a nice leather jacket there.,0
BOYNEXTDOOR,jizAb-SLvtM,2023-05-25T16:00:39Z,@brunalim,Why are they not on Spotify?,0
BOYNEXTDOOR,jizAb-SLvtM,2023-05-25T16:00:33Z,@RUBA_TF3JHYXZT_,LET&#39;S SUPPORT THEM THEY ARE SO AMAZING,1
BOYNEXTDOOR,jizAb-SLvtM,2023-05-25T16:00:33Z,@Calico1004,Bagus2 ya lagunya adek2 ini,3
BOYNEXTDOOR,jizAb-SLvtM,2023-05-25T16:00:30Z,@n_xzn,I love thier concept. Let’s support this new boy group,0
BOYNEXTDOOR,jizAb-SLvtM,2023-05-25T16:00:30Z,@rocky_m2,Ok which Southern California mall did they film this in cuz I feel like I’ve been to it 🤣,0
BOYNEXTDOOR,jizAb-SLvtM,2023-05-25T16:00:24Z,@Pari-su2ww,💜💜💜💜💜💜,0
BOYNEXTDOOR,jizAb-SLvtM,2023-05-25T16:00:12Z,@hueningbahiyyih627,I love this so much!!,0
BOYNEXTDOOR,jizAb-SLvtM,2023-05-25T16:00:10Z,@armylieber6478,This boys will be big after few years I can see it ❤❤❤❤❤<br>Great start I love everything in the MV boys are cute and confident ❤❤❤,1
BOYNEXTDOOR,jizAb-SLvtM,2023-05-25T16:00:04Z,@steph.anne10510,Zico knew what he was doing when her picked these boys! Just watch - they&#39;ll be releasing hit after hit!! BOYNEXTDOOR FIGHTING!!!!!,1
BOYNEXTDOOR,jizAb-SLvtM,2023-05-25T16:00:01Z,@RUBA_TF3JHYXZT_,Saranghea,0
BOYNEXTDOOR,jizAb-SLvtM,2023-05-25T16:00:00Z,@kthra_am,aaaaa keren banget,0
BOYNEXTDOOR,jizAb-SLvtM,2023-05-25T15:59:57Z,@danielasales3664,Do they look like a male version of New Jeans or am i crazy?,2
BOYNEXTDOOR,jizAb-SLvtM,2023-05-25T15:59:59Z,@irisfaith-g2n,iloveyouuuuuuuu,0
BOYNEXTDOOR,jizAb-SLvtM,2023-05-25T15:59:53Z,@ariannabrandoni8327,PUNTOOOOOO,0
BOYNEXTDOOR,jizAb-SLvtM,2023-05-25T15:59:38Z,@BishnuTamang-t5w,Such a fresh and cool vibe,1
BOYNEXTDOOR,jizAb-SLvtM,2023-05-25T15:59:34Z,@うさぎ-c9k,"Vocal,Rap,Dance so so perfect",1
BOYNEXTDOOR,jizAb-SLvtM,2023-05-25T15:59:31Z,@Zxcvbm1188,역시 지코네 외국인 멤버 없이 all Koreans 이라서 좋으다. 외국멤버있는것도 뭐좋지만 간만에 모든 애들이 한국인이라서 반갑고 더 잘되면좋겠네 힙하다 힙해~~,1
BOYNEXTDOOR,jizAb-SLvtM,2023-05-25T15:59:24Z,@sarabb.,"<a href=""https://www.youtube.com/watch?v=jizAb-SLvtM&amp;t=157"">2:37</a> new shirts",0
BOYNEXTDOOR,jizAb-SLvtM,2023-05-25T15:59:20Z,@zindoriyam,We love you Boynextdoor!!,0
BOYNEXTDOOR,jizAb-SLvtM,2023-05-25T15:59:09Z,@butterfri,เขินแจฮยอนมากเลยยยเท่อะ,0
BOYNEXTDOOR,jizAb-SLvtM,2023-05-25T15:59:08Z,@うさぎ-c9k,Representing KOZ,0
BOYNEXTDOOR,jizAb-SLvtM,2023-05-25T15:59:06Z,@_yani3736,Jaehyung 💜💗,0
BOYNEXTDOOR,jizAb-SLvtM,2023-05-25T15:59:06Z,@kyoropatikuri,sungho is best boy🥹🥹🥹🥹🥹🥹🥹🥹❤️❤️❤️❤️❤️❤️❤️❤️❤️❤️❤️❤️❤️❤️❤️❤️,0
BOYNEXTDOOR,jizAb-SLvtM,2023-05-25T15:59:03Z,@MIKI...4-z4x,Come on let&#39;s make this hit<br>BOYNEXTDOOR HERE WE GOOOOO!,0
BOYNEXTDOOR,jizAb-SLvtM,2023-05-25T15:58:54Z,@allyjandranshira-yeboah5349,Ahhhhhhhh soo amazing 🎉🎉🎉,0
BOYNEXTDOOR,jizAb-SLvtM,2023-05-25T15:58:51Z,@mmm3zf,WOONHAK ILY SM 😭💗,0
BOYNEXTDOOR,jizAb-SLvtM,2023-05-25T15:58:47Z,@asmilatkar6108,"Something about them is a lot more refreshing to listen, not just their visuals but their two songs which i have heard casually really stood out as nice and chill songs. Their concept is cute",1
BOYNEXTDOOR,jizAb-SLvtM,2023-05-25T15:58:46Z,@itsleviosa859,"난 열심히 해보겠습니다, 이거 좋습니다, 건강하세요 ❤",7
BOYNEXTDOOR,jizAb-SLvtM,2023-05-25T15:58:43Z,@heri.n,so excited for their debut! let&#39;s go BOYNEXTDOOR!! 💓💓,0
BOYNEXTDOOR,jizAb-SLvtM,2023-05-25T15:58:38Z,@charliestan2z7,ATE ATE ATE,0
BOYNEXTDOOR,jizAb-SLvtM,2023-05-25T15:58:36Z,@caitlinelaine2005,"Sweet lyrics, new moves, pop style and cute boys. I love the BOYNEXTDOOR group. <a href=""UCkszU2WH9gy1mb0dV-11UJg/HvgfY93GEYmqvwLUuYDwAQ""></a>",0
BOYNEXTDOOR,jizAb-SLvtM,2023-05-25T15:58:29Z,@gnevnas,такая летняя атмосфера в песне и клипе. мне прям нравится,2
BOYNEXTDOOR,jizAb-SLvtM,2023-05-25T15:58:26Z,@うさぎ-c9k,Taesan and Jaehyun raps are so perfect,0
BOYNEXTDOOR,jizAb-SLvtM,2023-05-25T15:58:25Z,@santiagosantillan4061,What a spectacular song Boynextdoor I love you🫶🏼,0
BOYNEXTDOOR,jizAb-SLvtM,2023-05-25T15:58:23Z,@aurorajeka,I love this one,0
BOYNEXTDOOR,jizAb-SLvtM,2023-05-25T15:58:21Z,@kimberlylalu751,The One and Only BOYNEXTDOOR,0
BOYNEXTDOOR,jizAb-SLvtM,2023-05-25T15:58:11Z,@avneetxv,Pls stream bite me mv &lt;3,0
BOYNEXTDOOR,jizAb-SLvtM,2023-05-25T15:57:50Z,@prathibhapalaniappan8568,"Mark my words, Boy Next Door will reach heights <a href=""http://www.youtube.com/results?search_query=%23bnd"">#BND</a>",2
BOYNEXTDOOR,jizAb-SLvtM,2023-05-25T15:57:48Z,@GlitteredinDPR,"the line of boynextdoor representing KOZ too had my heart beaming with pride-- the choreo ♡ bnd, bees are ecstatic to be your neighbor!!",2
BOYNEXTDOOR,jizAb-SLvtM,2023-05-25T15:57:44Z,@aayushshrestha9998,I want to watch their auditions.... can someone tell me,0
BOYNEXTDOOR,jizAb-SLvtM,2023-05-25T15:57:40Z,@genesismarquez8848,Hay me gusta tanto la canción y el mv suena increíble,4
BOYNEXTDOOR,jizAb-SLvtM,2023-05-25T15:57:32Z,@Nishi_2005,awesomeeeeee,0
BOYNEXTDOOR,jizAb-SLvtM,2023-05-25T15:57:28Z,@eve4560,The vocals and rap is everything!,0
BOYNEXTDOOR,jizAb-SLvtM,2023-05-25T15:57:25Z,@user-nx2ko4kc4e,How cool always💜💜👍💜💜💜,1
BOYNEXTDOOR,jizAb-SLvtM,2023-05-25T15:57:24Z,@_ilsina_ii2105,❤,0
BOYNEXTDOOR,jizAb-SLvtM,2023-05-25T15:57:15Z,@k0bsessed,"<a href=""https://www.youtube.com/watch?v=jizAb-SLvtM&amp;t=73"">1:13</a> okay but this could become a trend 😭",58
BOYNEXTDOOR,jizAb-SLvtM,2023-05-25T15:57:11Z,@yoongyus,"how do u make the lyrics about standing out with the blandest song ever i really dont know with the musical direction koz is going for with them, it has so much potential but nothing really does make wanna listen to it again, that bridge was nice? but then the same thing again",3
BOYNEXTDOOR,jizAb-SLvtM,2023-05-25T15:57:10Z,@eve4560,They fr representing koz 🔥,3
BOYNEXTDOOR,jizAb-SLvtM,2023-05-25T15:57:10Z,@denisea-q5r,The BoyNextDoor is the &quot;One and Only” for me ❤,1
BOYNEXTDOOR,jizAb-SLvtM,2023-05-25T15:57:07Z,@universe7204,Ok I love this. It’s time to stan them isn’t it :D,0
BOYNEXTDOOR,jizAb-SLvtM,2023-05-25T15:57:04Z,@meow5873,woonhak&#39;s smile can heal a thousand wounds,1
BOYNEXTDOOR,jizAb-SLvtM,2023-05-25T15:57:01Z,@blu-rai,"i like the song is easy to listening to, i like jaehyun&#39;s rap!! fighting boy next door💪🏻🔥",0
BOYNEXTDOOR,jizAb-SLvtM,2023-05-25T15:56:57Z,@kyoungheekim1840,신곡 나왔다고 듣고 있는데 그냥 빠져드네요 ^^ 노래 느낌 넘 좋아요 ^0^ 보이넥스트도어 화이팅 💞,23
BOYNEXTDOOR,jizAb-SLvtM,2023-05-25T15:56:52Z,@jaishreerathorerathore7000,This group need more hype,0
BOYNEXTDOOR,jizAb-SLvtM,2023-05-25T15:56:42Z,@rizkheli,OMG,0
BOYNEXTDOOR,jizAb-SLvtM,2023-05-25T15:56:34Z,@genesismarquez8848,No pongan emojis porfavor van a congelar las vistas del mv escribanselo a las coreanas y a  las de usa y Europeas por favor,1
BOYNEXTDOOR,jizAb-SLvtM,2023-05-25T15:56:33Z,@megullee,"Сколько я спала,у хайб новая группа😮",0
BOYNEXTDOOR,jizAb-SLvtM,2023-05-25T15:56:32Z,@jeongnip8287,JAEHYUUUN!!!! ❤❤❤,0
BOYNEXTDOOR,jizAb-SLvtM,2023-05-25T15:56:29Z,@멩멩-k2z,"개 좋다 미친.., 좋아할까",0
BOYNEXTDOOR,jizAb-SLvtM,2023-05-25T15:56:25Z,@mmm3zf,i love them sm,1
BOYNEXTDOOR,jizAb-SLvtM,2023-05-25T15:56:19Z,@equallifeks7974,"Yay, I love this song!",0
BOYNEXTDOOR,jizAb-SLvtM,2023-05-25T15:56:04Z,@Fatmaalajmi17,In loveeeeeeee with thissss ❤️‍🔥❤️‍🔥❤️‍🔥,0
BOYNEXTDOOR,jizAb-SLvtM,2023-05-25T15:56:03Z,@dancsong_,지코 가이드 버전 진짜 궁금하다,2
BOYNEXTDOOR,jizAb-SLvtM,2023-05-25T15:56:02Z,@praveenkumarc6673,보이넥스트도어 사랑해요 &lt;3,0
BOYNEXTDOOR,jizAb-SLvtM,2023-05-25T15:55:57Z,@regina_peace_in_the_world,55 mins ago and already 2.5k comments.... I&#39;ll never be the first. 😅,0
BOYNEXTDOOR,jizAb-SLvtM,2023-05-25T15:55:51Z,@Fatmaalajmi17,❤️‍🔥❤️‍🔥❤️‍🔥❤️‍🔥❤️‍🔥,0
BOYNEXTDOOR,jizAb-SLvtM,2023-05-25T15:55:43Z,@うさぎ-c9k,Song is so so fresh,0
BOYNEXTDOOR,jizAb-SLvtM,2023-05-25T15:55:42Z,@aleniamu,Sangat Zico sekali stylenya,0
BOYNEXTDOOR,jizAb-SLvtM,2023-05-25T15:55:42Z,@soldrk,boy next door 🚪👈,1
BOYNEXTDOOR,jizAb-SLvtM,2023-05-25T15:55:35Z,@senaaa1202,i am the one and onlyy🎉🎉🎉🎉,1
BOYNEXTDOOR,jizAb-SLvtM,2023-05-25T15:55:29Z,@Bomg-r2r,Лучшие!!!,0
BOYNEXTDOOR,jizAb-SLvtM,2023-05-25T15:55:26Z,@kookiescream7815,Congratulations🎉,0
BOYNEXTDOOR,jizAb-SLvtM,2023-05-25T15:55:25Z,@うさぎ-c9k,24hrs goal 2M,1
BOYNEXTDOOR,jizAb-SLvtM,2023-05-25T15:55:23Z,@lovexoie.g,Literally obsessed with this Song can&#39;t wait for their next song❤,2
BOYNEXTDOOR,jizAb-SLvtM,2023-05-25T15:55:22Z,@lilchrispy4335,.,0
BOYNEXTDOOR,jizAb-SLvtM,2023-05-25T15:55:16Z,@grace.christina,they’re so cute!! i wish them lots of success,1
BOYNEXTDOOR,jizAb-SLvtM,2023-05-25T15:55:14Z,@SunhaJae,‘kno kno kno knocking at your door&#39; is the best thing of this song..i thought it would be base of the song after hearing snippet from teaser..kinda disappointed but the song overall is nice cool,1
BOYNEXTDOOR,jizAb-SLvtM,2023-05-25T15:54:56Z,@praveenkumarc6673,IN LOVE WITH THEIR VIBE 😭😭😭,0
BOYNEXTDOOR,jizAb-SLvtM,2023-05-25T15:54:55Z,@woofati0111,عالییییییی حس خوبی به آدم میده😊❤️,2
BOYNEXTDOOR,jizAb-SLvtM,2023-05-25T15:54:53Z,@live_smiling,It&#39;s so fun kinda song loved it💃,0
BOYNEXTDOOR,jizAb-SLvtM,2023-05-25T15:54:52Z,@neimaaman3842,my favorite new group,2
BOYNEXTDOOR,jizAb-SLvtM,2023-05-25T15:54:51Z,@mbkx5441,Te amo,0
BOYNEXTDOOR,jizAb-SLvtM,2023-05-25T15:54:48Z,@joanarodrigues5296,Their vibe is totally insaneeeee! We need more content so we get to know them because their personalities already shine a lot through MVs I can&#39;t wait to get to know them more and more! BOYNEXTDOOR LEZGOOOO ❤,0
BOYNEXTDOOR,jizAb-SLvtM,2023-05-25T15:54:42Z,@Nigerian_skeleton.127,ATE. SLAYED. DEVOURED.,0
BOYNEXTDOOR,jizAb-SLvtM,2023-05-25T15:54:38Z,@judepatriarca7600,This is a Bop ❤,2
BOYNEXTDOOR,jizAb-SLvtM,2023-05-25T15:54:37Z,@r2hrrr,wowowowowowowowwowow!,0
BOYNEXTDOOR,jizAb-SLvtM,2023-05-25T15:54:32Z,@Ecvf,"<a href=""https://www.youtube.com/watch?v=jizAb-SLvtM&amp;t=8"">0:08</a>",0
BOYNEXTDOOR,jizAb-SLvtM,2023-05-25T15:54:32Z,@chloe_o.o208,Es fantasticaaaaa🥰🙈,1
BOYNEXTDOOR,jizAb-SLvtM,2023-05-25T15:54:26Z,@hrndez,I love it!!!,1
BOYNEXTDOOR,jizAb-SLvtM,2023-05-25T15:54:16Z,@woofati0111,Great، especially the beginning.😍,0
BOYNEXTDOOR,jizAb-SLvtM,2023-05-25T15:53:57Z,@marimo_Bunnies,ZICOを感じる<br>いいね,1
BOYNEXTDOOR,jizAb-SLvtM,2023-05-25T15:53:56Z,@mariapaulabarrientos9868,♡♡♡♡♡♡♡♡♡♡♡,0
BOYNEXTDOOR,jizAb-SLvtM,2023-05-25T15:53:51Z,@mariapaulabarrientos9868,♡♡♡♡♡♡♡♡♡♡,0
BOYNEXTDOOR,jizAb-SLvtM,2023-05-25T15:53:46Z,@mariapaulabarrientos9868,♡♡♡♡♡♡♡♡♡,0
BOYNEXTDOOR,jizAb-SLvtM,2023-05-25T15:53:44Z,@raose_x013,新しいグループ！！応援します！！,1
BOYNEXTDOOR,jizAb-SLvtM,2023-05-25T15:53:41Z,@dalla_senpai7014,One of the best debut song i have ever seen !!! keep going !,0
BOYNEXTDOOR,jizAb-SLvtM,2023-05-25T15:53:39Z,@bongbong0805,넘흐 죠음❤,0
BOYNEXTDOOR,jizAb-SLvtM,2023-05-25T15:53:37Z,@dixn7117,"TODO ES GENIAL, espero su debut sea realmente éxito, seq será!",1
BOYNEXTDOOR,jizAb-SLvtM,2023-05-25T15:53:32Z,@Blessing-t5h,❤❤❤🎵🎵🤩🤩🤩WOW. NYC WORK GUYS,0
BOYNEXTDOOR,jizAb-SLvtM,2023-05-25T15:53:26Z,@susususu81,노래 너무 좋음 여름 플리에 딱이다.. 음원 언제나와!!,77
BOYNEXTDOOR,jizAb-SLvtM,2023-05-25T15:53:21Z,@malakwazi9104,❤❤❤❤❤❤❤❤❤,0
BOYNEXTDOOR,jizAb-SLvtM,2023-05-25T15:53:20Z,@fillyonitadivanayusman6401,they are so aesthetic!!!!l like it so much,0
BOYNEXTDOOR,jizAb-SLvtM,2023-05-25T15:53:18Z,@artmajesty-he9bu,Let&#39;s go fighting boy nextdoor ❤,0
BOYNEXTDOOR,jizAb-SLvtM,2023-05-25T15:53:17Z,@gabs21021,PMG THAT IS SO PERFECT 💜 BOYNEXTDOOR 🇧🇷,0
BOYNEXTDOOR,jizAb-SLvtM,2023-05-25T15:53:16Z,@rharu6941,LEEHAN ES TAN LINDO Y SU VOZ ES HERMOSA!,0
BOYNEXTDOOR,jizAb-SLvtM,2023-05-25T15:53:08Z,@Hann.i,Listening to a song like this relieves stress and give me some heals from uni life😄😭😭,0
BOYNEXTDOOR,jizAb-SLvtM,2023-05-25T15:53:02Z,@k.3191,この曲大スキ！！全員カッコ良かった😆！！衣装も可愛いくて楽しかった😆,6
BOYNEXTDOOR,jizAb-SLvtM,2023-05-25T15:52:53Z,@yvtt0,울 애들이 넘 멋있어용. 많은 사랑과 관심 부탁드립니다.,56
BOYNEXTDOOR,jizAb-SLvtM,2023-05-25T15:52:50Z,@zeroraice2548,The song and the MV are so simple yet so fun to watch. I love this concept.,0
BOYNEXTDOOR,jizAb-SLvtM,2023-05-25T15:52:46Z,@rayislovelyyy,KENAPA LUCU LUCU BGTT ANJRIT😭😭🤏🏻🤏🏻🤏🏻💗💗💗,0
BOYNEXTDOOR,jizAb-SLvtM,2023-05-25T15:52:45Z,@KenSmith-lv7qd,Why am I always so early for their stuff,0
BOYNEXTDOOR,jizAb-SLvtM,2023-05-25T15:52:42Z,@sweet-an,OUR NEIGHBORS ARE DROPPING REALLY GREAT MUSIC<br>LOVE THEM🔥❤️✨,0
BOYNEXTDOOR,jizAb-SLvtM,2023-05-25T15:52:37Z,@ateacup,I think I’m gonna stan this group😌,0
BOYNEXTDOOR,jizAb-SLvtM,2023-05-25T15:52:32Z,@pewpew005-l7u,just what we wanted &lt;3,1
BOYNEXTDOOR,jizAb-SLvtM,2023-05-25T15:52:21Z,@isabellamunoz7790,Was this filmed in the US or something? A lot of the shops are in English,0
BOYNEXTDOOR,jizAb-SLvtM,2023-05-25T15:52:19Z,@valeriechen3881,I KNOW THAT MALL OMFG WHAT,0
BOYNEXTDOOR,jizAb-SLvtM,2023-05-25T15:52:15Z,@jenny2748,Просто такие милые аааа,0
BOYNEXTDOOR,jizAb-SLvtM,2023-05-25T15:51:59Z,@daniellemari4621,"wow, now that has ZICO all over it, the sassy lyrics, and the KOZ namedrop! i can&#39;t help thinking how different this debut is from Block B&#39;s gritty edgy style. But we know JiHo is not confined to one genre, he can do it all as an artist and musician. I love the MV and the boys look and sound like a breath of fresh air we so badly needed. Do well boys, make your Daddy proud! this should be their debut track, seriously. what an intro.",0
BOYNEXTDOOR,jizAb-SLvtM,2023-05-25T15:51:57Z,@yangsimpark,hello world this is BOYNEXTDOOR!,0
BOYNEXTDOOR,jizAb-SLvtM,2023-05-25T15:51:56Z,@Realarmyblink422,I just know them now but I love Boys next-door ❤❤❤,1
BOYNEXTDOOR,jizAb-SLvtM,2023-05-25T15:51:52Z,@lilackpop,Apaixonada por a estética e sonoridade deles,2
BOYNEXTDOOR,jizAb-SLvtM,2023-05-25T15:51:50Z,@Yasmine-n7j,Woonhak,1
BOYNEXTDOOR,jizAb-SLvtM,2023-05-25T15:51:48Z,@miyosam9584,TOTALLY MY VIBE AAAAAA,1
BOYNEXTDOOR,jizAb-SLvtM,2023-05-25T15:51:46Z,@Bluerryme,AS EXPECTED FROM MY BOYS!🩵,2
BOYNEXTDOOR,jizAb-SLvtM,2023-05-25T15:51:44Z,@gopikaps9561,I really love the song..... Full support,1
BOYNEXTDOOR,jizAb-SLvtM,2023-05-25T15:51:42Z,@ayhtdwsei,okay... so who are these boys? i am interested.,1
BOYNEXTDOOR,jizAb-SLvtM,2023-05-25T15:51:40Z,@miyosam9584,CUTE CUTE CUTE CUTE,1
BOYNEXTDOOR,jizAb-SLvtM,2023-05-25T15:51:39Z,@fallsliketears,"Oalahhh anaknya KOZ, keren nih BOYNEXTDOOR, sukses untuk debutnya",23
BOYNEXTDOOR,jizAb-SLvtM,2023-05-25T15:51:33Z,@lalalalana143,"Wowwwww great song and dance, fighting guys!!!",1
BOYNEXTDOOR,jizAb-SLvtM,2023-05-25T15:51:32Z,@miyosam9584,GANDA NG MV LOVE IT,1
BOYNEXTDOOR,jizAb-SLvtM,2023-05-25T15:51:31Z,@georgia9881,omg they are so cute and this song is so catchy ❤️😍,0
BOYNEXTDOOR,jizAb-SLvtM,2023-05-25T15:51:13Z,@k.j.B-q3s,Милашки,2
BOYNEXTDOOR,jizAb-SLvtM,2023-05-25T15:50:59Z,@boynextdoor0530,보넥도 팬으로써 데뷔도 안 했지만 빨리 팬애칭 만들어지면 좋겠다…,10
BOYNEXTDOOR,jizAb-SLvtM,2023-05-25T15:50:55Z,@jikella5970,Welcome ❤,0
BOYNEXTDOOR,jizAb-SLvtM,2023-05-25T15:50:48Z,@s0vi,I love this vibe,2
BOYNEXTDOOR,jizAb-SLvtM,2023-05-25T15:50:40Z,@egeria_03,❤️🇮🇹,0
BOYNEXTDOOR,jizAb-SLvtM,2023-05-25T15:50:37Z,@yo_onhan,me alrd on my way saving this music in my playlist but its not yet available omg wHYYYY,1
BOYNEXTDOOR,jizAb-SLvtM,2023-05-25T15:50:34Z,@JKaoru-ef7ys,cutieeess omg,1
BOYNEXTDOOR,jizAb-SLvtM,2023-05-25T15:50:26Z,@reinekoffi964,🎵❤❤💘,1
BOYNEXTDOOR,jizAb-SLvtM,2023-05-25T15:50:26Z,@titinnn1087,Leehan so handsome😮I can&#39;t....,1
BOYNEXTDOOR,jizAb-SLvtM,2023-05-25T15:50:09Z,@serim_luvity,I&#39;m having mixed reactions for this song. noooo! But it wasn&#39;t bad...just i dont know ㅜ,0
BOYNEXTDOOR,jizAb-SLvtM,2023-05-25T15:50:03Z,@bellag6508,they really only dropping bangers,4
BOYNEXTDOOR,jizAb-SLvtM,2023-05-25T15:50:02Z,@dreandrew,Wah i love this song! Its so freSh and summer bop! Clearly zico the one who produce this song! So zico,3
BOYNEXTDOOR,jizAb-SLvtM,2023-05-25T15:50:01Z,@jewe1l,How come I never heard of HYBE new group,2
BOYNEXTDOOR,jizAb-SLvtM,2023-05-25T15:49:49Z,@s0vi,So cool! Keep going :),1
BOYNEXTDOOR,jizAb-SLvtM,2023-05-25T15:49:48Z,@AkhtarAli-em6sj,Boy next door❤❤,1
BOYNEXTDOOR,jizAb-SLvtM,2023-05-25T15:49:48Z,@nswer_show,OMGGG THAT WAS SO CATCHY ❤❤,1
BOYNEXTDOOR,jizAb-SLvtM,2023-05-25T15:49:40Z,@ShaMiii127,futuer of kpop don&#39;t have much to say just love ur vibe u got it ❤,0
BOYNEXTDOOR,jizAb-SLvtM,2023-05-25T15:49:19Z,@Leo-6g6k,Wow.......Amazing,1
BOYNEXTDOOR,jizAb-SLvtM,2023-05-25T15:49:15Z,@cupidskxll,THEY ARE GORGEOUS STOP,1
BOYNEXTDOOR,jizAb-SLvtM,2023-05-25T15:48:58Z,@armystay95,이거 너무 좋아 사랑에 빠졌어,1
BOYNEXTDOOR,jizAb-SLvtM,2023-05-25T15:48:57Z,@Feniks-1,BOYNEXTDOOR 🎉,0
BOYNEXTDOOR,jizAb-SLvtM,2023-05-25T15:48:50Z,@someone9687,ngl this is catchy and fresh,1
BOYNEXTDOOR,jizAb-SLvtM,2023-05-25T15:48:43Z,@SAZZ2000,Best do lagu dorang,1
BOYNEXTDOOR,jizAb-SLvtM,2023-05-25T15:48:41Z,@elmedina19,Such a unique and catchy song,1
BOYNEXTDOOR,jizAb-SLvtM,2023-05-25T15:48:34Z,@sukranbilal6958,Dinleyen türkler nerdeeee,2
BOYNEXTDOOR,jizAb-SLvtM,2023-05-25T15:48:31Z,@anaradija,"Amei o MV e a música estão incríveis, vibe verão amoo",6
BOYNEXTDOOR,jizAb-SLvtM,2023-05-25T15:48:30Z,@пельменьДжинни,Мне нравится этот концепт,2
BOYNEXTDOOR,jizAb-SLvtM,2023-05-25T15:48:21Z,@lorenjanedeterala3057,My new babies💓,1
BOYNEXTDOOR,jizAb-SLvtM,2023-05-25T15:48:21Z,@trashere,아주 멋진!!👏🏻👏🏻,97
BOYNEXTDOOR,jizAb-SLvtM,2023-05-25T15:48:19Z,@blurryface_.,They are excellent,1
BOYNEXTDOOR,jizAb-SLvtM,2023-05-25T15:48:16Z,@richardbermudez3580,Do they support the gay fans?,0
BOYNEXTDOOR,jizAb-SLvtM,2023-05-25T15:48:15Z,@Sheeee_06,omg I really like this,2
BOYNEXTDOOR,jizAb-SLvtM,2023-05-25T15:48:04Z,@예지앞사-f7n,아 지코 미쳤다.. 이런 남돌 오랜만이야.. 아까까지 돌아버리겠다 듣고 있었는데 요것두 내 취향ㅜㅜㅡ,23
BOYNEXTDOOR,jizAb-SLvtM,2023-05-25T15:48:03Z,@sofiafanti3081,"Non mi aspettavo una canzone così bella, poi siete bellissimi 💜🛐",0
BOYNEXTDOOR,jizAb-SLvtM,2023-05-25T15:48:02Z,@tanujareddyvarkuti2513,Amazing,1
BOYNEXTDOOR,jizAb-SLvtM,2023-05-25T15:48:00Z,@bellebau,Forgot to mention that these boys nextdoor are whole package,1
BOYNEXTDOOR,jizAb-SLvtM,2023-05-25T15:47:59Z,@Happyface_3721,めっちゃかわいいやん,1
BOYNEXTDOOR,jizAb-SLvtM,2023-05-25T15:47:57Z,@lucilanina9530,Gran debut talentosos super tema guapísimos,1
BOYNEXTDOOR,jizAb-SLvtM,2023-05-25T15:47:53Z,@ramalaony7968,It&#39;s kind of refreshing ! 😄,0
BOYNEXTDOOR,jizAb-SLvtM,2023-05-25T15:47:52Z,@t_damn_t1962,Cool!,1
BOYNEXTDOOR,jizAb-SLvtM,2023-05-25T15:47:51Z,@4niyu,ate frl,1
BOYNEXTDOOR,jizAb-SLvtM,2023-05-25T15:47:46Z,@mari_guipereira,"Que preciosos! Bonedo, vcs são tudoooo❤",1
BOYNEXTDOOR,jizAb-SLvtM,2023-05-25T15:47:45Z,@neepagummapu,i like the song!!! its cute and sweet!!!,1
BOYNEXTDOOR,jizAb-SLvtM,2023-05-25T15:47:44Z,@Kang722,Are they already debuted?,1
BOYNEXTDOOR,jizAb-SLvtM,2023-05-25T15:47:37Z,@chimmypark1653,Love it,1
BOYNEXTDOOR,jizAb-SLvtM,2023-05-25T15:47:31Z,@0209flames,I NEED THIS GOING VIRAL FR,2
BOYNEXTDOOR,jizAb-SLvtM,2023-05-25T15:47:26Z,@malawaknailog5620,"No one talk to them, are they getting flop?",1
BOYNEXTDOOR,jizAb-SLvtM,2023-05-25T15:47:21Z,@abjk110,I love it,1
BOYNEXTDOOR,jizAb-SLvtM,2023-05-25T15:47:17Z,@elizabethorellana8223,"Aquí esperando su debut Boynextdoor, la mejor de la suerte",7
BOYNEXTDOOR,jizAb-SLvtM,2023-05-25T15:47:14Z,@soldrk,i staannnn boy next door<br>&lt;333,2
BOYNEXTDOOR,jizAb-SLvtM,2023-05-25T15:47:12Z,@zoee2911,Wow❤❤,0
BOYNEXTDOOR,jizAb-SLvtM,2023-05-25T15:47:10Z,@bhavanaus-0303,Starting to support them from 😍👏 their first mv...,3
BOYNEXTDOOR,jizAb-SLvtM,2023-05-25T15:47:05Z,@4niyu,damnn,2
BOYNEXTDOOR,jizAb-SLvtM,2023-05-25T15:47:01Z,@onyourmutty2007,"KEREEENNN ENAK DI TELINGAAA, SELALU SUPPORT BOYNEXTDOOR YAAAAA, sukses selaluuuuuuu ❤️❤️❤️❤️❤️",38
BOYNEXTDOOR,jizAb-SLvtM,2023-05-25T15:46:56Z,@athsal1,AWWWSSSSS,2
BOYNEXTDOOR,jizAb-SLvtM,2023-05-25T15:46:56Z,@liveyourlife8097,Nice song ❤,1
BOYNEXTDOOR,jizAb-SLvtM,2023-05-25T15:46:56Z,@kangjuki2502,wahh konsepnya fresh bangett.. mogaa sukses yahhh,5
BOYNEXTDOOR,jizAb-SLvtM,2023-05-25T15:46:55Z,@2zzzzzzzzzzzzzz,Ok this my type of song,3
BOYNEXTDOOR,jizAb-SLvtM,2023-05-25T15:46:53Z,@justanotherguy9457,Who will support boynextdoor forever hands up🤚,2
BOYNEXTDOOR,jizAb-SLvtM,2023-05-25T15:46:52Z,@orbitingloonas,deevoraron,3
BOYNEXTDOOR,jizAb-SLvtM,2023-05-25T15:46:52Z,@Lisasslowdancing,재현님  파트 너무 좋다~~~~,11
BOYNEXTDOOR,jizAb-SLvtM,2023-05-25T15:46:46Z,@RoxiePoxie,Esta me gusto más que la anterior ❤,1
BOYNEXTDOOR,jizAb-SLvtM,2023-05-25T15:46:42Z,@amila_suami,THE &quot;KIKIKI KICK IT&quot; PART I-,1
BOYNEXTDOOR,jizAb-SLvtM,2023-05-25T15:46:41Z,@hannamadrid6443,"I love the vibe, the songs, vocals and rap .🥰",1
BOYNEXTDOOR,jizAb-SLvtM,2023-05-25T15:46:34Z,@zuzu1484,LOVE IT !!!! BOYNEXTDOOR FIGHTING &lt;33,1
BOYNEXTDOOR,jizAb-SLvtM,2023-05-25T15:46:32Z,@zhaolusi9,This is nice and better,1
BOYNEXTDOOR,jizAb-SLvtM,2023-05-25T15:46:25Z,@frkhtlauliya,Great song I play it so many times until I go to sleep. This will be my favourite. I support you let&#39;s go to the top together. boynextdoor Go go go let&#39;s go,0
BOYNEXTDOOR,jizAb-SLvtM,2023-05-25T15:46:25Z,@honeypran,They are giving such a fresh vibes,0
BOYNEXTDOOR,jizAb-SLvtM,2023-05-25T15:46:25Z,@amila_suami,AHH SO CUTE,0
BOYNEXTDOOR,jizAb-SLvtM,2023-05-25T15:46:24Z,@kaoutharaitbahi2250,BOYNEXTDOOR❤❤❤,0
BOYNEXTDOOR,jizAb-SLvtM,2023-05-25T15:46:12Z,@bellebau,This is a one whole wonderful vibe,0
BOYNEXTDOOR,jizAb-SLvtM,2023-05-25T15:45:58Z,@zolBalandra,hybe LOVES to film abroad,0
BOYNEXTDOOR,jizAb-SLvtM,2023-05-25T15:45:58Z,@Belxdh,"ME ENCANTAAAA! AMO LA DISCOGRAFÍA DE BOYNEXTDOOR, ESTÁN HACIENDO UN GRAN TRABAJO LOS CHICOS😭💞💞💞💞💞💞💞",2
BOYNEXTDOOR,jizAb-SLvtM,2023-05-25T15:45:57Z,@Nehhhhhhhhhaa,Woohw 미래의 소년 옆집 소년들에게 행운을 빕니다 !! 😌💙✨,76
BOYNEXTDOOR,jizAb-SLvtM,2023-05-25T15:45:48Z,@Venomous00000,MY SISTER IS ONE OF THE DANCERS!!!!,0
BOYNEXTDOOR,jizAb-SLvtM,2023-05-25T15:45:38Z,@feelinglikecinderellanaega6359,Really loved this song 🫶,0
BOYNEXTDOOR,jizAb-SLvtM,2023-05-25T15:45:28Z,@먀망,노래 너무 좋다 진짜,6
BOYNEXTDOOR,jizAb-SLvtM,2023-05-25T15:45:27Z,@known0375,Awesome 👏👏👏👏,0
BOYNEXTDOOR,jizAb-SLvtM,2023-05-25T15:45:25Z,@haechhan,I already love them LOL,0
BOYNEXTDOOR,jizAb-SLvtM,2023-05-25T15:45:18Z,@Kinjal-n,Congratulations BoyNextDoor!<br>You really are the one and only...,1
BOYNEXTDOOR,jizAb-SLvtM,2023-05-25T15:45:11Z,@보라돌이뚜비나나나아,"원앤온리 기분 좋구~  남돌 새 전성기를 열기 바라. 약간 사랑스러운 악동 vibe 앞으로 활동도 기대할게!<br><a href=""https://www.youtube.com/watch?v=jizAb-SLvtM&amp;t=155"">2:35</a> 문단속 실패한 재현",65
BOYNEXTDOOR,jizAb-SLvtM,2023-05-25T15:45:09Z,@tata_maikeu,LAGU ASIK VIBES ASIK SEMUANYA ASIK! <br>SEMANGAT BOYNEXTDOOR!,8
BOYNEXTDOOR,jizAb-SLvtM,2023-05-25T15:45:09Z,@tandat2002,Love this song,0
BOYNEXTDOOR,jizAb-SLvtM,2023-05-25T15:45:03Z,@juliasouza-z,q música viciante,1
BOYNEXTDOOR,jizAb-SLvtM,2023-05-25T15:45:01Z,@Chelsea_ae,wow😮that’s totally amazing!!!😻😻,0
BOYNEXTDOOR,jizAb-SLvtM,2023-05-25T15:44:47Z,@valentinasabandodefranc,I love you🥰🥰🥰🥰💓💙💙💙,0
BOYNEXTDOOR,jizAb-SLvtM,2023-05-25T15:44:45Z,@putiapingki,"Taesan &quot;listen, I&#39;m the one and only&quot; is so addicting!! I love his voice 🫶🏻",1
BOYNEXTDOOR,jizAb-SLvtM,2023-05-25T15:44:45Z,@Camila_Larazzz,Hay más comentarios coreanos,0
BOYNEXTDOOR,jizAb-SLvtM,2023-05-25T15:44:44Z,@dyl.e,WE NEED SPOTIFYYY 😭😭 제발,1
BOYNEXTDOOR,jizAb-SLvtM,2023-05-25T15:44:43Z,@igodhye,노래 겁나 좋다,1
BOYNEXTDOOR,jizAb-SLvtM,2023-05-25T15:44:35Z,@salsyabila-hai,They are so cute w much eeeeee,0
BOYNEXTDOOR,jizAb-SLvtM,2023-05-25T15:44:24Z,@TD_Codi,Man they sound like Zico 😂,0
BOYNEXTDOOR,jizAb-SLvtM,2023-05-25T15:44:08Z,@кортьебугатти,"Who is he? <a href=""https://www.youtube.com/watch?v=jizAb-SLvtM&amp;t=89"">1:29</a>",1
BOYNEXTDOOR,jizAb-SLvtM,2023-05-25T15:44:07Z,@RachelTruong,"Oh new group from HYBE, looks promising",2
BOYNEXTDOOR,jizAb-SLvtM,2023-05-25T15:43:57Z,@Sarah771,Who will support BOYNEXTDOOR forever<br> 👇,1
BOYNEXTDOOR,jizAb-SLvtM,2023-05-25T15:43:54Z,@heyineedsomecd,ZICO I LOVE U,0
BOYNEXTDOOR,jizAb-SLvtM,2023-05-25T15:43:50Z,@lilys_of_the_valley_yt,"Who’s the cutie in the orange &amp; blue sweater??<br>(<a href=""https://www.youtube.com/watch?v=jizAb-SLvtM&amp;t=85"">1:25</a>)",0
BOYNEXTDOOR,jizAb-SLvtM,2023-05-25T15:43:48Z,@7Super_star,데뷔단계에서 완성도가 대단해!! 앞으로 어떻게 되는거야😳,25
BOYNEXTDOOR,jizAb-SLvtM,2023-05-25T15:43:42Z,@LivsWings_,"I really like the stacked melodies in the post chorus, just gorgeous",3
BOYNEXTDOOR,jizAb-SLvtM,2023-05-25T15:43:26Z,@maryamabuali-wm5hn,Let’s support them,0
BOYNEXTDOOR,jizAb-SLvtM,2023-05-25T15:43:25Z,@__aijeong1790,♡,0
BOYNEXTDOOR,jizAb-SLvtM,2023-05-25T15:43:24Z,@yzunxtdoor,nice vibes,1
BOYNEXTDOOR,jizAb-SLvtM,2023-05-25T15:43:23Z,@hkr_jm.13,AAAAAHHH❤✨,1
BOYNEXTDOOR,jizAb-SLvtM,2023-05-25T15:43:20Z,@aanzwiee,&lt;3,0
BOYNEXTDOOR,jizAb-SLvtM,2023-05-25T15:43:17Z,@stopu2004,so cute,0
BOYNEXTDOOR,jizAb-SLvtM,2023-05-25T15:43:15Z,@oppasarmpit,&quot;naturally snatched&quot; is already an iconic line xd,0
BOYNEXTDOOR,jizAb-SLvtM,2023-05-25T15:43:14Z,@artfullyeva,I really really love this song... They are going to rock kpop industry. Lots of love from India 💖,1
BOYNEXTDOOR,jizAb-SLvtM,2023-05-25T15:43:02Z,@iamrsa555,The boyssssss!!!!!!!!! ❤❤❤❤❤❤❤❤❤❤❤❤❤❤,0
BOYNEXTDOOR,jizAb-SLvtM,2023-05-25T15:43:01Z,@kimjunkyu3855,NO WAY,0
BOYNEXTDOOR,jizAb-SLvtM,2023-05-25T15:42:55Z,@jeonmiso2457,I really love it.,0
BOYNEXTDOOR,jizAb-SLvtM,2023-05-25T15:42:53Z,@FansStoryID,Lagunya zico bngtt😎🔥,0
BOYNEXTDOOR,jizAb-SLvtM,2023-05-25T15:42:50Z,@soojinyy,Name of members??,1
BOYNEXTDOOR,jizAb-SLvtM,2023-05-25T15:42:40Z,@wroi_theboy,"This song is such a vibe. Mind someone tell me who is who, coz I am still confuse about their names",0
BOYNEXTDOOR,jizAb-SLvtM,2023-05-25T15:42:27Z,@oogleoo,"I’ve supported Zico for a long time, so excited to see what BOYNEXTDOOR does!!!",0
BOYNEXTDOOR,jizAb-SLvtM,2023-05-25T15:42:20Z,@ujjggjgu,누구임??,0
BOYNEXTDOOR,jizAb-SLvtM,2023-05-25T15:42:15Z,@SAZZ2000,Luvvvvv,0
BOYNEXTDOOR,jizAb-SLvtM,2023-05-25T15:42:15Z,@boysloveplanet,BOYNEXTDOOR I love you! SUNGHO I LOVE YOU SO MUCH!!🥹🫶🏻🥵,0
BOYNEXTDOOR,jizAb-SLvtM,2023-05-25T15:42:15Z,@Nonyil3,Jaehyun is so cool he has the leader Charisma,2
BOYNEXTDOOR,jizAb-SLvtM,2023-05-25T15:41:55Z,@justformeandmabyyou2996,They are sooo talendet we need them on spoty please,0
BOYNEXTDOOR,jizAb-SLvtM,2023-05-25T15:41:55Z,@AmeliaRiska-rf4qs,I can&#39;t choose my bias,1
BOYNEXTDOOR,jizAb-SLvtM,2023-05-25T15:41:53Z,@urs_____4,IH KEREN ANJAY,0
BOYNEXTDOOR,jizAb-SLvtM,2023-05-25T15:41:49Z,@irajkhalid15,Jaehyun is so perfectttttt,1
BOYNEXTDOOR,jizAb-SLvtM,2023-05-25T15:41:49Z,@itsjinxxxx,this boys ortaligi burn yapmak,1
BOYNEXTDOOR,jizAb-SLvtM,2023-05-25T15:41:49Z,@inipitt,Semoga debutnya sukses❤,12
BOYNEXTDOOR,jizAb-SLvtM,2023-05-25T15:41:46Z,@aysun_0717,Çox möhtəmdir!! Uğurlar uşaqlar❤,0
BOYNEXTDOOR,jizAb-SLvtM,2023-05-25T15:41:46Z,@yudihe-iw9jf,仙曲🎉,0
BOYNEXTDOOR,jizAb-SLvtM,2023-05-25T15:41:44Z,@verrin2245,Semangat boynextdoor go go....,0
BOYNEXTDOOR,jizAb-SLvtM,2023-05-25T15:41:44Z,@traineeasuccesfully8174,Keren banget kalian😭😭<br>Ayo dapat ROTY🎉🎉🎉,7
BOYNEXTDOOR,jizAb-SLvtM,2023-05-25T15:41:36Z,@koreaworld9075,SUPPORT OUR BOYS PLEASE !!,1
BOYNEXTDOOR,jizAb-SLvtM,2023-05-25T15:41:36Z,@TeeheeTokki722,Can&#39;t wait for them to debute omggg💖💖 They really suit the aesthetic and the songs are so catchy,0
BOYNEXTDOOR,jizAb-SLvtM,2023-05-25T15:41:32Z,@yudihe-iw9jf,喜欢jaehyun❤,0
BOYNEXTDOOR,jizAb-SLvtM,2023-05-25T15:41:31Z,@P_pellelo,omg this song is so cute,0
BOYNEXTDOOR,jizAb-SLvtM,2023-05-25T15:41:29Z,@aniret.thaibl,"вау, вау, отличное начало 💜",0
BOYNEXTDOOR,jizAb-SLvtM,2023-05-25T15:41:25Z,@jaishreerathorerathore7000,This is missing these days newjeans nd boy next door r the leaders of this gen z,0
BOYNEXTDOOR,jizAb-SLvtM,2023-05-25T15:41:11Z,@dbfjjdbdb.2091,It&#39;s cringe,0
BOYNEXTDOOR,jizAb-SLvtM,2023-05-25T15:41:08Z,@safaamansuurr,Omg,0
BOYNEXTDOOR,jizAb-SLvtM,2023-05-25T15:41:03Z,@yudihe-iw9jf,太好听了啊啊啊啊不愧是zico制作的,0
BOYNEXTDOOR,jizAb-SLvtM,2023-05-25T15:41:03Z,@Nonyil3,Woonhank so cute I can’t 😭😭😭,0
BOYNEXTDOOR,jizAb-SLvtM,2023-05-25T15:40:54Z,@hibbahansari26,Howww cuteeeee,0
BOYNEXTDOOR,jizAb-SLvtM,2023-05-25T15:40:53Z,@ja-zk2hm,I&#39;m loving the vibes this song is giving,0
BOYNEXTDOOR,jizAb-SLvtM,2023-05-25T15:40:48Z,@예쁘다-c5i,Amazing,0
BOYNEXTDOOR,jizAb-SLvtM,2023-05-25T15:40:48Z,@anushkadasila5100,i will surelyy stann themm i lovee the songsss,0
BOYNEXTDOOR,jizAb-SLvtM,2023-05-25T15:40:47Z,@rrriyyyyaaa,APA-APAAN INI?? LUCU BANGET,0
BOYNEXTDOOR,jizAb-SLvtM,2023-05-25T15:40:41Z,@angeliegemarino8590,🥰😍🤩😻❤️❤️❤️❣️❣️❣️👍👍👍👍🔥🔥🔥🔥👏👏👏👏👏,0
BOYNEXTDOOR,jizAb-SLvtM,2023-05-25T15:40:38Z,@LU.33367,Idk know any one in this group but I like their song and everything😭💗,1
BOYNEXTDOOR,jizAb-SLvtM,2023-05-25T15:40:37Z,@idemLeomarys,chicos alegres!😁,0
BOYNEXTDOOR,jizAb-SLvtM,2023-05-25T15:40:37Z,@loco_girl..2201,I going to stan them! They&#39;re my little secret from now!,0
BOYNEXTDOOR,jizAb-SLvtM,2023-05-25T15:40:34Z,@kalaiyarasivellaidurai5239,புத்துணர்வு கொடுக்கும்  பாடல்,0
BOYNEXTDOOR,jizAb-SLvtM,2023-05-25T15:40:33Z,@soojinyy,I’m the one and onlyyyyy,0
BOYNEXTDOOR,jizAb-SLvtM,2023-05-25T15:40:31Z,@jikookiestrcwbrry2414,I already love their songs omg,0
BOYNEXTDOOR,jizAb-SLvtM,2023-05-25T15:40:29Z,@CSTCST19,KIKIKKKKIIKIII,1
BOYNEXTDOOR,jizAb-SLvtM,2023-05-25T15:40:28Z,@tiarass5207,Vibes cowok² tengil,1
BOYNEXTDOOR,jizAb-SLvtM,2023-05-25T15:40:27Z,@tammerkviladze1759,Oh i love the way they sound,0
BOYNEXTDOOR,jizAb-SLvtM,2023-05-25T15:40:21Z,@AlisonAraujo-od9px,Están muy guapos todos😍 y la canción está genial❣️,0
BOYNEXTDOOR,jizAb-SLvtM,2023-05-25T15:40:21Z,@kthmphie,WELCOME GUYS,0
BOYNEXTDOOR,jizAb-SLvtM,2023-05-25T15:40:17Z,@soojinyy,What the name of members please tell meeeee,1
BOYNEXTDOOR,jizAb-SLvtM,2023-05-25T15:40:14Z,@amila_suami,OMG YOU GUYS THIS IS ADORABLE!!,0
BOYNEXTDOOR,jizAb-SLvtM,2023-05-25T15:40:13Z,@JPW_SRii,Boyssss so cute🙌🏻🙌🏻🙌🏻🙌🏻,0
BOYNEXTDOOR,jizAb-SLvtM,2023-05-25T15:40:11Z,@Wanwanchocol,🤍🤍,1
BOYNEXTDOOR,jizAb-SLvtM,2023-05-25T15:40:06Z,@anaradija,Lindosss,2
BOYNEXTDOOR,jizAb-SLvtM,2023-05-25T15:40:01Z,@soojinyy,wow!!!!,0
BOYNEXTDOOR,jizAb-SLvtM,2023-05-25T15:39:57Z,@beomxzy,"the music has already stuck in my head, their voices are incredible and you can see the effort of each one very excited and adorable",1
BOYNEXTDOOR,jizAb-SLvtM,2023-05-25T15:39:56Z,@kthmphie,OMG FINALLY,0
BOYNEXTDOOR,jizAb-SLvtM,2023-05-25T15:39:50Z,@helooo6,they are really the boynextdoor i love that,0
BOYNEXTDOOR,jizAb-SLvtM,2023-05-25T15:39:48Z,@angeliegemarino8590,Wow 😱😻❤️❤️❤️❤️❣️❣️❣️🫰🫰🫰🫰🫶🫶🫶🫶,0
BOYNEXTDOOR,jizAb-SLvtM,2023-05-25T15:39:47Z,@tiarass5207,Gue makin suka sama grup ini,0
BOYNEXTDOOR,jizAb-SLvtM,2023-05-25T15:39:45Z,@mrs_sim9659,This month is literally Hype&#39;s era😭,0
BOYNEXTDOOR,jizAb-SLvtM,2023-05-25T15:39:43Z,@marsyaameliaa,Lucuu bgt 😭😭😭🫶🏻,0
BOYNEXTDOOR,jizAb-SLvtM,2023-05-25T15:39:43Z,@CSTCST19,HIT AFTER HIT,0
BOYNEXTDOOR,jizAb-SLvtM,2023-05-25T15:39:42Z,@MajdaAli,PERFECCCCCTTTTTTTTTTTTTTTTTTTTTTTTTTTTTTTTTTTTTTTTTTTTTTTTTTTTTTTTTTTTTTTTTTTTTTTTT<br>LOVE YOU,0
BOYNEXTDOOR,jizAb-SLvtM,2023-05-25T15:39:40Z,@Iloveyouxoxow,"Welcome, BND!!!",0
BOYNEXTDOOR,jizAb-SLvtM,2023-05-25T15:39:39Z,@mirumiru7642,IM IN LOVE WITH THIS !! EVERYONE STAN BOYNEXTDOOR !! 💗💗💗,0
BOYNEXTDOOR,jizAb-SLvtM,2023-05-25T15:39:34Z,@cartingrara,لييهان بجنن زيادة عن اللزوم احكوله انه مش ضروري يكون بجنن هالقد وجايهيون خلاص سرقني,1
BOYNEXTDOOR,jizAb-SLvtM,2023-05-25T15:39:33Z,@taynara5315,"So cool, I loved so much",0
BOYNEXTDOOR,jizAb-SLvtM,2023-05-25T15:39:29Z,@hnidilwj,MY FAV ONE SO FAR!!,1
BOYNEXTDOOR,jizAb-SLvtM,2023-05-25T15:39:17Z,@EvaPredko,YEEEEEAR KEEP GOING!!!,0
BOYNEXTDOOR,jizAb-SLvtM,2023-05-25T15:39:08Z,@t_t2977,"<a href=""https://www.youtube.com/watch?v=jizAb-SLvtM&amp;t=30"">0:30</a> Zico Era",0
BOYNEXTDOOR,jizAb-SLvtM,2023-05-25T15:39:07Z,@hlaamyooaunng,The abs are showing and allowed for those ages???,0
BOYNEXTDOOR,jizAb-SLvtM,2023-05-25T15:39:06Z,@doctorj33,Perfect song for summer and chillin,1
BOYNEXTDOOR,jizAb-SLvtM,2023-05-25T15:39:04Z,@uuuuuuuvht,❤❤ KEREN BANGET❤❤,1
BOYNEXTDOOR,jizAb-SLvtM,2023-05-25T15:39:03Z,@jus14rmy,I love it 😍,1
BOYNEXTDOOR,jizAb-SLvtM,2023-05-25T15:39:01Z,@shir19n,❤❤❤❤❤❤,1
BOYNEXTDOOR,jizAb-SLvtM,2023-05-25T15:39:01Z,@swetamagar2991,"This mv and the boys looks so fun and happy, just like sunshine ☀️",2
BOYNEXTDOOR,jizAb-SLvtM,2023-05-25T15:38:57Z,@nurulmukaromah5643,Campur tangan Zico gak da lawan. Lagu enak banget. Dukung mereka guys,1
BOYNEXTDOOR,jizAb-SLvtM,2023-05-25T15:38:56Z,@mariahaque4332,<b>*International fans*</b> ?,1
BOYNEXTDOOR,jizAb-SLvtM,2023-05-25T15:38:54Z,@sadiyarahman7965,Woww so cool I fall in love in one side ❤❤❤❤❤❤ love you from India 💓💓💕💕♥️♥️ indian like pls,1
BOYNEXTDOOR,jizAb-SLvtM,2023-05-25T15:38:54Z,@tata_x6630,Woahh...,0
BOYNEXTDOOR,jizAb-SLvtM,2023-05-25T15:38:51Z,@machacaquispemaria7910,Es alegre la canción me gusta &lt;3 la escucharé y la disfrutaré mucho &lt;3&lt;3&lt;3,0
BOYNEXTDOOR,jizAb-SLvtM,2023-05-25T15:38:44Z,@t_t2977,Zicoooo love love,0
BOYNEXTDOOR,jizAb-SLvtM,2023-05-25T15:38:40Z,@VRSopop,Cute 🩷,0
BOYNEXTDOOR,jizAb-SLvtM,2023-05-25T15:38:36Z,@NadiaRibeiro18,Tenke suporta...suporta!,0
BOYNEXTDOOR,jizAb-SLvtM,2023-05-25T15:38:31Z,@mahalima1819,What a very unique song. Kudos to the producer and also to this group 👏👏👏,1
BOYNEXTDOOR,jizAb-SLvtM,2023-05-25T15:38:26Z,@t_t2977,ZİCO MASTERPİECER,1
BOYNEXTDOOR,jizAb-SLvtM,2023-05-25T15:38:24Z,@kep1ian26,Cutiessss they are omg!!! Lesss gaurrrr boynextdoor HWAITING,0
BOYNEXTDOOR,jizAb-SLvtM,2023-05-25T15:38:16Z,@nikiniamandi4952,Perfect my boys 💓💑,0
BOYNEXTDOOR,jizAb-SLvtM,2023-05-25T15:38:04Z,@yuumakun5493,Cuteness overload!!!! 😍 💖 💓 💕 💗 ❤ <br>New amazing boysband to support ❤❤❤,0
BOYNEXTDOOR,jizAb-SLvtM,2023-05-25T15:37:51Z,@zoeeere,"Acabo de conocerlos por esta canción,está muy buena",2
BOYNEXTDOOR,jizAb-SLvtM,2023-05-25T15:37:49Z,@lawartz,"gostei, achei bem massa",0
BOYNEXTDOOR,jizAb-SLvtM,2023-05-25T15:37:42Z,@Xa4ikbyn,"Прекрасные парни, как и сама песня! Обожаю вас",3
BOYNEXTDOOR,jizAb-SLvtM,2023-05-25T15:37:42Z,@sengaaa,完全大快乐！！！！,0
BOYNEXTDOOR,jizAb-SLvtM,2023-05-25T15:37:36Z,@Sam-4107,This song is so catchy! Fighting boysnextdoor ! ❤❤,1
BOYNEXTDOOR,jizAb-SLvtM,2023-05-25T15:37:33Z,@trollfalgar,"When you have a producer whos a perfectionist, you know you&#39;re never gonna be disappointed music wise ❤",0
BOYNEXTDOOR,jizAb-SLvtM,2023-05-25T15:37:31Z,@Uranus.83,Love you guys,0
BOYNEXTDOOR,jizAb-SLvtM,2023-05-25T15:37:27Z,@sengaaa,我好爱 我真的好爱呜呜呜呜,1
BOYNEXTDOOR,jizAb-SLvtM,2023-05-25T15:37:23Z,@うさぎ-c9k,24hrs goal 2M let&#39;s give them,0
BOYNEXTDOOR,jizAb-SLvtM,2023-05-25T15:37:19Z,@Kyhobai,I&#39;M THE ONE AND ONLYYYYyy,0
BOYNEXTDOOR,jizAb-SLvtM,2023-05-25T15:37:19Z,@cartingrara,31min,0
BOYNEXTDOOR,jizAb-SLvtM,2023-05-25T15:37:18Z,@apple2me4you,hello,0
BOYNEXTDOOR,jizAb-SLvtM,2023-05-25T15:37:18Z,@wechiekhro-utsuhah2871,They’re both Cute and Cool 😭🫶🏽,0
BOYNEXTDOOR,jizAb-SLvtM,2023-05-25T15:37:18Z,@Rochy25TK,Me siguen sin terminar de convencer :(   buena suerte chicos espero que tengan un buen debut,0
BOYNEXTDOOR,jizAb-SLvtM,2023-05-25T15:37:14Z,@cisnue,NOW THATS A DEBUT SONG,0
BOYNEXTDOOR,jizAb-SLvtM,2023-05-25T15:37:14Z,@Chihiro-e9n,"main dancers, main vocalists, visuals &amp; centres all in this video.. they&#39;re crazy !",0
BOYNEXTDOOR,jizAb-SLvtM,2023-05-25T15:37:09Z,@jqin-e7u,와 하이브 미쳤네<br>이제 남돌도 드디어 전성기 시작되는 건가?,10
BOYNEXTDOOR,jizAb-SLvtM,2023-05-25T15:37:07Z,@WONCHOUL-og5tw,확실히 지코 프로듀서라 지코 스타일이 나오네요 ㅎ 저는 개인적으로 선공개곡 돌아버리겠어가 더 맘에듭니다^^,2
BOYNEXTDOOR,jizAb-SLvtM,2023-05-25T15:37:06Z,@Mutepuka88,This will catch on really fast. Love the song and the concept . Who are these guys ?,0
BOYNEXTDOOR,jizAb-SLvtM,2023-05-25T15:37:04Z,@mariapadilla7713,"Estan super buena la cancion<br>Es bueno notar que no siempre tengan tantas conceptos tan fuertes, dan la sensaciob de frescura y nuevo",1
BOYNEXTDOOR,jizAb-SLvtM,2023-05-25T15:37:04Z,@dreaminem5017,❤‍🔥🎉 LOVE U 🥰,0
BOYNEXTDOOR,jizAb-SLvtM,2023-05-25T15:37:00Z,@ykki725,Мне так нравится эта песня! ❤,0
BOYNEXTDOOR,jizAb-SLvtM,2023-05-25T15:36:58Z,@うさぎ-c9k,HYBE&#39;S another Talented boys,2
BOYNEXTDOOR,jizAb-SLvtM,2023-05-25T15:36:58Z,@eternalspringday,NATURALLY SNATCHED,0
BOYNEXTDOOR,jizAb-SLvtM,2023-05-25T15:36:57Z,@choso_insano,OMGGGG,0
BOYNEXTDOOR,jizAb-SLvtM,2023-05-25T15:36:52Z,@soranllyrodriguez278,Me encantaaaass,0
BOYNEXTDOOR,jizAb-SLvtM,2023-05-25T15:36:37Z,@norsahaiza,🥰🥰,0
BOYNEXTDOOR,jizAb-SLvtM,2023-05-25T15:36:34Z,@soft_day143,Группы Хайба &gt;&gt;&gt;&gt;&gt;&gt;&gt;💗,0
BOYNEXTDOOR,jizAb-SLvtM,2023-05-25T15:36:34Z,@agnesvika,2 MV easy listening semua 🥰,1
BOYNEXTDOOR,jizAb-SLvtM,2023-05-25T15:36:33Z,@うさぎ-c9k,Taesan and Jaehyun raps are not joke really Zico&#39;s sons,0
BOYNEXTDOOR,jizAb-SLvtM,2023-05-25T15:36:31Z,@softiesofiesoso,They aren&#39;t on Spotify?? Can&#39;t find it,0
BOYNEXTDOOR,jizAb-SLvtM,2023-05-25T15:36:26Z,@Hebaheba09,36 minutes?? 😭,0
BOYNEXTDOOR,jizAb-SLvtM,2023-05-25T15:36:23Z,@LoudlyProudlyLebo,the choreography&gt;&gt;&gt;&gt;,1
BOYNEXTDOOR,jizAb-SLvtM,2023-05-25T15:36:23Z,@c1oudee,all the songs are such a vibe &lt;3 let&#39;s go boynxtdoor!,1
BOYNEXTDOOR,jizAb-SLvtM,2023-05-25T15:36:13Z,@ardhilaland,Ini conceptnya kita crush&#39;in anak tetangga ya? wkwk by the way congratulations for your debut 👏always success and hwaiting! 💖,0
BOYNEXTDOOR,jizAb-SLvtM,2023-05-25T15:36:12Z,@beomxzy,wow they are very talented I wish Boynextdoor every success and let&#39;s support them 🫶💞,3
BOYNEXTDOOR,jizAb-SLvtM,2023-05-25T15:36:09Z,@hamza_mohamed-l6x,they are so pretty 😭♥,1
BOYNEXTDOOR,jizAb-SLvtM,2023-05-25T15:36:02Z,@ainlxoxo5561,Senyumnya Wonhak imut banget,2
BOYNEXTDOOR,jizAb-SLvtM,2023-05-25T15:36:00Z,@ne48154,지코의 컬러가 독이 되는 거 아닐까,0
BOYNEXTDOOR,jizAb-SLvtM,2023-05-25T15:36:00Z,@melinazambrano5686,omg😍,0
BOYNEXTDOOR,jizAb-SLvtM,2023-05-25T15:35:58Z,@ranachowdhury1629,Love from Bangladesh ❤🇧🇩🇧🇩,0
BOYNEXTDOOR,jizAb-SLvtM,2023-05-25T15:35:56Z,@edabris9350,i hate their logo but other than they kinda cute not gonna lie,0
BOYNEXTDOOR,jizAb-SLvtM,2023-05-25T15:35:54Z,@ddelovie,"<a href=""https://www.youtube.com/watch?v=jizAb-SLvtM&amp;t=135"">2:15</a> my favorite part",46
BOYNEXTDOOR,jizAb-SLvtM,2023-05-25T15:35:52Z,@SoyaArmy7,👍🏻👌🏻,0
BOYNEXTDOOR,jizAb-SLvtM,2023-05-25T15:35:45Z,@luanaolivaresyola6457,ESTE GRUPO VA A SER LO MEJORRRR!!!!,1
BOYNEXTDOOR,jizAb-SLvtM,2023-05-25T15:35:44Z,@parbhaverma5913,It is new group what is name of that group,2
BOYNEXTDOOR,jizAb-SLvtM,2023-05-25T15:35:39Z,@boredhooman05,I love this song!!!,0
BOYNEXTDOOR,jizAb-SLvtM,2023-05-25T15:35:39Z,@cartingrara,مبسوطة اني لحقت عليها بدري,0
BOYNEXTDOOR,jizAb-SLvtM,2023-05-25T15:35:39Z,@lethitho7260,Hãy cố lên chàng trai của em  ❤❤❤❤❤❤,1
BOYNEXTDOOR,jizAb-SLvtM,2023-05-25T15:35:32Z,@wonologybiscuitz,next successful boy group of hybe!,0
BOYNEXTDOOR,jizAb-SLvtM,2023-05-25T15:35:31Z,@LoudlyProudlyLebo,their stylist deserves a raise,0
BOYNEXTDOOR,jizAb-SLvtM,2023-05-25T15:35:30Z,@jrmy__,"I&#39;m liking their concept and vibe! So youthful and playful! We need more of these type of concepts for boy groups. Also, I can see that this will be like the main concept for 5th gen bgs just like how dark/edgy/cool concepts for 4th gen bg songs.",0
BOYNEXTDOOR,jizAb-SLvtM,2023-05-25T15:35:23Z,@iketoreijuu6521,crab🦀,0
BOYNEXTDOOR,jizAb-SLvtM,2023-05-25T15:35:21Z,@cartingrara,اسمعوا كلامي بوينيكسدور رح يكون عندهم مستقبل مشرق جدا وسجلوا كلامي💟,0
BOYNEXTDOOR,jizAb-SLvtM,2023-05-25T15:35:18Z,@TomieKawakami.,JAEHYUNNNN BENIM KOCAM OLACAKSINNNN,0
BOYNEXTDOOR,jizAb-SLvtM,2023-05-25T15:35:18Z,@nuraisyah7846,wow,0
BOYNEXTDOOR,jizAb-SLvtM,2023-05-25T15:35:11Z,@lalt.2571,ไอ่ต้าว น่ารักมาก❤,0
BOYNEXTDOOR,jizAb-SLvtM,2023-05-25T15:35:07Z,@purplelagoona,Congrats on the debut... wishing all the success to you in future.,0
BOYNEXTDOOR,jizAb-SLvtM,2023-05-25T15:35:05Z,@hasanbasiribiste62,Boy next door will be the next successful boygroup they just need support so let&#39;s support them!!!,0
BOYNEXTDOOR,jizAb-SLvtM,2023-05-25T15:35:05Z,@stanx1415,I love it !!,0
BOYNEXTDOOR,jizAb-SLvtM,2023-05-25T15:35:01Z,@shmolkat657,"<a href=""https://www.youtube.com/watch?v=jizAb-SLvtM&amp;t=88"">1:28</a> not the heelys 😭",34
BOYNEXTDOOR,jizAb-SLvtM,2023-05-25T15:35:01Z,@yumark23,Beautiful and amazing loved it so much our boys are so cute and handsome love you BOYNEXTDOOR,0
BOYNEXTDOOR,jizAb-SLvtM,2023-05-25T15:34:59Z,@lauravelo7348,I love this group HYBE ALBUM WHEN??,0
BOYNEXTDOOR,jizAb-SLvtM,2023-05-25T15:34:44Z,@hwoonDeurim,whaaat genre,0
BOYNEXTDOOR,jizAb-SLvtM,2023-05-25T15:34:44Z,@adelia.g,"sejauh ini, ada 2 lagu (2 MV) dan pada nyantol semua 😭",2
BOYNEXTDOOR,jizAb-SLvtM,2023-05-25T15:34:43Z,@deletedchannelCH,Unbothered king of security.,0
BOYNEXTDOOR,jizAb-SLvtM,2023-05-25T15:34:39Z,@Sun41iiii,かっこよ！,0
BOYNEXTDOOR,jizAb-SLvtM,2023-05-25T15:34:37Z,@silverrain5305,Boring. sorry  guys,0
BOYNEXTDOOR,jizAb-SLvtM,2023-05-25T15:34:36Z,@kpopfan325,Wala na akong ma comment HAHHAHA,0
BOYNEXTDOOR,jizAb-SLvtM,2023-05-25T15:34:34Z,@girl13sweet,These boys are such a vibe!!!! Congratulations on an amazing debut! ❤,1
BOYNEXTDOOR,jizAb-SLvtM,2023-05-25T15:34:31Z,@Kyhobai,AREADYYYYYY EATIN&#39;,0
BOYNEXTDOOR,jizAb-SLvtM,2023-05-25T15:34:30Z,@yee1su,역시 지야코..애들아 진짜 지코가 챙겨주는만큼 열심히 해야 돼,64
BOYNEXTDOOR,jizAb-SLvtM,2023-05-25T15:34:29Z,@LoudlyProudlyLebo,"I&#39;m absolutely inlove with this concept, I can already tell that they&#39;ll be very popular!",0
BOYNEXTDOOR,jizAb-SLvtM,2023-05-25T15:34:24Z,@hstefn,"eles merecem muito mais reconhecimento, são tão lindos e talentosos ❤",0
BOYNEXTDOOR,jizAb-SLvtM,2023-05-25T15:34:16Z,@bebekoko6963,Sweet song lovely voice dancing boynextdoor♥️♥️♥️♥️♥️♥️🎤🎶💯🔥🔥🔥🎬🙌🙌🙌💋😉👌,1
BOYNEXTDOOR,jizAb-SLvtM,2023-05-25T15:34:14Z,@wprtt3646,💙💙,0
BOYNEXTDOOR,jizAb-SLvtM,2023-05-25T15:34:13Z,@rimilulaji4909,Omg l just love this song. And yea they are the best. I support them and l love them so much.,0
BOYNEXTDOOR,jizAb-SLvtM,2023-05-25T15:34:11Z,@tssukiee,"who&#39;s the guy in middle at <a href=""https://www.youtube.com/watch?v=jizAb-SLvtM&amp;t=77"">1:17</a>",1
BOYNEXTDOOR,jizAb-SLvtM,2023-05-25T15:34:11Z,@Kyhobai,YURRRRRRRRRRRRRR,0
BOYNEXTDOOR,jizAb-SLvtM,2023-05-25T15:34:00Z,@karleeeveee,looking snatch-ed,0
BOYNEXTDOOR,jizAb-SLvtM,2023-05-25T15:33:58Z,@ismotjahan6583,Loved it!!,0
BOYNEXTDOOR,jizAb-SLvtM,2023-05-25T15:33:56Z,@sohnamD,Boy Next Door congratulations for your debut👏 The boys already looks promising💯💥 Fighting BND💜,0
BOYNEXTDOOR,jizAb-SLvtM,2023-05-25T15:33:44Z,@ahrin_09,Wowwww❤❤,1
BOYNEXTDOOR,jizAb-SLvtM,2023-05-25T15:33:43Z,@Aarushi-n3d,it&#39;s so cutee,0
BOYNEXTDOOR,jizAb-SLvtM,2023-05-25T15:33:40Z,@rclvy,lucuu bangett,0
BOYNEXTDOOR,jizAb-SLvtM,2023-05-25T15:33:34Z,@ivanaoliveira3866,This &quot;Representing KOZ&quot; is so addictive,1
BOYNEXTDOOR,jizAb-SLvtM,2023-05-25T15:33:29Z,@shivani6702,Wow 🎉 BoyNextDoor😍,0
BOYNEXTDOOR,jizAb-SLvtM,2023-05-25T15:33:25Z,@channiespell,They&#39;re cute,0
BOYNEXTDOOR,jizAb-SLvtM,2023-05-25T15:33:24Z,@iilarraa,당신은 정말 멋지고 놀랍습니다😍🤗,17
BOYNEXTDOOR,jizAb-SLvtM,2023-05-25T15:33:18Z,@lidiaconte6253,Cuteeeeeee,0
BOYNEXTDOOR,jizAb-SLvtM,2023-05-25T15:33:18Z,@Kpopluvvx,Is this their debut?,0
BOYNEXTDOOR,jizAb-SLvtM,2023-05-25T15:33:09Z,@nehadarji5573,But they can gave better debut song like they new jeans and lesserfem,0
BOYNEXTDOOR,jizAb-SLvtM,2023-05-25T15:33:07Z,@sabibibi1232,"out of topic but i adore riwoo’s smile, he’s literally the cutest 😔🫶",1
BOYNEXTDOOR,jizAb-SLvtM,2023-05-25T15:32:57Z,@chimchim8622,The song is really amazing❤,0
BOYNEXTDOOR,jizAb-SLvtM,2023-05-25T15:32:50Z,@TH0509-kiss,It&#39;s such fun song!,0
BOYNEXTDOOR,jizAb-SLvtM,2023-05-25T15:32:46Z,@덱스터진,지코가 추구하는 확실한 그들만의 색깔에  하이브의 자본이만나 <br> 남자판 뉴진스가 탄생하는 걸지도 모르겠다!!!           maybe this group will be boy version of new jeans~~~~~~~~~!!,2
BOYNEXTDOOR,jizAb-SLvtM,2023-05-25T15:32:41Z,@pannphyu4840,I&#39;m fell in love with Taesan&#39;s voice😭💙,1
BOYNEXTDOOR,jizAb-SLvtM,2023-05-25T15:32:41Z,@and_lune,‪But I like you sounds fresh and fun‬<br>‪One and Only sounds cool‬<br>‪WHAT THE HECK IS SERENADE GONNA DO TO ME 😭‬,1
BOYNEXTDOOR,jizAb-SLvtM,2023-05-25T15:32:36Z,@Kpop_xoxo2057,They&#39;re so talented and amazing LET&#39;S SUPPORT THIS BOYS GUYSSS &lt;33,6
BOYNEXTDOOR,jizAb-SLvtM,2023-05-25T15:32:36Z,@agungpradana3755,BND,0
BOYNEXTDOOR,jizAb-SLvtM,2023-05-25T15:32:29Z,@mariacamilahernandezvargas5432,Que linda canción... Les deseo lo mejor chicos🥰🥰🥰,1
BOYNEXTDOOR,jizAb-SLvtM,2023-05-25T15:32:29Z,@softiesofiesoso,"Love it, where can we see more of the group???",1
BOYNEXTDOOR,jizAb-SLvtM,2023-05-25T15:32:26Z,@WORKNC-g1h,TOUCH?,0
BOYNEXTDOOR,jizAb-SLvtM,2023-05-25T15:32:25Z,@last_month_of_summer,"Ууууииии, мне очень нравится формат этой группы! Такие прелестные ребята, приятная ненавязчивая музыка. Я готова застенить BoyNextDoor уже прямо сейчас!",15
BOYNEXTDOOR,jizAb-SLvtM,2023-05-25T15:32:21Z,@zahra8631,CONGRATS FOR YOUR DEBUT GUYS,2
BOYNEXTDOOR,jizAb-SLvtM,2023-05-25T15:32:20Z,@twicenmixx5995,BOYNEXTDOOR<br><br><br><br>Saranghae,1
BOYNEXTDOOR,jizAb-SLvtM,2023-05-25T15:32:19Z,@simunhon,SO ADORABLE,1
BOYNEXTDOOR,jizAb-SLvtM,2023-05-25T15:32:17Z,@dalla_senpai7014,My eyes are blessed,0
BOYNEXTDOOR,jizAb-SLvtM,2023-05-25T15:32:15Z,@maialeoveanu1223,"The vibe is so fresh, i love it so much",1
BOYNEXTDOOR,jizAb-SLvtM,2023-05-25T15:32:14Z,@Lovedive3377,There&#39;s so many comebacks these days,1
BOYNEXTDOOR,jizAb-SLvtM,2023-05-25T15:32:14Z,@Happy-Fools,I&#39;m so excited Love you guys❤️❤️,0
BOYNEXTDOOR,jizAb-SLvtM,2023-05-25T15:32:14Z,@karii_shhx,I LOVE THESE KINDS OF CONCEPTTT,1
BOYNEXTDOOR,jizAb-SLvtM,2023-05-25T15:32:08Z,@hansikaeveryday,This song is going on my playlist....i love the rain scene....that scene made my day❤❤thank you 😊,1
BOYNEXTDOOR,jizAb-SLvtM,2023-05-25T15:32:07Z,@RS-fk4jd,Im so proud of them !!!!!<br>Oh we got :<br>Taesan fire rap<br>Sungho’s honey voice <br>Jaehyun’s charisma and swaag omg<br>Leehan visuals being everything <br>Riwoo coolness <br>Wonhak to lighten your day <br>Yes thats boynextdoor,0
BOYNEXTDOOR,jizAb-SLvtM,2023-05-25T15:32:07Z,@rockygirl9533,The song and the music video for some reason make me feel nostalgic. Spending my childhood summers with my friends playing at my house then going to the mall and shopping or to the movies.,0
BOYNEXTDOOR,jizAb-SLvtM,2023-05-25T15:32:00Z,@Arthitanew,เค เด็กข้างบ้าน ยอมแล้วค้าบ เข้าด้อม  😂🚪✨,0
BOYNEXTDOOR,jizAb-SLvtM,2023-05-25T15:31:59Z,@FlowerWinery,I’ve never heard of this Kpop group before today but I think I just became a fan.,8
BOYNEXTDOOR,jizAb-SLvtM,2023-05-25T15:31:56Z,@minyoongi2460,"listen, I&#39;m the one and only~~~",0
BOYNEXTDOOR,jizAb-SLvtM,2023-05-25T15:31:44Z,@charlietter.6766,They&#39;re like the boy version of New Jeans. So talented these boys!,8
BOYNEXTDOOR,jizAb-SLvtM,2023-05-25T15:31:43Z,@Jannna.,They are cutie Tho,0
BOYNEXTDOOR,jizAb-SLvtM,2023-05-25T15:31:41Z,@kEN-Sim28,&quot;who&#39;s there? The Boynextdoor!&quot; is so catchy my gosh,1
BOYNEXTDOOR,jizAb-SLvtM,2023-05-25T15:31:38Z,@Jayzee1234,"Woonhak is officially my bias, he is so cute 😍",1
BOYNEXTDOOR,jizAb-SLvtM,2023-05-25T15:31:37Z,@emilys7620,me: <b>smiling widely while watching the entire video</b>,0
BOYNEXTDOOR,jizAb-SLvtM,2023-05-25T15:31:34Z,@Nikarizzzzzzz,LEEHAN❤❤,1
BOYNEXTDOOR,jizAb-SLvtM,2023-05-25T15:31:33Z,@nehadarji5573,Is this jin wrote a,0
BOYNEXTDOOR,jizAb-SLvtM,2023-05-25T15:31:26Z,@divyadeepika5442,I love riwoo and his vocal,0
BOYNEXTDOOR,jizAb-SLvtM,2023-05-25T15:31:20Z,@chankao977,箱推し確定！,0
BOYNEXTDOOR,jizAb-SLvtM,2023-05-25T15:31:18Z,@cupcakejcherry1904,Woah so fresh and awesome 😎,1
BOYNEXTDOOR,jizAb-SLvtM,2023-05-25T15:31:10Z,@diananggreni8049,cuuu banget,0
BOYNEXTDOOR,jizAb-SLvtM,2023-05-25T15:31:07Z,@chocolatemilk982,最後の30秒で可愛さ詰め詰めの演出を出してくるあたり天才すぎる,1
BOYNEXTDOOR,jizAb-SLvtM,2023-05-25T15:31:06Z,@urfavtub_a,SO CUTE🩷🩷🩷🩷🩷🩷,0
BOYNEXTDOOR,jizAb-SLvtM,2023-05-25T15:31:01Z,@mandypinguy,CONGRATULATIONS ON YOUR DEBUT BOYS ❤🎉,0
BOYNEXTDOOR,jizAb-SLvtM,2023-05-25T15:31:01Z,@_iruyvxn,RAPPER JAEHYUNNNN 😭😭😭,0
BOYNEXTDOOR,jizAb-SLvtM,2023-05-25T15:30:54Z,@dihu2h83hd,뭐야 언제 올라왔어ㅠㅠㅠㅠㅠㅠ 내일인 줄 알았는데 아 시차 싫어ㅠㅠㅠㅠㅠㅠ,0
BOYNEXTDOOR,jizAb-SLvtM,2023-05-25T15:30:52Z,@puteriqin,very zico flavorrrr will support them uwu,0
BOYNEXTDOOR,jizAb-SLvtM,2023-05-25T15:30:49Z,@elicomentary,Waaaa really surprise me,1
BOYNEXTDOOR,jizAb-SLvtM,2023-05-25T15:30:49Z,@piartsy_02,This song is so catchy &gt;&lt; ❤,0
BOYNEXTDOOR,jizAb-SLvtM,2023-05-25T15:30:46Z,@lojilojeu,🤍,0
BOYNEXTDOOR,jizAb-SLvtM,2023-05-25T15:30:43Z,@hyundts,the second verse is catchy af,1
BOYNEXTDOOR,jizAb-SLvtM,2023-05-25T15:30:36Z,@vic7694,is that the same shopping mall txt were in 😭😭,1
BOYNEXTDOOR,jizAb-SLvtM,2023-05-25T15:30:31Z,@minguueeee,Aaaaaa lovee this songg😭❤️,0
BOYNEXTDOOR,jizAb-SLvtM,2023-05-25T15:30:30Z,@DUYA_16,waittttt I luv this song... i don&#39;t know why but this music is very cute...,0
BOYNEXTDOOR,jizAb-SLvtM,2023-05-25T15:30:30Z,@RiReLand,Wow. Loved it 🥰,0
BOYNEXTDOOR,jizAb-SLvtM,2023-05-25T15:30:29Z,@_iruyvxn,STREAAAAAAAMMMMM,0
BOYNEXTDOOR,jizAb-SLvtM,2023-05-25T15:30:26Z,@candybomb6094,This song is so aesthetic and cutie I love it!,1
BOYNEXTDOOR,jizAb-SLvtM,2023-05-25T15:30:20Z,@chan-pu5ej,Wow the melody is addicting,0
BOYNEXTDOOR,jizAb-SLvtM,2023-05-25T15:30:18Z,@afinfau4884,so freshh,0
BOYNEXTDOOR,jizAb-SLvtM,2023-05-25T15:30:17Z,@tyutyunyon,I liked the song! wanted to dance immediately:),0
BOYNEXTDOOR,jizAb-SLvtM,2023-05-25T15:30:13Z,@kittynyan11,"хлопчики, це розйобчік",0
BOYNEXTDOOR,jizAb-SLvtM,2023-05-25T15:30:10Z,@airpig9182,남돌은 분발하자. txt까지는 그렇다 치고 그 다음 남돌부터는 다 섞어놓고 랜덤으로 나눠도 누가 누구고 누구 노래인지 구분을 못할 거 같아. 업계 전략이 10대만 공략하자는 거면 어쩔 수 없지만 말이야. bts가 후배 남돌 보면 무슨 생각 할지 씁쓸하다.,0
BOYNEXTDOOR,jizAb-SLvtM,2023-05-25T15:30:06Z,@catherineabena5720,I really love the music from them so far!,0
BOYNEXTDOOR,jizAb-SLvtM,2023-05-25T15:30:06Z,@nightshine2370,Idk why I saw many people say -ve about their music cuz I honestly like n enjoying their song n how they sound.,1
BOYNEXTDOOR,jizAb-SLvtM,2023-05-25T15:30:05Z,@nayla6679,IM ALREADY HYPED😝,2
BOYNEXTDOOR,jizAb-SLvtM,2023-05-25T15:30:05Z,@lulushell3203,I&#39;m addicted to:,1
BOYNEXTDOOR,jizAb-SLvtM,2023-05-25T15:30:01Z,@juwitayuliana6976,Kalian keren bangettt pokonyaa!!!,1
BOYNEXTDOOR,jizAb-SLvtM,2023-05-25T15:30:01Z,@FionaKelly1299,So naturally and we can see that they use. A lot filmed in overseas and a whole shopping mall🤍🙆🏻‍♀️,1
BOYNEXTDOOR,jizAb-SLvtM,2023-05-25T15:30:00Z,@alefyaadnan8771,Why aren&#39;t they on Spotify?,2
BOYNEXTDOOR,jizAb-SLvtM,2023-05-25T15:30:00Z,@_ImmanuelSidharthMJ,That&#39;s FIREEEEEEE❤❤❤,1
BOYNEXTDOOR,jizAb-SLvtM,2023-05-25T15:29:56Z,@sayaliavhad6304,Hello World.. This is BOYNEXTDOOR.. was so iconic 🚪🧒🏻,2
BOYNEXTDOOR,jizAb-SLvtM,2023-05-25T15:29:54Z,@YoureMyCherryOnTop143,Aaaa this is so fun &amp; adorable I love it! I can’t wait to see those guys to shine up really soon with their debut 😁,0
BOYNEXTDOOR,jizAb-SLvtM,2023-05-25T15:29:53Z,@jianne9133,AAAAAAAAA ILY GUYS,0
BOYNEXTDOOR,jizAb-SLvtM,2023-05-25T15:29:49Z,@wavetosara,"<a href=""https://www.youtube.com/watch?v=jizAb-SLvtM&amp;t=153"">2:33</a> oh no bias alert",5
BOYNEXTDOOR,jizAb-SLvtM,2023-05-25T15:29:49Z,@addin7514,THE VIBEEEEEE!!!!!!,0
BOYNEXTDOOR,jizAb-SLvtM,2023-05-25T15:29:44Z,@gerlynmecono7763,I love your songs .. sounds so fresh 💕,0
BOYNEXTDOOR,jizAb-SLvtM,2023-05-25T15:29:43Z,@juwitayuliana6976,Woonhak kiyowokkk❤❤❤,0
BOYNEXTDOOR,jizAb-SLvtM,2023-05-25T15:29:40Z,@dabyduran9039,"the song is so fun, love it, perfect for summer, so fresh ^^",0
BOYNEXTDOOR,jizAb-SLvtM,2023-05-25T15:29:35Z,@a.z9896,Wow,0
BOYNEXTDOOR,jizAb-SLvtM,2023-05-25T15:29:30Z,@kEN-Sim28,Iove this song,0
BOYNEXTDOOR,jizAb-SLvtM,2023-05-25T15:29:27Z,@memelia08,I feel fall for their charm,0
BOYNEXTDOOR,jizAb-SLvtM,2023-05-25T15:29:25Z,@n1jyu,ㄴㅓ무좋다,2
BOYNEXTDOOR,jizAb-SLvtM,2023-05-25T15:29:24Z,@afinfau4884,why it&#39;s so cute😂🤣,2
BOYNEXTDOOR,jizAb-SLvtM,2023-05-25T15:29:24Z,@ladymargarettan618,BOP!!!,0
BOYNEXTDOOR,jizAb-SLvtM,2023-05-25T15:29:22Z,@chesseisyourfriend,ONE AND ONLY SOTY ‼️‼️,0
BOYNEXTDOOR,jizAb-SLvtM,2023-05-25T15:29:20Z,@-lina-malina-,"Не знакома с группой, но камбэк очень понравился! Красивая картинка, все гармонично и глазу приятно смотреть и песня тоже хорошая. Удачи ребятам, они крутые и мега талантливые❤️🍀",17
BOYNEXTDOOR,jizAb-SLvtM,2023-05-25T15:29:18Z,@hy.82,I love those songs writers from hybe😭😭😭😭😭😭😭simmm,0
BOYNEXTDOOR,jizAb-SLvtM,2023-05-25T15:29:18Z,@jaxmn1398,"best boys!!<br>حبايبي والله اتمنى تبدا شهرتكم<br>عارفين انكم تاخذون العقل ,,,",0
BOYNEXTDOOR,jizAb-SLvtM,2023-05-25T15:29:16Z,@simunhon,THIS IS SO COOL IT MAKES ME WANT TO CRY. IT&#39;S ALL SO SWEET AND REFRESHING,0
BOYNEXTDOOR,jizAb-SLvtM,2023-05-25T15:29:10Z,@ngotanat7539,I love this song,0
BOYNEXTDOOR,jizAb-SLvtM,2023-05-25T15:29:08Z,@goksuafacan8742,I hope you get what you deserve guys,0
BOYNEXTDOOR,jizAb-SLvtM,2023-05-25T15:29:08Z,@geetatyagi7680,Congratulations on you debut,0
BOYNEXTDOOR,jizAb-SLvtM,2023-05-25T15:29:07Z,@umabanerjee09,"Really HYBE is focusing on new k-pop groups but they don&#39;t do nothing when it&#39;s come BTS. They don&#39;t deserve this all 💔, they&#39;re going through a lot of stuff.",0
BOYNEXTDOOR,jizAb-SLvtM,2023-05-25T15:29:05Z,@daniopus9115,ahhh so adorable!!,0
BOYNEXTDOOR,jizAb-SLvtM,2023-05-25T15:29:04Z,@fatumatadiatta8244,oh sh** I luv it it&#39;s so fresh I luv the kikikiki keep ballin,0
BOYNEXTDOOR,jizAb-SLvtM,2023-05-25T15:28:59Z,@fajaranugrah3503,Lagunya enak sihhh ini,0
BOYNEXTDOOR,jizAb-SLvtM,2023-05-25T15:28:58Z,@vickih5423,What a bop!  So catchy!,0
BOYNEXTDOOR,jizAb-SLvtM,2023-05-25T15:28:46Z,@Uranus.83,The song will be very successful,3
BOYNEXTDOOR,jizAb-SLvtM,2023-05-25T15:28:46Z,@kuroastea,we need a dance practice and a stage performance asap???? 😮‍💨,0
BOYNEXTDOOR,jizAb-SLvtM,2023-05-25T15:28:45Z,@ssyawssyaw,Ahhhh kiyowoooooo!!!,0
BOYNEXTDOOR,jizAb-SLvtM,2023-05-25T15:28:39Z,@ivannavarza462,&lt;3,0
BOYNEXTDOOR,jizAb-SLvtM,2023-05-25T15:28:39Z,@shaffinaazami,OMG I LOVE THIS,0
BOYNEXTDOOR,jizAb-SLvtM,2023-05-25T15:28:34Z,@benjaminchaleaguilar3782,It&#39;s time to stan rockies,0
BOYNEXTDOOR,jizAb-SLvtM,2023-05-25T15:28:32Z,@BlueYozo,koz여서 그런가 랩 잘하네,3
BOYNEXTDOOR,jizAb-SLvtM,2023-05-25T15:28:32Z,@whotfisleoactually,is that just me or they are like newjeans but actually they are boys,4
BOYNEXTDOOR,jizAb-SLvtM,2023-05-25T15:28:27Z,@shaffinaazami,THIS IS BOP!!!,1
BOYNEXTDOOR,jizAb-SLvtM,2023-05-25T15:28:26Z,@Isabeltoweraphiri2024,Wish u the best in everything u do,2
BOYNEXTDOOR,jizAb-SLvtM,2023-05-25T15:28:25Z,@myaphupwintsoe1362,아주 너무 엄청 많이 좋아ㅠㅠ<br>모두들은 아주 귀엽고 잘생기고 예쁘고 완벽해요💕✨<br>뮤비도 아주 완벽하고 목소리도 엄청 달콤하고 춤도 완벽해요<br>BOYNEXTDOOR! Fighting!🫶🏻🫰🏻,48
BOYNEXTDOOR,jizAb-SLvtM,2023-05-25T15:28:24Z,@bngtantaetae,they’re like the boy version of NewJeans it’s so cute,1
BOYNEXTDOOR,jizAb-SLvtM,2023-05-25T15:28:20Z,@Warmsunny,It looks so fun,0
BOYNEXTDOOR,jizAb-SLvtM,2023-05-25T15:28:20Z,@_youknowme9342,I am fan now... totally !!,0
BOYNEXTDOOR,jizAb-SLvtM,2023-05-25T15:28:13Z,@yosh4797,aww this is so cute and the song is catchy,1
BOYNEXTDOOR,jizAb-SLvtM,2023-05-25T15:28:13Z,@norashkim944,That woonhak red boots🤣,2
BOYNEXTDOOR,jizAb-SLvtM,2023-05-25T15:28:13Z,@pazzang2410,❤❤,0
BOYNEXTDOOR,jizAb-SLvtM,2023-05-25T15:28:12Z,@taiga_0_083,Gostei muito das transições e da estética do mv,0
BOYNEXTDOOR,jizAb-SLvtM,2023-05-25T15:28:10Z,@lvkoo97,antes del millón de visitas,0
BOYNEXTDOOR,jizAb-SLvtM,2023-05-25T15:28:09Z,@ILlyu1107,Best song.. ❤❤❤.. I already falling with them,1
BOYNEXTDOOR,jizAb-SLvtM,2023-05-25T15:28:07Z,@alexandria8501,So cute ❤,0
BOYNEXTDOOR,jizAb-SLvtM,2023-05-25T15:28:00Z,@ashtnthekid,GO BOYSSSSSSS,0
BOYNEXTDOOR,jizAb-SLvtM,2023-05-25T15:27:59Z,@divaletichia2123,Lagunya asik banget woii✨<br>Sukses debutnyaaa,5
BOYNEXTDOOR,jizAb-SLvtM,2023-05-25T15:27:56Z,@minyuihatake8147,No puede ser!! Es tan hermoso😭😭♥️,0
BOYNEXTDOOR,jizAb-SLvtM,2023-05-25T15:27:56Z,@milagroscoricaza4535,"let&#39;s stream<br>😻",2
BOYNEXTDOOR,jizAb-SLvtM,2023-05-25T15:27:54Z,@lulukanisa1124,Apa mereka adalah newjeans ver. Boy ? Style dan lagu mereka terlihat mirip,0
BOYNEXTDOOR,jizAb-SLvtM,2023-05-25T15:27:49Z,@woonhakii,LISTEN IM THE ONE AND ONLY,0
BOYNEXTDOOR,jizAb-SLvtM,2023-05-25T15:27:47Z,@Nabiie_12060,"Congratulations for your debut I think I became a fan really fast lol, ly all of you look gorgeous ❤❤",0
BOYNEXTDOOR,jizAb-SLvtM,2023-05-25T15:27:46Z,@iiiiillllliliii,엔시티 노래같다.,0
BOYNEXTDOOR,jizAb-SLvtM,2023-05-25T15:27:43Z,@re_7_a,可愛すぎだろ、、、,0
BOYNEXTDOOR,jizAb-SLvtM,2023-05-25T15:27:40Z,@wj_hoonist3833,ANG POGI MO NAMAN TAESAN T=T,0
BOYNEXTDOOR,jizAb-SLvtM,2023-05-25T15:27:39Z,@rehuelgrace,Kangoroo by Wannaone vibes😮,0
BOYNEXTDOOR,jizAb-SLvtM,2023-05-25T15:27:37Z,@æsmaa20,This .... they ate😮,0
BOYNEXTDOOR,jizAb-SLvtM,2023-05-25T15:27:35Z,@Uranus.83,The song is very nice,2
BOYNEXTDOOR,jizAb-SLvtM,2023-05-25T15:27:35Z,@FiremanHerdiana,NEW JEAN BOYS VERSION,0
BOYNEXTDOOR,jizAb-SLvtM,2023-05-25T15:27:34Z,@eipwintphyu3219,They’re so talented and I can watch this all day without taking a break 😭😭,3
BOYNEXTDOOR,jizAb-SLvtM,2023-05-25T15:27:34Z,@iconicblue8475,NICEEE,1
BOYNEXTDOOR,jizAb-SLvtM,2023-05-25T15:27:28Z,@AA-fu7zu,I LOVE THIS!!,2
BOYNEXTDOOR,jizAb-SLvtM,2023-05-25T15:27:21Z,@thm2021,I loved the song,2
BOYNEXTDOOR,jizAb-SLvtM,2023-05-25T15:27:16Z,@sarabaldassarre7829,my boysssss,2
BOYNEXTDOOR,jizAb-SLvtM,2023-05-25T15:27:16Z,@tatacooky8615,KEREN BAT GES ASLI,0
BOYNEXTDOOR,jizAb-SLvtM,2023-05-25T15:27:11Z,@_hyunlixdaquebrada._.,Cadê os fãs brazucas?,1
BOYNEXTDOOR,jizAb-SLvtM,2023-05-25T15:27:11Z,@biomttu,Me encanta este mv,1
BOYNEXTDOOR,jizAb-SLvtM,2023-05-25T15:27:10Z,@clarabananaana,Vamos apoiar os meninos!,5
BOYNEXTDOOR,jizAb-SLvtM,2023-05-25T15:27:10Z,@TULIPS-sz4wh,Guys it&#39;s so addictive,2
BOYNEXTDOOR,jizAb-SLvtM,2023-05-25T15:27:04Z,@Uranus.83,To continue to support the Boy Next Door,0
BOYNEXTDOOR,jizAb-SLvtM,2023-05-25T15:27:03Z,@zhreee9825,ZICOO NEVER FAILSSS,1
BOYNEXTDOOR,jizAb-SLvtM,2023-05-25T15:27:01Z,@stereotype1201,เพลงดีนะ,0
BOYNEXTDOOR,jizAb-SLvtM,2023-05-25T15:26:56Z,@うさぎ-c9k,Their songs give me fresh vibes,2
BOYNEXTDOOR,jizAb-SLvtM,2023-05-25T15:26:53Z,@themoleunderiwooslefteye,I can&#39;t get my eyes out from this 😭 I love it so much ❤️❤️,1
BOYNEXTDOOR,jizAb-SLvtM,2023-05-25T15:26:53Z,@hoonbarbie,Underwhelming? Can anyone sing out of these ?,0
BOYNEXTDOOR,jizAb-SLvtM,2023-05-25T15:26:52Z,@alizsanto672,Love itt,1
BOYNEXTDOOR,jizAb-SLvtM,2023-05-25T15:26:50Z,@yankeeokk1629,They will be big 💯,1
BOYNEXTDOOR,jizAb-SLvtM,2023-05-25T15:26:48Z,@user-cc8ce9dz1z,え、なんか新しい、、、いい曲すぎるだろ、、、さすがzicoプロデュースだけあるわ,3
BOYNEXTDOOR,jizAb-SLvtM,2023-05-25T15:26:42Z,@dlnzna,MY FAVOURITE SOOONGGG LOVE THEM ALREADY🫶🏻,1
BOYNEXTDOOR,jizAb-SLvtM,2023-05-25T15:26:42Z,@بلينك-و1س,WOW l love a song💗,1
BOYNEXTDOOR,jizAb-SLvtM,2023-05-25T15:26:40Z,@rafyaps,REPRESENTING KOZ !!!,0
BOYNEXTDOOR,jizAb-SLvtM,2023-05-25T15:26:38Z,@mell6000,who&#39;s opening the door in the beginning of the mv??,0
BOYNEXTDOOR,jizAb-SLvtM,2023-05-25T15:26:33Z,@Your-master-S1,❤❤❤,0
BOYNEXTDOOR,jizAb-SLvtM,2023-05-25T15:26:27Z,@rafyaps,SLAY MY BOYS,1
BOYNEXTDOOR,jizAb-SLvtM,2023-05-25T15:26:27Z,@corbndnct,OMGG I LOVE THE VIDEO AND THE SONGGG,2
BOYNEXTDOOR,jizAb-SLvtM,2023-05-25T15:26:22Z,@cupy_army,Me gustas :),1
BOYNEXTDOOR,jizAb-SLvtM,2023-05-25T15:26:20Z,@Jk-qp2oo,BOYNEXTDOOR SO cute,1
BOYNEXTDOOR,jizAb-SLvtM,2023-05-25T15:26:15Z,@soyArmyboy-v5r,"Tengo muchas expectativas con este talentoso nuevo grupo,hay que apoyarlos ❤",9
BOYNEXTDOOR,jizAb-SLvtM,2023-05-25T15:26:14Z,@JINJIN_FUNNY,Boy next ​door​❤❤,1
BOYNEXTDOOR,jizAb-SLvtM,2023-05-25T15:26:11Z,@jungkoook.1997,one and only boynextdoor🫶🏼,1
BOYNEXTDOOR,jizAb-SLvtM,2023-05-25T15:26:01Z,@ririnrida2165,Wahhhh😊😊😊❤,0
BOYNEXTDOOR,jizAb-SLvtM,2023-05-25T15:26:01Z,@mimbaryanimimbaryani1813,Mantul,0
BOYNEXTDOOR,jizAb-SLvtM,2023-05-25T15:26:01Z,@Senaloves,Woah I love everything about this song🥹❤️,1
BOYNEXTDOOR,jizAb-SLvtM,2023-05-25T15:25:58Z,@trollfalgar,Sungho surprised me with that voice gd ❤❤,0
BOYNEXTDOOR,jizAb-SLvtM,2023-05-25T15:25:53Z,@lveisanswer,ANOTHER GROUP FOR STANNING NO PLEASEEE 😭😭😭💀💀💀,1
BOYNEXTDOOR,jizAb-SLvtM,2023-05-25T15:25:53Z,@bev__957,Love it ! ❤❤,1
BOYNEXTDOOR,jizAb-SLvtM,2023-05-25T15:25:53Z,@abcdlove914,❤,2
BOYNEXTDOOR,jizAb-SLvtM,2023-05-25T15:25:51Z,@descomifionalki3024,SOOO PERFECT,1
BOYNEXTDOOR,jizAb-SLvtM,2023-05-25T15:25:50Z,@evnost,рыдаю с этих мальчиков,0
BOYNEXTDOOR,jizAb-SLvtM,2023-05-25T15:25:48Z,@sofiebacklund915,👏👏👏👌,0
BOYNEXTDOOR,jizAb-SLvtM,2023-05-25T15:25:43Z,@RYU-mf1ni,THEYRE GONNA BE SENSATIONALL!!!<br>CANT WAIT FOR THEIR DEBUT,1
BOYNEXTDOOR,jizAb-SLvtM,2023-05-25T15:25:38Z,@LlamaDrama7788,😍 Omg so adorable!!!,0
BOYNEXTDOOR,jizAb-SLvtM,2023-05-25T15:25:34Z,@wardahmutmainah9883,😍😍😍,0
BOYNEXTDOOR,jizAb-SLvtM,2023-05-25T15:25:26Z,@inndaribhaitis,stop they&#39;re so cute 😭,1
BOYNEXTDOOR,jizAb-SLvtM,2023-05-25T15:25:21Z,@lulu18-82,"Boy next door You are very cool and talented, a brilliant future awaits you! Thank you for such beautiful songs) I admire you guys!))",2
BOYNEXTDOOR,jizAb-SLvtM,2023-05-25T15:25:21Z,@celestesocano7978,"El MV quedo estupendo, la energía y vibras qué dan es increíble. ❤<br>Boynextdoor, Fighting 🔥✨",3
BOYNEXTDOOR,jizAb-SLvtM,2023-05-25T15:25:19Z,@komfort_zdes,"잘했어, 계속 이쪽으로!!🎊💝",27
BOYNEXTDOOR,jizAb-SLvtM,2023-05-25T15:25:15Z,@talithaqatrunada,"lagunya asik begete, SUKAAAAK",0
BOYNEXTDOOR,jizAb-SLvtM,2023-05-25T15:25:10Z,@Vivian_Nguyen_Waage,STAN BOYNEXTDOOR,0
BOYNEXTDOOR,jizAb-SLvtM,2023-05-25T15:25:08Z,@babybabuzhon,BOYS DKDJFJDUDIDI❤❤🎉,0
BOYNEXTDOOR,jizAb-SLvtM,2023-05-25T15:25:06Z,@mnjllo,AMEI ESSA,0
BOYNEXTDOOR,jizAb-SLvtM,2023-05-25T15:25:03Z,@magdalena22896,AMAZING MV AND SONG!!!,1
BOYNEXTDOOR,jizAb-SLvtM,2023-05-25T15:25:03Z,@babybabuzhon,BOYS DKDJFJDUDIDI❤❤🎉,0
BOYNEXTDOOR,jizAb-SLvtM,2023-05-25T15:25:02Z,@nysa-5976,"cool, ill stan them? nice song! 🌟",1
BOYNEXTDOOR,jizAb-SLvtM,2023-05-25T15:25:02Z,@sssolaveam5054,I LOVE THEMMMM,0
BOYNEXTDOOR,jizAb-SLvtM,2023-05-25T15:25:01Z,@colljsjon,"i love it, so much",0
BOYNEXTDOOR,jizAb-SLvtM,2023-05-25T15:24:59Z,@zanveehossain5906,I want their fandom name to be neighbor,0
BOYNEXTDOOR,jizAb-SLvtM,2023-05-25T15:24:58Z,@itxkash_,Very nice,1
BOYNEXTDOOR,jizAb-SLvtM,2023-05-25T15:24:57Z,@ais_avery,좋아🐟💦,0
BOYNEXTDOOR,jizAb-SLvtM,2023-05-25T15:24:56Z,@ADK_Music,Guys I need you on Spotify soooooooooo bad 😿😿😿😿😿,1
BOYNEXTDOOR,jizAb-SLvtM,2023-05-25T15:24:51Z,@its_Gin,"is it just me or woonhak&#39;s smile is really contagious?? and riwoo&#39;s too, like I can&#39;t help but smile when I saw them",0
BOYNEXTDOOR,jizAb-SLvtM,2023-05-25T15:24:51Z,@iiyhgf8,Is this a new kpop group?,1
BOYNEXTDOOR,jizAb-SLvtM,2023-05-25T15:24:48Z,@babybabuzhon,BOYS DKDJFJDUDIDI❤❤🎉,0
BOYNEXTDOOR,jizAb-SLvtM,2023-05-25T15:24:47Z,@thisuserceasedtoexist,fuuuun !!!,0
BOYNEXTDOOR,jizAb-SLvtM,2023-05-25T15:24:47Z,@ameliacarpinteyro6767,"Wow it&#39;s incredible, I love it, they look great as always, I thank you for your effort and we will give you all the love you deserve, we will stream so that it reaches more people I LOVE YOU ♡",1
BOYNEXTDOOR,jizAb-SLvtM,2023-05-25T15:24:46Z,@zeldapastel7846,"They have my full support i now hereby stan <a href=""http://www.youtube.com/results?search_query=%23boynextdoor"">#BOYNEXTDOOR</a>",0
BOYNEXTDOOR,jizAb-SLvtM,2023-05-25T15:24:45Z,@ain4ily,the best song,1
BOYNEXTDOOR,jizAb-SLvtM,2023-05-25T15:24:41Z,@ais_avery,좋아🐟💦,0
BOYNEXTDOOR,jizAb-SLvtM,2023-05-25T15:24:37Z,@lemizinga7578,Ok I see the vision now.... welcome boys,0
BOYNEXTDOOR,jizAb-SLvtM,2023-05-25T15:24:36Z,@thuongdinh8843,I love this song,0
BOYNEXTDOOR,jizAb-SLvtM,2023-05-25T15:24:33Z,@tofikt9,24 minutes completion 😂,0
BOYNEXTDOOR,jizAb-SLvtM,2023-05-25T15:24:29Z,@Maybornonmay2714,Who will support BOYNEXTDOOR forever?<br>👇,2
BOYNEXTDOOR,jizAb-SLvtM,2023-05-25T15:24:28Z,@ShinriyuHyuuga,The raining part is so cool,0
BOYNEXTDOOR,jizAb-SLvtM,2023-05-25T15:24:28Z,@abigail671,Damn listen I&#39;m n only,0
BOYNEXTDOOR,jizAb-SLvtM,2023-05-25T15:24:27Z,@knowlesknowles1356,You can fully feel ZICO&#39;s vibe especially at the 1st one minute..... I love it... Boys nextdoor great songs,4
BOYNEXTDOOR,jizAb-SLvtM,2023-05-25T15:24:23Z,@Mooochabean,Lol the heeleys 🔥🔥🔥 such a cute song,0
BOYNEXTDOOR,jizAb-SLvtM,2023-05-25T15:24:20Z,@alexthearmy,"I love it, it&#39;s catchy, sweet and energetic... this group and its song are the whole package.",1
BOYNEXTDOOR,jizAb-SLvtM,2023-05-25T15:24:17Z,@ifwelivefast,woww i love ittt,0
BOYNEXTDOOR,jizAb-SLvtM,2023-05-25T15:24:16Z,@Sweet7Girl,"BOYNEXTDOOR самые лучшие, с прекрасным дебютом, удачи вам ребят.",12
BOYNEXTDOOR,jizAb-SLvtM,2023-05-25T15:24:15Z,@Nessie_es,OMG I like it!!!!,2
BOYNEXTDOOR,jizAb-SLvtM,2023-05-25T15:24:14Z,@annanouman8472,Yeahhhh BOYNEXTDOOR our one and only!!!💖✨😭💖✨😭,2
BOYNEXTDOOR,jizAb-SLvtM,2023-05-25T15:24:12Z,@norajeon7763,I think Woonhak is my bias and that rapper don&#39;t his name yet.,1
BOYNEXTDOOR,jizAb-SLvtM,2023-05-25T15:24:11Z,@cherryontop2082,"they are really like newjeans&#39; boy version. and you can really feel the vibes of zico from this song. nonetheless, let&#39;s all support BOYNEXTDOOR!!!",1
BOYNEXTDOOR,jizAb-SLvtM,2023-05-25T15:24:08Z,@Coffee_Coffee30,So cute 💗 I’m excited for what BOYSNEXTDOOR is going to do !!💖,0
BOYNEXTDOOR,jizAb-SLvtM,2023-05-25T15:24:07Z,@pepperann678,Putting them all in SHINEE blue hoodies and releasing it today? I’m going to lie to myself and say thank you to ZICO.,0
BOYNEXTDOOR,jizAb-SLvtM,2023-05-25T15:24:07Z,@stay_loving,💟💟,1
BOYNEXTDOOR,jizAb-SLvtM,2023-05-25T15:24:06Z,@PunkyDRuffy,I love their vibe so much omg,1
BOYNEXTDOOR,jizAb-SLvtM,2023-05-25T15:23:57Z,@soongg,Удачи лучики ❤,0
BOYNEXTDOOR,jizAb-SLvtM,2023-05-25T15:23:55Z,@raymunddevega,i love them already!,1
BOYNEXTDOOR,jizAb-SLvtM,2023-05-25T15:23:54Z,@Aokumzuklongchar,nice mv👌👌👌👌👌,0
BOYNEXTDOOR,jizAb-SLvtM,2023-05-25T15:23:51Z,@marialancherosespanol7339,que hermoso me encanta,0
BOYNEXTDOOR,jizAb-SLvtM,2023-05-25T15:23:47Z,@knownasniaa,"считаю себя олдом 😂 концепция интересная и цепляющая, немного Американский вайб, тинейджерские годы<br>жду не дождусь дебюта!",1
BOYNEXTDOOR,jizAb-SLvtM,2023-05-25T15:23:42Z,@mokshithakotrakona2813,damn..,0
BOYNEXTDOOR,jizAb-SLvtM,2023-05-25T15:23:39Z,@meldiana3255,Ih kok gemess😭,0
BOYNEXTDOOR,jizAb-SLvtM,2023-05-25T15:23:38Z,@keixxii7088,BOXNEXTDOOR SO UNIQUE 🔥✨,1
BOYNEXTDOOR,jizAb-SLvtM,2023-05-25T15:23:38Z,@Jin7gyu13,They nailed and slayed this ♡♡♡♡♡♡,0
BOYNEXTDOOR,jizAb-SLvtM,2023-05-25T15:23:36Z,@jungys798,Like Mickey Mouse’s style song,0
BOYNEXTDOOR,jizAb-SLvtM,2023-05-25T15:23:36Z,@Maybornonmay2714,Wow,0
BOYNEXTDOOR,jizAb-SLvtM,2023-05-25T15:23:32Z,@ilovetiramisuCake,"The Mv is so refreshing, and their voices are just so 🤌🏼<br>So proud that my generation has this kind of talent 🚪",9
BOYNEXTDOOR,jizAb-SLvtM,2023-05-25T15:23:31Z,@jildatupuza2399,This song is so beautiful ♡,0
BOYNEXTDOOR,jizAb-SLvtM,2023-05-25T15:23:28Z,@yuiop_yuiop9311,you&#39;re the one and only ❤,0
BOYNEXTDOOR,jizAb-SLvtM,2023-05-25T15:23:18Z,@normelanoor6829,Can someone tell me some info about them... Cause i already fell in love with them....❤,0
BOYNEXTDOOR,jizAb-SLvtM,2023-05-25T15:23:16Z,@ainunlmarziah9126,"Mereka ini udah debut resmi apa blum? Kalau belum, kapan mereka debut?",0
BOYNEXTDOOR,jizAb-SLvtM,2023-05-25T15:23:13Z,@hoperosie,Congratulations for 100k views on 23 minutes🚪,6
BOYNEXTDOOR,jizAb-SLvtM,2023-05-25T15:23:13Z,@swiftt58,MV 너희들이 락 많이 좋아했어,1
BOYNEXTDOOR,jizAb-SLvtM,2023-05-25T15:23:07Z,@afia_sarfs8191,They are okay ❤❤,0
BOYNEXTDOOR,jizAb-SLvtM,2023-05-25T15:23:02Z,@notnamjoonsstanacc,"ah, their concept is literally being the neighbour you have a crush on. got it.",2
BOYNEXTDOOR,jizAb-SLvtM,2023-05-25T15:22:59Z,@lommo4304,Their voice is very strong,0
BOYNEXTDOOR,jizAb-SLvtM,2023-05-25T15:22:58Z,@mind7938,dont use a formula for another group,0
BOYNEXTDOOR,jizAb-SLvtM,2023-05-25T15:22:58Z,@yerin47,exo - one and only ♡♡♡♡♡,0
BOYNEXTDOOR,jizAb-SLvtM,2023-05-25T15:22:56Z,@liatiknaismail1672,U guys are amazing keep it going,0
BOYNEXTDOOR,jizAb-SLvtM,2023-05-25T15:22:54Z,@Get_Sung_Hooned,Who will always support BOYNEXTDOOR?❤❤❤<br>👇👇👇,1
BOYNEXTDOOR,jizAb-SLvtM,2023-05-25T15:22:53Z,@arinalee7078,какие же они хорошенькие🙂,0
BOYNEXTDOOR,jizAb-SLvtM,2023-05-25T15:22:49Z,@SilindileMabuza-gi4cj,They&#39;re  such a breath of fresh air❤,2
BOYNEXTDOOR,jizAb-SLvtM,2023-05-25T15:22:50Z,@princesslainevillas759,SLAYED,0
BOYNEXTDOOR,jizAb-SLvtM,2023-05-25T15:22:46Z,@nazerkess,❤❤❤❤❤❤,1
BOYNEXTDOOR,jizAb-SLvtM,2023-05-25T15:22:44Z,@margaritadigkaa,LOVED THISSSSSS,0
BOYNEXTDOOR,jizAb-SLvtM,2023-05-25T15:22:43Z,@byeoli_,que fofos,0
BOYNEXTDOOR,jizAb-SLvtM,2023-05-25T15:22:40Z,@amaliawindy2456,"Asiikkk banget MV nyaa ,, seneng gituu tiap nonton 😂",7
BOYNEXTDOOR,jizAb-SLvtM,2023-05-25T15:22:39Z,@annasinger19,Tá perfeito demais!!! Ansiosa pro debut das lendas,0
BOYNEXTDOOR,jizAb-SLvtM,2023-05-25T15:22:28Z,@MersihaManha07,Masterpiece 🎇✨️,0
BOYNEXTDOOR,jizAb-SLvtM,2023-05-25T15:22:28Z,@Mililifestyle,To be honest i don&#39;t like them but keep going,0
BOYNEXTDOOR,jizAb-SLvtM,2023-05-25T15:22:27Z,@kahvinci_,it has the same vibe with kangaroo which actually produced by zico too,2
BOYNEXTDOOR,jizAb-SLvtM,2023-05-25T15:22:24Z,@neckeymenotch,this is so fresh,3
BOYNEXTDOOR,jizAb-SLvtM,2023-05-25T15:22:19Z,@mwon1673,am so glad to be here from the very beginning,1
BOYNEXTDOOR,jizAb-SLvtM,2023-05-25T15:22:19Z,@itsubeb,They are cool,2
BOYNEXTDOOR,jizAb-SLvtM,2023-05-25T15:22:19Z,@tandatng,This song is so interesting,2
BOYNEXTDOOR,jizAb-SLvtM,2023-05-25T15:22:16Z,@RS-fk4jd,Omg i love this !!!!!!!!!!,1
BOYNEXTDOOR,jizAb-SLvtM,2023-05-25T15:22:12Z,@s2nj4na55,😍😍😍😍,3
BOYNEXTDOOR,jizAb-SLvtM,2023-05-25T15:22:10Z,@cuteHobi,wow I got ikon vibe from them,1
BOYNEXTDOOR,jizAb-SLvtM,2023-05-25T15:22:09Z,@misosol,THIS IS BOYNEXTDOOR,3
BOYNEXTDOOR,jizAb-SLvtM,2023-05-25T15:22:04Z,@notcringemixes,So cute song❤,2
BOYNEXTDOOR,jizAb-SLvtM,2023-05-25T15:22:03Z,@lexagarduno,Legit these boys are so talented! They deserve nothing but unconditional support &lt;3 the rap to the vocals to the dance everything was great!!!!,0
BOYNEXTDOOR,jizAb-SLvtM,2023-05-25T15:22:03Z,@saritanepali7390,❤❤❤❤❤❤ very very nice song I love it I can&#39;t stop singing 🎶 ❤❤❤,1
BOYNEXTDOOR,jizAb-SLvtM,2023-05-25T15:22:01Z,@lemizinga7578,Ok this is truly really different,1
BOYNEXTDOOR,jizAb-SLvtM,2023-05-25T15:21:59Z,@emiko2151,This is just soooooo amazing..❤❤<br>❤❤,1
BOYNEXTDOOR,jizAb-SLvtM,2023-05-25T15:21:58Z,@neininhra1273,They&#39;re looks so cute.,1
BOYNEXTDOOR,jizAb-SLvtM,2023-05-25T15:21:58Z,@yoonsehyeon,Hybe no.1,3
BOYNEXTDOOR,jizAb-SLvtM,2023-05-25T15:21:54Z,@heyling9106,This is so refreshing.. It&#39;s so laid back.,2
BOYNEXTDOOR,jizAb-SLvtM,2023-05-25T15:21:46Z,@niputunovisukerni6911,SUKAAAAAAAAAAA BANGET,0
BOYNEXTDOOR,jizAb-SLvtM,2023-05-25T15:21:40Z,@Kpopwiki28,"Their songs are really refreshing, I can&#39;t stop listening, everything about them is unique &gt;&gt;&gt;",1
BOYNEXTDOOR,jizAb-SLvtM,2023-05-25T15:21:37Z,@kristinedln9041,Hwaiting!! 💗,0
BOYNEXTDOOR,jizAb-SLvtM,2023-05-25T15:21:36Z,@mwon1673,they kinda ate ngl,0
BOYNEXTDOOR,jizAb-SLvtM,2023-05-25T15:21:34Z,@Jaegato,Is literally giving the American Teen dream,0
BOYNEXTDOOR,jizAb-SLvtM,2023-05-25T15:21:30Z,@carloslomaquis2756,ME ENCANTAAAA,0
BOYNEXTDOOR,jizAb-SLvtM,2023-05-25T15:21:29Z,@misosol,4+4?,0
BOYNEXTDOOR,jizAb-SLvtM,2023-05-25T15:21:24Z,@黑色的克拉李曼瑄,I like RIWOO,1
BOYNEXTDOOR,jizAb-SLvtM,2023-05-25T15:21:20Z,@parkchaemin2973,"WOW..I LOVE THIS CONCEPT, ITS BEEN SO LONG TO GET SOME FUNKY,REAL, VIBY SONG.<br>KEEP THE ORIGINAL WORK GOING. YOU DO YOU!!  HWAITING!!!",2
BOYNEXTDOOR,jizAb-SLvtM,2023-05-25T15:21:20Z,@J_isso_Good,"헐,, 기대보다 더 좋네요 남자 아이돌노래 잘 안듣는데 역시 지아코 ,, 업무할때 계속 듣겠음...청량 그잡채",60
BOYNEXTDOOR,jizAb-SLvtM,2023-05-25T15:21:19Z,@hopelesslyhigh,No kidding their songs are super addictive...like you can&#39;t help but listen to it on repeat!,17
BOYNEXTDOOR,jizAb-SLvtM,2023-05-25T15:21:16Z,@abjl410,WOW ESTE GRUPO DEFINITIVAMENTE ES UNICO,3
BOYNEXTDOOR,jizAb-SLvtM,2023-05-25T15:21:12Z,@valen8847,who are they ??,1
BOYNEXTDOOR,jizAb-SLvtM,2023-05-25T15:21:11Z,@wildflwrskyy,"it just feels like a group of friends singing, dancing and having fun together instead of dragging for perfection, i really loved their concept.&lt;3",16553
BOYNEXTDOOR,jizAb-SLvtM,2023-05-25T15:21:09Z,@bagelispoulos8275,♥♥♥♥♥♥♥♥♥♥,2
BOYNEXTDOOR,jizAb-SLvtM,2023-05-25T15:21:06Z,@hongdeukman,아.. 아 너무 귀여워………,3
BOYNEXTDOOR,jizAb-SLvtM,2023-05-25T15:21:05Z,@l1smm309,So far their songs have had a really bouncy feel. I like it. ^^,1
BOYNEXTDOOR,jizAb-SLvtM,2023-05-25T15:21:04Z,@misosol,ATEEEEEEE,1
BOYNEXTDOOR,jizAb-SLvtM,2023-05-25T15:21:00Z,@mimia07x,They’re so talented ❤❤,0
BOYNEXTDOOR,jizAb-SLvtM,2023-05-25T15:20:59Z,@miyo223,ჱ̒ ｰ̀֊ｰ́ )♥,0
BOYNEXTDOOR,jizAb-SLvtM,2023-05-25T15:20:59Z,@neininhra1273,Woooooooooooooooooooooooow. <br>Beautiful.<br>Song.,0
BOYNEXTDOOR,jizAb-SLvtM,2023-05-25T15:20:57Z,@gunyhaaf,I AM AS ENGENE! I’LL SUPPORT BOYNEXTDOOR🥰 AND I HOPE THEYRE HAVE MOMENT TOGETHER🥳 BTW MY BIAS NI-KI AND JAEHYUN🧡🩵,1
BOYNEXTDOOR,jizAb-SLvtM,2023-05-25T15:20:53Z,@ayanadia06,WUT?,0
BOYNEXTDOOR,jizAb-SLvtM,2023-05-25T15:20:53Z,@cheriyez,cooooool,1
BOYNEXTDOOR,jizAb-SLvtM,2023-05-25T15:20:51Z,@aninhacsar,lindos,0
BOYNEXTDOOR,jizAb-SLvtM,2023-05-25T15:20:50Z,@domenicoandrew2429,BOYNEXTDOOR!1!111111!!!!1111!,1
BOYNEXTDOOR,jizAb-SLvtM,2023-05-25T15:20:50Z,@bellota987,🇵🇪,0
BOYNEXTDOOR,jizAb-SLvtM,2023-05-25T15:20:49Z,@jiminigasm,boo 👎🏻,0
BOYNEXTDOOR,jizAb-SLvtM,2023-05-25T15:20:42Z,@shahzodaaa2,the song is so awesome ❤❤,1
BOYNEXTDOOR,jizAb-SLvtM,2023-05-25T15:20:35Z,@AndyMandy_stars.are.shining,I have no idea who they are but this song slaps hard,1
BOYNEXTDOOR,jizAb-SLvtM,2023-05-25T15:20:35Z,@ammelyespinosa9056,I like their vibe so much!!! And they all have beautiful voices 😍<br>Fighting BOYNEXTDOOR 🥰🥰,2
BOYNEXTDOOR,jizAb-SLvtM,2023-05-25T15:20:35Z,@tpzlsk_jeon,STAN BOYNEXTDOOR!!!,2
BOYNEXTDOOR,jizAb-SLvtM,2023-05-25T15:20:28Z,@suciameliarana8602,kalian keren banget semangat ya semuanya dukung boy next door,21
BOYNEXTDOOR,jizAb-SLvtM,2023-05-25T15:20:25Z,@yongyong4616,울 애기들ㅋㅋㅋㅋㅋㅋ 역시 우사장 감각 어쩔..🩷,0
BOYNEXTDOOR,jizAb-SLvtM,2023-05-25T15:20:25Z,@kawaaii22,Listen I the ONE  좋아,1
BOYNEXTDOOR,jizAb-SLvtM,2023-05-25T15:20:24Z,@margaritadigkaa,WOOOOOOOOOWWWWWWW,1
BOYNEXTDOOR,jizAb-SLvtM,2023-05-25T15:20:15Z,@thv760,Asik bangett,0
BOYNEXTDOOR,jizAb-SLvtM,2023-05-25T15:20:13Z,@JustaK-popgirliee,I love them already and it is so hard to choose a bias. Stan boy next door💜,1
BOYNEXTDOOR,jizAb-SLvtM,2023-05-25T15:20:13Z,@bhavanapallayil6601,Added to one of my favourite k-pop group.,0
BOYNEXTDOOR,jizAb-SLvtM,2023-05-25T15:20:10Z,@yjhm5862,BASTA QUE LINDOD,0
BOYNEXTDOOR,jizAb-SLvtM,2023-05-25T15:20:05Z,@geos44d,Debut is coming,1
BOYNEXTDOOR,jizAb-SLvtM,2023-05-25T15:20:02Z,@shiyo6948,I love it!!!!!!!!!❤❤❤❤🎉,0
BOYNEXTDOOR,jizAb-SLvtM,2023-05-25T15:20:02Z,@arimu3445,"Please, drop their Spotify profile😊",0
BOYNEXTDOOR,jizAb-SLvtM,2023-05-25T15:20:01Z,@leesarang25,저는 원래 이런 음악 스타일을 좋아하는 편이 아니지만 boynextdoor의 노래가 뭔가 끌리는 것 있는 같아요 <br>한번 듣고 더 듣고 싶은 마음이 생겼어<br>노래 두곡 다 좋아요 boynextdoor 파이팅,48
BOYNEXTDOOR,jizAb-SLvtM,2023-05-25T15:20:00Z,@ethanlee4772,BOYNEXTDOOR give me the best energy,0
BOYNEXTDOOR,jizAb-SLvtM,2023-05-25T15:19:58Z,@emilyzai3624,운학(⁠≧⁠(⁠ｴ⁠)⁠≦⁠ ⁠) 사랑해요!!!,1
BOYNEXTDOOR,jizAb-SLvtM,2023-05-25T15:19:56Z,@nurulaini5605,FIGHTING!!<br><br>LOVE U ALL,0
BOYNEXTDOOR,jizAb-SLvtM,2023-05-25T15:19:56Z,@afifmuhammad8143,Boynextdoor you are the one and only,0
BOYNEXTDOOR,jizAb-SLvtM,2023-05-25T15:19:47Z,@faerin3,My besties drop new song:),0
BOYNEXTDOOR,jizAb-SLvtM,2023-05-25T15:19:43Z,@uniquexp1,THAT BEAT AND CHORUS IS SO CATCHYYY,0
BOYNEXTDOOR,jizAb-SLvtM,2023-05-25T15:19:42Z,@FreakinYoda_,Who is here after watching BABYMONSTER DANCE PERFORMANCE VIDEO (BOTH WERE RELEASED AT THE SAME TIME ),0
BOYNEXTDOOR,jizAb-SLvtM,2023-05-25T15:19:40Z,@chloemdillon,❤,0
BOYNEXTDOOR,jizAb-SLvtM,2023-05-25T15:19:39Z,@waterystarlight,"STREAM, NEIGHBOURS !!!",0
BOYNEXTDOOR,jizAb-SLvtM,2023-05-25T15:19:34Z,@dar2815,"Мне так понравилось😊<br>Ребята молодцы, красавчики)<br>Отличный дебют",1
BOYNEXTDOOR,jizAb-SLvtM,2023-05-25T15:19:33Z,@lovekpop6131,😍😍💖🎉,0
BOYNEXTDOOR,jizAb-SLvtM,2023-05-25T15:19:33Z,@chocolatemilk982,中毒性すごいねこの曲,1
BOYNEXTDOOR,jizAb-SLvtM,2023-05-25T15:19:28Z,@JustaK-popgirliee,I love their so fresh and cute style. ❤,2
BOYNEXTDOOR,jizAb-SLvtM,2023-05-25T15:19:26Z,@Mirab.n,Their visuals are amazing,0
BOYNEXTDOOR,jizAb-SLvtM,2023-05-25T15:19:25Z,@Chans-laptop,"They made my bad day a little bit better, thank you BOYNEXTDOOR ^^",0
BOYNEXTDOOR,jizAb-SLvtM,2023-05-25T15:19:21Z,@arifasraboni7263,সুন্দর,0
BOYNEXTDOOR,jizAb-SLvtM,2023-05-25T15:19:18Z,@Roswcex,💗💗💗💗💗💗💗💗💗💗💗💗💗💗,0
BOYNEXTDOOR,jizAb-SLvtM,2023-05-25T15:19:16Z,@veronze,"Ghad, love the vibe ❤",0
BOYNEXTDOOR,jizAb-SLvtM,2023-05-25T15:19:15Z,@mayu-yo8nm,この曲好き💗,1
BOYNEXTDOOR,jizAb-SLvtM,2023-05-25T15:19:09Z,@trollfalgar,"Taesan really looking like the ace here, raps well, sings well, dance well, ❤❤❤❤ my bias",1
BOYNEXTDOOR,jizAb-SLvtM,2023-05-25T15:19:06Z,@samihatabassum2754,😀👍,0
BOYNEXTDOOR,jizAb-SLvtM,2023-05-25T15:19:06Z,@angelinebena9675,The music is amazing,0
BOYNEXTDOOR,jizAb-SLvtM,2023-05-25T15:19:03Z,@_AlmaAmandaCrystal,Jaehyun!!,0
BOYNEXTDOOR,jizAb-SLvtM,2023-05-25T15:19:03Z,@-letchugoo-1203,5TH GEN LEADERS!!!!!!,1
BOYNEXTDOOR,jizAb-SLvtM,2023-05-25T15:19:02Z,@lovexoie.g,Rompamos récords de BOYNEXTDOOR amo tanto esta canción no puedo esperar por más🔥,25
BOYNEXTDOOR,jizAb-SLvtM,2023-05-25T15:19:01Z,@powerandre.99,"This song has so many layers, like so many different vocals, melodies and instrumental chnage keep happening its so fun",2
BOYNEXTDOOR,jizAb-SLvtM,2023-05-25T15:19:00Z,@Unavailable06,More interesting&gt;&gt;&gt;🫧,0
BOYNEXTDOOR,jizAb-SLvtM,2023-05-25T15:18:58Z,@chocolatemilk982,MVすごくかわいい💕💕<br>とにかくみんな歌声が良すぎる！！何回も聴きたくなる声だよ<br>あと、笑顔が可愛くてこっちも自然とニコニコしながら見ちゃう<br>デビューステージも楽しみにしてます！！,5
BOYNEXTDOOR,jizAb-SLvtM,2023-05-25T15:18:56Z,@swastikar7923,They have a fresh vibe ❤,0
BOYNEXTDOOR,jizAb-SLvtM,2023-05-25T15:18:56Z,@noor_light,يجننون نيوجينز نسخة ذكورية 😂❤️‍🩹❤️‍🔥,0
BOYNEXTDOOR,jizAb-SLvtM,2023-05-25T15:18:54Z,@kangcherry8260,"<a href=""https://www.youtube.com/watch?v=jizAb-SLvtM&amp;t=134"">2:14</a>",0
BOYNEXTDOOR,jizAb-SLvtM,2023-05-25T15:18:54Z,@my.eternalsunshine,This is EVERYTHING!!!<br>The chorus is so catchy <br>Listen I&#39;m the one and only🎵,46
BOYNEXTDOOR,jizAb-SLvtM,2023-05-25T15:18:52Z,@RAINBOWTT3303,❤❤❤❤❤,0
BOYNEXTDOOR,jizAb-SLvtM,2023-05-25T15:18:50Z,@lxv_mxv,why can&#39;t i understand the comments 😭,1
BOYNEXTDOOR,jizAb-SLvtM,2023-05-25T15:18:50Z,@alicenoona127,"hey, Zico ssi, but where did you find these amazing boys? they&#39;re absolutely, incredibly talented and cute~",2
BOYNEXTDOOR,jizAb-SLvtM,2023-05-25T15:18:47Z,@6ELITZ_officialchannel,VERSE 1 gave me the DYNAMITE vibe😮,0
BOYNEXTDOOR,jizAb-SLvtM,2023-05-25T15:18:43Z,@leiyamashangva,BOYNEXTDOOR&gt;&gt;&gt;,3
BOYNEXTDOOR,jizAb-SLvtM,2023-05-25T15:18:35Z,@its_Gin,boynextdoor lets goooo~~,1
BOYNEXTDOOR,jizAb-SLvtM,2023-05-25T15:18:34Z,@raitobu7862,ya veo a las chronically online quejándose de la letra y yo acá bailando Listen I&#39;m the one and only‼️💋📢 si me conocen soy yo y si no también,0
BOYNEXTDOOR,jizAb-SLvtM,2023-05-25T15:18:32Z,@melaniS.R,이 노래 너무 시원하고 딱이야 <br>Boynextdoor ❤❤,51
BOYNEXTDOOR,jizAb-SLvtM,2023-05-25T15:18:32Z,@waterystarlight,BOYNEXTDOOR MAIN SLAYERS !!!,0
BOYNEXTDOOR,jizAb-SLvtM,2023-05-25T15:18:25Z,@powerandre.99,Listened to this song now I&#39;m no longer sad,2
BOYNEXTDOOR,jizAb-SLvtM,2023-05-25T15:18:23Z,@mbs1359,Congratulations on your debut!,2
BOYNEXTDOOR,jizAb-SLvtM,2023-05-25T15:18:17Z,@octo963,i can&#39;t wait for the album!! i love the music and the boys so much already &lt;3,2
BOYNEXTDOOR,jizAb-SLvtM,2023-05-25T15:18:14Z,@SSSTABLES,Is it just me or do they seem like the male version of New Jeans?? THE SONG IS CUUUTEEEE!👏👌,2
BOYNEXTDOOR,jizAb-SLvtM,2023-05-25T15:18:14Z,@windaff6578,Ceriaaa sekali adikkadik🥳🤩💯,1
BOYNEXTDOOR,jizAb-SLvtM,2023-05-25T15:18:12Z,@ahiwwff123,Is it korean?,1
BOYNEXTDOOR,jizAb-SLvtM,2023-05-25T15:18:12Z,@baby.georgia,I&#39;m overwhelmed by Leehan&#39;s charms😩 even his smile is so beautiful,1
BOYNEXTDOOR,jizAb-SLvtM,2023-05-25T15:18:11Z,@novabae95,Omg what should I do??,1
BOYNEXTDOOR,jizAb-SLvtM,2023-05-25T15:18:10Z,@transparent2171,wait,1
BOYNEXTDOOR,jizAb-SLvtM,2023-05-25T15:18:06Z,@Oceana_000,OKKKKKKKK THEY ATEEEE,2
BOYNEXTDOOR,jizAb-SLvtM,2023-05-25T15:18:06Z,@daispardais8975,They are so talented. They literally have amazing visuals and I am in love with their vocals.,102
BOYNEXTDOOR,jizAb-SLvtM,2023-05-25T15:18:02Z,@asametova14,I LOVE IT!!!,1
BOYNEXTDOOR,jizAb-SLvtM,2023-05-25T15:18:00Z,@もかちゃん-e7e,うは！<br>最後もう ドラえもんの 世界にも見えて<br>可愛い♡<br>爽やか♪︎<br>どこでもドア〜♪︎‪ ·͜·,2
BOYNEXTDOOR,jizAb-SLvtM,2023-05-25T15:17:57Z,@imleesoni,"ВАЙ,ЭТО ОЧЕНЬ КРУТО!!ЖДУ ВАШЕГО ДЕБЮТА, УВЕРЕННА ВЫ ДОБЬЕТЕСЬ МНОГОГО.",5
BOYNEXTDOOR,jizAb-SLvtM,2023-05-25T15:17:57Z,@fitrianifitriani2042,"Enak lagunya gampang nyantol, mana pd bawa ras kelinci kaya newjeans gemes😊",1
BOYNEXTDOOR,jizAb-SLvtM,2023-05-25T15:17:55Z,@kpopfan325,One and only!!!! Ahhhh cant stop listening,1
BOYNEXTDOOR,jizAb-SLvtM,2023-05-25T15:17:54Z,@aaomsyn.s,&lt;3 bnd,0
BOYNEXTDOOR,jizAb-SLvtM,2023-05-25T15:17:51Z,@Mardalozette,BAGUSSS BGTT COWOKKU,1
BOYNEXTDOOR,jizAb-SLvtM,2023-05-25T15:17:50Z,@asametova14,THATS SO CUTE&lt;3,1
BOYNEXTDOOR,jizAb-SLvtM,2023-05-25T15:17:49Z,@ninakariza5679,Omg amazing,1
BOYNEXTDOOR,jizAb-SLvtM,2023-05-25T15:17:40Z,@indah_yolandari,"2 kali dengerin lagu ini baru nyantool, overall enak sii klau diulang-ulang enak banget, sukses yaa",5
BOYNEXTDOOR,jizAb-SLvtM,2023-05-25T15:17:38Z,@Valntnhbtsarmy,BOYNEXTDOOR....Let&#39;s goo❤️❤️,2
BOYNEXTDOOR,jizAb-SLvtM,2023-05-25T15:17:36Z,@me-ny2wz,So are they 4 th gen or 5th gen?,1
BOYNEXTDOOR,jizAb-SLvtM,2023-05-25T15:17:34Z,@erkelik,ONE AND ONLYYYY,1
BOYNEXTDOOR,jizAb-SLvtM,2023-05-25T15:17:34Z,@ninakariza5679,That&#39;s amazing song,1
BOYNEXTDOOR,jizAb-SLvtM,2023-05-25T15:17:33Z,@KotatsuPotayto,😶not for me,0
BOYNEXTDOOR,jizAb-SLvtM,2023-05-25T15:17:32Z,@TopazFire15,Naturally SNATCHED ✨💅🏽,1
BOYNEXTDOOR,jizAb-SLvtM,2023-05-25T15:17:31Z,@stefanysibi,"Wihh kernenn cuy selaul support BOYNEXTDOOR semong debutnya sukses ya ,semangat streaming gess.",132
BOYNEXTDOOR,jizAb-SLvtM,2023-05-25T15:17:31Z,@jennyjyncee3343,最後のシーンでの衣服は可愛すぎらないかなと思う　〜（＞v＜）〜,1
BOYNEXTDOOR,jizAb-SLvtM,2023-05-25T15:17:30Z,@hee4806,The best and the one and only,1
BOYNEXTDOOR,jizAb-SLvtM,2023-05-25T15:17:28Z,@podidula7479,BTS MY LOVE❤️🙈,1
BOYNEXTDOOR,jizAb-SLvtM,2023-05-25T15:17:26Z,@uaigabriella,Sending love from Brazil,1
BOYNEXTDOOR,jizAb-SLvtM,2023-05-25T15:17:21Z,@Kimtaehyung-el2lr,Boynextdoor💜💜,2
BOYNEXTDOOR,jizAb-SLvtM,2023-05-25T15:17:19Z,@rchechioloo6442,Wes tambah neh fandomku ye,1
BOYNEXTDOOR,jizAb-SLvtM,2023-05-25T15:17:18Z,@BAB1DEOCK,I&#39;M HERE FOR THIS,1
BOYNEXTDOOR,jizAb-SLvtM,2023-05-25T15:17:17Z,@on.723,Welcome to the Hype family 🎉💜,2
BOYNEXTDOOR,jizAb-SLvtM,2023-05-25T15:17:16Z,@lamrongpeng533,BOYNEXTDOOR SLAYYY,1
BOYNEXTDOOR,jizAb-SLvtM,2023-05-25T15:17:13Z,@waterystarlight,ONE AND ONLY SOTY LSKSJSGDGJDJDHDHJD,1
BOYNEXTDOOR,jizAb-SLvtM,2023-05-25T15:17:11Z,@weneverknoweachother3601,"I trust bonedo future, they have great music.",2
BOYNEXTDOOR,jizAb-SLvtM,2023-05-25T15:17:09Z,@corry9,"Cute! So, this song is gann be stuck in my head",2
BOYNEXTDOOR,jizAb-SLvtM,2023-05-25T15:17:06Z,@mimiiiiiii1010,AAAAAAAAAA THIS IS SO ZICO,1
BOYNEXTDOOR,jizAb-SLvtM,2023-05-25T15:17:06Z,@Unavailable06,BoyNextDoor~❤,0
BOYNEXTDOOR,jizAb-SLvtM,2023-05-25T15:17:01Z,@saranghaedangsin,"보넥도 감성 뭐야,,, 너무 좋잖아!!🥹❤️🥹❤️",12
BOYNEXTDOOR,jizAb-SLvtM,2023-05-25T15:17:00Z,@snghlvr,"wahhh their vibe, the beat, the vocals are really unique!!",1
BOYNEXTDOOR,jizAb-SLvtM,2023-05-25T15:16:57Z,@jywn1234,Like this for anti 6th member curse,0
BOYNEXTDOOR,jizAb-SLvtM,2023-05-25T15:16:55Z,@hee4806,ياللله مره تجننن,1
BOYNEXTDOOR,jizAb-SLvtM,2023-05-25T15:16:55Z,@uaigabriella,와...정말 멋져요,61
BOYNEXTDOOR,jizAb-SLvtM,2023-05-25T15:16:54Z,@НастяШитина,Let&#39;s go BOY NEXTDOOR,1
BOYNEXTDOOR,jizAb-SLvtM,2023-05-25T15:16:54Z,@ardiansyahimamyafitsaqif3144,Is boynextdoor the male ver of newjeans?,1
BOYNEXTDOOR,jizAb-SLvtM,2023-05-25T15:16:52Z,@yuanxufan,再见恩海鹏,1
BOYNEXTDOOR,jizAb-SLvtM,2023-05-25T15:16:52Z,@lijeonil,I’m tired because of this amazing song,0
BOYNEXTDOOR,jizAb-SLvtM,2023-05-25T15:16:51Z,@aarohi2305,"such a cheerful song, im in love.",0
BOYNEXTDOOR,jizAb-SLvtM,2023-05-25T15:16:50Z,@malakyasser4964,Love it,0
BOYNEXTDOOR,jizAb-SLvtM,2023-05-25T15:16:47Z,@sirat0304,Let&#39;s support them till the end of this world woohoo❤❤,1
BOYNEXTDOOR,jizAb-SLvtM,2023-05-25T15:16:46Z,@kEN-Sim28,Jaehyun&#39;s &quot;Boynextdoor&quot; is so addicting wth,1
BOYNEXTDOOR,jizAb-SLvtM,2023-05-25T15:16:41Z,@СловоБожие-н5н,Фанаты гачимучи - общий сбор 😂,0
BOYNEXTDOOR,jizAb-SLvtM,2023-05-25T15:16:41Z,@tdfwhw1,"Fresh banget,suka dengan lagunya",9
BOYNEXTDOOR,jizAb-SLvtM,2023-05-25T15:16:41Z,@aanvuu,This song was so fun!,0
BOYNEXTDOOR,jizAb-SLvtM,2023-05-25T15:16:41Z,@yuanxufan,好可爱啊啊啊啊啊啊啊啊啊啊啊啊啊啊啊啊啊啊啊,0
BOYNEXTDOOR,jizAb-SLvtM,2023-05-25T15:16:38Z,@Uptome-happy,It&#39;s a song that&#39;s been watched and put a smile on the whole song.<br><br>We smile crazy alone 😂😂,3
BOYNEXTDOOR,jizAb-SLvtM,2023-05-25T15:16:35Z,@ramyeonzzz143,Keep Streaming<br>Fighting!!,0
BOYNEXTDOOR,jizAb-SLvtM,2023-05-25T15:16:30Z,@risaasriani1204,Their rap is really cool,2
BOYNEXTDOOR,jizAb-SLvtM,2023-05-25T15:16:26Z,@sirat0304,So cute omg❤<br>Yes you r the one and only for me now😘😘✨✨✨,1
BOYNEXTDOOR,jizAb-SLvtM,2023-05-25T15:16:25Z,@Raphael-2,This is super fresh!,1
BOYNEXTDOOR,jizAb-SLvtM,2023-05-25T15:16:24Z,@sabibibi1232,THEY SLAYEDDD,1
BOYNEXTDOOR,jizAb-SLvtM,2023-05-25T15:16:23Z,@nlm_rd9115,SLAAAAAAY,0
BOYNEXTDOOR,jizAb-SLvtM,2023-05-25T15:16:23Z,@justshortsnow,After listen DOXA by SECRET NUMBER i&#39;m here❤,2
BOYNEXTDOOR,jizAb-SLvtM,2023-05-25T15:16:23Z,@lyn04_x,I will support u guys❤🎉,0
BOYNEXTDOOR,jizAb-SLvtM,2023-05-25T15:16:22Z,@anishagurung77,😊,0
BOYNEXTDOOR,jizAb-SLvtM,2023-05-25T15:16:21Z,@luobingmeis.shizun,Awww the chorus sounds cute and fun!!! I love it!,1
BOYNEXTDOOR,jizAb-SLvtM,2023-05-25T15:16:21Z,@dita1708,noww this is something fresh.. I&#39;m officially looking forward to them..,3
BOYNEXTDOOR,jizAb-SLvtM,2023-05-25T15:16:21Z,@AulianiZahra-g5l,baguss bgttt iiiiiiii,1
BOYNEXTDOOR,jizAb-SLvtM,2023-05-25T15:16:20Z,@レウスY,めちゃくちゃいいやん！,4
BOYNEXTDOOR,jizAb-SLvtM,2023-05-25T15:16:16Z,@trollfalgar,"We got to hear more about their skills here! And just like i imagined, they really DO NOT DISSAPOINT!!",2
BOYNEXTDOOR,jizAb-SLvtM,2023-05-25T15:16:12Z,@varai07,"IT&#39;S SO AMAZING, OMG!!!!!!",2
BOYNEXTDOOR,jizAb-SLvtM,2023-05-25T15:16:11Z,@lessthanthree6285,I love these guys so far&lt;3 hoping for a successful debut!!,2
BOYNEXTDOOR,jizAb-SLvtM,2023-05-25T15:16:04Z,@vasquezjohnernestot.8707,They&#39;re a breath of fresh air for New Gen Boy Groups❤️,0
BOYNEXTDOOR,jizAb-SLvtM,2023-05-25T15:16:03Z,@nwjnsz,"Udah 2 lagu yg udah rilis, dan dua-duanya enak semuaaaa",0
BOYNEXTDOOR,jizAb-SLvtM,2023-05-25T15:16:01Z,@SnejKi-yf7qp,riwoos vocal😳,1
BOYNEXTDOOR,jizAb-SLvtM,2023-05-25T15:15:59Z,@highupez,Thais Song si soooo catche i’m in love,0
BOYNEXTDOOR,jizAb-SLvtM,2023-05-25T15:15:59Z,@mariekimzy7760,this is song is so chill and happy to watch.,0
BOYNEXTDOOR,jizAb-SLvtM,2023-05-25T15:15:58Z,@imliss3473,Ya quiero que salga el álbum completo!!!,0
BOYNEXTDOOR,jizAb-SLvtM,2023-05-25T15:15:57Z,@Jamming_Play,"they are so amazing, cannot wait for their debut!!! omgg fighting!!",1
BOYNEXTDOOR,jizAb-SLvtM,2023-05-25T15:15:57Z,@rominaberna3750,👎👎👎👎,0
BOYNEXTDOOR,jizAb-SLvtM,2023-05-25T15:15:53Z,@warriorforever4030,"It&#39;s amazing, wow... It&#39;s my favorite song now",1
BOYNEXTDOOR,jizAb-SLvtM,2023-05-25T15:15:51Z,@lijeonil,ahhh everything amazing and gorgeous,0
BOYNEXTDOOR,jizAb-SLvtM,2023-05-25T15:15:51Z,@wanderlustvy,how old are they? they look very young,0
BOYNEXTDOOR,jizAb-SLvtM,2023-05-25T15:15:51Z,@Namjini1215,Heyyyy literally nice one guys.... I&#39;m sure you all rock the world.... from this moment I&#39;m a big fan for youuu...... boyssssss I&#39;m from Srilanka,0
BOYNEXTDOOR,jizAb-SLvtM,2023-05-25T15:15:47Z,@jozelyn.porter,I love it!!!,0
BOYNEXTDOOR,jizAb-SLvtM,2023-05-25T15:15:47Z,@carolina4652,The song is very beautiful,0
BOYNEXTDOOR,jizAb-SLvtM,2023-05-25T15:15:44Z,@beannieswife1800,its giving nj but corny,0
BOYNEXTDOOR,jizAb-SLvtM,2023-05-25T15:15:43Z,@bp_revolution1,A great song.,1
BOYNEXTDOOR,jizAb-SLvtM,2023-05-25T15:15:39Z,@blue_summer0814,노래 괜찮다~ 듣다보면 좀 녹아들듯 수록곡은 조금 더 펑키하고 신나는 노래 있었으면 좋겠다.. 들어보고 올게여,0
BOYNEXTDOOR,jizAb-SLvtM,2023-05-25T15:15:37Z,@p1ecedoor,"Omg se ve tan divertido el baile y felices, me encanta, i&#39;ll support you boynextdoor!!",0
BOYNEXTDOOR,jizAb-SLvtM,2023-05-25T15:15:36Z,@manissaddora,"Wonderful BOYNEXTDOOR, I love it soo much thank you for beautiful song and hello KOZ staff and thank you to support our sweet boys and I love you BOYNEXTDOOR and alot of love and respect from india 💗🙏🇮🇳👏💐👍🫰🤗🙇‍♀️👌😍😊💃🙌🙌",0
BOYNEXTDOOR,jizAb-SLvtM,2023-05-25T15:15:36Z,@imliss3473,Amooo,0
BOYNEXTDOOR,jizAb-SLvtM,2023-05-25T15:15:32Z,@amylouvargas1719,🔥🔥❤️❤️❤️❤️❤️,0
BOYNEXTDOOR,jizAb-SLvtM,2023-05-25T15:15:27Z,@Asdasdgmn,남진스 폼 미쳤다,0
BOYNEXTDOOR,jizAb-SLvtM,2023-05-25T15:15:26Z,@iloveyou-ce6ds,They are interesting<br>I think this is in the top ten list of this year&#39;s debuts for me,1
BOYNEXTDOOR,jizAb-SLvtM,2023-05-25T15:15:25Z,@Enelim4,WTF this is perfect,0
BOYNEXTDOOR,jizAb-SLvtM,2023-05-25T15:15:25Z,@peanut807,❤,0
BOYNEXTDOOR,jizAb-SLvtM,2023-05-25T15:15:25Z,@lpshaihai,its the way I know that mall,0
BOYNEXTDOOR,jizAb-SLvtM,2023-05-25T15:15:24Z,@aldrichacosta7181,New jeans Brothers ❤️‍🔥,1
BOYNEXTDOOR,jizAb-SLvtM,2023-05-25T15:15:24Z,@BTS_V-BND_Jaehyun,I like this more ❤️,0
BOYNEXTDOOR,jizAb-SLvtM,2023-05-25T15:15:20Z,@lisakim1728,"я очень люблю вас, парни🥰",0
BOYNEXTDOOR,jizAb-SLvtM,2023-05-25T15:15:19Z,@Luuuucaalleeg,PRECIOSOTES,1
BOYNEXTDOOR,jizAb-SLvtM,2023-05-25T15:15:18Z,@ismicahyani5517,"BOYNEXTDOOR 2ND MV<br><a href=""http://www.youtube.com/results?search_query=%23oneandonly_mv"">#ONEANDONLY_MV</a><br><a href=""http://www.youtube.com/results?search_query=%23oneandonly_outnow"">#ONEANDONLY_OUTNOW</a><br><a href=""http://www.youtube.com/results?search_query=%23bnd_oneandonly"">#BND_ONEANDONLY</a>",0
BOYNEXTDOOR,jizAb-SLvtM,2023-05-25T15:15:17Z,@analaura8108,Its amazing🥰,1
BOYNEXTDOOR,jizAb-SLvtM,2023-05-25T15:15:17Z,@yunajihani8431,This song give me positive energy✨,0
BOYNEXTDOOR,jizAb-SLvtM,2023-05-25T15:15:15Z,@maria_yakubova,❤❤❤❤❤❤❤❤,0
BOYNEXTDOOR,jizAb-SLvtM,2023-05-25T15:15:14Z,@hhfgggh-jw1dy,Omgshh I loved welcome boysnextdoor fighting,0
BOYNEXTDOOR,jizAb-SLvtM,2023-05-25T15:15:12Z,@warriorforever4030,I&#39;m in love they are so handsome,0
BOYNEXTDOOR,jizAb-SLvtM,2023-05-25T15:15:12Z,@jisyawoo,Let&#39;s support BOYNEXTDOOR together !!,0
BOYNEXTDOOR,jizAb-SLvtM,2023-05-25T15:15:10Z,@mayar889,Niceee,0
BOYNEXTDOOR,jizAb-SLvtM,2023-05-25T15:15:08Z,@honeybee9554,Can someone time code it and tell me who&#39;s who,0
BOYNEXTDOOR,jizAb-SLvtM,2023-05-25T15:15:07Z,@ismicahyani5517,Boy next door 💕💕,0
BOYNEXTDOOR,jizAb-SLvtM,2023-05-25T15:15:04Z,@cherylheung2894,Is this going to be on spotify??,0
BOYNEXTDOOR,jizAb-SLvtM,2023-05-25T15:15:03Z,@bambank8015,Gw jdi ngrsa lg mkn smngka di siang hari🥴 segerrrrrrr bngt,1
BOYNEXTDOOR,jizAb-SLvtM,2023-05-25T15:15:02Z,@kEN-Sim28,Jaehyun&#39;s rap omg,0
BOYNEXTDOOR,jizAb-SLvtM,2023-05-25T15:15:01Z,@anushka2245,"&#39;&#39;I am just released, I should flex it&quot;&#39; they are so many languages in the world out of all of them boi choose to speak facts 😩😩😩<br>congratss BOYNEXTDOOR finally u debuted!!!!!!🥳🥳🥳🥳",0
BOYNEXTDOOR,jizAb-SLvtM,2023-05-25T15:15:00Z,@Itachi_Uchiha_Waifu,Sungho<br><br>Riwoo<br><br>Leehan<br><br>Taesan<br><br>Jaehyun<br><br>Woonhak<br><br>Let&#39;s Debut,0
BOYNEXTDOOR,jizAb-SLvtM,2023-05-25T15:15:00Z,@catajose22,Estoy enamorada de leehan ❤❤❤,0
BOYNEXTDOOR,jizAb-SLvtM,2023-05-25T15:15:00Z,@minlix2430,Fighting guys&lt;33,0
BOYNEXTDOOR,jizAb-SLvtM,2023-05-25T15:15:00Z,@shellagz,ih enak lagi lagunya 😭,0
BOYNEXTDOOR,jizAb-SLvtM,2023-05-25T15:14:56Z,@yjwn03,This is going to be stuck in my head 😏🤣,0
BOYNEXTDOOR,jizAb-SLvtM,2023-05-25T15:14:55Z,@Miathemoa,Slayyyy,0
BOYNEXTDOOR,jizAb-SLvtM,2023-05-25T15:14:53Z,@luna_O61129,"<a href=""https://www.youtube.com/watch?v=jizAb-SLvtM&amp;t=97"">1:37</a> 아~ 김운학 내가 낳을걸<br><a href=""https://www.youtube.com/watch?v=jizAb-SLvtM&amp;t=138"">2:18</a> ?? 왕빨간신발 뭐야!! 이거 신고 아장아장 다니는거 뮤비 비하인드에 올라와라,,<br><a href=""https://www.youtube.com/watch?v=jizAb-SLvtM&amp;t=155"">2:35</a> 다들 허리춤에 인형ㅋㅋㅋㅋㅋㅋㅋㅋㅋ<br><a href=""https://www.youtube.com/watch?v=jizAb-SLvtM&amp;t=160"">2:40</a> 우낙이 모자 너무 잘어울림,,,귀여움,,🫳",58
BOYNEXTDOOR,jizAb-SLvtM,2023-05-25T15:14:53Z,@baby.georgia,"<a href=""https://www.youtube.com/watch?v=jizAb-SLvtM&amp;t=51"">0:51</a> i think you&#39;re already one😌 ngl, kinda long-haired guy is really my type.",0
BOYNEXTDOOR,jizAb-SLvtM,2023-05-25T15:14:53Z,@kfandom2666,Best of luck boys,1
BOYNEXTDOOR,jizAb-SLvtM,2023-05-25T15:14:51Z,@hiei1235,back door,0
BOYNEXTDOOR,jizAb-SLvtM,2023-05-25T15:14:49Z,@lxjwbs,HIII 13MINUTES ❤🎉,0
BOYNEXTDOOR,jizAb-SLvtM,2023-05-25T15:14:49Z,@cantremember_m,Ima Stan them,0
BOYNEXTDOOR,jizAb-SLvtM,2023-05-25T15:14:49Z,@Kpop_Stan74578,STAN BOY NEXT DOOR,1
BOYNEXTDOOR,jizAb-SLvtM,2023-05-25T15:14:48Z,@jisyawoo,THE CONCEPTTT,1
BOYNEXTDOOR,jizAb-SLvtM,2023-05-25T15:14:47Z,@baby.lion.,This song is so cool 😎❤🎉<br>The boysnextdoor🎉❤,0
BOYNEXTDOOR,jizAb-SLvtM,2023-05-25T15:14:35Z,@thaovy8135,"Huhu có phụ đề tiếng việt lun, đc quá hype ưi",0
BOYNEXTDOOR,jizAb-SLvtM,2023-05-25T15:14:35Z,@jisyawoo,I LOVE THISSS,0
BOYNEXTDOOR,jizAb-SLvtM,2023-05-25T15:14:34Z,@Mase0k7000,لا لا احنا م ننهار خالص لاءءءءءءءءء,0
BOYNEXTDOOR,jizAb-SLvtM,2023-05-25T15:14:33Z,@gojoseyelashes33,❤❤,0
BOYNEXTDOOR,jizAb-SLvtM,2023-05-25T15:14:32Z,@clren3779,와씨 입덕완료 데뷔팬을 다해보네ㅋㅋㅋㅋ태산운학❤,15
BOYNEXTDOOR,jizAb-SLvtM,2023-05-25T15:14:31Z,@fitrirahmadani755,IHHH KEREN,0
BOYNEXTDOOR,jizAb-SLvtM,2023-05-25T15:14:30Z,@namjinyoonhopewithmintaeko7303,Omgeeee I absolutely love it!!❤❤❤❤❤,0
BOYNEXTDOOR,jizAb-SLvtM,2023-05-25T15:14:27Z,@franciscamaria5384,👏👏👏❤❤,0
BOYNEXTDOOR,jizAb-SLvtM,2023-05-25T15:14:23Z,@10red88,Nice,0
BOYNEXTDOOR,jizAb-SLvtM,2023-05-25T15:14:22Z,@mattialupparelli2410,🔥🔥🔥🔥,0
BOYNEXTDOOR,jizAb-SLvtM,2023-05-25T15:14:20Z,@Ann-Twice9,Gostei!,0
BOYNEXTDOOR,jizAb-SLvtM,2023-05-25T15:14:20Z,@apobangpo1117,Fan here &lt;33,0
BOYNEXTDOOR,jizAb-SLvtM,2023-05-25T15:14:16Z,@keiyou.,Jujur ini enak bgtt pasti bakal trending bgttt,4
BOYNEXTDOOR,jizAb-SLvtM,2023-05-25T15:14:16Z,@asirbelu5895,Enak bgt,0
BOYNEXTDOOR,jizAb-SLvtM,2023-05-25T15:14:14Z,@ricver33,they&#39;re the one and only!!!!,1
BOYNEXTDOOR,jizAb-SLvtM,2023-05-25T15:14:14Z,@mmdct7,노래 대박,14
BOYNEXTDOOR,jizAb-SLvtM,2023-05-25T15:14:10Z,@apobangpo1117,:),0
BOYNEXTDOOR,jizAb-SLvtM,2023-05-25T15:14:08Z,@Sasha_0.0,"Спасибо, подняли настроение)",0
BOYNEXTDOOR,jizAb-SLvtM,2023-05-25T15:14:08Z,@lijeonil,boy next door the one and only yeahhhhhh,0
BOYNEXTDOOR,jizAb-SLvtM,2023-05-25T15:14:07Z,@goosekingie,this should&#39;ve been their first song,0
BOYNEXTDOOR,jizAb-SLvtM,2023-05-25T15:14:03Z,@graaayyyzzz8518,THIS DEF THEE SONG!!!!!,0
BOYNEXTDOOR,jizAb-SLvtM,2023-05-25T15:14:02Z,@l0vlicky,вауу это мотивы и бит мне так зашли  &lt;333,0
BOYNEXTDOOR,jizAb-SLvtM,2023-05-25T15:14:01Z,@peachyhanni,I KNEW IT THEY SWEEPED THE FLOOR WITH THIS ONE. <br>SOTY!!!!🎉❤,0
BOYNEXTDOOR,jizAb-SLvtM,2023-05-25T15:14:01Z,@yoongimeryme33,"Tuve un sueño bien raro,soñé que estaba cenando en un restaurante con Jin y nam de repente se van y me dejan sola con hobi y después de hablar un rato vino jimin ,y se sentó en el lugar de Jin y dijo &quot;quién se sienta aquí&quot; yo le respondí que Jin y que igual si el quería que sentará nomás ,se sentó y se acostó en mi falda y empecé a acariciar su garganta y su cara su piel perfecta enserio se sentía tan  real no puedo explicar lo bien que se sentia, después mire hacia atrás y estaba jk,tae y suga , pero suga estaba fum4nd0  ya cuando había venido Jin le pregunté si sg fum4ba y Jin me dijo que si , después de todo lo mire a sg que ya me estaba mirando le hice una seña de cómo que ya sabía que el ,sentí unas manos en mi cara y era &quot; jimin&quot; igual ame mi sueñito<br><br><br><br><br><br><br><br><br><br><br><br><br><br><br><br><br><br><br><br><br><br><br><br><br><br><br><br><br><br><br><br><br><br><br><br><br><br><br><br><br><br><br><br><br><br><br><br><br><br><br><br><br><br><br><br><br><br><br>Pd: dicen que los sueños se cumplen mis sueños 😂😂❤",0
BOYNEXTDOOR,jizAb-SLvtM,2023-05-25T15:13:58Z,@sully_soop,YESSSS,0
BOYNEXTDOOR,jizAb-SLvtM,2023-05-25T15:13:57Z,@DogGum-g7v,Naturally snatched 😻,0
BOYNEXTDOOR,jizAb-SLvtM,2023-05-25T15:13:56Z,@kaylaharris3598,This is so cool,0
BOYNEXTDOOR,jizAb-SLvtM,2023-05-25T15:13:56Z,@Keke044,Riwoo is so tiny,0
BOYNEXTDOOR,jizAb-SLvtM,2023-05-25T15:13:55Z,@minlix2430,"Yo sé que llegarán muy lejos, lo están haciendo muy bien, los amo mucho&lt;33",0
BOYNEXTDOOR,jizAb-SLvtM,2023-05-25T15:13:52Z,@aulyashabrinaaisyane8516,fresh💗💗💗✨✨,1
BOYNEXTDOOR,jizAb-SLvtM,2023-05-25T15:13:51Z,@Lifebegoodstanningfictionalmen,This group is so my vibes,0
BOYNEXTDOOR,jizAb-SLvtM,2023-05-25T15:13:51Z,@tandat1010,I can&#39;t stop listening,0
BOYNEXTDOOR,jizAb-SLvtM,2023-05-25T15:13:50Z,@icaa_ais,THIS SONG IS SO SO SOOO CUTE OMG I CAN&#39;T STOP SMILEE,0
BOYNEXTDOOR,jizAb-SLvtM,2023-05-25T15:13:49Z,@MinYoongi-cb8yn,좋은 노래,0
BOYNEXTDOOR,jizAb-SLvtM,2023-05-25T15:13:47Z,@SnejKi-yf7qp,"ну и почему их хейтят, мне их песни зашли🤧😫🤍",1
BOYNEXTDOOR,jizAb-SLvtM,2023-05-25T15:13:46Z,@minayee,This is going to be a hit,0
BOYNEXTDOOR,jizAb-SLvtM,2023-05-25T15:13:45Z,@tesyaatika866,BOYNEXTDOOR FIGHTING!!! I LOVE YOU!!,1
BOYNEXTDOOR,jizAb-SLvtM,2023-05-25T15:13:44Z,@nicoletanhamuave77,&quot;Listen I&#39;m the one and only&quot;,1
BOYNEXTDOOR,jizAb-SLvtM,2023-05-25T15:13:41Z,@fabi_zuñiga,Love U from México ❤️🇲🇽,0
BOYNEXTDOOR,jizAb-SLvtM,2023-05-25T15:13:39Z,@novue17,I look forward to their debut,0
BOYNEXTDOOR,jizAb-SLvtM,2023-05-25T15:13:37Z,@mariadelcarmenmontilla7054,Apoyo a nuestros chicos 🇩🇴🇩🇴,1
BOYNEXTDOOR,jizAb-SLvtM,2023-05-25T15:13:37Z,@일타이타-r9n,뭐아 노래 개좋음,0
BOYNEXTDOOR,jizAb-SLvtM,2023-05-25T15:13:35Z,@ofalwaysness,es tan refrescante me gusta mucho el carisma de los chicos es muy cómodo de ver,1
BOYNEXTDOOR,jizAb-SLvtM,2023-05-25T15:13:31Z,@Luné_love_ANDTEAM,"I’m so happy in here in the beginning to support them and I will still continue to support them. I can’t imagine the day they first go on tour, that would be so awesome! Who’s here to always support boynextdoor?! 💞✋🏻",0
BOYNEXTDOOR,jizAb-SLvtM,2023-05-25T15:13:30Z,@skyteerak,"&quot;Kikikiki keep ballin&#39;, listen, I&#39;m the one and only&quot; 💖💖",0
BOYNEXTDOOR,jizAb-SLvtM,2023-05-25T15:13:29Z,@DamiaMea,Kiyowo❤,0
BOYNEXTDOOR,jizAb-SLvtM,2023-05-25T15:13:26Z,@andiii.mp4,"surprisingly, this group has sooo much potential!! can’t help but root for them! &lt;3",0
BOYNEXTDOOR,jizAb-SLvtM,2023-05-25T15:13:26Z,@adityarachmansyah7528,"Suka banget deh gw hybe punya 2 grup bocah yg lagunya listening begini, bener” vibe nwjs versi boygrup",0
BOYNEXTDOOR,jizAb-SLvtM,2023-05-25T15:13:25Z,@rye1akai,WOOOOW THATS AMAZINGGG!!,1
BOYNEXTDOOR,jizAb-SLvtM,2023-05-25T15:13:25Z,@princess_avi_12,The chorus is not what I expected but I really like it!! This while so is very chill but still catchy and fun!!!,0
BOYNEXTDOOR,jizAb-SLvtM,2023-05-25T15:13:24Z,@kaoualarbi6871,Any ARMY here,0
BOYNEXTDOOR,jizAb-SLvtM,2023-05-25T15:13:21Z,@kukuandkuikui1652,Wow this song is great they’re the one and only!!,0
BOYNEXTDOOR,jizAb-SLvtM,2023-05-25T15:13:21Z,@lijeonil,yessssss go ahead forr best group,0
BOYNEXTDOOR,jizAb-SLvtM,2023-05-25T15:13:21Z,@kingamatusiak8592,Guys! You are amazing. Love you all! Rap line tho.. 😏🔥🥵🤒,0
BOYNEXTDOOR,jizAb-SLvtM,2023-05-25T15:13:20Z,@jywn1234,Eyyyyyyy,0
BOYNEXTDOOR,jizAb-SLvtM,2023-05-25T15:13:20Z,@fabi_zuñiga,"Amooooo!!!! Realmente les deseo lo mejor, que tengan mucho éxito y que sigan con buena salud 💙",0
BOYNEXTDOOR,jizAb-SLvtM,2023-05-25T15:13:15Z,@briannalima2100,THIS CONCEPT IS SO CUTE!!!!!!!!GIVING MY BEST WISHES TO BOYNEXTDOOR❤,1
BOYNEXTDOOR,jizAb-SLvtM,2023-05-25T15:13:13Z,@weneverknoweachother3601,I LOVE IT SO MUCCHH,0
BOYNEXTDOOR,jizAb-SLvtM,2023-05-25T15:13:12Z,@Mari-sp4mp,i’m loving all these songs 😭😭 i want them on spotify please!!!,0
BOYNEXTDOOR,jizAb-SLvtM,2023-05-25T15:13:10Z,@sims5026,FIGHTINGG,0
BOYNEXTDOOR,jizAb-SLvtM,2023-05-25T15:13:09Z,@unlinet994,생일ㅊㅋ~ ❤🎉,0
BOYNEXTDOOR,jizAb-SLvtM,2023-05-25T15:13:09Z,@Jangiezzz.lifesz,13 mins ago!,1
BOYNEXTDOOR,jizAb-SLvtM,2023-05-25T15:13:03Z,@bastet31,Selam bir moa olarak stream,0
BOYNEXTDOOR,jizAb-SLvtM,2023-05-25T15:13:02Z,@rei7736,WOw,0
BOYNEXTDOOR,jizAb-SLvtM,2023-05-25T15:12:59Z,@elly-ow3oi,Riwoo i love you,0
BOYNEXTDOOR,jizAb-SLvtM,2023-05-25T15:12:58Z,@celztiuhn5541,&lt;33,0
BOYNEXTDOOR,jizAb-SLvtM,2023-05-25T15:12:55Z,@marrysanchez6330,Visual+Vocals=💯,1
BOYNEXTDOOR,jizAb-SLvtM,2023-05-25T15:12:54Z,@minlix2430,"Everything was amazing, I liked the rhythm a lot and I loved the mv, I love you guys!!!!&lt;3",0
BOYNEXTDOOR,jizAb-SLvtM,2023-05-25T15:12:54Z,@42H2H,"I support 8 love, and proud of you BOYNEXTDOOR❤",1
BOYNEXTDOOR,jizAb-SLvtM,2023-05-25T15:12:53Z,@emma_angel4178,وایب خیلی خوبی به آدم میدن:&gt;,0
BOYNEXTDOOR,jizAb-SLvtM,2023-05-25T15:12:53Z,@sehar_khan_208,Let&#39;s give BOYNEXTDOOR our full support!,0
BOYNEXTDOOR,jizAb-SLvtM,2023-05-25T15:12:53Z,@NurulNurul-lu5ls,My boy? Boynextdoor❤,0
BOYNEXTDOOR,jizAb-SLvtM,2023-05-25T15:12:52Z,@annaliesevilla3656,BRO WHAT MALL IS THAT IT SEEMS TOO FAMILIAR TO MEEE,0
BOYNEXTDOOR,jizAb-SLvtM,2023-05-25T15:12:50Z,@eilynkass9286,I love their vibe so muuuuch!!!!! love it love it! so cute,0
BOYNEXTDOOR,jizAb-SLvtM,2023-05-25T15:12:50Z,@iamyaizv,와ㅏㅏㅏ~ 뮤비 너무 신선해요!!!!,24
BOYNEXTDOOR,jizAb-SLvtM,2023-05-25T15:12:50Z,@afifmuhammad8143,Suka bgt bgt,1
BOYNEXTDOOR,jizAb-SLvtM,2023-05-25T15:12:49Z,@yunikea.s1755,Fighting BOYNEXTDOOR !!🔥🔥🔥❤❤😁😁🤩🤩 support alwaysss😱😱😱💖,0
BOYNEXTDOOR,jizAb-SLvtM,2023-05-25T15:12:48Z,@Ilovehyuckiebear,Let&#39;s see,0
BOYNEXTDOOR,jizAb-SLvtM,2023-05-25T15:12:45Z,@khoryatiyati555,New jeans versi cowok 😱,0
BOYNEXTDOOR,jizAb-SLvtM,2023-05-25T15:12:45Z,@lijeonil,name of the group so nice,1
BOYNEXTDOOR,jizAb-SLvtM,2023-05-25T15:12:41Z,@lenvaa7740,Their charms are overflowing!,1
BOYNEXTDOOR,jizAb-SLvtM,2023-05-25T15:12:40Z,@Lura_sweet,I love it ❤,0
BOYNEXTDOOR,jizAb-SLvtM,2023-05-25T15:12:40Z,@ateez_143,هذوله الشباب الهم مستقبل ورح يتصدرون بالجيل الخامس,2
BOYNEXTDOOR,jizAb-SLvtM,2023-05-25T15:12:37Z,@gieueue,ONE AND ONLY,1
BOYNEXTDOOR,jizAb-SLvtM,2023-05-25T15:12:36Z,@hera-12,Is trainee A is boy next door can someone calrify..,0
BOYNEXTDOOR,jizAb-SLvtM,2023-05-25T15:12:34Z,@aditisahu1285,Love the song Can&#39;t wait for their official Debut on May 30!!! Best wishes to BOYNEXTDOOR ❤,0
BOYNEXTDOOR,jizAb-SLvtM,2023-05-25T15:12:33Z,@brownie_09,Beautiful and amazing ❤❤❤,0
BOYNEXTDOOR,jizAb-SLvtM,2023-05-25T15:12:33Z,@widifadhilah9992,I feel excited hear this song ❤❤❤ love taesan,0
BOYNEXTDOOR,jizAb-SLvtM,2023-05-25T15:12:33Z,@princess_avi_12,I can’t get over the fact that they called themselves naturally snatched😂,0
BOYNEXTDOOR,jizAb-SLvtM,2023-05-25T15:12:29Z,@abigailyapura414,❤✨❤,0
BOYNEXTDOOR,jizAb-SLvtM,2023-05-25T15:12:25Z,@wadiyasayed3159,Omggg love it ❤❤,0
BOYNEXTDOOR,jizAb-SLvtM,2023-05-25T15:12:25Z,@FreefallwithoutW,Yo catchy af,1
BOYNEXTDOOR,jizAb-SLvtM,2023-05-25T15:12:24Z,@n.nielaaa,Damn this is actually catchy,2
BOYNEXTDOOR,jizAb-SLvtM,2023-05-25T15:12:24Z,@alicegotlost,SOTY,2
BOYNEXTDOOR,jizAb-SLvtM,2023-05-25T15:12:22Z,@EllaFigueredo,"I like the vibe of this song, but I still don’t understand the concept. 😅",0
BOYNEXTDOOR,jizAb-SLvtM,2023-05-25T15:12:18Z,@Lura_sweet,❤,0
BOYNEXTDOOR,jizAb-SLvtM,2023-05-25T15:12:11Z,@lanyhl.00,I love it ❤,0
BOYNEXTDOOR,jizAb-SLvtM,2023-05-25T15:12:09Z,@맹구-k8o,아 우지호 진짜 미쳤나봐 ㅠㅠ 노래 너무 좋아 롬곡,33
BOYNEXTDOOR,jizAb-SLvtM,2023-05-25T15:12:08Z,@fakekimbap219,i’m convinced taesan is a full package member,0
BOYNEXTDOOR,jizAb-SLvtM,2023-05-25T15:12:08Z,@3mpathy.,"tremendo temazoo,estos chicos tienen mucho talento,hagamos stream a One And Only y a But i Llike You para apoyar a los chicos!&lt;3<br><br>STAN BOYNEXTDOOR!!",22
BOYNEXTDOOR,jizAb-SLvtM,2023-05-25T15:12:07Z,@ricver33,jaehyun at the beginning slaayyy,0
BOYNEXTDOOR,jizAb-SLvtM,2023-05-25T15:12:05Z,@catrien.w,another slay song,1
BOYNEXTDOOR,jizAb-SLvtM,2023-05-25T15:12:03Z,@prunellemorau260,"They outdid themselves !! I love everything about this song^^. The outfits, the boys, the melody. Perfect, perfect!! Will add to the playlist hehe~~^^",0
BOYNEXTDOOR,jizAb-SLvtM,2023-05-25T15:12:02Z,@ayshashahzad853,와 ❤❤굿,16
BOYNEXTDOOR,jizAb-SLvtM,2023-05-25T15:11:59Z,@Greys1010,💜💜💜,0
BOYNEXTDOOR,jizAb-SLvtM,2023-05-25T15:11:58Z,@Dounia.03,I am so proud of guys ❤,0
BOYNEXTDOOR,jizAb-SLvtM,2023-05-25T15:11:57Z,@lijeonil,I’m here for support this cool songgggg,0
BOYNEXTDOOR,jizAb-SLvtM,2023-05-25T15:11:57Z,@Beatrice07974,É um grupo novo?,0
BOYNEXTDOOR,jizAb-SLvtM,2023-05-25T15:11:56Z,@key4441,They deserve all the support and love!!,0
BOYNEXTDOOR,jizAb-SLvtM,2023-05-25T15:11:55Z,@Uncorazon,"no lo no le encuentro el chaka chaka ni el chukuchuku que me da al escuchar una canción, esta bonita pero denme algo pegajoso",1
BOYNEXTDOOR,jizAb-SLvtM,2023-05-25T15:11:55Z,@staaaa7,It&#39;s very sweet and nice,0
BOYNEXTDOOR,jizAb-SLvtM,2023-05-25T15:11:52Z,@msfictophile827,Cutieeee,0
BOYNEXTDOOR,jizAb-SLvtM,2023-05-25T15:11:52Z,@YoSunnyP,ABSOLUTE BANGER!,1
BOYNEXTDOOR,jizAb-SLvtM,2023-05-25T15:11:52Z,@cheasa336,💗there songs r so catchy✨💗love them so much😖💗,0
BOYNEXTDOOR,jizAb-SLvtM,2023-05-25T15:11:51Z,@fakekimbap219,BoNeDo ONE &amp; ONLY INDEED,0
BOYNEXTDOOR,jizAb-SLvtM,2023-05-25T15:11:49Z,@hanjisungaa,BOYNEXTDOOR nova geração líderes,0
BOYNEXTDOOR,jizAb-SLvtM,2023-05-25T15:11:48Z,@Atinyzz,Quando a música começar com o Jaehyun é pq é boa (não estou julgando but i like you),0
BOYNEXTDOOR,jizAb-SLvtM,2023-05-25T15:11:47Z,@minmeaoww,I love their concept ❤,0
BOYNEXTDOOR,jizAb-SLvtM,2023-05-25T15:11:42Z,@sucifaradilla2311,Bujangku bertambah,0
BOYNEXTDOOR,jizAb-SLvtM,2023-05-25T15:11:41Z,@msfictophile827,Slaaaaay,0
BOYNEXTDOOR,jizAb-SLvtM,2023-05-25T15:11:40Z,@Flutter-pink,Claim your early ticket here! &lt;3,0
BOYNEXTDOOR,jizAb-SLvtM,2023-05-25T15:11:34Z,@ekanils1256,¿Esto si es el debut o es otro b side?,0
BOYNEXTDOOR,jizAb-SLvtM,2023-05-25T15:11:34Z,@mrvbtstxt,Nice,0
BOYNEXTDOOR,jizAb-SLvtM,2023-05-25T15:11:34Z,@CARATWEVE1315,"Visuals,rap,vocals ,dance everything is perfect ❤❤❤ let&#39;s give tons of support to boynextdoor ❤😊",4
BOYNEXTDOOR,jizAb-SLvtM,2023-05-25T15:11:34Z,@malvikalama4660,wow i like it sm,0
BOYNEXTDOOR,jizAb-SLvtM,2023-05-25T15:11:32Z,@danielahernandez7929,"tiene cierto toque del estilo de zico, muy bueno.",1
BOYNEXTDOOR,jizAb-SLvtM,2023-05-25T15:11:32Z,@yun2541,こんなに聞いていてワクワク胸が高まる楽曲に久しぶりに出会えた。。。,0
BOYNEXTDOOR,jizAb-SLvtM,2023-05-25T15:11:32Z,@Pankhuriieee,Lets welcome the ROTY !!,0
BOYNEXTDOOR,jizAb-SLvtM,2023-05-25T15:11:31Z,@Pika-pika-boo,This song sounds amazing,0
BOYNEXTDOOR,jizAb-SLvtM,2023-05-25T15:11:29Z,@hirosahaas,They are so silly and cute❤,0
BOYNEXTDOOR,jizAb-SLvtM,2023-05-25T15:11:29Z,@Capture17,Amazing talent,1
BOYNEXTDOOR,jizAb-SLvtM,2023-05-25T15:11:29Z,@jjiiiiiin,OMG MY CHILDREN,0
BOYNEXTDOOR,jizAb-SLvtM,2023-05-25T15:11:22Z,@OracleSpatial,Song so cute 🎉,0
BOYNEXTDOOR,jizAb-SLvtM,2023-05-25T15:11:21Z,@Iseemeinyou,Loovveee youuuu,0
BOYNEXTDOOR,jizAb-SLvtM,2023-05-25T15:11:19Z,@ricver33,THEY ATE,0
BOYNEXTDOOR,jizAb-SLvtM,2023-05-25T15:11:19Z,@도돌이-v7w,와... 5세대 포문을 여는 그룹이네요,16
BOYNEXTDOOR,jizAb-SLvtM,2023-05-25T15:11:19Z,@rohii1607,Refreshing and a perfect debut song ❤. Plz introduce our fandom name fast . I am so excited for our fandom name 😍😍,0
BOYNEXTDOOR,jizAb-SLvtM,2023-05-25T15:11:18Z,@hayman414,wow amazing,0
BOYNEXTDOOR,jizAb-SLvtM,2023-05-25T15:11:18Z,@chettos12,Que bendición,0
BOYNEXTDOOR,jizAb-SLvtM,2023-05-25T15:11:18Z,@litschiization,"Cute song, nice vibe. Great job",0
BOYNEXTDOOR,jizAb-SLvtM,2023-05-25T15:11:16Z,@alyays6763,literal masterpiece!,0
BOYNEXTDOOR,jizAb-SLvtM,2023-05-25T15:11:15Z,@kpopunofficialchannel7397,"<a href=""https://www.youtube.com/watch?v=jizAb-SLvtM&amp;t=8"">0:08</a> this intro beginning part is so catchy like- 😭🤚🏻",7
BOYNEXTDOOR,jizAb-SLvtM,2023-05-25T15:11:12Z,@johannamenjivar,"Este grupo es muy mi estilo de música. Los chicos se ven muy carismáticos frente a la cámara, me gusta.",3
BOYNEXTDOOR,jizAb-SLvtM,2023-05-25T15:11:12Z,@stefanysibi,A song with really unique vocals and really addictive.,1
BOYNEXTDOOR,jizAb-SLvtM,2023-05-25T15:11:09Z,@claironvermeu9110,That’s so cool wtf ?,0
BOYNEXTDOOR,jizAb-SLvtM,2023-05-25T15:11:07Z,@H_.d6ng,와우,0
BOYNEXTDOOR,jizAb-SLvtM,2023-05-25T15:11:06Z,@Patty-fh8tj,Awesome Awesome  👍👍 Congratulations Boys Can not wait to see more.,0
BOYNEXTDOOR,jizAb-SLvtM,2023-05-25T15:11:05Z,@dennykaoz,Adorables,0
BOYNEXTDOOR,jizAb-SLvtM,2023-05-25T15:11:05Z,@Kiwi-fm5dr,Omg that was amazing can’t wait for more 🫶🏼🫶🏼🫶🏼,0
BOYNEXTDOOR,jizAb-SLvtM,2023-05-25T15:11:04Z,@lolonatsu,It&#39;s giving New Jeans and I LOVE IT,0
BOYNEXTDOOR,jizAb-SLvtM,2023-05-25T15:11:05Z,@moarudy,SLAYEDDD ROOKIEE,0
BOYNEXTDOOR,jizAb-SLvtM,2023-05-25T15:11:04Z,@nanno-979,Son increíbles😊,0
BOYNEXTDOOR,jizAb-SLvtM,2023-05-25T15:11:03Z,@uaigabriella,🎉🎉🎉,0
BOYNEXTDOOR,jizAb-SLvtM,2023-05-25T15:11:02Z,@nicoletanhamuave77,This song is so cute🥰,1
BOYNEXTDOOR,jizAb-SLvtM,2023-05-25T15:11:02Z,@lovinghwaandhwi,they don&#39;t disappoint 🥺,0
BOYNEXTDOOR,jizAb-SLvtM,2023-05-25T15:10:58Z,@Iseemeinyou,الاغنيه رائعه وحلوة,0
BOYNEXTDOOR,jizAb-SLvtM,2023-05-25T15:10:57Z,@rizzace-dn8hg,I can&#39;t wait for them to perform it would be so great,0
BOYNEXTDOOR,jizAb-SLvtM,2023-05-25T15:10:54Z,@Pika-pika-boo,They don’t have a YouTube channel?,0
BOYNEXTDOOR,jizAb-SLvtM,2023-05-25T15:10:53Z,@belenarostegui214,Woonhak is trying to drive me crazy. WHY HE IS SO PERFECTTT😭😭,3
BOYNEXTDOOR,jizAb-SLvtM,2023-05-25T15:10:52Z,@lia9918,What did they put in that song?! This is so addictive omg!!,0
BOYNEXTDOOR,jizAb-SLvtM,2023-05-25T15:10:51Z,@m1dnight227,loved it &lt;3,0
BOYNEXTDOOR,jizAb-SLvtM,2023-05-25T15:10:51Z,@riverirham-cy1nm,"OMGGGGG, THEY&#39;RE ATEEEEEE THE SONGGGGG",0
BOYNEXTDOOR,jizAb-SLvtM,2023-05-25T15:10:50Z,@valuluw,"me enteré del estreno una hora antes, simplemente ¡wow! ❤",0
BOYNEXTDOOR,jizAb-SLvtM,2023-05-25T15:10:50Z,@Touka_,They give Newjeans vibes in boy version.<br>The concept etc.. I really loved the concept that changes contrary to some others boy group.,1
BOYNEXTDOOR,jizAb-SLvtM,2023-05-25T15:10:50Z,@softjuliet,🇹🇷🇰🇷,0
BOYNEXTDOOR,jizAb-SLvtM,2023-05-25T15:10:49Z,@JINN_Tg,Ooooh I already like this song🔥🔥🔥🔥,0
BOYNEXTDOOR,jizAb-SLvtM,2023-05-25T15:10:50Z,@ini2686,너무 귀여워❤❤❤,29
BOYNEXTDOOR,jizAb-SLvtM,2023-05-25T15:10:49Z,@loststarsgirl,Cutee ❤,0
BOYNEXTDOOR,jizAb-SLvtM,2023-05-25T15:10:48Z,@user-zq9oh2km6l,まーーーーじで可愛いな？？,0
BOYNEXTDOOR,jizAb-SLvtM,2023-05-25T15:10:46Z,@Sandrafranco318,Es um nuevo grupo q debuto,0
BOYNEXTDOOR,jizAb-SLvtM,2023-05-25T15:10:46Z,@stanloona6553,i love how the vibe is so refreshing,0
BOYNEXTDOOR,jizAb-SLvtM,2023-05-25T15:10:45Z,@aboatonclouds7394,I leave my trace here!! GO BOYNEXTDOOR,0
BOYNEXTDOOR,jizAb-SLvtM,2023-05-25T15:10:42Z,@supersuper3216-b3s,오 나는 이게 더 취저인듯ㅎㅎㅎ🔥<br>애들 다 개구장이같아서 노래랑도 찰떡ㅎㅎ👍,51
BOYNEXTDOOR,jizAb-SLvtM,2023-05-25T15:10:42Z,@alzakirah5384,suka banget sama konsepnya boy next door,0
BOYNEXTDOOR,jizAb-SLvtM,2023-05-25T15:10:41Z,@sammantaa,i love them,0
BOYNEXTDOOR,jizAb-SLvtM,2023-05-25T15:10:41Z,@Alishagaming970,Omggg 😘🤍,0
BOYNEXTDOOR,jizAb-SLvtM,2023-05-25T15:10:41Z,@realnnagitokomaeda,SUPPORT THEM!,0
BOYNEXTDOOR,jizAb-SLvtM,2023-05-25T15:10:41Z,@love.storey4235,mvnya lucu. jadi ikut senyun sepanjang mv,0
BOYNEXTDOOR,jizAb-SLvtM,2023-05-25T15:10:40Z,@hayyyyyie,This sounds so fun!,0
BOYNEXTDOOR,jizAb-SLvtM,2023-05-25T15:10:39Z,@chulbulidb101,🥰 cool.....i like it 👍,0
BOYNEXTDOOR,jizAb-SLvtM,2023-05-25T15:10:38Z,@rexixve,"This song is really different!<br>I smiled the whole time<br>I&#39;m glad I met you boys, you make me smile <br>I will continue to support you .",0
BOYNEXTDOOR,jizAb-SLvtM,2023-05-25T15:10:37Z,@انيوشا_عمك_حياتي,جميل,1
BOYNEXTDOOR,jizAb-SLvtM,2023-05-25T15:10:36Z,@sammantaa,OMG,0
BOYNEXTDOOR,jizAb-SLvtM,2023-05-25T15:10:34Z,@fernandavita3122,HOW SO CUTEE?!!,0
BOYNEXTDOOR,jizAb-SLvtM,2023-05-25T15:10:34Z,@Hadar-c7p,"I am a new FANEXTDOOR!❤<br>The M/V,Rap and Vocals are everything!<br>BOYNEXTDOOR ARE THE BEST!<br>Literaly me new fav song!",1
BOYNEXTDOOR,jizAb-SLvtM,2023-05-25T15:10:33Z,@parvathy8319,I love them already! Fighting 💜,1
BOYNEXTDOOR,jizAb-SLvtM,2023-05-25T15:10:32Z,@wethgu,вау они такие милые!! потрясающая песня💗,6
BOYNEXTDOOR,jizAb-SLvtM,2023-05-25T15:10:32Z,@kaileyfry,Im loving that they are going for a different sound than whats currently popular! Reminds me of 2016/2017 kpop. Very bubbly &amp; playful!,1
BOYNEXTDOOR,jizAb-SLvtM,2023-05-25T15:10:31Z,@Iseemeinyou,يييججججنننوووووووووووواااا,0
BOYNEXTDOOR,jizAb-SLvtM,2023-05-25T15:10:31Z,@filzahfily,I LOVE THISS FR U GUYS HAS TO LISTEN THIS MANY TIMES😊,0
BOYNEXTDOOR,jizAb-SLvtM,2023-05-25T15:10:30Z,@ia6895,성호? 장발충의 마음을 사로잡다 .,0
BOYNEXTDOOR,jizAb-SLvtM,2023-05-25T15:10:29Z,@nwadine,this song is like summer,0
BOYNEXTDOOR,jizAb-SLvtM,2023-05-25T15:10:28Z,@100j-t5e,Who&#39;s there? THE BOYNEXTDOOR !!!!!!!!!!,0
BOYNEXTDOOR,jizAb-SLvtM,2023-05-25T15:10:24Z,@armybombs2882,Omo I think I&#39;m going to addicte to them ❤❤❤,0
BOYNEXTDOOR,jizAb-SLvtM,2023-05-25T15:10:23Z,@orcatress,amazing,0
BOYNEXTDOOR,jizAb-SLvtM,2023-05-25T15:10:21Z,@NataliaOliveira-zi7hn,cute concept it’s back YAY,0
BOYNEXTDOOR,jizAb-SLvtM,2023-05-25T15:10:20Z,@kkk-p2g,ㄹㅇ 메인레퍼 품 미쳤다 목소리 개조아,13
BOYNEXTDOOR,jizAb-SLvtM,2023-05-25T15:10:18Z,@ervinaimelda6522,Wooowww,0
BOYNEXTDOOR,jizAb-SLvtM,2023-05-25T15:10:16Z,@ansifaaboobacker7972,Let&#39;s goo💗😌,1
BOYNEXTDOOR,jizAb-SLvtM,2023-05-25T15:10:16Z,@chimmypark1653,So addicting,0
BOYNEXTDOOR,jizAb-SLvtM,2023-05-25T15:10:14Z,@pinkmomori,coollll,0
BOYNEXTDOOR,jizAb-SLvtM,2023-05-25T15:10:12Z,@BikroKosmos,Ok I will definitely be watching their growth. Wishing them all the best.,0
BOYNEXTDOOR,jizAb-SLvtM,2023-05-25T15:10:09Z,@TheDongsong,I like this new group.,0
BOYNEXTDOOR,jizAb-SLvtM,2023-05-25T15:10:08Z,@B1ackS0rrw03,Another banger from this amazing group ❤,1
BOYNEXTDOOR,jizAb-SLvtM,2023-05-25T15:10:06Z,@semo9180,woooooow,0
BOYNEXTDOOR,jizAb-SLvtM,2023-05-25T15:10:05Z,@bartekina1744,LMFAOOOO WHAT IS THISSSSS ANOTHER BG FLOPPING WITH ITS SHITTY MUSIC,0
BOYNEXTDOOR,jizAb-SLvtM,2023-05-25T15:10:05Z,@chiraz3514,The summer song i needed came just in time 🥺,0
BOYNEXTDOOR,jizAb-SLvtM,2023-05-25T15:10:03Z,@computerenginerring..,türkiyeden selamm,0
BOYNEXTDOOR,jizAb-SLvtM,2023-05-25T15:10:03Z,@Leotheboy98,SLAYYY,0
BOYNEXTDOOR,jizAb-SLvtM,2023-05-25T15:10:01Z,@newjeans3483,ROOKIE OF THE YEAR,2
BOYNEXTDOOR,jizAb-SLvtM,2023-05-25T15:09:59Z,@Biiiibbiib,아ㅏㅏ 노래는 너무 좋고 대박이야 ㅠㅠㅠㅠ,5
BOYNEXTDOOR,jizAb-SLvtM,2023-05-25T15:09:57Z,@junescoton7929,Streaming ❤,0
BOYNEXTDOOR,jizAb-SLvtM,2023-05-25T15:09:55Z,@selflove1021,This song is nice ❤ support support 💪,0
BOYNEXTDOOR,jizAb-SLvtM,2023-05-25T15:09:54Z,@kesiblack3703,"yaaaay, i like it. they are so bright. 🤩",0
BOYNEXTDOOR,jizAb-SLvtM,2023-05-25T15:09:51Z,@riskaamelia5159,So cool,1
BOYNEXTDOOR,jizAb-SLvtM,2023-05-25T15:09:51Z,@uArmyEngel,This boy group will definitely going places ❤,30
BOYNEXTDOOR,jizAb-SLvtM,2023-05-25T15:09:50Z,@Elenushkin,"Классные ребята, такие настоящие, обаятельные! И такие жизнерадостные! Желаю вам много поклонников! Интересно, как будут называться фанаты?",13
BOYNEXTDOOR,jizAb-SLvtM,2023-05-25T15:09:50Z,@uchirahmadani6357,Yokhsi zico style 💜💜💜,0
BOYNEXTDOOR,jizAb-SLvtM,2023-05-25T15:09:48Z,@trishapmercado,Coolll,1
BOYNEXTDOOR,jizAb-SLvtM,2023-05-25T15:09:48Z,@newjeans3483,SOTY,0
BOYNEXTDOOR,jizAb-SLvtM,2023-05-25T15:09:46Z,@chozinkhaing7065,❤😮,0
BOYNEXTDOOR,jizAb-SLvtM,2023-05-25T15:09:46Z,@Praveena067,❤ BOYNEXTDOOR,0
BOYNEXTDOOR,jizAb-SLvtM,2023-05-25T15:09:46Z,@syeaeys,YEAH BOYNEXTDOOR,0
BOYNEXTDOOR,jizAb-SLvtM,2023-05-25T15:09:44Z,@tubatu2019,Eu amei a vibe do mv,2
BOYNEXTDOOR,jizAb-SLvtM,2023-05-25T15:09:44Z,@jaessom,Estoy enamoradaaa,0
BOYNEXTDOOR,jizAb-SLvtM,2023-05-25T15:09:44Z,@a1aakt284,Its so fun,0
BOYNEXTDOOR,jizAb-SLvtM,2023-05-25T15:09:43Z,@jungogo,Loveee ittt okay I&#39;m going to stan them 100%,0
BOYNEXTDOOR,jizAb-SLvtM,2023-05-25T15:09:42Z,@upondown,내가 원한 게 이거잖아,0
BOYNEXTDOOR,jizAb-SLvtM,2023-05-25T15:09:40Z,@chisable,Sounds like Nct dream???,0
BOYNEXTDOOR,jizAb-SLvtM,2023-05-25T15:09:39Z,@ambitiouspersonn,It&#39;s really cooollllll,0
BOYNEXTDOOR,jizAb-SLvtM,2023-05-25T15:09:38Z,@K_acsem,Люблю вас💞😍💞😍💞😍,0
BOYNEXTDOOR,jizAb-SLvtM,2023-05-25T15:09:37Z,@viaaaviaaa3080,SEMOGA SUKSES BOYNEXTDOOR🎉 KAMI MENCINTAIMU❤,10
BOYNEXTDOOR,jizAb-SLvtM,2023-05-25T15:09:35Z,@쿤탈라로이,Ayayayayayaya yoooo,0
BOYNEXTDOOR,jizAb-SLvtM,2023-05-25T15:09:34Z,@miriam2160,OMG! for me it&#39;s a big YES! BOP! FIGHTING!,1
BOYNEXTDOOR,jizAb-SLvtM,2023-05-25T15:09:34Z,@ism7050,뭐야;;  뮤비 끝나고 지코 새우깡 광고 영상으로 이어지네 ㅋㅋ,0
BOYNEXTDOOR,jizAb-SLvtM,2023-05-25T15:09:32Z,@100j-t5e,I&#39;m I&#39;m really really looking forward to their debut !!!!!!!!!!!!!!!!,0
BOYNEXTDOOR,jizAb-SLvtM,2023-05-25T15:09:32Z,@shimpiyaa,I love this song,0
BOYNEXTDOOR,jizAb-SLvtM,2023-05-25T15:09:30Z,@Loveetheory,sangat zico ini lagu ✊,0
BOYNEXTDOOR,jizAb-SLvtM,2023-05-25T15:09:30Z,@annie-wz2kh,LETTSSS GOOOOOOO😫😫😫,0
BOYNEXTDOOR,jizAb-SLvtM,2023-05-25T15:09:29Z,@viridity.z,"아아! 저는 이 노래를 정말 좋아합니다 ☺️ 각 멤버가 그것을 만들기 위해 열심히 노력했다는 것을 알 수 있습니다. 이 노래는 확실히 오랫동안 내 머릿속에 갇힐 거야! 그건 내 기분을 고양시켰어. 고마워, BOYNEXTDOOR!",113
BOYNEXTDOOR,jizAb-SLvtM,2023-05-25T15:09:29Z,@nisyaamalia8521,WOWW LAGUNYA LANGSUNG MASUK KE TELINGAA ENAK BANGETT,9
BOYNEXTDOOR,jizAb-SLvtM,2023-05-25T15:09:27Z,@arkhyle,ahhhh luv it,0
BOYNEXTDOOR,jizAb-SLvtM,2023-05-25T15:09:27Z,@hopehannahrezandt8093,❤❤❤❤,0
BOYNEXTDOOR,jizAb-SLvtM,2023-05-25T15:09:27Z,@Touka_,The concept looks so refreshing and cute.<br>The boys are too cute it’s awesome <br>They look amazing <br>I don’t know why they give NEWJEANS vibes in boy version.<br>I love and loved !❤<br>Let’s support that guys !,14
BOYNEXTDOOR,jizAb-SLvtM,2023-05-25T15:09:26Z,@bp_revolution1,Okay...,0
BOYNEXTDOOR,jizAb-SLvtM,2023-05-25T15:09:24Z,@snrbanita,Real adek vibe 🤣,0
BOYNEXTDOOR,jizAb-SLvtM,2023-05-25T15:09:24Z,@goohae6619,ANJAAAY ENAK POL,0
BOYNEXTDOOR,jizAb-SLvtM,2023-05-25T15:09:23Z,@쿤탈라로이,Keep it up🥰🥰,0
BOYNEXTDOOR,jizAb-SLvtM,2023-05-25T15:09:23Z,@n4nuspov,"<a href=""https://www.youtube.com/watch?v=jizAb-SLvtM&amp;t=51"">0:51</a> actually you are ❤",41
BOYNEXTDOOR,jizAb-SLvtM,2023-05-25T15:09:23Z,@jungwonyang1031,STAN BOYNEXTDOOR FOR BETTER LIFE,0
BOYNEXTDOOR,jizAb-SLvtM,2023-05-25T15:09:21Z,@migitmagic6489,💙🧡BND I LOVE IT SUMMER VIBES💙🧡 546 COMMENTS EARLY,0
BOYNEXTDOOR,jizAb-SLvtM,2023-05-25T15:09:19Z,@K_acsem,BOYNEXTDOOR такие милые 🥰мне нравится песня 💓,0
BOYNEXTDOOR,jizAb-SLvtM,2023-05-25T15:09:18Z,@jur1_ho905,ITS GIVING NCT DREAM VIBESSS AND I LOVE ITTT!!!💐💐💐💗💗💗💗✨✨,0
BOYNEXTDOOR,jizAb-SLvtM,2023-05-25T15:09:16Z,@choinana5268,Enak lagunya,0
BOYNEXTDOOR,jizAb-SLvtM,2023-05-25T15:09:15Z,@evlnblnmrndacn,"Me encantó, ustedes van por todo lo alto ❤🎉",0
BOYNEXTDOOR,jizAb-SLvtM,2023-05-25T15:09:15Z,@Mad_WooYoung,FRESH AND REFRESHING TO THE EARS 👌 Looking forward to more songs from this group.,0
BOYNEXTDOOR,jizAb-SLvtM,2023-05-25T15:09:12Z,@쿤탈라로이,I love them already,0
BOYNEXTDOOR,jizAb-SLvtM,2023-05-25T15:09:11Z,@ollayoongi6244,next door will be a successful boygroup in the future. I am sure of it. let&#39;s support them,2
BOYNEXTDOOR,jizAb-SLvtM,2023-05-25T15:09:09Z,@Sakura-ko9gh,I like trainee a more,0
BOYNEXTDOOR,jizAb-SLvtM,2023-05-25T15:09:09Z,@jisooyahh23,BOY NEXT DOOR 음악이 정말 좋고 보컬이 끝내준다  Daebak!,4
BOYNEXTDOOR,jizAb-SLvtM,2023-05-25T15:09:07Z,@ricver33,yyyyeeessss,0
BOYNEXTDOOR,jizAb-SLvtM,2023-05-25T15:09:07Z,@iczee,Adding to my on repeat,0
BOYNEXTDOOR,jizAb-SLvtM,2023-05-25T15:09:02Z,@JanaDaws-v9i,OMG🫨🫶🩶🩶🩶🩶,0
BOYNEXTDOOR,jizAb-SLvtM,2023-05-25T15:09:01Z,@lihabun,HYBE SAY HI,0
BOYNEXTDOOR,jizAb-SLvtM,2023-05-25T15:09:00Z,@쿤탈라로이,"Wowowww ,,,sooo smooth",0
BOYNEXTDOOR,jizAb-SLvtM,2023-05-25T15:08:59Z,@Bangtanfan-7,Support this talented boys,0
BOYNEXTDOOR,jizAb-SLvtM,2023-05-25T15:08:59Z,@liompyrwgwyrd_wr,정말 모든게 좋아,0
BOYNEXTDOOR,jizAb-SLvtM,2023-05-25T15:08:57Z,@beomtoriss,THEY R SO CUTE ‼️‼️‼️,0
BOYNEXTDOOR,jizAb-SLvtM,2023-05-25T15:08:56Z,@azuulclaroo,I LOVE IT OMG,0
BOYNEXTDOOR,jizAb-SLvtM,2023-05-25T15:08:55Z,@chewbin8616,This is cute!,0
BOYNEXTDOOR,jizAb-SLvtM,2023-05-25T15:08:55Z,@duarhkals,huhu cuti vải,0
BOYNEXTDOOR,jizAb-SLvtM,2023-05-25T15:08:54Z,@mimihiba9015,Boy ❤❤❤❤,1
BOYNEXTDOOR,jizAb-SLvtM,2023-05-25T15:08:54Z,@marrymeyoongi4976,Rapper 😱,0
BOYNEXTDOOR,jizAb-SLvtM,2023-05-25T15:08:52Z,@えりん-h1j,なんかもう自分が求めてた曲すぎる最高これからが楽しみすぎる、、、！！！💞,0
BOYNEXTDOOR,jizAb-SLvtM,2023-05-25T15:08:51Z,@9eo9mo,yeayyyy,0
BOYNEXTDOOR,jizAb-SLvtM,2023-05-25T15:08:51Z,@krischell2996,Let&#39;s gooooooo,0
BOYNEXTDOOR,jizAb-SLvtM,2023-05-25T15:08:50Z,@happyhoon5880,Hybe boys never disappoints,0
BOYNEXTDOOR,jizAb-SLvtM,2023-05-25T15:08:50Z,@bangpink_ismyfav,These boys deserve all the love 😭,0
BOYNEXTDOOR,jizAb-SLvtM,2023-05-25T15:08:50Z,@Heytayo_sendhelp,I can already till imma like them😭,0
BOYNEXTDOOR,jizAb-SLvtM,2023-05-25T15:08:47Z,@lovexoie.g,Let&#39;s support BOYNEXTDOOR cause Why not?!!❤️,4
BOYNEXTDOOR,jizAb-SLvtM,2023-05-25T15:08:45Z,@nunalee31,"Heol! I think BND Will get a positive response in Korea if they release this song as the title track. For me, I prefer this over the title track. Not that the title track is bad, no. It&#39;s just that this song is perfect for debut opening.",5
BOYNEXTDOOR,jizAb-SLvtM,2023-05-25T15:08:44Z,@hirosahaas,"<a href=""https://www.youtube.com/watch?v=jizAb-SLvtM&amp;t=40"">0:40</a> I&#39;m levitating",7
BOYNEXTDOOR,jizAb-SLvtM,2023-05-25T15:08:43Z,@surreyuhre,Penalty for argentina,2
BOYNEXTDOOR,jizAb-SLvtM,2023-05-25T15:08:41Z,@zezeeys,they&#39;re kinda ate....,2
BOYNEXTDOOR,jizAb-SLvtM,2023-05-25T15:08:40Z,@Matengene,Very cool ❤,3
BOYNEXTDOOR,jizAb-SLvtM,2023-05-25T15:08:40Z,@shrutiagrawal3777,I am loving this group.... Love the vibe of both their songs! ❤,6
BOYNEXTDOOR,jizAb-SLvtM,2023-05-25T15:08:36Z,@sandrinaputeri9650,LET&#39;S GOOO STREAMING GUYSSS,4
BOYNEXTDOOR,jizAb-SLvtM,2023-05-25T15:08:33Z,@indradwipayana3541,Their style like 2000s kids,2
BOYNEXTDOOR,jizAb-SLvtM,2023-05-25T15:08:33Z,@AkangSunoo-gi8tl,"Lucu ihh, seru lagunya asik, enak dngernya",3
BOYNEXTDOOR,jizAb-SLvtM,2023-05-25T15:08:32Z,@ev7zev,"Уаааа, какая классная песня! И вау, Джэхён такой красавчик, я не могу",39
BOYNEXTDOOR,jizAb-SLvtM,2023-05-25T15:08:32Z,@hb2953,your lady is here,2
BOYNEXTDOOR,jizAb-SLvtM,2023-05-25T15:08:31Z,@shiness19,I&#39;m addicted but why sugho has less lines,2
BOYNEXTDOOR,jizAb-SLvtM,2023-05-25T15:08:30Z,@mtg1807,"Me gusta el nuevo concepto que trae BOYNEXTDOOR, Vamos a darle todo nuestro apoyo!!",3
BOYNEXTDOOR,jizAb-SLvtM,2023-05-25T15:08:30Z,@namjoonsglasses3202,They did so well😭💗💗,2
BOYNEXTDOOR,jizAb-SLvtM,2023-05-25T15:08:29Z,@vlessvndrvv,"<a href=""https://www.youtube.com/watch?v=jizAb-SLvtM&amp;t=60"">1:00</a> it reminds me when trainee a went to US 😭 <br><br>Love the mv BOYNEXTDOOR",39
BOYNEXTDOOR,jizAb-SLvtM,2023-05-25T15:08:28Z,@kriscacao4864,cute 🥰,2
BOYNEXTDOOR,jizAb-SLvtM,2023-05-25T15:08:25Z,@lelescythe,slayyyyyyy!! so nice 💚,2
BOYNEXTDOOR,jizAb-SLvtM,2023-05-25T15:08:25Z,@dvtrbl,They so cuteeee  🥰🥰🥰,1
BOYNEXTDOOR,jizAb-SLvtM,2023-05-25T15:08:25Z,@Applegum-zp1pr,Bruh I thought they said f*ck your face😂 Korean language is so hard sometimes,1
BOYNEXTDOOR,jizAb-SLvtM,2023-05-25T15:08:24Z,@J43YUN_05,IT&#39;S AMAZING SONG.✨🤍✨,0
BOYNEXTDOOR,jizAb-SLvtM,2023-05-25T15:08:22Z,@kimmon7855,หล่อมาก เล่นกับใจพวกพี่สาวเกินแก,1
BOYNEXTDOOR,jizAb-SLvtM,2023-05-25T15:08:20Z,@_whoischae,Omg just  8 min,1
BOYNEXTDOOR,jizAb-SLvtM,2023-05-25T15:08:20Z,@noferasuryani6536,Woaaahhhh....congrats boys,0
BOYNEXTDOOR,jizAb-SLvtM,2023-05-25T15:08:19Z,@LinoSoonieCeviri,I hope you will grow❤,1
BOYNEXTDOOR,jizAb-SLvtM,2023-05-25T15:08:18Z,@xxtxxa257,This song So Perfect,1
BOYNEXTDOOR,jizAb-SLvtM,2023-05-25T15:08:19Z,@gwenchanakub,ว้าวมากเตง,1
BOYNEXTDOOR,jizAb-SLvtM,2023-05-25T15:08:15Z,@katyaaa_kk,Let&#39;s get it BOYNEXTDOOR,0
BOYNEXTDOOR,jizAb-SLvtM,2023-05-25T15:08:13Z,@brenzaam,LOS AMO BOYNEXTDOOR,0
BOYNEXTDOOR,jizAb-SLvtM,2023-05-25T15:08:12Z,@Knrl-u6p,🎉 i like it❤ so unique song,0
BOYNEXTDOOR,jizAb-SLvtM,2023-05-25T15:08:11Z,@jungsungengene2530,ومن هنا اكتشفت ان هايب ديما اغاني فرقها مميزه,0
BOYNEXTDOOR,jizAb-SLvtM,2023-05-25T15:08:10Z,@FernandaMorais00,o pré refrao é a melhor parte,0
BOYNEXTDOOR,jizAb-SLvtM,2023-05-25T15:08:07Z,@rocababy,WHO&#39;S THERE?!?! THE BOY NEXT DOOR!!!! CAN&#39;T WAIT FOR YOUR DEBUT BOOOOYS 🥺,0
BOYNEXTDOOR,jizAb-SLvtM,2023-05-25T15:08:04Z,@danaowo2868,Woww,0
BOYNEXTDOOR,jizAb-SLvtM,2023-05-25T15:08:02Z,@isalovestubatu,love the positive vibe of this song and music video! definitely going on my summer playlist :) so proud of the boys for their hard work. keep streaming everyone and show your support!💛💛💛,0
BOYNEXTDOOR,jizAb-SLvtM,2023-05-25T15:08:00Z,@Embroiderybyrima,Wowwo so  fresh vibes 😍,0
BOYNEXTDOOR,jizAb-SLvtM,2023-05-25T15:07:58Z,@jacobsbaeconstrips6350,oh man i looove their whole vibe,0
BOYNEXTDOOR,jizAb-SLvtM,2023-05-25T15:07:57Z,@hyuhwangjin,STAN BOYNEXTDOOR &lt;3333,0
BOYNEXTDOOR,jizAb-SLvtM,2023-05-25T15:07:57Z,@luisamaeocdinaria3168,lets go❤,0
BOYNEXTDOOR,jizAb-SLvtM,2023-05-25T15:07:55Z,@lya6651,Woowww,0
BOYNEXTDOOR,jizAb-SLvtM,2023-05-25T15:07:55Z,@selenaguizarsantos1751,Ayuda quienes son ???,1
BOYNEXTDOOR,jizAb-SLvtM,2023-05-25T15:07:55Z,@yena-ow1le,킹갓 우지호 비트❤️‍🔥❤️‍🔥,5
BOYNEXTDOOR,jizAb-SLvtM,2023-05-25T15:07:53Z,@soyongdoriii,ソンホだいすき,0
BOYNEXTDOOR,jizAb-SLvtM,2023-05-25T15:07:53Z,@Txtforeve_r,Super song ❤🎉,1
BOYNEXTDOOR,jizAb-SLvtM,2023-05-25T15:07:52Z,@1___mr,かわいい！！最高！！好き！！,0
BOYNEXTDOOR,jizAb-SLvtM,2023-05-25T15:07:52Z,@fernandac.rodrigues8402,LOVE IT ❤❤❤,0
BOYNEXTDOOR,jizAb-SLvtM,2023-05-25T15:07:52Z,@beomgyuyaki,BOYNEXTDOOR 🤍,0
BOYNEXTDOOR,jizAb-SLvtM,2023-05-25T15:07:52Z,@junnie_1287,you guys ate 😽🫶,0
BOYNEXTDOOR,jizAb-SLvtM,2023-05-25T15:07:50Z,@minzaacutii,iuuu,0
BOYNEXTDOOR,jizAb-SLvtM,2023-05-25T15:07:49Z,@sedra5983,I really like this song it’s so funny and interesting,0
BOYNEXTDOOR,jizAb-SLvtM,2023-05-25T15:07:49Z,@ssraea,Lagunya sekali dengar langsung nyantol,0
BOYNEXTDOOR,jizAb-SLvtM,2023-05-25T15:07:48Z,@chelyzjk,Me gusta,0
BOYNEXTDOOR,jizAb-SLvtM,2023-05-25T15:07:48Z,@isabelteresa97,Gosto dessa vibe :) sentia falta dessa vibe em grupos.,0
BOYNEXTDOOR,jizAb-SLvtM,2023-05-25T15:07:47Z,@taehyung9512,Their vibe. I lov&#39;it ♡,0
BOYNEXTDOOR,jizAb-SLvtM,2023-05-25T15:07:47Z,@beomgyuyaki,BOYNEXTDOOR 🩶,0
BOYNEXTDOOR,jizAb-SLvtM,2023-05-25T15:07:45Z,@sitihassanah3134,Keren,0
BOYNEXTDOOR,jizAb-SLvtM,2023-05-25T15:07:44Z,@alexss3661,I&#39;m deeply in love with their concept❤ let&#39;s support Boy Next Door,3
BOYNEXTDOOR,jizAb-SLvtM,2023-05-25T15:07:43Z,@potatotuberosum5268,Kinda slaps,0
BOYNEXTDOOR,jizAb-SLvtM,2023-05-25T15:07:42Z,@beomgyuyaki,BOYNEXTDOOR 🖤,0
BOYNEXTDOOR,jizAb-SLvtM,2023-05-25T15:07:41Z,@anahitsagatelyan8094,So cute♡,0
BOYNEXTDOOR,jizAb-SLvtM,2023-05-25T15:07:39Z,@nnrais,ÇOK GÜZEL,0
BOYNEXTDOOR,jizAb-SLvtM,2023-05-25T15:07:38Z,@genesisbersoza7631,"Los amoo demasiado , me encantó 💓",0
BOYNEXTDOOR,jizAb-SLvtM,2023-05-25T15:07:39Z,@hanaryoko,💕,0
BOYNEXTDOOR,jizAb-SLvtM,2023-05-25T15:07:36Z,@K_acsem,"Hello world, this BOYNEXTDOOR!!",0
BOYNEXTDOOR,jizAb-SLvtM,2023-05-25T15:07:37Z,@deelullaby,amazing,0
BOYNEXTDOOR,jizAb-SLvtM,2023-05-25T15:07:36Z,@Nvisard,Perfect,0
BOYNEXTDOOR,jizAb-SLvtM,2023-05-25T15:07:36Z,@jimecabrera5425,❤❤🇦🇷❤❤,0
BOYNEXTDOOR,jizAb-SLvtM,2023-05-25T15:07:36Z,@rendyoktavio8280,ASIKKKK❤,0
BOYNEXTDOOR,jizAb-SLvtM,2023-05-25T15:07:35Z,@beomgyuyaki,BOYNEXTDOOR 🤎,0
BOYNEXTDOOR,jizAb-SLvtM,2023-05-25T15:07:35Z,@theoeliott42,I will support Boynextdoor no matter what 💪😌,0
BOYNEXTDOOR,jizAb-SLvtM,2023-05-25T15:07:35Z,@Kep1zyyy,Fresh - 100%<br>Slay - 100%<br>Vocals - 100%<br>Concept - 100%<br>Dance - 100% <br>Visuals - 100%,1
BOYNEXTDOOR,jizAb-SLvtM,2023-05-25T15:07:35Z,@Nikkii7,Goodluck! Congrats on debut💃🏻💜,0
BOYNEXTDOOR,jizAb-SLvtM,2023-05-25T15:07:32Z,@madeline7889,"I went into this with no expectations, but that was so freaking cute and refreshing. Definitely a group to keep an eye on",0
BOYNEXTDOOR,jizAb-SLvtM,2023-05-25T15:07:32Z,@8xilil.,الاغنيه منعشه,0
BOYNEXTDOOR,jizAb-SLvtM,2023-05-25T15:07:32Z,@not_daijobu_,"As they said they are not just a stereotype and the same goes for their music. I love the refreshing music they have. Zico produced a great group to represent KOZ.<br>Great job, BOYNEXTDOOR. Love and luck for the future. 💗💗💗💗",64
BOYNEXTDOOR,jizAb-SLvtM,2023-05-25T15:07:31Z,@beomgyuyaki,BOYNEXTDOOR 💜,0
BOYNEXTDOOR,jizAb-SLvtM,2023-05-25T15:07:31Z,@dalandan2287,BOY NEXT-DOOR  ONE AND ONLY!!!,0
BOYNEXTDOOR,jizAb-SLvtM,2023-05-25T15:07:30Z,@rllyokashii,they are so cute omg,0
BOYNEXTDOOR,jizAb-SLvtM,2023-05-25T15:07:30Z,@moehfa,GILA ENAK BGT,0
BOYNEXTDOOR,jizAb-SLvtM,2023-05-25T15:07:28Z,@itzelguadalupefuentesrodri9590,Es linda la cancion!!!,0
BOYNEXTDOOR,jizAb-SLvtM,2023-05-25T15:07:28Z,@reveuncase,"THIS SONG IS SUCH A VIBE, I found this video on the homepage when I was just listening to it and it turns out the song is really really lit🔥🔥🔥🔥🔥🔥 need more raise fr",9
BOYNEXTDOOR,jizAb-SLvtM,2023-05-25T15:07:27Z,@beomgyuyaki,BOYNEXTDOOR 🩵,0
BOYNEXTDOOR,jizAb-SLvtM,2023-05-25T15:07:27Z,@peppi6522,I love this song,0
BOYNEXTDOOR,jizAb-SLvtM,2023-05-25T15:07:26Z,@Nanalovesilu,Oh C’est trop chou 😭❤️ je pensais être wonhak stan mais Jaime trop jaehyun ou taesan ARGGG,0
BOYNEXTDOOR,jizAb-SLvtM,2023-05-25T15:07:24Z,@Hanni-_-bunnie,Why can I not find them on Spotify? 😭,0
BOYNEXTDOOR,jizAb-SLvtM,2023-05-25T15:07:23Z,@beomgyuyaki,BOYNEXTDOOR 💙,0
BOYNEXTDOOR,jizAb-SLvtM,2023-05-25T15:07:23Z,@ru_happy7639,Owwww cute,0
BOYNEXTDOOR,jizAb-SLvtM,2023-05-25T15:07:23Z,@mila.n9557,Wow,0
BOYNEXTDOOR,jizAb-SLvtM,2023-05-25T15:07:21Z,@fatimamaruf6359,We want their songs on Spotify,0
BOYNEXTDOOR,jizAb-SLvtM,2023-05-25T15:07:19Z,@beomgyuyaki,BOYNEXTDOOR 💚,0
BOYNEXTDOOR,jizAb-SLvtM,2023-05-25T15:07:18Z,@KaUrPoWeR05,They are actually &quot;THE ONE AND ONLY&quot;❤❤,1
BOYNEXTDOOR,jizAb-SLvtM,2023-05-25T15:07:18Z,@bryceuuu,UY IT&#39;S A BOP OMG,0
BOYNEXTDOOR,jizAb-SLvtM,2023-05-25T15:07:17Z,@btsarmylover9472,They are all so talented and cute omg I love them new brothers for bts members to love too❤,0
BOYNEXTDOOR,jizAb-SLvtM,2023-05-25T15:07:17Z,@kpopbr7371,JA AMO ELES,0
BOYNEXTDOOR,jizAb-SLvtM,2023-05-25T15:07:17Z,@viktoria_pluh8674,"Вааау, это было круто ❤",0
BOYNEXTDOOR,jizAb-SLvtM,2023-05-25T15:07:16Z,@pemachoden8980,Loving it,0
BOYNEXTDOOR,jizAb-SLvtM,2023-05-25T15:07:15Z,@beomgyuyaki,BOYNEXTDOOR 💖,0
BOYNEXTDOOR,jizAb-SLvtM,2023-05-25T15:07:15Z,@momalfatima2945,This REALLY is ZICO&#39;S group <br>I&#39;m convinced and a fan,1
BOYNEXTDOOR,jizAb-SLvtM,2023-05-25T15:07:14Z,@mashtube3262,NATURALLY SNATCHED,0
BOYNEXTDOOR,jizAb-SLvtM,2023-05-25T15:07:14Z,@ruchikoarmy5780,"Vocals , visuals and rap amazing",1
BOYNEXTDOOR,jizAb-SLvtM,2023-05-25T15:07:13Z,@tanaopu7295,Literally they are the male version of newjeans,0
BOYNEXTDOOR,jizAb-SLvtM,2023-05-25T15:07:12Z,@angelvi4379,Мои любимые ❤❤❤,0
BOYNEXTDOOR,jizAb-SLvtM,2023-05-25T15:07:11Z,@beomgyuyaki,BOYNEXTDOOR 💗,0
BOYNEXTDOOR,jizAb-SLvtM,2023-05-25T15:07:09Z,@djp9957,Its so beautiful i am in love with them whoa my furst mv preimere let get this boys so record and add them to the hype fam,0
BOYNEXTDOOR,jizAb-SLvtM,2023-05-25T15:07:09Z,@OK_323,💕🔥,0
BOYNEXTDOOR,jizAb-SLvtM,2023-05-25T15:07:06Z,@trixx.yy0,"A música de debut é muito boa, tenho certeza q eles ainda tem muito talento escondido pra mostrar❤",0
BOYNEXTDOOR,jizAb-SLvtM,2023-05-25T15:07:05Z,@beomgyuyaki,BOYNEXTDOOR ❤️‍🔥,0
BOYNEXTDOOR,jizAb-SLvtM,2023-05-25T15:07:04Z,@Corydoras1020,めちゃスタイリッシュでカッコ良い！！,0
BOYNEXTDOOR,jizAb-SLvtM,2023-05-25T15:07:04Z,@farida_viro255,luv you all,0
BOYNEXTDOOR,jizAb-SLvtM,2023-05-25T15:07:02Z,@MaNgKoTt,Everything is super perfect,0
BOYNEXTDOOR,jizAb-SLvtM,2023-05-25T15:07:02Z,@armyblinkeuandmore,"Why are all of their songs so catchy? Everything is a vibe! And I don&#39;t know if I&#39;m the only one but they remind me of New Jeans, more like a male counterpart",0
BOYNEXTDOOR,jizAb-SLvtM,2023-05-25T15:07:01Z,@beomgyuyaki,BOYNEXTDOOR ❤️,0
BOYNEXTDOOR,jizAb-SLvtM,2023-05-25T15:07:01Z,@miwookiei,yayyyy,0
BOYNEXTDOOR,jizAb-SLvtM,2023-05-25T15:07:00Z,@maaay1804,"THIS GUYS ARE AMAZING, I&#39;M DEFINITELY IN LOVE WITH THE GROUP❤ <br>I&#39;m in!!! 😎",0
BOYNEXTDOOR,jizAb-SLvtM,2023-05-25T15:06:59Z,@hannaaa02,KERENNN,0
BOYNEXTDOOR,jizAb-SLvtM,2023-05-25T15:06:59Z,@おにぎりは不滅,めちゃZICOやんね。日本でもライブしてください。待ってます,0
BOYNEXTDOOR,jizAb-SLvtM,2023-05-25T15:06:58Z,@yasminn4311,Love them already! I know they will do great!!,0
BOYNEXTDOOR,jizAb-SLvtM,2023-05-25T15:06:58Z,@yudihe-iw9jf,太好听了啊啊啊啊啊啊,0
BOYNEXTDOOR,jizAb-SLvtM,2023-05-25T15:06:57Z,@生姜_2ii,わぁ、、、好きなタイプのナムドルかもしれない…,0
BOYNEXTDOOR,jizAb-SLvtM,2023-05-25T15:06:57Z,@mikasa2682,I like it,0
BOYNEXTDOOR,jizAb-SLvtM,2023-05-25T15:06:55Z,@Ally_twilight,"I love this song , BOYNEXTDOOR u have a new fan ❤️❤️",1
BOYNEXTDOOR,jizAb-SLvtM,2023-05-25T15:06:55Z,@tnttttt3253,"They can make me smile, I can&#39;t stop smiling  HELP ME!!!<br>Can a MV give that much much much pleasure<br>That&#39;s the first time for me that I&#39;m smiling while watching the whole MV in my 5yrs kpopper period🎈",6
BOYNEXTDOOR,jizAb-SLvtM,2023-05-25T15:06:55Z,@farida_viro255,keep goingggggggg,0
BOYNEXTDOOR,jizAb-SLvtM,2023-05-25T15:06:54Z,@mochiarmybts,"Omg, their rap is cool.",5
BOYNEXTDOOR,jizAb-SLvtM,2023-05-25T15:06:53Z,@anushka2245,I AM IN LOVE WITH THEIR VIBE BROOOOO THEY ARE LITRALLY &quot;&#39;ONE AND ONLY&#39;&#39;<br>so thankful to KOZ company for letting us know them😭😭😭😭😭😭<br>STAN BOYNEXTDOOR for clear skin.........,0
BOYNEXTDOOR,jizAb-SLvtM,2023-05-25T15:06:53Z,@collybeee,OMGGG,0
BOYNEXTDOOR,jizAb-SLvtM,2023-05-25T15:06:53Z,@Touka_,"&quot;Listen, I’m the one and only&quot; ❤&gt;&gt;&gt;<br>Yes you are &gt;&gt;",0
BOYNEXTDOOR,jizAb-SLvtM,2023-05-25T15:06:52Z,@mycoolhamster,진심 미쳤다 남돌한테 오랜만에 심장이 뜀,11
BOYNEXTDOOR,jizAb-SLvtM,2023-05-25T15:06:52Z,@NinasArtCorner,I love their vibeee,0
BOYNEXTDOOR,jizAb-SLvtM,2023-05-25T15:06:52Z,@rahmaagun9947,Leehan my one and only,0
BOYNEXTDOOR,jizAb-SLvtM,2023-05-25T15:06:51Z,@nuhaadptr,lucuu,0
BOYNEXTDOOR,jizAb-SLvtM,2023-05-25T15:06:51Z,@siniestrovengeance,Woah such a pretty songgggg 🫶🏼🫶🏼🫶🏼,0
BOYNEXTDOOR,jizAb-SLvtM,2023-05-25T15:06:51Z,@yoongimin923,Kiyottt,0
BOYNEXTDOOR,jizAb-SLvtM,2023-05-25T15:06:50Z,@JustAnotherTGirl,woooooowwwww 🤩,0
BOYNEXTDOOR,jizAb-SLvtM,2023-05-25T15:06:49Z,@raxspage,I like it,0
BOYNEXTDOOR,jizAb-SLvtM,2023-05-25T15:06:48Z,@jungwonyang3399,They did not disappoint. their name boynextdoor lives up to expectation ❤,0
BOYNEXTDOOR,jizAb-SLvtM,2023-05-25T15:06:47Z,@PotatoToey,BOYNEXTDOOR has have had energetic choreos and songs so far! I like it. Happy debut ♡,1
BOYNEXTDOOR,jizAb-SLvtM,2023-05-25T15:06:47Z,@wonshinn,Love it ❤❤❤,0
BOYNEXTDOOR,jizAb-SLvtM,2023-05-25T15:06:47Z,@yewo8926,The song is very refreshing and catchy.,1
BOYNEXTDOOR,jizAb-SLvtM,2023-05-25T15:06:47Z,@Mi08,Boy version of NewJeans🫶🏻🫶🏻,0
BOYNEXTDOOR,jizAb-SLvtM,2023-05-25T15:06:47Z,@Kchart_Info,One and Only BOYNEXTDOOR 😊,0
BOYNEXTDOOR,jizAb-SLvtM,2023-05-25T15:06:47Z,@oktriataranasta788,"Mv yg indah ,dengan lagu yang sangat enak di dengarr . Beautiful song &lt;3",5
BOYNEXTDOOR,jizAb-SLvtM,2023-05-25T15:06:46Z,@farida_viro255,they&#39;re so cute.,0
BOYNEXTDOOR,jizAb-SLvtM,2023-05-25T15:06:46Z,@stz3344,TREMENDA JOYITA<br>TODO ES PERFECTO,1
BOYNEXTDOOR,jizAb-SLvtM,2023-05-25T15:06:45Z,@bilredfs,"fighting 🙌🙌 <a href=""https://www.youtube.com/watch?v=jizAb-SLvtM"">00:00</a>",0
BOYNEXTDOOR,jizAb-SLvtM,2023-05-25T15:06:44Z,@chichi-vo3cs,omg they are so fresh!! It&#39;s a perfect vibe for summer!!,0
BOYNEXTDOOR,jizAb-SLvtM,2023-05-25T15:06:43Z,@privs_alone,"Muito bom!<br>Boa sorte na estreia, vcs merecem muito!!❤",0
BOYNEXTDOOR,jizAb-SLvtM,2023-05-25T15:06:42Z,@user-jg4jc3sm1z,konsepnya lucu bgt❤,0
BOYNEXTDOOR,jizAb-SLvtM,2023-05-25T15:06:41Z,@_bluveri,My one and only,0
BOYNEXTDOOR,jizAb-SLvtM,2023-05-25T15:06:41Z,@zingestrella,It was so fun!❤,0
BOYNEXTDOOR,jizAb-SLvtM,2023-05-25T15:06:40Z,@queenkik9850,I like part knock knock,1
BOYNEXTDOOR,jizAb-SLvtM,2023-05-25T15:06:39Z,@luv._.korean,They&#39;re cute 🥰❤!!!,1
BOYNEXTDOOR,jizAb-SLvtM,2023-05-25T15:06:38Z,@nicoluvr,"was wondering how a KOZ bg would sound and yeah, this is def the KOZ sound, I love it its so fresh, young, but still cool. and the boys do this concept well , might not stan(bc I don&#39;t rlly have time to keep up with groups like that) but ill def keep listening",4
BOYNEXTDOOR,jizAb-SLvtM,2023-05-25T15:06:37Z,@Aminataby,SOTYYYYY,1
BOYNEXTDOOR,jizAb-SLvtM,2023-05-25T15:06:37Z,@annamariposa,Omggg sooo cool❤❤❤❤❤,0
BOYNEXTDOOR,jizAb-SLvtM,2023-05-25T15:06:36Z,@FebaShibu,You can see that they are having fun,2
BOYNEXTDOOR,jizAb-SLvtM,2023-05-25T15:06:36Z,@Skyminఌ,Woww,1
BOYNEXTDOOR,jizAb-SLvtM,2023-05-25T15:06:35Z,@sea6lue,BOYNEXTDOOR❤,0
BOYNEXTDOOR,jizAb-SLvtM,2023-05-25T15:06:31Z,@rodadoll6446,I really like this song❤️,1
BOYNEXTDOOR,jizAb-SLvtM,2023-05-25T15:06:31Z,@call_me_Theo,"Their vibe is really representative the name, I love that 💖💖",1
BOYNEXTDOOR,jizAb-SLvtM,2023-05-25T15:06:31Z,@Ji-yoon_in_purple_world,MV도 대단해 에너지도 대단해 너희들만 죽였어 최고야 계속해 끝까지 응원해 끝이 오지 않길 🙂😄🥰🎉🎉😊😊❤❤화이팅 💜,128
BOYNEXTDOOR,jizAb-SLvtM,2023-05-25T15:06:29Z,@Jasmiin33,Wooooww😮🎉❤,0
BOYNEXTDOOR,jizAb-SLvtM,2023-05-25T15:06:29Z,@jonabelluchavez0624,EYYY LET&#39;S GOOOO 🔥,0
BOYNEXTDOOR,jizAb-SLvtM,2023-05-25T15:06:28Z,@badidea7048,"Not Hybe launching fresh concepts now ,After vampires (enhypen).<br>But gonna say boynextdoors fresh vibe making me so happy..<br>They are one and only ...<br>Lots of support 💓💓",0
BOYNEXTDOOR,jizAb-SLvtM,2023-05-25T15:06:27Z,@Jihanlee2006,보이넥스트도어에 오신 것을 환영합니다 🎉🎉🎉,65
BOYNEXTDOOR,jizAb-SLvtM,2023-05-25T15:06:26Z,@19lashby5,Damn new KOZ logo/intro,1
BOYNEXTDOOR,jizAb-SLvtM,2023-05-25T15:06:25Z,@farida_viro255,Luv them sfm,0
BOYNEXTDOOR,jizAb-SLvtM,2023-05-25T15:06:24Z,@Drizzu_kave,Love it,0
BOYNEXTDOOR,jizAb-SLvtM,2023-05-25T15:06:21Z,@dbaronscopler8296,Baru tau mereka tapi udah cinta ❤❤❤❤❤❤❤,5
BOYNEXTDOOR,jizAb-SLvtM,2023-05-25T15:06:20Z,@gabysac25,I’m so in love with this one OMG ❤️,0
BOYNEXTDOOR,jizAb-SLvtM,2023-05-25T15:06:20Z,@Soren_Ld,cute,0
BOYNEXTDOOR,jizAb-SLvtM,2023-05-25T15:06:20Z,@سونغوغو-س7ش,اصواتهم جميلة,1
BOYNEXTDOOR,jizAb-SLvtM,2023-05-25T15:06:19Z,@Dao-m8s,❤,0
BOYNEXTDOOR,jizAb-SLvtM,2023-05-25T15:06:18Z,@alfaa_,THEY LOOOK SO CUTE,0
BOYNEXTDOOR,jizAb-SLvtM,2023-05-25T15:06:17Z,@Lngshot4sho11,lets support these amazing artists.,0
BOYNEXTDOOR,jizAb-SLvtM,2023-05-25T15:06:16Z,@beomgyuyaki,BOYNEXTDOOR 💖😊,0
BOYNEXTDOOR,jizAb-SLvtM,2023-05-25T15:06:13Z,@watanabe_winter,"Sukses terus boy next door, banyak kami yg mendukung kaliann. Btw, lagunya enak fresh and santaii suka bgtt. Jangan lupa streamingnya geysss.",73
BOYNEXTDOOR,jizAb-SLvtM,2023-05-25T15:06:13Z,@Y_Matth3w,I love this bubbly concept and I missed it with bg so much 🥺 definitely a bop,0
BOYNEXTDOOR,jizAb-SLvtM,2023-05-25T15:06:13Z,@farida_viro255,they are so amazing 💕✨✨✨✨✨,0
BOYNEXTDOOR,jizAb-SLvtM,2023-05-25T15:06:12Z,@Byeolssss,Yesss they deserve to support ❤,0
BOYNEXTDOOR,jizAb-SLvtM,2023-05-25T15:06:12Z,@Nikitamahtod,This group have a bright future keep it up all the best all of you,0
BOYNEXTDOOR,jizAb-SLvtM,2023-05-25T15:06:11Z,@beomgyuyaki,BOYNEXTDOOR 💗,0
BOYNEXTDOOR,jizAb-SLvtM,2023-05-25T15:06:10Z,@namkiya,"Lagunya asik banget, FIGHTING BOY NEXT DOOR‼‼‼",30
BOYNEXTDOOR,jizAb-SLvtM,2023-05-25T15:06:09Z,@Mariaa-sr1ms,이 노래는 제 몸에 좋은 비타민 같은 노래예요.🫶,1
BOYNEXTDOOR,jizAb-SLvtM,2023-05-25T15:06:09Z,@mypurplewrld,我爱你❤,0
BOYNEXTDOOR,jizAb-SLvtM,2023-05-25T15:06:08Z,@nabi.samaaa,"This is such a refreshing debut. <br>I love it! Keep up the amazing work!!! <a href=""http://www.youtube.com/results?search_query=%23boynextdoor"">#BOYNEXTDOOR</a>",0
BOYNEXTDOOR,jizAb-SLvtM,2023-05-25T15:06:07Z,@tinadoe4180,Они такие очаровательные) Жду не дождусь их альбома на Spotify,4
BOYNEXTDOOR,jizAb-SLvtM,2023-05-25T15:06:07Z,@beomgyuyaki,BOYNEXTDOOR ❤️‍🔥,0
BOYNEXTDOOR,jizAb-SLvtM,2023-05-25T15:06:06Z,@belenarostegui214,i can feel the 5th generation leaders👑,1
BOYNEXTDOOR,jizAb-SLvtM,2023-05-25T15:06:03Z,@AslihliZ-jy8vn,Yeaah one and only,0
BOYNEXTDOOR,jizAb-SLvtM,2023-05-25T15:06:02Z,@riaanyoons,LOS AMO,0
BOYNEXTDOOR,jizAb-SLvtM,2023-05-25T15:06:02Z,@beomgyuyaki,BOYNEXTDOOR ❤️,0
BOYNEXTDOOR,jizAb-SLvtM,2023-05-25T15:06:01Z,@namelast440,SO FIRE,0
BOYNEXTDOOR,jizAb-SLvtM,2023-05-25T15:06:00Z,@laubautista7468,"La canción es adictiva, me encanta!!",1
BOYNEXTDOOR,jizAb-SLvtM,2023-05-25T15:06:00Z,@answhale,"Какие прекрасные мальчики, с дебютом!<a href=""UCkszU2WH9gy1mb0dV-11UJg/hm5IY4W-H9SO5QS6n4CwCA""></a>",40
BOYNEXTDOOR,jizAb-SLvtM,2023-05-25T15:06:00Z,@rickshq,TREMENDA CANCIÓN QUE SE LANZARON BOYNEXTDOOR!!!,0
BOYNEXTDOOR,jizAb-SLvtM,2023-05-25T15:05:57Z,@cosmiss2802,The song is fun. I am looking forward to more of the content ❤❤,0
BOYNEXTDOOR,jizAb-SLvtM,2023-05-25T15:05:57Z,@Diannw39,FINALLY❤️‍🔥,0
BOYNEXTDOOR,jizAb-SLvtM,2023-05-25T15:05:54Z,@yun2541,やばい。。。めっっちゃ好き！！！！！！癖になるサウンドとダンスコレオ、爽やかなビジュアルがドタイプ。。。売れます確実に！そしてもうすでにファンになりました！,1
BOYNEXTDOOR,jizAb-SLvtM,2023-05-25T15:05:54Z,@riaanyoons,MI CANCIÓN,0
BOYNEXTDOOR,jizAb-SLvtM,2023-05-25T15:05:53Z,@Chaewxqn,Çocuklar taşş taşşş🇹🇷🇹🇷,1
BOYNEXTDOOR,jizAb-SLvtM,2023-05-25T15:05:54Z,@JungKookOfficiaI,W,0
BOYNEXTDOOR,jizAb-SLvtM,2023-05-25T15:05:52Z,@yuanzhuang8246,노래 너무 좋아으아ㅏㅏㅏ🎉,2
BOYNEXTDOOR,jizAb-SLvtM,2023-05-25T15:05:51Z,@tinslol6782,ah this is so cute,0
BOYNEXTDOOR,jizAb-SLvtM,2023-05-25T15:05:47Z,@riaanyoons,M ENCANTA,0
BOYNEXTDOOR,jizAb-SLvtM,2023-05-25T15:05:47Z,@ladyjudyannmaca5533,itsss soo cool<br> and cute as the same time nice songg,0
BOYNEXTDOOR,jizAb-SLvtM,2023-05-25T15:05:46Z,@nightmare5208,beautiful songggg💟💟💟💟💟💟,0
BOYNEXTDOOR,jizAb-SLvtM,2023-05-25T15:05:46Z,@aimhigh1790,STAN BOYNEXTDOOR🚪🗝,0
BOYNEXTDOOR,jizAb-SLvtM,2023-05-25T15:05:45Z,@lulupilia,it’s PERFECT<br>i love ittttttt<br>proud pre debut stan &lt;3,0
BOYNEXTDOOR,jizAb-SLvtM,2023-05-25T15:05:45Z,@JIM131_BTS,Let&#39;s support boy next doorrrr!!!,0
BOYNEXTDOOR,jizAb-SLvtM,2023-05-25T15:05:45Z,@HyeichieCaine,buset,0
BOYNEXTDOOR,jizAb-SLvtM,2023-05-25T15:05:44Z,@sunoogeocutest7236,"I&#39;m not going to Stan but I&#39;m going to support them, congratulations guys your Debiut",0
BOYNEXTDOOR,jizAb-SLvtM,2023-05-25T15:05:43Z,@annagurtner9606,Yeah you are the one and only!,0
BOYNEXTDOOR,jizAb-SLvtM,2023-05-25T15:05:43Z,@boss_ayo,Slay,0
BOYNEXTDOOR,jizAb-SLvtM,2023-05-25T15:05:42Z,@cezstea,5mins agooo,0
BOYNEXTDOOR,jizAb-SLvtM,2023-05-25T15:05:41Z,@Chewyrosee7_,THEY&#39;RE SO TALENTED AYYYYYYYYYYYYY ‼️‼️‼️😦😦😦😦,0
BOYNEXTDOOR,jizAb-SLvtM,2023-05-25T15:05:40Z,@user-mz9rq7ux3h,💕,0
BOYNEXTDOOR,jizAb-SLvtM,2023-05-25T15:05:40Z,@lk-bk5nv,"Nuevo grupo, está muy bueno",0
BOYNEXTDOOR,jizAb-SLvtM,2023-05-25T15:05:39Z,@KKottana,"❤ <a href=""https://www.youtube.com/watch?v=jizAb-SLvtM&amp;t=31"">0:31</a>",0
BOYNEXTDOOR,jizAb-SLvtM,2023-05-25T15:05:39Z,@yoongi6999,❤️❤️,0
BOYNEXTDOOR,jizAb-SLvtM,2023-05-25T15:05:39Z,@hopesun2671,LOVE THIS!!!,0
BOYNEXTDOOR,jizAb-SLvtM,2023-05-25T15:05:38Z,@yoonkitti,GENIAL !!,0
BOYNEXTDOOR,jizAb-SLvtM,2023-05-25T15:05:37Z,@ася-л8в1ъ,soty!!,0
BOYNEXTDOOR,jizAb-SLvtM,2023-05-25T15:05:36Z,@chunhyuk0417,이번 노래도 대박이다 ㅠㅠ,1
BOYNEXTDOOR,jizAb-SLvtM,2023-05-25T15:05:36Z,@snrbanita,Okaaay,0
BOYNEXTDOOR,jizAb-SLvtM,2023-05-25T15:05:35Z,@ainlxoxo5561,I like your concept,1
BOYNEXTDOOR,jizAb-SLvtM,2023-05-25T15:05:35Z,@augustdslayed,OKAY. I LOVE THEM,0
BOYNEXTDOOR,jizAb-SLvtM,2023-05-25T15:05:35Z,@jysrnss,#🇯 🇴 🇳 🇦 🇽 🇽 🇰 🇦 🇧 40,0
BOYNEXTDOOR,jizAb-SLvtM,2023-05-25T15:05:34Z,@zenter212,보컬이 정말 독특하고 중독성이 정말 강한 곡 💯🎶,63
BOYNEXTDOOR,jizAb-SLvtM,2023-05-25T15:05:34Z,@الاكبرر,"I&#39;m from the army, I came to say hello to you ☺️💘💜",1
BOYNEXTDOOR,jizAb-SLvtM,2023-05-25T15:05:33Z,@oktriataranasta788,lagu yang indahhh!,0
BOYNEXTDOOR,jizAb-SLvtM,2023-05-25T15:05:33Z,@kylecabilino7532,Ang pogi mo leehan,0
BOYNEXTDOOR,jizAb-SLvtM,2023-05-25T15:05:32Z,@Touka_,AWESOME<br>IT’S NOT A MISTAKE IT’S A MASTERPIECE<br>LOVE YOU BOYNEXTDOOR,0
BOYNEXTDOOR,jizAb-SLvtM,2023-05-25T15:05:32Z,@ssomething,되게 좋다 진짜 사랑해………….🩵🩵🩵,0
BOYNEXTDOOR,jizAb-SLvtM,2023-05-25T15:05:32Z,@mulfand7762,I REALLY LOVE THIS SONG!!!!!!,1
BOYNEXTDOOR,jizAb-SLvtM,2023-05-25T15:05:31Z,@BND_ONEDOOR,Love them so much,1
BOYNEXTDOOR,jizAb-SLvtM,2023-05-25T15:05:31Z,@austinepenosa8661,"It&#39;s smell soty ,❤❤",1
BOYNEXTDOOR,jizAb-SLvtM,2023-05-25T15:05:31Z,@yvonne2473,"because &#39;but i like you&#39; is a very rap based song, i didn&#39;t expecr such beautiful singing vocals wow the harmonies at the end are just so satisfying.  and i must say sungho&#39;s voice amazed me.",1
BOYNEXTDOOR,jizAb-SLvtM,2023-05-25T15:05:29Z,@HadiyeAmiri-xc7zy,I love this song especially the WHOS THERE? THE BOYNEXTDOOR,0
BOYNEXTDOOR,jizAb-SLvtM,2023-05-25T15:05:29Z,@jyodropthebeat,"todo es muy lindo, los tqm",0
BOYNEXTDOOR,jizAb-SLvtM,2023-05-25T15:05:29Z,@juniesggum,STAN BND,0
BOYNEXTDOOR,jizAb-SLvtM,2023-05-25T15:05:27Z,@nrm_3764,แมสด่วน,0
BOYNEXTDOOR,jizAb-SLvtM,2023-05-25T15:05:27Z,@うんは-x1x,半ズボンは正解,0
BOYNEXTDOOR,jizAb-SLvtM,2023-05-25T15:05:26Z,@beomgyuyaki,BOYNEXTDOOR &#39;One and Only&#39; Official MV,0
BOYNEXTDOOR,jizAb-SLvtM,2023-05-25T15:05:24Z,@njjlnhds99,Zico vibes 😍🥰🥳,0
BOYNEXTDOOR,jizAb-SLvtM,2023-05-25T15:05:23Z,@beomgyuyaki,"<a href=""http://www.youtube.com/results?search_query=%23boynextdoor"">#BOYNEXTDOOR</a> <a href=""http://www.youtube.com/results?search_query=%23boynextdoor_who"">#BOYNEXTDOOR_WHO</a> <a href=""http://www.youtube.com/results?search_query=%23who"">#WHO</a>",0
BOYNEXTDOOR,jizAb-SLvtM,2023-05-25T15:05:21Z,@sey_best_moa,Welcome boys 💋💥,1
BOYNEXTDOOR,jizAb-SLvtM,2023-05-25T15:05:20Z,@Ryzadiaz_,❤️‍🔥❤️‍🔥❤️‍🔥,0
BOYNEXTDOOR,jizAb-SLvtM,2023-05-25T15:05:19Z,@reis-mk2mc,SUPPORT THEM!!!!,0
BOYNEXTDOOR,jizAb-SLvtM,2023-05-25T15:05:19Z,@beomgyuyaki,"<a href=""http://www.youtube.com/results?search_query=%23boynextdoor_oneandonly"">#BOYNEXTDOOR_OneandOnly</a>",0
BOYNEXTDOOR,jizAb-SLvtM,2023-05-25T15:05:19Z,@Chewyrosee7_,OMGGGGGGGG,0
BOYNEXTDOOR,jizAb-SLvtM,2023-05-25T15:05:18Z,@kateboreyko1347,Мне понравилось❤,0
BOYNEXTDOOR,jizAb-SLvtM,2023-05-25T15:05:17Z,@grainneee,ily,0
BOYNEXTDOOR,jizAb-SLvtM,2023-05-25T15:05:17Z,@minghaxs,I love this song so much already so talented and amazing,0
BOYNEXTDOOR,jizAb-SLvtM,2023-05-25T15:05:16Z,@Just_fatimmaa,العرب❤❤,1
BOYNEXTDOOR,jizAb-SLvtM,2023-05-25T15:05:16Z,@jongho_haribobear,"Yoo this MV is full of JAEHYUN, THAT MEANS THAT I&#39;M JAEHYUN BLESSED Y&#39;ALL AND THE OTHER MEMBERS ARE CUTE TOO AND THEIR VOICES 😻💙🔥❣💎",0
BOYNEXTDOOR,jizAb-SLvtM,2023-05-25T15:05:15Z,@STEBIOX3,Let&#39;s let them guys our boys deserve support they are so amazing,1
BOYNEXTDOOR,jizAb-SLvtM,2023-05-25T15:05:14Z,@beomgyuyaki,"<a href=""http://www.youtube.com/results?search_query=%23boynextdoor"">#BOYNEXTDOOR</a> <a href=""http://www.youtube.com/results?search_query=%23one_and_only"">#One_and_Only</a>",0
BOYNEXTDOOR,jizAb-SLvtM,2023-05-25T15:05:14Z,@jeanhit-ent,Rapline is fireeeee!!!,0
BOYNEXTDOOR,jizAb-SLvtM,2023-05-25T15:05:14Z,@alijjff,Ame la canción ahhh,0
BOYNEXTDOOR,jizAb-SLvtM,2023-05-25T15:05:12Z,@rrukasa,I can&#39;t stop smiling❤,0
BOYNEXTDOOR,jizAb-SLvtM,2023-05-25T15:05:12Z,@Valeria-nn9ow,😊,0
BOYNEXTDOOR,jizAb-SLvtM,2023-05-25T15:05:12Z,@yeonjunsantwholivesunderhisbed,For some reason they keep reminding if new jeans. Different concept from other groups but like new jeans about a crush ( hype boy+attention),0
BOYNEXTDOOR,jizAb-SLvtM,2023-05-25T15:05:11Z,@sixteen8334,BOY NEXT DOOR  YOU GUYS ARE AWESOME  LISTEN YOUR THE ONE AND ONLY 💯,0
BOYNEXTDOOR,jizAb-SLvtM,2023-05-25T15:05:11Z,@beomgyuyaki,"<a href=""http://www.youtube.com/results?search_query=%23boynextdoor"">#BOYNEXTDOOR</a> <a href=""http://www.youtube.com/results?search_query=%23oneandonly"">#OneandOnly</a>",0
BOYNEXTDOOR,jizAb-SLvtM,2023-05-25T15:05:09Z,@jeyiyeah,OMG AAAAAAA I LIKE IT SO MUCH AAAAAA,0
BOYNEXTDOOR,jizAb-SLvtM,2023-05-25T15:05:09Z,@squishy_wor,I like the chill beat,0
BOYNEXTDOOR,jizAb-SLvtM,2023-05-25T15:05:09Z,@alenaagustina2868,❤❤,1
BOYNEXTDOOR,jizAb-SLvtM,2023-05-25T15:05:08Z,@truevisionmediavn,so cool,0
BOYNEXTDOOR,jizAb-SLvtM,2023-05-25T15:05:07Z,@kheounsopheaninh7423,"I can’t deny, this new boy group will make us happy.",1
BOYNEXTDOOR,jizAb-SLvtM,2023-05-25T15:05:07Z,@huechorodriguez07,😊😊😊😊😊😊😊😊😊,0
BOYNEXTDOOR,jizAb-SLvtM,2023-05-25T15:05:07Z,@shaatrouta,BOYNEXTDOOR🏡！！！！,0
BOYNEXTDOOR,jizAb-SLvtM,2023-05-25T15:05:07Z,@beomgyuyaki,"<a href=""http://www.youtube.com/results?search_query=%23%EB%B3%B4%EC%9D%B4%EB%84%A5%EC%8A%A4%ED%8A%B8%EB%8F%84%EC%96%B4"">#보이넥스트도어</a>",0
BOYNEXTDOOR,jizAb-SLvtM,2023-05-25T15:05:07Z,@Touka_,OMGGG,0
BOYNEXTDOOR,jizAb-SLvtM,2023-05-25T15:05:05Z,@kpoplovers5871,"I really like it, you guys are really cool, that&#39;s no doubt about it",0
BOYNEXTDOOR,jizAb-SLvtM,2023-05-25T15:05:03Z,@omnikevinnonsequitur,MV Concept = 100%<br>VISUALS = 100%<br>VOCALS = 100%<br>RAPPING = 100%,1
BOYNEXTDOOR,jizAb-SLvtM,2023-05-25T15:05:03Z,@7cmr,신인 그룹을 위한 정말 좋은 클립과 노래를 축하합니다.너의 미래는 밝아 보인다 얘들아 아름다운 곳으로 오시길 바랍니다.,6
BOYNEXTDOOR,jizAb-SLvtM,2023-05-25T15:05:02Z,@وعدالكبلو,"i loveeeee it <a href=""UCkszU2WH9gy1mb0dV-11UJg/Rf90XtDbG8GQ8gTz_prwAg""></a>🧚‍♀✌",0
BOYNEXTDOOR,jizAb-SLvtM,2023-05-25T15:05:02Z,@jinniewaffle,💕💕,0
BOYNEXTDOOR,jizAb-SLvtM,2023-05-25T15:05:01Z,@deamaudy,Cutely❤,0
BOYNEXTDOOR,jizAb-SLvtM,2023-05-25T15:05:01Z,@beomgyuyaki,"<a href=""http://www.youtube.com/results?search_query=%23boynextdoor"">#BOYNEXTDOOR</a>",0
BOYNEXTDOOR,jizAb-SLvtM,2023-05-25T15:05:00Z,@zlayyyyy,Lezzzgoooooooooooo,0
BOYNEXTDOOR,jizAb-SLvtM,2023-05-25T15:04:59Z,@ddikshaa,Let&#39;s support Boy Next Door. They are very talented and visual boys.,1
BOYNEXTDOOR,jizAb-SLvtM,2023-05-25T15:04:59Z,@hrn___95z,めっちゃ爽やかで好き‎߹ㅁ‎߹)♡<br>これからもめっちゃ応援するー！！！,2
BOYNEXTDOOR,jizAb-SLvtM,2023-05-25T15:04:58Z,@Mi08,STAN BOYSNEXTDOOORRR,0
BOYNEXTDOOR,jizAb-SLvtM,2023-05-25T15:04:57Z,@grainneee,whats with the captions,0
BOYNEXTDOOR,jizAb-SLvtM,2023-05-25T15:04:56Z,@mefil7869,Клип и песня для хорошего настроения! После просмотра стало радостно! Спасибо!,11
BOYNEXTDOOR,jizAb-SLvtM,2023-05-25T15:04:55Z,@okonomiyaki55,やっっっっっっっば,0
BOYNEXTDOOR,jizAb-SLvtM,2023-05-25T15:04:51Z,@HYUNJINSTAN-p8j,😭😭😭,0
BOYNEXTDOOR,jizAb-SLvtM,2023-05-25T15:04:50Z,@INJANGsLEFT_TO3,AHHH IM SO HAPPY FOR THIS,0
BOYNEXTDOOR,jizAb-SLvtM,2023-05-25T15:04:49Z,@kimmyarot8953,ahhhhhhhhh,0
BOYNEXTDOOR,jizAb-SLvtM,2023-05-25T15:04:49Z,@choibamgyuuuu,THE SONG AND EVERYTHING IS SO CUTE,0
BOYNEXTDOOR,jizAb-SLvtM,2023-05-25T15:04:48Z,@Chewyrosee7_,아아아아아아아아ㅏ아아아아아아아아아,0
BOYNEXTDOOR,jizAb-SLvtM,2023-05-25T15:04:48Z,@mari_hudyaeva,wow guys!! ur so great and talanted,0
BOYNEXTDOOR,jizAb-SLvtM,2023-05-25T15:04:47Z,@irrmayanti,lucuk 😭,0
BOYNEXTDOOR,jizAb-SLvtM,2023-05-25T15:04:47Z,@esllyy17,너무 귀여워요💜,3
BOYNEXTDOOR,jizAb-SLvtM,2023-05-25T15:04:46Z,@Just_fatimmaa,حلووو مرةةة❤❤❤❤,1
BOYNEXTDOOR,jizAb-SLvtM,2023-05-25T15:04:45Z,@seouljmjmseoul2005,우와 대박👏👏👏👏👏👏👏👏👏👏👏👏👏👏👏👏👏👏👏,79
BOYNEXTDOOR,jizAb-SLvtM,2023-05-25T15:04:45Z,@ItsMeHannahYT,"THIS IS SUCH A CUTE CONCEPT !!<br>AND ALSOOO, DID THEY FILM THIS AT THE NORTHRIDGE MALL IN LA??!!",0
BOYNEXTDOOR,jizAb-SLvtM,2023-05-25T15:04:44Z,@3y3sa,Anything with boy next door sign me up,0
BOYNEXTDOOR,jizAb-SLvtM,2023-05-25T15:04:42Z,@katyakatya9727,BOYNEXTDOOR I love you,0
BOYNEXTDOOR,jizAb-SLvtM,2023-05-25T15:04:42Z,@_bluveri,Giving my support 🥰,0
BOYNEXTDOOR,jizAb-SLvtM,2023-05-25T15:04:42Z,@minlix2430,"Dios mío que increíbles son chicos, lo están haciendo muy bien, los amo mucho!!!!&lt;33",0
BOYNEXTDOOR,jizAb-SLvtM,2023-05-25T15:04:41Z,@chelexyz,THEY ARE DEFINITELY MY ONE ANS ONLY NOW,0
BOYNEXTDOOR,jizAb-SLvtM,2023-05-25T15:04:41Z,@llikewy,노래 대박 나겠네요. 좋네요,92
BOYNEXTDOOR,jizAb-SLvtM,2023-05-25T15:04:41Z,@melli_02,"I love this song so much already, the vibes are totally my style!",0
BOYNEXTDOOR,jizAb-SLvtM,2023-05-25T15:04:41Z,@circ131,Yay,0
BOYNEXTDOOR,jizAb-SLvtM,2023-05-25T15:04:41Z,@JIM131_BTS,Riwoo is looking so cute,0
BOYNEXTDOOR,jizAb-SLvtM,2023-05-25T15:04:40Z,@everythingworksoutinmyfavorlol,NOT BAD !!,0
BOYNEXTDOOR,jizAb-SLvtM,2023-05-25T15:04:40Z,@Alaa_allwama,Ohhhhhhhhhy,0
BOYNEXTDOOR,jizAb-SLvtM,2023-05-25T15:04:38Z,@mablisse,I DIDN&#39;T GET TO BLINK MY EYES THROUGHOUT THE MV. I&#39;M SO PROUD OF BOYNEXTDOOR! IT MAKES ME WANNA DANCE WITH THEM!!,3
BOYNEXTDOOR,jizAb-SLvtM,2023-05-25T15:04:37Z,@92hz63,NewJeans = 🐰<br>BOY NEXT DOOR =🧸 ？？？？？？<br>かっわいい！！！！！ありがとううううう,0
BOYNEXTDOOR,jizAb-SLvtM,2023-05-25T15:04:36Z,@Ori.b,"Ahhhhh<br>Al fin ya salió, que emoción !!!",0
BOYNEXTDOOR,jizAb-SLvtM,2023-05-25T15:04:35Z,@muzzekat1485,BOYNEXTDOOR I LOVE U!!! Wish the best for you in the future!!,0
BOYNEXTDOOR,jizAb-SLvtM,2023-05-25T15:04:35Z,@strawbelino,Hope for you guys!,0
BOYNEXTDOOR,jizAb-SLvtM,2023-05-25T15:04:34Z,@TinaKristina.,BOYNEXTDOOR fighting!,1
BOYNEXTDOOR,jizAb-SLvtM,2023-05-25T15:04:34Z,@scarlettkim9850,"solid debut, all props to them! super catchy and refreshing visuals, loved it! 10/10, ROTY &lt;3",0
BOYNEXTDOOR,jizAb-SLvtM,2023-05-25T15:04:34Z,@Kimsunoo-ur9dw,Fighting!❤,0
BOYNEXTDOOR,jizAb-SLvtM,2023-05-25T15:04:33Z,@naza0511,"This song is just amazing, BEAUTIFUL 👀✨✨",1
BOYNEXTDOOR,jizAb-SLvtM,2023-05-25T15:04:33Z,@green360z,Dayum...That was...literally amazing🎉🎉,0
BOYNEXTDOOR,jizAb-SLvtM,2023-05-25T15:04:29Z,@dwageoszezadwakosze,❤,0
BOYNEXTDOOR,jizAb-SLvtM,2023-05-25T15:04:28Z,@sullibomnita,BROOOO ME ENCANTOOOO,0
BOYNEXTDOOR,jizAb-SLvtM,2023-05-25T15:04:28Z,@pritichorei4990,Representing koz guy is my fav...wht&#39;s his name??,0
BOYNEXTDOOR,jizAb-SLvtM,2023-05-25T15:04:28Z,@jeanhit-ent,The blue outfit reminds me so much of OMG - NJs outfit lol,0
BOYNEXTDOOR,jizAb-SLvtM,2023-05-25T15:04:28Z,@Jaeeys,"OMG I LOVE THE VIBE SO MUCHH, FIGHTING BOYNEXTDOOR !!",0
BOYNEXTDOOR,jizAb-SLvtM,2023-05-25T15:04:28Z,@vin.c933,LOVELOVE,0
BOYNEXTDOOR,jizAb-SLvtM,2023-05-25T15:04:26Z,@nowakhania4342,Is it their debut?,0
BOYNEXTDOOR,jizAb-SLvtM,2023-05-25T15:04:26Z,@skyforvero,part nanana sama kick kick sama who&#39;s there boynextdoor itu candu bgt aaaaaaaaaaaaa,0
BOYNEXTDOOR,jizAb-SLvtM,2023-05-25T15:04:26Z,@kdramaslove6028,Waiting for their debut  ~,0
BOYNEXTDOOR,jizAb-SLvtM,2023-05-25T15:04:25Z,@yeinjaa,А они хороши,1
BOYNEXTDOOR,jizAb-SLvtM,2023-05-25T15:04:25Z,@en-orange,BOYNEXTDOOR are One and Only for real.,0
BOYNEXTDOOR,jizAb-SLvtM,2023-05-25T15:04:25Z,@_yeonjun_noona,You guys are not only knocking at the door but also at the door of my heart<br>It&#39;s getting hard not to stan them,3
BOYNEXTDOOR,jizAb-SLvtM,2023-05-25T15:04:24Z,@rismasuryaa,Mall nya sama kayak yang buat syuting trailer txt freeze ga sih?,0
BOYNEXTDOOR,jizAb-SLvtM,2023-05-25T15:04:23Z,@zoestis,I LOVE THESE DUDES,0
BOYNEXTDOOR,jizAb-SLvtM,2023-05-25T15:04:23Z,@사나-h6e,かわいいしかない世界(*•̀ᴗ•́*)و,0
BOYNEXTDOOR,jizAb-SLvtM,2023-05-25T15:04:22Z,@СветланаМиронова-э4с,Удачи Вам ребята♡ Прекрасный дебют♡♡!!!!,29
BOYNEXTDOOR,jizAb-SLvtM,2023-05-25T15:04:21Z,@Hiteshdas7,Nice 🎉🎉🎉,0
BOYNEXTDOOR,jizAb-SLvtM,2023-05-25T15:04:21Z,@AYukififah,"Wihh kerenn cuy selalu support BOYNEXTDOOR ,<br>semoga debutnya sukses ya ,<br>SEMANGAT STREAMING GESS.",294
BOYNEXTDOOR,jizAb-SLvtM,2023-05-25T15:04:21Z,@nafizkhandokar412,One and only,0
BOYNEXTDOOR,jizAb-SLvtM,2023-05-25T15:04:21Z,@harumined,Wow so much happened wait let me breath,0
BOYNEXTDOOR,jizAb-SLvtM,2023-05-25T15:04:20Z,@springday_100,Eyyyy,0
BOYNEXTDOOR,jizAb-SLvtM,2023-05-25T15:04:20Z,@anjugurung8022,THIS SONG IS TRULY THE &quot;ONE AND ONLY&quot;.,0
BOYNEXTDOOR,jizAb-SLvtM,2023-05-25T15:04:20Z,@cherieciropolos5952,Super Catchy and Cute,0
BOYNEXTDOOR,jizAb-SLvtM,2023-05-25T15:04:19Z,@uotaniset,oh they ate,0
BOYNEXTDOOR,jizAb-SLvtM,2023-05-25T15:04:18Z,@nuyhihi,omh,0
BOYNEXTDOOR,jizAb-SLvtM,2023-05-25T15:04:17Z,@sofibautista5494,Omg boynextdoor is rockiiin,0
BOYNEXTDOOR,jizAb-SLvtM,2023-05-25T15:04:17Z,@patreeeng09,Let&#39;s GAUR,0
BOYNEXTDOOR,jizAb-SLvtM,2023-05-25T15:04:16Z,@ogpa5ta,Oh that&#39;s so beautiful! I&#39;m officially a fan,0
BOYNEXTDOOR,jizAb-SLvtM,2023-05-25T15:04:16Z,@BEOSHE899ৎ,BND,0
BOYNEXTDOOR,jizAb-SLvtM,2023-05-25T15:04:16Z,@Madly_83,الاغنيه تجنن 😭😭!,1
BOYNEXTDOOR,jizAb-SLvtM,2023-05-25T15:04:16Z,@dewdeer,i love it!!!,0
BOYNEXTDOOR,jizAb-SLvtM,2023-05-25T15:04:16Z,@304diaryz,Omg this was so fun !! Loved the mv the outfits the vibe vocals overall the whole song and mv !!! Wohooo boynextdoor !,0
BOYNEXTDOOR,jizAb-SLvtM,2023-05-25T15:04:15Z,@dhohasouama2330,Wow,0
BOYNEXTDOOR,jizAb-SLvtM,2023-05-25T15:04:15Z,@mypurplewrld,This group is our next upcoming generation like BTS!!,0
BOYNEXTDOOR,jizAb-SLvtM,2023-05-25T15:04:15Z,@alexandragonzalez3967,Me encanto demasiadooooo🎉❤,0
BOYNEXTDOOR,jizAb-SLvtM,2023-05-25T15:04:15Z,@reta3549,So fresh!!! I love it already ❤,0
BOYNEXTDOOR,jizAb-SLvtM,2023-05-25T15:04:14Z,@pansitodequeso,ESTO ES ARTE,0
BOYNEXTDOOR,jizAb-SLvtM,2023-05-25T15:04:14Z,@girls_gamingyt59,ALREADY ANOTHER GREAT MV??!!!!😊,1
BOYNEXTDOOR,jizAb-SLvtM,2023-05-25T15:04:15Z,@waminalairazianna296,they are babies,0
BOYNEXTDOOR,jizAb-SLvtM,2023-05-25T15:04:14Z,@horanghae2724,Asik asik bngt lagunyaaa,1
BOYNEXTDOOR,jizAb-SLvtM,2023-05-25T15:04:13Z,@suyeonchoi5416,"I Love it this MV Boynextdoor,they so handsome and so amazing💖",0
BOYNEXTDOOR,jizAb-SLvtM,2023-05-25T15:04:13Z,@najlaa2488,STAN BOYNEXTDOOR FOR A BETTER LIFE 💜,1
BOYNEXTDOOR,jizAb-SLvtM,2023-05-25T15:04:13Z,@melaniarz,OMGGGG!! &gt;&lt; I CAN&#39;T WAIT FOR 30TH MAY OMG!!,0
BOYNEXTDOOR,jizAb-SLvtM,2023-05-25T15:04:12Z,@chiko331,ノリノリの歌です🎶,0
BOYNEXTDOOR,jizAb-SLvtM,2023-05-25T15:04:12Z,@user-rv9hj2gy9k,이 노래가 제일 좋음,0
BOYNEXTDOOR,jizAb-SLvtM,2023-05-25T15:04:12Z,@ashwinshaw111,"This song is so cute and cheerful 💗, they&#39;re the one and only BOY NEXT DOOR!!!! 💗💗",14
BOYNEXTDOOR,jizAb-SLvtM,2023-05-25T15:04:11Z,@Lauracarta,Hit🔥🔥🔥,1
BOYNEXTDOOR,jizAb-SLvtM,2023-05-25T15:04:10Z,@Giantmountainnn,"Aaaa i can&#39;t wait for the all the song tracklist, even this on is so refreshing",0
BOYNEXTDOOR,jizAb-SLvtM,2023-05-25T15:04:10Z,@maedwinabegornia8236,"And here I am telling you that this boys? Will never disappoint us when in comes to music, talents and visuals! 🧡",2
BOYNEXTDOOR,jizAb-SLvtM,2023-05-25T15:04:09Z,@starrynightmp3,theyre so cute,0
BOYNEXTDOOR,jizAb-SLvtM,2023-05-25T15:04:09Z,@onyourjanezenzo,น่ารักสมวัยมาก!!,0
BOYNEXTDOOR,jizAb-SLvtM,2023-05-25T15:04:08Z,@Flwer.mariee,SO PRETTY💌,0
BOYNEXTDOOR,jizAb-SLvtM,2023-05-25T15:04:07Z,@rachellemaelofstrand,HOY GRABE NA,0
BOYNEXTDOOR,jizAb-SLvtM,2023-05-25T15:04:07Z,@beomgyufanpage313,THIS IS SO COOLL,0
BOYNEXTDOOR,jizAb-SLvtM,2023-05-25T15:04:06Z,@reinaldoteran8134,Luv it,0
BOYNEXTDOOR,jizAb-SLvtM,2023-05-25T15:04:06Z,@_jk_V_,❤❤I love you,0
BOYNEXTDOOR,jizAb-SLvtM,2023-05-25T15:04:05Z,@Bangtanity,Lots of love from India (⁠^⁠^⁠),0
BOYNEXTDOOR,jizAb-SLvtM,2023-05-25T15:04:05Z,@BEOSHE899ৎ,بوي نيكست دووورررر,0
BOYNEXTDOOR,jizAb-SLvtM,2023-05-25T15:04:06Z,@Uri_smol_universe,THIS IS LITERALLY A BOP GUYSSS,0
BOYNEXTDOOR,jizAb-SLvtM,2023-05-25T15:04:04Z,@vanessamendoza5215,"Pues me parecio linda, divertida los chicos muy lindos.. les deseo mucho exito.. de parte de una ARMY...",1
BOYNEXTDOOR,jizAb-SLvtM,2023-05-25T15:04:04Z,@lucaix2212,노래 분위기 넘 좋다!,13
BOYNEXTDOOR,jizAb-SLvtM,2023-05-25T15:04:04Z,@str0wberrymilk_,taesan sayangkuuuuu,0
BOYNEXTDOOR,jizAb-SLvtM,2023-05-25T15:04:03Z,@suwwhi,I LIKEEE THEEEEEEEM,0
BOYNEXTDOOR,jizAb-SLvtM,2023-05-25T15:04:03Z,@Louisewillemyns143,I LOVE YOU ALL EVERYTHING ABT YOU IS PERFECT,0
BOYNEXTDOOR,jizAb-SLvtM,2023-05-25T15:04:03Z,@Merve98925,OMG amazing,0
BOYNEXTDOOR,jizAb-SLvtM,2023-05-25T15:04:02Z,@JIM131_BTS,FINALLY WE GOT TO SEE OUR NEIGHBOURS... SO PROUD OF BND,0
BOYNEXTDOOR,jizAb-SLvtM,2023-05-25T15:04:02Z,@angieev.h,wow 👏🏻👏🏻👏🏻🇦🇷,0
BOYNEXTDOOR,jizAb-SLvtM,2023-05-25T15:04:02Z,@butterfri,น่ารักกกน่ารักกน่ารักกกกกน่ารักกมากกๆๆๆๆๆ,0
BOYNEXTDOOR,jizAb-SLvtM,2023-05-25T15:04:01Z,@Jiwoohan4907,Woooow🎉🎉❤❤,0
BOYNEXTDOOR,jizAb-SLvtM,2023-05-25T15:04:01Z,@100j-t5e,I like it so much,0
BOYNEXTDOOR,jizAb-SLvtM,2023-05-25T15:04:01Z,@romanticpia,"Letzzz goooo! The vocals, the raps and the dance! Representing KOZ wow!",0
BOYNEXTDOOR,jizAb-SLvtM,2023-05-25T15:04:00Z,@Mi08,YAAAS,1
BOYNEXTDOOR,jizAb-SLvtM,2023-05-25T15:04:01Z,@jannafitriahsaglayan5253,cute,0
BOYNEXTDOOR,jizAb-SLvtM,2023-05-25T15:04:00Z,@azkiarizki9038,lets gooo,0
BOYNEXTDOOR,jizAb-SLvtM,2023-05-25T15:03:59Z,@priellaa,this is so awesome!!,1
BOYNEXTDOOR,jizAb-SLvtM,2023-05-25T15:03:59Z,@mayus5230,可愛すぎる！！！！！！！！,1
BOYNEXTDOOR,jizAb-SLvtM,2023-05-25T15:03:59Z,@fragoleeknow_,SLAYYY,1
BOYNEXTDOOR,jizAb-SLvtM,2023-05-25T15:03:59Z,@angelikapetallo3061,they are gonna be successful and I&#39;m here for it,1
BOYNEXTDOOR,jizAb-SLvtM,2023-05-25T15:03:59Z,@dream.allnight,so cute :&#39;),2
BOYNEXTDOOR,jizAb-SLvtM,2023-05-25T15:03:58Z,@LeiidyReyez,That was so cool and cute!!! I can&#39;t wait for the debut!!!!! 🎉🎉🎉🎉❤❤❤❤❤,1
BOYNEXTDOOR,jizAb-SLvtM,2023-05-25T15:03:58Z,@naju_s,💗,1
BOYNEXTDOOR,jizAb-SLvtM,2023-05-25T15:03:58Z,@ejmallillin5254,Sounds BOP!!,1
BOYNEXTDOOR,jizAb-SLvtM,2023-05-25T15:03:57Z,@vondo1221,damn they feel like newjeans but with boys,1
BOYNEXTDOOR,jizAb-SLvtM,2023-05-25T15:03:57Z,@hilaryaiskha9889,<b>BOYNEXTDOOR ROOKIE OF THE YEAR ❤️❤️❤️❤️❤️❤️</b>,1
BOYNEXTDOOR,jizAb-SLvtM,2023-05-25T15:03:56Z,@parksolon7826,My babies are so New jeans vibe i like it so much. Hot rookies,1
BOYNEXTDOOR,jizAb-SLvtM,2023-05-25T15:03:56Z,@Meeks2007,"Listen I&#39;m The One And Only, I Love BOYNEXTDOOR&#39;s Second Song LOVE YA SUNGHO, RIWOO, JAEHYUN, TAESAN, LEEHAN, And WOONHAK🤩🏘️",1
BOYNEXTDOOR,jizAb-SLvtM,2023-05-25T15:03:55Z,@passionategirl09,They&#39;re bringing freshness,1
BOYNEXTDOOR,jizAb-SLvtM,2023-05-25T15:03:54Z,@ButterFly-jy7cq,I want to cry I really loved 😫😫😫😫😫😫😫💙💙💙💙💙💙💙,2
BOYNEXTDOOR,jizAb-SLvtM,2023-05-25T15:03:54Z,@jisoohusband99,Is it not title yet?,1
BOYNEXTDOOR,jizAb-SLvtM,2023-05-25T15:03:54Z,@nyrculy,"Слишком простой концепт,песня не цепляет к сожалению",1
BOYNEXTDOOR,jizAb-SLvtM,2023-05-25T15:03:54Z,@Daniela.Danilo,보이넥스트도 사랑해❤❤❤,12
BOYNEXTDOOR,jizAb-SLvtM,2023-05-25T15:03:54Z,@aesomit,bop after bop,2
BOYNEXTDOOR,jizAb-SLvtM,2023-05-25T15:03:54Z,@winmohmohzaw9099,I think Jaehyun is leader of the group,3
BOYNEXTDOOR,jizAb-SLvtM,2023-05-25T15:03:54Z,@hybemecontrata,I WAS HERE,2
BOYNEXTDOOR,jizAb-SLvtM,2023-05-25T15:03:53Z,@morena_vega,mis amores❤️❤️,1
BOYNEXTDOOR,jizAb-SLvtM,2023-05-25T15:03:53Z,@hrn___95z,最高😽❤️‍🔥,2
BOYNEXTDOOR,jizAb-SLvtM,2023-05-25T15:03:53Z,@staaom,из песни такие освежающие,3
BOYNEXTDOOR,jizAb-SLvtM,2023-05-25T15:03:53Z,@marcuswalton1872,THIS IS SUCH A BOP I LOVE IT SO MUCH,3
BOYNEXTDOOR,jizAb-SLvtM,2023-05-25T15:03:53Z,@hongjisoo2217,"OMG, I really love the vibes of them",2
BOYNEXTDOOR,jizAb-SLvtM,2023-05-25T15:03:52Z,@dongdong55,진짜 대박이야...비주얼이랑 노래실력 무엇...빠져든다,78
BOYNEXTDOOR,jizAb-SLvtM,2023-05-25T15:03:51Z,@kpopentertainment3480,They deserve our full support,7
BOYNEXTDOOR,jizAb-SLvtM,2023-05-25T15:03:51Z,@Eum-Eng,이 노래가 제일 좋네<br>근데 지금까지 몇개 나왔더라<br>아무튼 근데 진짜 확신의 비주얼이 없다,2
BOYNEXTDOOR,jizAb-SLvtM,2023-05-25T15:03:51Z,@abrahamromerodelaosagarcia3083,"HA ESTADO INCREÍBLE, GRACIAS CHICOS ❤",22
BOYNEXTDOOR,jizAb-SLvtM,2023-05-25T15:03:51Z,@kpopfan325,Like it!!!!,3
BOYNEXTDOOR,jizAb-SLvtM,2023-05-25T15:03:49Z,@yongiethereal9725,BESTB BOYS,3
BOYNEXTDOOR,jizAb-SLvtM,2023-05-25T15:03:49Z,@smileypatrick8641,"THE ONE AND ONLY, BOYNEXTDOOR!",3
BOYNEXTDOOR,jizAb-SLvtM,2023-05-25T15:03:49Z,@DR3hubby,"OMGF THIS WAS INCREDIBLE, STAN BOYNEXTDOOR GUYS",7
BOYNEXTDOOR,jizAb-SLvtM,2023-05-25T15:03:49Z,@bymiunyii,SOTYYY,3
BOYNEXTDOOR,jizAb-SLvtM,2023-05-25T15:03:48Z,@hann.kong02,애들아 가즈아ㅏㅏ,2
BOYNEXTDOOR,jizAb-SLvtM,2023-05-25T15:03:48Z,@su8716,Fighting boynextdoor,3
BOYNEXTDOOR,jizAb-SLvtM,2023-05-25T15:03:47Z,@kdramaslove6028,LETS SUPPORT THEM ~~~,3
BOYNEXTDOOR,jizAb-SLvtM,2023-05-25T15:03:47Z,@jun048,CUTESTSHGSGDVHSHXHDHSH,3
BOYNEXTDOOR,jizAb-SLvtM,2023-05-25T15:03:47Z,@xylZjs,WOAHHHHHH IM SO IN LOVEEEE❤❤❤,3
BOYNEXTDOOR,jizAb-SLvtM,2023-05-25T15:03:47Z,@fishnextdoor,I hope they get the rewards for their efforts. I LIKE THEM❤,4
BOYNEXTDOOR,jizAb-SLvtM,2023-05-25T15:03:46Z,@hope_,Fresh and cute VIBING WITH THIS SONG,2
BOYNEXTDOOR,jizAb-SLvtM,2023-05-25T15:03:47Z,@i08yz,❤❤❤,1
BOYNEXTDOOR,jizAb-SLvtM,2023-05-25T15:03:46Z,@Pillowcasebreath,SLAYED,3
BOYNEXTDOOR,jizAb-SLvtM,2023-05-25T15:03:46Z,@dikiiflexx,like it !!!! can&#39;t waittttttt for album release,2
BOYNEXTDOOR,jizAb-SLvtM,2023-05-25T15:03:46Z,@wonniesval,TEMAZOO,3
BOYNEXTDOOR,jizAb-SLvtM,2023-05-25T15:03:45Z,@raisyaraudliy6009,Lagunya enak bangettt😭😭😭,10
BOYNEXTDOOR,jizAb-SLvtM,2023-05-25T15:03:45Z,@ひなひな-d6h,so cute💗💗,2
BOYNEXTDOOR,jizAb-SLvtM,2023-05-25T15:03:44Z,@4ngelhhx,loved ittt&lt;3!,2
BOYNEXTDOOR,jizAb-SLvtM,2023-05-25T15:03:43Z,@bonnie__gt,Neomu slay🔥,3
BOYNEXTDOOR,jizAb-SLvtM,2023-05-25T15:03:43Z,@Dance-bp1vh,‪🫶🏻🤍,2
BOYNEXTDOOR,jizAb-SLvtM,2023-05-25T15:03:43Z,@mavisiseviyorum,THEY SLAYED OMG,3
BOYNEXTDOOR,jizAb-SLvtM,2023-05-25T15:03:43Z,@puputciput2345,Gemes,1
BOYNEXTDOOR,jizAb-SLvtM,2023-05-25T15:03:42Z,@Rubjanne,OMGGGGGGG 💗great ❤,1
BOYNEXTDOOR,jizAb-SLvtM,2023-05-25T15:03:42Z,@montsemota2846,TREMENDA CANCIÓN QUE SACARON🔥,0
BOYNEXTDOOR,jizAb-SLvtM,2023-05-25T15:03:42Z,@may_ddeuno6007,woonhak is so cute 😭🧡,1
BOYNEXTDOOR,jizAb-SLvtM,2023-05-25T15:03:41Z,@lunecyj,IS SO COOL,2
BOYNEXTDOOR,jizAb-SLvtM,2023-05-25T15:03:41Z,@meow_kisss,СУКА ОНИ АХУЕННЫЕ Я ТАК ИХ ЛЮБЛЮ,2
BOYNEXTDOOR,jizAb-SLvtM,2023-05-25T15:03:41Z,@Izzah-e2o,"cute mv, cute song, cute voice, cute in everything 😍🎉",1
BOYNEXTDOOR,jizAb-SLvtM,2023-05-25T15:03:41Z,@ajengnindi5083,Its like newjeans boygroup version 😊,1
BOYNEXTDOOR,jizAb-SLvtM,2023-05-25T15:03:41Z,@Sinayigitt,Umarım hakettikleri değeri alırlar 🩷🩵,2
BOYNEXTDOOR,jizAb-SLvtM,2023-05-25T15:03:41Z,@diahujan2478,Cuteee,2
BOYNEXTDOOR,jizAb-SLvtM,2023-05-25T15:03:40Z,@centersakura,that prechorus hits different ❤️,1
BOYNEXTDOOR,jizAb-SLvtM,2023-05-25T15:03:40Z,@kpopfan325,Ang gandaaa!!!!,1
BOYNEXTDOOR,jizAb-SLvtM,2023-05-25T15:03:40Z,@nisabdrna,heol daebak,1
BOYNEXTDOOR,jizAb-SLvtM,2023-05-25T15:03:40Z,@teeeenene7840,IT&#39;S SOOOOOOOO FINEEEEE,1
BOYNEXTDOOR,jizAb-SLvtM,2023-05-25T15:03:39Z,@nicoleshon1504,wow! damn so cool! support! 💗,1
BOYNEXTDOOR,jizAb-SLvtM,2023-05-25T15:03:39Z,@iam1240,OMGG,1
BOYNEXTDOOR,jizAb-SLvtM,2023-05-25T15:03:39Z,@おにぎりは不滅,めっちゃ売れるやん。確定,1
BOYNEXTDOOR,jizAb-SLvtM,2023-05-25T15:03:38Z,@radynemaria9934,Cute❤,1
BOYNEXTDOOR,jizAb-SLvtM,2023-05-25T15:03:38Z,@Diyyaa09,They are the one and only❤,2
BOYNEXTDOOR,jizAb-SLvtM,2023-05-25T15:03:38Z,@haerinkangs,ВАУУУУ,1
BOYNEXTDOOR,jizAb-SLvtM,2023-05-25T15:03:38Z,@hanar670,gemesss?!?!!,1
BOYNEXTDOOR,jizAb-SLvtM,2023-05-25T15:03:37Z,@giordani.,que delícia de música mds,1
BOYNEXTDOOR,jizAb-SLvtM,2023-05-25T15:03:37Z,@B-DAY,最高です！いい！！！！！,1
BOYNEXTDOOR,jizAb-SLvtM,2023-05-25T15:03:37Z,@loove143_,"OMGGG, SO COOOL, I LOVE IT!!",1
BOYNEXTDOOR,jizAb-SLvtM,2023-05-25T15:03:37Z,@shaveznaqvi7607,SARANGHE❤❤❤❤. All the best,1
BOYNEXTDOOR,jizAb-SLvtM,2023-05-25T15:03:36Z,@xmarsx1412,Omg i love it❤️,1
BOYNEXTDOOR,jizAb-SLvtM,2023-05-25T15:03:37Z,@김옝-j9t,오 노래좋다,0
BOYNEXTDOOR,jizAb-SLvtM,2023-05-25T15:03:36Z,@ambellabella,Love it,0
BOYNEXTDOOR,jizAb-SLvtM,2023-05-25T15:03:36Z,@erti_2,Cute song💜💜love iy,0
BOYNEXTDOOR,jizAb-SLvtM,2023-05-25T15:03:36Z,@nnichoe,SLAYYYYY,0
BOYNEXTDOOR,jizAb-SLvtM,2023-05-25T15:03:35Z,@JzzyJ,"Who is that hongjoong look alike, whats his name?",0
BOYNEXTDOOR,jizAb-SLvtM,2023-05-25T15:03:35Z,@melyykim,BOYNEXTDOOR KAJJA💪💪💪💪,0
BOYNEXTDOOR,jizAb-SLvtM,2023-05-25T15:03:34Z,@bybyden,Letsgoooo,1
BOYNEXTDOOR,jizAb-SLvtM,2023-05-25T15:03:34Z,@ElspethGordie,Love it!,1
BOYNEXTDOOR,jizAb-SLvtM,2023-05-25T15:03:34Z,@fakekimbap219,THEY ARE A BREATH OF FRESH AIR,2
BOYNEXTDOOR,jizAb-SLvtM,2023-05-25T15:03:34Z,@arfumansoor.,New jeans vibes comes from this group,0
BOYNEXTDOOR,jizAb-SLvtM,2023-05-25T15:03:33Z,@kilbertsantos4915,THEY ARE AMAZING,1
BOYNEXTDOOR,jizAb-SLvtM,2023-05-25T15:03:33Z,@bubbletea.b8300,YAYAYAYAYAY I WAS WAITING!!!!!,1
BOYNEXTDOOR,jizAb-SLvtM,2023-05-25T15:03:33Z,@annecbautista8257,Refreshing music!😊,1
BOYNEXTDOOR,jizAb-SLvtM,2023-05-25T15:03:33Z,@sweetcherry___,Visualnya gila&quot; bgt🤯,1
BOYNEXTDOOR,jizAb-SLvtM,2023-05-25T15:03:32Z,@squareisa4138,ANJIR KEREN BGT JANCUKKKKK,1
BOYNEXTDOOR,jizAb-SLvtM,2023-05-25T15:03:32Z,@strawberryme16,cute,1
BOYNEXTDOOR,jizAb-SLvtM,2023-05-25T15:03:32Z,@anajulia.12,❤❤❤❤,0
BOYNEXTDOOR,jizAb-SLvtM,2023-05-25T15:03:30Z,@kropinovamargarita5511,ЭТО СЛИШКОМ КРУТО!❤,8
BOYNEXTDOOR,jizAb-SLvtM,2023-05-25T15:03:30Z,@peachy_drink,So cute😭💖,1
BOYNEXTDOOR,jizAb-SLvtM,2023-05-25T15:03:30Z,@dmauryn,CUTEEEEEE,1
BOYNEXTDOOR,jizAb-SLvtM,2023-05-25T15:03:29Z,@indruss,I&#39;ll let you be it,1
BOYNEXTDOOR,jizAb-SLvtM,2023-05-25T15:03:29Z,@redstrawberryss,VISUALS KINGSSS,3
BOYNEXTDOOR,jizAb-SLvtM,2023-05-25T15:03:29Z,@Dounia.03,Amazing,1
BOYNEXTDOOR,jizAb-SLvtM,2023-05-25T15:03:29Z,@melikaalizade5227,We always share our love by boy next door😭💗,1
BOYNEXTDOOR,jizAb-SLvtM,2023-05-25T15:03:28Z,@sarahhonsanamira4109,We love u,1
BOYNEXTDOOR,jizAb-SLvtM,2023-05-25T15:03:28Z,@kiwi_world222,Their vocals is really great and the song is really addictive to listen.,2
BOYNEXTDOOR,jizAb-SLvtM,2023-05-25T15:03:26Z,@icutcnm6041,Leehan really really look like Sunghoon from Enhypen a bit 🥰,0
BOYNEXTDOOR,jizAb-SLvtM,2023-05-25T15:03:25Z,@hereiamnair7744,I actually quite like this song!! Nice,0
BOYNEXTDOOR,jizAb-SLvtM,2023-05-25T15:03:24Z,@christinalarasatisimanjunt2223,ENAK LAGUNYAAA,0
BOYNEXTDOOR,jizAb-SLvtM,2023-05-25T15:03:24Z,@nayeonculisuelta,"Listen, i&#39;m the one and only",0
BOYNEXTDOOR,jizAb-SLvtM,2023-05-25T15:03:23Z,@GOBLlN,SOTY,1
BOYNEXTDOOR,jizAb-SLvtM,2023-05-25T15:03:23Z,@Chihiro-e9n,LET&#39;S GIVE OUR BOYS FULL SUPPORT !,4
BOYNEXTDOOR,jizAb-SLvtM,2023-05-25T15:03:22Z,@AnaFerreira__,QUE PERFEIÇÃO,0
BOYNEXTDOOR,jizAb-SLvtM,2023-05-25T15:03:22Z,@evanm9314,Happy great day everyone,1
BOYNEXTDOOR,jizAb-SLvtM,2023-05-25T15:03:21Z,@suciameliarana8602,lucu keren !!!!!!!,0
BOYNEXTDOOR,jizAb-SLvtM,2023-05-25T15:03:20Z,@nins_3406,Ohhhh this song is so so catchy 🤩,0
BOYNEXTDOOR,jizAb-SLvtM,2023-05-25T15:03:16Z,@Dounia.03,Wowww🥰🥰,0
BOYNEXTDOOR,jizAb-SLvtM,2023-05-25T15:03:16Z,@Angelacaranto01,They&#39;re so cute the song it&#39;s so really nice ♥️♥️🥰🥰,0
BOYNEXTDOOR,jizAb-SLvtM,2023-05-25T15:03:15Z,@zer0baeseon1,"Guys, let&#39;s be serious, they&#39;re amazing, everything about this song is great. My expectations for them are high. This is just a side song, not to mention the debut song. I&#39;m sure they&#39;ll take the title of leaders of this generation when they debut. Stream this amazing song and let&#39;s give them support because they&#39;re really talented.",3
BOYNEXTDOOR,jizAb-SLvtM,2023-05-25T15:03:13Z,@sirixsx,They make me feel happy,0
BOYNEXTDOOR,jizAb-SLvtM,2023-05-25T15:03:12Z,@mizanimation,Love this so much! Super addicting to listen to!,0
BOYNEXTDOOR,jizAb-SLvtM,2023-05-25T15:03:11Z,@fym__27,イハンくんやばあ,0
BOYNEXTDOOR,jizAb-SLvtM,2023-05-25T15:03:11Z,@I.love.twiceo9,I LOVE YOU ❤️❤️❤️,0
BOYNEXTDOOR,jizAb-SLvtM,2023-05-25T15:03:10Z,@Uiejkeljhjh,😢😢😢I love this song,0
BOYNEXTDOOR,jizAb-SLvtM,2023-05-25T15:03:10Z,@bitnamedia,SLAYYYY,1
BOYNEXTDOOR,jizAb-SLvtM,2023-05-25T15:03:09Z,@jin4714,QUIEN MAS EN SU ESTRENO?,0
BOYNEXTDOOR,jizAb-SLvtM,2023-05-25T15:03:09Z,@ralda9098,ya sabía que esta iba a ser mi canción fav,1
BOYNEXTDOOR,jizAb-SLvtM,2023-05-25T15:03:07Z,@akyraramirez,"I love this song, come on BOYNEXTDOOR We will always support you",1
BOYNEXTDOOR,jizAb-SLvtM,2023-05-25T15:03:06Z,@Yoon._.hot2009,وااااااووو 🩷🩷🩷🩷💜💜💜🇱🇾🇱🇾🇱🇾🇱🇾🇱🇾,0
BOYNEXTDOOR,jizAb-SLvtM,2023-05-25T15:03:05Z,@adagakiaku4445,who&#39;s there? the boynextdoor!!,0
BOYNEXTDOOR,jizAb-SLvtM,2023-05-25T15:03:04Z,@memoriiiize,PLEASE SUPPORT BND !!,0
BOYNEXTDOOR,jizAb-SLvtM,2023-05-25T15:03:04Z,@reneziv9975,BOYNEXTDOOR LET&#39;S GOOOO,0
BOYNEXTDOOR,jizAb-SLvtM,2023-05-25T15:03:02Z,@JuIianaLoo,So cute!!,0
BOYNEXTDOOR,jizAb-SLvtM,2023-05-25T15:02:59Z,@alexandraaltukhova9143,It&#39;s really cool song. I can&#39;t wait them debut,0
BOYNEXTDOOR,jizAb-SLvtM,2023-05-25T15:03:00Z,@gsosyso_Gsoshotxt,너노ㅗㄴ냐ㅗ❤❤ㅗ도돋,1
BOYNEXTDOOR,jizAb-SLvtM,2023-05-25T15:02:59Z,@minayee,Omggg i love it so much,0
BOYNEXTDOOR,jizAb-SLvtM,2023-05-25T15:02:58Z,@Privv_Arkimedja,Bravo the video is super❤❤❤❤,0
BOYNEXTDOOR,jizAb-SLvtM,2023-05-25T15:02:54Z,@bearbabyyeetus,"i recon the 5th gen has already started. these guy&#39;s vibe is so new and refreshing. its actually giving a little bit of the older gens,  but the vibe is their own.",0
BOYNEXTDOOR,jizAb-SLvtM,2023-05-25T15:02:52Z,@Jin7gyu13,Amazing debut.....they rocked,0
BOYNEXTDOOR,jizAb-SLvtM,2023-05-25T15:02:52Z,@Chloe_23_tt,😍😍😍🥰🥰🥰❤❤❤,0
BOYNEXTDOOR,jizAb-SLvtM,2023-05-25T15:02:52Z,@ainlxoxo5561,Wait for your next,1
BOYNEXTDOOR,jizAb-SLvtM,2023-05-25T15:02:52Z,@waliulhakim03,musiknya sangat menyenangkan!!,7
BOYNEXTDOOR,jizAb-SLvtM,2023-05-25T15:02:51Z,@memoriiiize,i love bnd concept soo much 😭😭,0
BOYNEXTDOOR,jizAb-SLvtM,2023-05-25T15:02:50Z,@arfumansoor.,It&#39;s refreshing to listen........ saving k-pop,0
BOYNEXTDOOR,jizAb-SLvtM,2023-05-25T15:02:47Z,@funnybunny3677,"<a href=""https://www.youtube.com/watch?v=jizAb-SLvtM&amp;t=195"">3:15</a>",0
BOYNEXTDOOR,jizAb-SLvtM,2023-05-25T15:02:46Z,@jiabebanco1883,One of their member have look a like with enhypen I think,0
BOYNEXTDOOR,jizAb-SLvtM,2023-05-25T15:02:45Z,@sarangwonstxens131,OMG it&#39;s just their 2nd debut song from WHO album and I am fr loving it♡ adding this to my playlist now♡ it&#39;s so addicting!!! An inlove neighbour here^^,1
BOYNEXTDOOR,jizAb-SLvtM,2023-05-25T15:02:44Z,@kywoshie,another bop from them♡,0
BOYNEXTDOOR,jizAb-SLvtM,2023-05-25T15:02:44Z,@atzxkskq,Very cool debut ♥️♥️❤️❤️,1
BOYNEXTDOOR,jizAb-SLvtM,2023-05-25T15:02:42Z,@jin4714,MUY HERMOSO,0
BOYNEXTDOOR,jizAb-SLvtM,2023-05-25T15:02:41Z,@Choi_Yeonsou,Wow wow wow i&#39;m gonna be fan guys !!!!!!,1
BOYNEXTDOOR,jizAb-SLvtM,2023-05-25T15:02:40Z,@razzor7443,"Simple and catchy, nice song 🎉",0
BOYNEXTDOOR,jizAb-SLvtM,2023-05-25T15:02:40Z,@sedra5983,Come on guys  ㅠㅠ,0
BOYNEXTDOOR,jizAb-SLvtM,2023-05-25T15:02:38Z,@emi20kook95,No decepciono estuvo muy buenaa,0
BOYNEXTDOOR,jizAb-SLvtM,2023-05-25T15:02:38Z,@JesseljeanOnog,❤❤,0
BOYNEXTDOOR,jizAb-SLvtM,2023-05-25T15:02:36Z,@SeungminBbg,ONE AND ONLYYYY,0
BOYNEXTDOOR,jizAb-SLvtM,2023-05-25T15:02:33Z,@yourmimiii,so so proud,0
BOYNEXTDOOR,jizAb-SLvtM,2023-05-25T15:02:32Z,@jasminkim9671,سراااااانغييييي,0
BOYNEXTDOOR,jizAb-SLvtM,2023-05-25T15:02:32Z,@zzzerobase,"This song is so fun, I cant wait to see what else they&#39;ll release!!!!",0
BOYNEXTDOOR,jizAb-SLvtM,2023-05-25T15:02:31Z,@tsuki__shima,All of them has nice voice and moves,0
BOYNEXTDOOR,jizAb-SLvtM,2023-05-25T15:02:31Z,@namiranursyifa782,EALAHHHHH LUCUUUU LUCUUUU BGTTT MEREKAAA INI,0
BOYNEXTDOOR,jizAb-SLvtM,2023-05-25T15:02:28Z,@Mrs.BangChoi,AHHHHHHHHH! I CANT WAITTTTTT,0
BOYNEXTDOOR,jizAb-SLvtM,2023-05-25T15:02:23Z,@riiripathegamer,I&#39;m here for you guys !! Let&#39;s goo 🥰🩶😭,0
BOYNEXTDOOR,jizAb-SLvtM,2023-05-25T15:02:22Z,@berfinyildiz111,Amazing love their music 🤩,0
BOYNEXTDOOR,jizAb-SLvtM,2023-05-25T15:02:22Z,@raizarojas3173,AHHHHH LOS AMOOOOOOOOOO,0
BOYNEXTDOOR,jizAb-SLvtM,2023-05-25T15:02:22Z,@yourmimiii,MY BOYSSS I AM PROUD,0
BOYNEXTDOOR,jizAb-SLvtM,2023-05-25T15:02:21Z,@kurohyou3897,Woonhak cerah sekali kamu nak,0
BOYNEXTDOOR,jizAb-SLvtM,2023-05-25T15:02:18Z,@zeychanie,YOIIIIIIIIIII,0
BOYNEXTDOOR,jizAb-SLvtM,2023-05-25T15:02:17Z,@_Kiyxshizz,SLAY,0
BOYNEXTDOOR,jizAb-SLvtM,2023-05-25T15:02:17Z,@etltropelover,THIS IS A BOP!,0
BOYNEXTDOOR,jizAb-SLvtM,2023-05-25T15:02:16Z,@rosaliawashere,cuteeee,0
BOYNEXTDOOR,jizAb-SLvtM,2023-05-25T15:02:16Z,@angelikapetallo3061,Giving my support for this boysss,0
BOYNEXTDOOR,jizAb-SLvtM,2023-05-25T15:02:14Z,@maeabaigar2636,❤❤❤,0
BOYNEXTDOOR,jizAb-SLvtM,2023-05-25T15:02:13Z,@zny5144,which door?,0
BOYNEXTDOOR,jizAb-SLvtM,2023-05-25T15:02:12Z,@jin.voyage,💗,0
BOYNEXTDOOR,jizAb-SLvtM,2023-05-25T15:02:09Z,@ainlxoxo5561,❤❤❤❤❤,1
BOYNEXTDOOR,jizAb-SLvtM,2023-05-25T15:02:08Z,@cipuyatae1300,WOI WOI WOI KERENN,0
BOYNEXTDOOR,jizAb-SLvtM,2023-05-25T15:02:06Z,@秋餘震,❤❤❤❤❤❤❤ cute boy,0
BOYNEXTDOOR,jizAb-SLvtM,2023-05-25T15:02:04Z,@yourmimiii,PROUD OF YOU,0
BOYNEXTDOOR,jizAb-SLvtM,2023-05-25T15:02:03Z,@irvin2751,"such a cutie, omg i love the vibe of boynextdoor!",0
BOYNEXTDOOR,jizAb-SLvtM,2023-05-25T15:02:02Z,@theavengers.,Finally back with another masterpiece love them and their music since young,1
BOYNEXTDOOR,jizAb-SLvtM,2023-05-25T15:01:59Z,@cipuyatae1300,WOY WOY WOY KECEE,0
BOYNEXTDOOR,jizAb-SLvtM,2023-05-25T15:01:59Z,@katcurtiss2684,They never fail to impress🎉💖,2
BOYNEXTDOOR,jizAb-SLvtM,2023-05-25T15:01:57Z,@whimsicallife_withlouse,Can&#39;t wait to their debut,0
BOYNEXTDOOR,jizAb-SLvtM,2023-05-25T15:01:57Z,@yourmimiii,가즈아ㅏㅏㅏ,0
BOYNEXTDOOR,jizAb-SLvtM,2023-05-25T15:01:50Z,@chimmypark1653,Love the viiiibe,0
BOYNEXTDOOR,jizAb-SLvtM,2023-05-25T15:01:48Z,@rosejeon4239,They gonna make big impact to kpop industry,0
BOYNEXTDOOR,jizAb-SLvtM,2023-05-25T15:01:44Z,@atzxkskq,Fighting ❤❤❤,1
BOYNEXTDOOR,jizAb-SLvtM,2023-05-25T15:01:44Z,@Ikaalore2,nice rhythm,0
BOYNEXTDOOR,jizAb-SLvtM,2023-05-25T15:01:43Z,@ChimmyLisa,😍,0
BOYNEXTDOOR,jizAb-SLvtM,2023-05-25T15:01:41Z,@ufw.leaa_,they are gifted!!!🫣,0
BOYNEXTDOOR,jizAb-SLvtM,2023-05-25T15:01:39Z,@tessi75,Going to be literal legend.,0
BOYNEXTDOOR,jizAb-SLvtM,2023-05-25T15:01:36Z,@ifaaaja,정신 💪❤,30
BOYNEXTDOOR,jizAb-SLvtM,2023-05-25T15:01:34Z,@byunlss,ووووو,0
BOYNEXTDOOR,jizAb-SLvtM,2023-05-25T15:01:33Z,@Ranaway4sho,Slaaayyy,1
BOYNEXTDOOR,jizAb-SLvtM,2023-05-25T15:01:32Z,@ElealovesSKZ_Official,I&#39;M ALREADY A SIMP FOR YOU ALL!,0
BOYNEXTDOOR,jizAb-SLvtM,2023-05-25T15:01:31Z,@Enhanjina_1,WHO WILL ALWAYS SUPPORT BOYNEXTDOOR FOREVER RAISE THEIR HAND 🙌🏻🙌🏻🙌🏻,0
BOYNEXTDOOR,jizAb-SLvtM,2023-05-25T15:01:29Z,@valeb71,AMO AMO AMO❤❤❤,1
BOYNEXTDOOR,jizAb-SLvtM,2023-05-25T15:01:29Z,@_Pastel...flower_,I know they gonna shine like the brightest diamond in the future!!! 💖,4
BOYNEXTDOOR,jizAb-SLvtM,2023-05-25T15:01:28Z,@cortisouls,PREDEBUT STANS HERE,0
BOYNEXTDOOR,jizAb-SLvtM,2023-05-25T15:01:26Z,@thesinginggirl1493,FIGHTING,0
BOYNEXTDOOR,jizAb-SLvtM,2023-05-25T15:01:24Z,@ayonaishi,İ love youuuuuuuuuu sizi her zaman destekleyeceğimmm,0
BOYNEXTDOOR,jizAb-SLvtM,2023-05-25T15:01:23Z,@SiriusBlack-q6x,saranghae<br><br>boynextdoor should rule the world bo<br>love&#39;em,1
BOYNEXTDOOR,jizAb-SLvtM,2023-05-25T15:01:20Z,@gaonxsunny,IT&#39;S PERFECT! I LOVE YOU,0
BOYNEXTDOOR,jizAb-SLvtM,2023-05-25T15:01:18Z,@unknown_1082,I was here.,0
BOYNEXTDOOR,jizAb-SLvtM,2023-05-25T15:01:15Z,@moonchild-2470,❤,1
BOYNEXTDOOR,jizAb-SLvtM,2023-05-25T15:01:09Z,@ArmyCarat1317,BOY NEXT DOOR MAKING HISTORY !!!,0
BOYNEXTDOOR,jizAb-SLvtM,2023-05-25T15:01:08Z,@Aelieyu,LET&#39;S GOOOO,0
BOYNEXTDOOR,jizAb-SLvtM,2023-05-25T15:01:08Z,@cz3962,LET&#39;S GOOO,0
BOYNEXTDOOR,jizAb-SLvtM,2023-05-25T15:01:04Z,@lovlori,Imma stan these boyz,0
BOYNEXTDOOR,jizAb-SLvtM,2023-05-25T15:01:03Z,@reny.7-95,Woooooooooooow,0
BOYNEXTDOOR,jizAb-SLvtM,2023-05-25T15:01:03Z,@kongsuni6610,IMMA FRESH SO CLEAN,0
BOYNEXTDOOR,jizAb-SLvtM,2023-05-25T15:01:03Z,@verencia_hahaha,So fun!!!,0
BOYNEXTDOOR,jizAb-SLvtM,2023-05-25T15:01:00Z,@violetagutierrez1927,❤❤❤,0
BOYNEXTDOOR,jizAb-SLvtM,2023-05-25T15:00:55Z,@Rubjanne,OMGGGGGGG ❤,1
BOYNEXTDOOR,jizAb-SLvtM,2023-05-25T15:00:53Z,@santhabadugu1411,Is this their debut song,1
BOYNEXTDOOR,jizAb-SLvtM,2023-05-25T15:00:52Z,@IlKARLM,Cool,0
BOYNEXTDOOR,jizAb-SLvtM,2023-05-25T15:00:51Z,@sharryjoyglanida3492,Who are they?,0
BOYNEXTDOOR,jizAb-SLvtM,2023-05-25T15:00:51Z,@Marsh_all,BEST SONG,0
BOYNEXTDOOR,jizAb-SLvtM,2023-05-25T15:00:50Z,@nayeonculisuelta,Ni los conozco pero a ver q onda,0
BOYNEXTDOOR,jizAb-SLvtM,2023-05-25T15:00:48Z,@kth247,LETSSS GGOOOO,0
BOYNEXTDOOR,jizAb-SLvtM,2023-05-25T15:00:48Z,@Agust_5,😳 wow,0
BOYNEXTDOOR,jizAb-SLvtM,2023-05-25T15:00:46Z,@sadgrul4402,💗💗,0
BOYNEXTDOOR,jizAb-SLvtM,2023-05-25T15:00:43Z,@a.ablackcat........,Wowww,0
BOYNEXTDOOR,jizAb-SLvtM,2023-05-25T15:00:42Z,@itzzrahim,The Boynextdoor members really suit this concept,0
BOYNEXTDOOR,jizAb-SLvtM,2023-05-25T15:00:41Z,@Iunarski,OK THE BEGINNING,0
BOYNEXTDOOR,jizAb-SLvtM,2023-05-25T15:00:41Z,@itstaaz_615,Let’s goo boynextdoor,1
BOYNEXTDOOR,jizAb-SLvtM,2023-05-25T15:00:40Z,@lovlori,OMG,0
BOYNEXTDOOR,jizAb-SLvtM,2023-05-25T15:00:40Z,@karribies,LET&#39;S GO !!,0
BOYNEXTDOOR,jizAb-SLvtM,2023-05-25T15:00:39Z,@Jae-ne4sn,yayyyy!!!,0
BOYNEXTDOOR,jizAb-SLvtM,2023-05-25T15:00:38Z,@Sinayigitt,Ay çok iyi heyecan yaptım be,0
BOYNEXTDOOR,jizAb-SLvtM,2023-05-25T15:00:36Z,@kyoheiablaza6070,BOYNEXTDOOR NEVER DISAPPOINT US 🔥❤️,0
BOYNEXTDOOR,jizAb-SLvtM,2023-05-25T15:00:34Z,@16Mars168,楽しんで❤️,0
BOYNEXTDOOR,jizAb-SLvtM,2023-05-25T15:00:32Z,@eunicekylebungay9592,Ey let&#39;s gaur,0
BOYNEXTDOOR,jizAb-SLvtM,2023-05-25T15:00:28Z,@AqilaAlfi-f2j,jangan lupa streaming nya ya guysss,1
BOYNEXTDOOR,jizAb-SLvtM,2023-05-25T15:00:27Z,@ria_rana,Let&#39;s gooooo 🥳🥳,0
BOYNEXTDOOR,jizAb-SLvtM,2023-05-25T15:00:27Z,@akzzzmzes,Slayyyy,0
BOYNEXTDOOR,jizAb-SLvtM,2023-05-25T15:00:20Z,@zoyoskz69,😭💓💓💓💓💓💓💓💓💓💓💓💓💓💓💓💓💓💓💓💓💓💓💓💓💓💓💓💓💓💓💓💓💓💓💓💓,0
BOYNEXTDOOR,jizAb-SLvtM,2023-05-25T15:00:19Z,@pomegranate9807,they should debut a girl grizo called girlnextdoor or smth,0
BOYNEXTDOOR,jizAb-SLvtM,2023-05-25T15:00:15Z,@v4nish.c0re,so excited 🎉❤,1
BOYNEXTDOOR,jizAb-SLvtM,2023-05-25T15:00:15Z,@อรุณงามสมวงค์,ดีมากกกกกกกกกกกกกกกกกกกกกกกก 🥰🥰🥰,0
BOYNEXTDOOR,jizAb-SLvtM,2023-05-25T15:00:13Z,@user-hyunlix1favminsung143,I love your mv❤😊,0
BOYNEXTDOOR,jizAb-SLvtM,2023-05-25T15:00:12Z,@ismotjahan6583,Hello,0
BOYNEXTDOOR,jizAb-SLvtM,2023-05-25T15:00:12Z,@aviaamari3652,AAAAAAA,0
BOYNEXTDOOR,jizAb-SLvtM,2023-05-25T15:00:09Z,@moonxearth,LETS GOOOOOO,0
BOYNEXTDOOR,jizAb-SLvtM,2023-05-25T15:00:08Z,@ashlynx9816,slayyyyyy,0
BOYNEXTDOOR,jizAb-SLvtM,2023-05-25T15:00:05Z,@kongsuni6610,omg,0
BOYNEXTDOOR,jizAb-SLvtM,2023-05-25T15:00:04Z,@dreamidani,stop dynamic pricing !!!!!,0
BOYNEXTDOOR,jizAb-SLvtM,2023-05-25T15:00:01Z,@aviaamari3652,CANT WAITTTTTT,0
BOYNEXTDOOR,jizAb-SLvtM,2023-05-25T14:59:52Z,@dewdeer,let&#39;s go boy next door!!!!,0
BOYNEXTDOOR,jizAb-SLvtM,2023-05-25T14:59:52Z,@hastiamelia,their visual&gt;&gt;&gt;,1
BOYNEXTDOOR,jizAb-SLvtM,2023-05-25T14:59:51Z,@Православныймлодец,Was here before 10k views,0
BOYNEXTDOOR,jizAb-SLvtM,2023-05-25T14:59:50Z,@whvsaria,why am i so excited,0
BOYNEXTDOOR,jizAb-SLvtM,2023-05-25T14:59:50Z,@hoperosie,Let’s our all support and love for our Boy next door Neighbors 😉💗,1
BOYNEXTDOOR,jizAb-SLvtM,2023-05-25T14:59:47Z,@starei,lets do it BOYSNEXTDOOR!,1
BOYNEXTDOOR,jizAb-SLvtM,2023-05-25T14:59:46Z,@pelifloer,Yeess thus my time,0
BOYNEXTDOOR,jizAb-SLvtM,2023-05-25T14:59:45Z,@starzayy,WOOOO,0
BOYNEXTDOOR,jizAb-SLvtM,2023-05-25T14:59:42Z,@bonnie__gt,I thought YouTube commented😂,0
BOYNEXTDOOR,jizAb-SLvtM,2023-05-25T14:59:40Z,@myishae,BOYNEXTDOOR FIGHTINGG,0
BOYNEXTDOOR,jizAb-SLvtM,2023-05-25T14:59:38Z,@idgafistantwt,Seated,0
BOYNEXTDOOR,jizAb-SLvtM,2023-05-25T14:59:35Z,@mshess1140,OMG CANT WAIT,0
BOYNEXTDOOR,jizAb-SLvtM,2023-05-25T14:59:23Z,@squareisa4138,WERE SO READY,1
BOYNEXTDOOR,jizAb-SLvtM,2023-05-25T14:59:19Z,@gamingwithaimal1857,BOYNEXTDOOR is very talented i cannot wait for future activities!❤ BOYNEXTDOOR fighting,2
BOYNEXTDOOR,jizAb-SLvtM,2023-05-25T14:59:16Z,@maedwinabegornia8236,"Let&#39;s give our Boys a full support, dtan BND for better future!!!!",1
BOYNEXTDOOR,jizAb-SLvtM,2023-05-25T14:59:14Z,@newjeans3483,"PLEASE BUY THEIR ALBUMS GUYS, LET&#39;S GO TO 200K SALES!",4
BOYNEXTDOOR,jizAb-SLvtM,2023-05-25T14:59:12Z,@brownie_09,ily somuch boynextdoor:)),1
BOYNEXTDOOR,jizAb-SLvtM,2023-05-25T14:59:10Z,@danib5033,LETS GOOOOO,1
