group,video_id,publishedAt,author,text,likeCount
TNX,4C7xGubTL90,2022-05-17T15:00:01Z,@mahyaabed9551,keep going!,1
TNX,4C7xGubTL90,2022-05-17T14:59:54Z,@odizujuned1997,Omg,1
TNX,4C7xGubTL90,2022-05-17T14:59:51Z,@Pikaachu_28,데뷔 추카해용 ^^♡,2
TNX,4C7xGubTL90,2022-05-17T14:59:47Z,@area078,I LIKE IT,3
TNX,4C7xGubTL90,2022-05-17T14:59:46Z,@mahyaabed9551,love this song this is so goooodd,3
TNX,4C7xGubTL90,2022-05-17T14:59:37Z,@lalaland7663,"No puedo dejar de ver el mv, es todo increíble. Amo los visuales, la música, los vocales, el rap, a los miembros, la coreografia es asombrosa!. PNation deberia de ser la mejor empresa, es única y no intenta copiarse de los demás. TNX va tener éxito!! Siendo único a su estilo",2
TNX,4C7xGubTL90,2022-05-17T14:59:34Z,@user-vx6zq8kw8q,Let&#39;s stream guys,3
TNX,4C7xGubTL90,2022-05-17T14:59:34Z,@My_nikkiruby3114,"Meu deus isso está muito bom, meninos vocês são incríveis e muitos talentosos, boa sorte!!",19
TNX,4C7xGubTL90,2022-05-17T14:59:34Z,@area078,THIS IS A MASTERPIECE,3
TNX,4C7xGubTL90,2022-05-17T14:59:33Z,@wassanakansap8799,มันดี~~  แงง​ เด็กๆเก่งมากๆๆๆ,2
TNX,4C7xGubTL90,2022-05-17T14:59:32Z,@mahyaabed9551,omggg,1
TNX,4C7xGubTL90,2022-05-17T14:59:31Z,@aimwhay,going on my way,2
TNX,4C7xGubTL90,2022-05-17T14:59:18Z,@area078,WOW,1
TNX,4C7xGubTL90,2022-05-17T14:59:09Z,@alyxxisdenalynmansilita961,THE POTENTIAL OF THIS ROOKIE GROUP! hands down to Psy and PNation😭😭,3
TNX,4C7xGubTL90,2022-05-17T14:59:07Z,@roman--stkzl,"What an addictive song, it&#39;s amazing, their dance is so powerful, I love everything.",10
TNX,4C7xGubTL90,2022-05-17T14:58:51Z,@annnaosso,Increible debut! Exito !!!,4
TNX,4C7xGubTL90,2022-05-17T14:58:49Z,@ブルゾンチラミ,いいよ。LOUDからデビュー‼️<br>楽しみ楽しみ❣️,2
TNX,4C7xGubTL90,2022-05-17T14:58:45Z,@kosolngern,stan talent stan TNX,2
TNX,4C7xGubTL90,2022-05-17T14:58:41Z,@181_apriliapratiwikirani6,bikyora bikyoooooooooooooooo,2
TNX,4C7xGubTL90,2022-05-17T14:58:25Z,@Freakyyvesyushi,At the start why did they put so much Autotune on,0
TNX,4C7xGubTL90,2022-05-17T14:58:25Z,@annnaosso,La canción es increible!!,2
TNX,4C7xGubTL90,2022-05-17T14:58:17Z,@himawanhito415,Kurang ledakan.. dari musiknya,0
TNX,4C7xGubTL90,2022-05-17T14:58:14Z,@belghithmayssa9902,Wooowww,1
TNX,4C7xGubTL90,2022-05-17T14:58:13Z,@chxr_muzor8021,ปังมาก 5ชั่วโมง2.3แสนวิว 1ล้านวิวต้องมาแล้ว,0
TNX,4C7xGubTL90,2022-05-17T14:58:05Z,@Nurulhid7,KEEP STREAMING ALL,1
TNX,4C7xGubTL90,2022-05-17T14:57:57Z,@aimwhay,congrats on your debut,1
TNX,4C7xGubTL90,2022-05-17T14:57:53Z,@ziqahariff7456,just MASTERPIECE,1
TNX,4C7xGubTL90,2022-05-17T14:57:51Z,@あまね-d3u,ソンジュン推します,0
TNX,4C7xGubTL90,2022-05-17T14:57:42Z,@insiderpjs7104,Damn eunhwi&#39;s rap is SO GOOD,4
TNX,4C7xGubTL90,2022-05-17T14:57:40Z,@kkkkkauas2,sungjuj eu te amo pohaaaa,1
TNX,4C7xGubTL90,2022-05-17T14:57:33Z,@nyx7408,BEST DEBUT EVER WTFFF,1
TNX,4C7xGubTL90,2022-05-17T14:57:25Z,@kkkkkauas2,mds o começo AAAAAAAAAAAAAA,2
TNX,4C7xGubTL90,2022-05-17T14:57:24Z,@yardniea176,Our Precious Treasures coming out,1
TNX,4C7xGubTL90,2022-05-17T14:57:14Z,@miseryinsolitude,um,0
TNX,4C7xGubTL90,2022-05-17T14:57:10Z,@diannakp8830,this was incredible..🤯,1
TNX,4C7xGubTL90,2022-05-17T14:57:09Z,@aimwhay,move move move,1
TNX,4C7xGubTL90,2022-05-17T14:57:05Z,@cirlaynemartins60,AMAZING ❤️❤️,1
TNX,4C7xGubTL90,2022-05-17T14:56:58Z,@aimwhay,wowww,1
TNX,4C7xGubTL90,2022-05-17T14:56:54Z,@urlabirin,"Yeayy dah debut anak loud, tinggal nunggu jyp loud. Proud bangett ❤",1
TNX,4C7xGubTL90,2022-05-17T14:56:48Z,@mauidelacuesta644,STREAM,1
TNX,4C7xGubTL90,2022-05-17T14:56:42Z,@ainemelin,AWESOME🤩,1
TNX,4C7xGubTL90,2022-05-17T14:56:36Z,@jochelaudadio4401,OMO!!!!!!,1
TNX,4C7xGubTL90,2022-05-17T14:56:36Z,@FrLyFr,"ANOTHER SUPREME DEBUT , SLAYYYY!!",1
TNX,4C7xGubTL90,2022-05-17T14:56:16Z,@jenni6073,😮‍💨🤟,0
TNX,4C7xGubTL90,2022-05-17T14:55:58Z,@diannakp8830,"congrats on your debut, guys! ❤",1
TNX,4C7xGubTL90,2022-05-17T14:55:48Z,@st4r.girl_x0,"THE BEST SONG DEBUT, I LOVE THIS SONG, THE LYRICS, VISUALS AND VOCALS ARE AMAZING.😻🥺",7
TNX,4C7xGubTL90,2022-05-17T14:55:44Z,@nibel7298,Bagus banget,2
TNX,4C7xGubTL90,2022-05-17T14:55:39Z,@watanabeee,Huhuuuuu Banga banget sama mereka<br>Udah debut ajaaaa<br>Mana keren banget lagi konsep MV nya<br>Gak pernah bosen dih nonton ini berkali kali<br>HAYUUUUUKK STAN TNX KEREEEN BANGEEEETTT!!!!!,1
TNX,4C7xGubTL90,2022-05-17T14:55:38Z,@Beombear_0,"Yesss I knew they weren&#39;t going to disappoint, I&#39;m so proud of how far they have come and of course they slayed omg",23
TNX,4C7xGubTL90,2022-05-17T14:55:28Z,@pizazzy,i saw an ad for the teaser yesterday so here i am,1
TNX,4C7xGubTL90,2022-05-17T14:55:12Z,@dayanacastellon1585,Espere mucho por esto😭😭😭😭<br>Muchas felicidades mis niños😭😭😭❤❤❤❤❤❤❤❤❤❤,1
TNX,4C7xGubTL90,2022-05-17T14:55:00Z,@chiocrespo8939,Como qur me estan haciendo ojitos,2
TNX,4C7xGubTL90,2022-05-17T14:54:59Z,@ilysuhaily285,THEY SLAYEDD!!,1
TNX,4C7xGubTL90,2022-05-17T14:54:48Z,@aekokts,Masterpiece!!!!,1
TNX,4C7xGubTL90,2022-05-17T14:54:34Z,@lolaskibsboogg9507,love it for real!!,1
TNX,4C7xGubTL90,2022-05-17T14:54:32Z,@watanabeee,HUWAAAAAAAAAAAAAAAAAA KALIAN KEREN BANGET PLIIIISSS,1
TNX,4C7xGubTL90,2022-05-17T14:54:32Z,@OfficialTiffanyY,Junhyeok vocal,1
TNX,4C7xGubTL90,2022-05-17T14:54:19Z,@ivonnerengel7194,La espera valió la pena muy orgullosa de ustedes sin duda ustedes brillaron y se comieron la corona 👑,1
TNX,4C7xGubTL90,2022-05-17T14:54:17Z,@Camilaafrancoo,🔥🔥🔥🔥,1
TNX,4C7xGubTL90,2022-05-17T14:54:16Z,@watanabeee,GAK PERNAH BOSEN BUAT NONTON BERULANG ULANG NIH MV,2
TNX,4C7xGubTL90,2022-05-17T14:54:14Z,@quesitodamemi9439,Q gran debut 😎👌,1
TNX,4C7xGubTL90,2022-05-17T14:54:11Z,@nelvi_7,Junhyeok i love u !,1
TNX,4C7xGubTL90,2022-05-17T14:53:57Z,@dabestgurlukno,🤩🤩🤩🤩🤩,1
TNX,4C7xGubTL90,2022-05-17T14:53:47Z,@rickystay2523,"Eles são um grupo completo de garotos!! Os vocais, o rap, suas habilidades de dança são tão incríveis!!",10
TNX,4C7xGubTL90,2022-05-17T14:53:47Z,@itsglxsyy,TA MTO BOOOM,1
TNX,4C7xGubTL90,2022-05-17T14:53:44Z,@watanabeee,CANDU BANGET GAK BOSEN DARITADI NONTON MV NYA,2
TNX,4C7xGubTL90,2022-05-17T14:53:41Z,@wulanaisyah3348,Perface🤗💞💞💞,1
TNX,4C7xGubTL90,2022-05-17T14:53:38Z,@nisanisa6145,PLEASE SUPPORT TNX,0
TNX,4C7xGubTL90,2022-05-17T14:53:20Z,@itsglxsyy,Eita bbs,0
TNX,4C7xGubTL90,2022-05-17T14:53:18Z,@tvhomelove1585,Wooooooow look at my boys,1
TNX,4C7xGubTL90,2022-05-17T14:53:16Z,@babyhyunsuk9676,Kyungjun deep voice OMG😱 😍,0
TNX,4C7xGubTL90,2022-05-17T14:53:14Z,@watanabeee,Bangga banget sama TNX huhuuuu gak kerasa udah debut ajaaaa mana konsep nya keren banget paraaaaah,1
TNX,4C7xGubTL90,2022-05-17T14:53:09Z,@lunadessireegonzalezcruz6169,ME ENCANTAAAA,1
TNX,4C7xGubTL90,2022-05-17T14:52:59Z,@z.l.a.t.i,Nice meeting you TNX! Wishing you success! &lt;3,0
TNX,4C7xGubTL90,2022-05-17T14:52:57Z,@nya963,Temazo,0
TNX,4C7xGubTL90,2022-05-17T14:52:49Z,@elsyegoigwe,Beautiful <br>I wish you guys good luck and success on way up 🌹🌹,0
TNX,4C7xGubTL90,2022-05-17T14:52:47Z,@tvhomelove1585,Oh my God - - - -,0
TNX,4C7xGubTL90,2022-05-17T14:52:42Z,@byatrix,Looks like I have to stan them rn lol,2
TNX,4C7xGubTL90,2022-05-17T14:52:39Z,@thun.5321,looooooooooooooooove it,0
TNX,4C7xGubTL90,2022-05-17T14:52:33Z,@01o3s,THE CHOREO IS SO SATISFYING,24
TNX,4C7xGubTL90,2022-05-17T14:52:33Z,@watanabeee,YUK STAN TNX KEREEEN BANGEEEETTT!!!!,1
TNX,4C7xGubTL90,2022-05-17T14:52:30Z,@fauziraazzahra3128,"akhirnyaaa GANTENGG BANGETTT, LAGUNYA BAGUSS!!",0
TNX,4C7xGubTL90,2022-05-17T14:52:23Z,@zairions2786,Great start guys 👏👏👏<br> I really really love it ❤️❤️<br>Good luck in your journey<br>Fighting 💪💪,0
TNX,4C7xGubTL90,2022-05-17T14:52:23Z,@thun.5321,finally,0
TNX,4C7xGubTL90,2022-05-17T14:52:21Z,@ramekara3109,"Feeling like a proud mom watching her sons doing a great job😅 👏 👍 🙌 😀 💚💖 keep going guys, keep going! You rock it 😊",0
TNX,4C7xGubTL90,2022-05-17T14:52:17Z,@nenenguswatun184,Kerenn ❤️❤️❤️,0
TNX,4C7xGubTL90,2022-05-17T14:52:13Z,@michelecaroline8959,"Aeeee mais um grupo para eu iludir e ficar apaixonadaaaa, amei esse debut aaaaaa",0
TNX,4C7xGubTL90,2022-05-17T14:52:07Z,@watanabeee,MV DEBUT NYA KEREN BANGET AYUK STAN TNX!!!!,2
TNX,4C7xGubTL90,2022-05-17T14:52:04Z,@lazl885,💖💖💖💖💖💖💖💖,0
TNX,4C7xGubTL90,2022-05-17T14:51:50Z,@ilovekpop6489,My husband look so good,0
TNX,4C7xGubTL90,2022-05-17T14:51:18Z,@nyeinthiaaye1521,good.,0
TNX,4C7xGubTL90,2022-05-17T14:51:12Z,@BooksOrBeasts,So good 💜❤️ Happy Debut boys,0
TNX,4C7xGubTL90,2022-05-17T14:50:57Z,@Nugo-fu4di,belum ada di spotify  yah?,0
TNX,4C7xGubTL90,2022-05-17T14:50:53Z,@azucaramargo2592,Muy buena canción y nuevo grupo que stanear,0
TNX,4C7xGubTL90,2022-05-17T14:50:47Z,@왜그래요-x3t,노래 조카 내스타일이다...,0
TNX,4C7xGubTL90,2022-05-17T14:50:40Z,@muhamadizwan2620,Waiting jessi do this! Lessgo our boys,0
TNX,4C7xGubTL90,2022-05-17T14:50:20Z,@sevoo9176,Debut şarkıları bu ise ilerisini düşünemiyorum 🤯🥳,0
TNX,4C7xGubTL90,2022-05-17T14:50:01Z,@denikwahyuningrum9670,SHOULD BE TRENDING GUYS !! 🔥,0
TNX,4C7xGubTL90,2022-05-17T14:50:01Z,@Misfitdruid,I&#39;ve just acquired 6 more nephews haven&#39;t I? Whelp.,0
TNX,4C7xGubTL90,2022-05-17T14:49:56Z,@oensh05,wow!! what a ride… these monster Rookies isssss coming!!!,0
TNX,4C7xGubTL90,2022-05-17T14:49:56Z,@doglove-nn7dn,かっこいい,0
TNX,4C7xGubTL90,2022-05-17T14:49:42Z,@deborafarias4742,"WOWWWW, quede sorprendida, gran grupo!! Espero con ansias su próximos proyectos",0
TNX,4C7xGubTL90,2022-05-17T14:49:42Z,@sevoo9176,"Sözleri, visualleri, ritimleri, tatlılıkları... Hepsi çok güzellllll",0
TNX,4C7xGubTL90,2022-05-17T14:49:42Z,@cyacyan,SLIDING ON THE WALL WITH TEARS IVE BEEN WAITING FOR THIS SINCE FOREVER,0
TNX,4C7xGubTL90,2022-05-17T14:49:38Z,@Ali_ch651,😊estoy muy feliz de que por fin debutaron😍,0
TNX,4C7xGubTL90,2022-05-17T14:49:35Z,@afmilladwixmipa3287,Seneng bgt akhirnya debut juga huhu pgn nangis,2
TNX,4C7xGubTL90,2022-05-17T14:49:33Z,@jjaeruby,BEST GILAAAAA,0
TNX,4C7xGubTL90,2022-05-17T14:49:32Z,@minisaaurus,AMEE DIOS QUE BUENA CANCIÓN!,1
TNX,4C7xGubTL90,2022-05-17T14:49:23Z,@roseariaross,So amazing,0
TNX,4C7xGubTL90,2022-05-17T14:49:21Z,@alvinfradana230,It&#39;s about a hundred Times i played this mv,1
TNX,4C7xGubTL90,2022-05-17T14:49:15Z,@destinyyou7,"Los encontré un día antes del debut y los ame, espero estar acá por mucho tiempo&lt;3",1
TNX,4C7xGubTL90,2022-05-17T14:48:58Z,@pepi5718,FINALMENTE LOS DEBUTARONNN AAAAAA,0
TNX,4C7xGubTL90,2022-05-17T14:48:55Z,@flytothesky99_a,Omg they&#39;re so cool,0
TNX,4C7xGubTL90,2022-05-17T14:48:51Z,@alinalombardi8022,AHHHHH I LOVE IT. I&#39;ve never waited for a comeback like I waited for Tnx&#39;s debut. I&#39;m so happy and I love thier songs and concept so much🖤💌,0
TNX,4C7xGubTL90,2022-05-17T14:48:47Z,@Kateclipped,YALL SMASH THAT LIKE BUTTON BECAUSE THIS DESERVES,0
TNX,4C7xGubTL90,2022-05-17T14:48:30Z,@bblieah,Looks like i have another group to stan,1
TNX,4C7xGubTL90,2022-05-17T14:48:28Z,@alvinfradana230,Fighting!!!!!,2
TNX,4C7xGubTL90,2022-05-17T14:48:22Z,@hasahito9652,Powerful DEBUT song,1
TNX,4C7xGubTL90,2022-05-17T14:48:14Z,@hasahito9652,Powerful DEBUT song,1
TNX,4C7xGubTL90,2022-05-17T14:48:04Z,@doublwmin3,🤩🤩🤩🤩,1
TNX,4C7xGubTL90,2022-05-17T14:47:56Z,@shansun5838,Wow they are crushing it!,1
TNX,4C7xGubTL90,2022-05-17T14:47:51Z,@waciao3967,🔥🔥🔥FIGHTING TNX🔥🔥🔥<br>Move 🆙 all the way🫶🏻🫶🏻🫶🏻,1
TNX,4C7xGubTL90,2022-05-17T14:47:28Z,@dewianggun3260,OMG I REALLY LOVE THIS SONG 😭😭,1
TNX,4C7xGubTL90,2022-05-17T14:47:21Z,@shioshi7918,Semangat streaming,1
TNX,4C7xGubTL90,2022-05-17T14:47:20Z,@camilaasedits5946,"Q bueno q ya hayan sacado su canción, son re talentosos",2
TNX,4C7xGubTL90,2022-05-17T14:47:18Z,@lunabtxt,too good,1
TNX,4C7xGubTL90,2022-05-17T14:46:57Z,@xalxice,"i need to know who is it at <a href=""https://www.youtube.com/watch?v=4C7xGubTL90&amp;t=139"">2:19</a><br>he’s really good-looking and he sings really well !!",0
TNX,4C7xGubTL90,2022-05-17T14:46:53Z,@seokjinthusiast,this is a really great debut! they all did so well. i was so interested when i found out p nation was going to debut their first boy group. this did not disappoint! i&#39;ll be happy to be thx from now on. and i hope they have a lot of fun and do well,0
TNX,4C7xGubTL90,2022-05-17T14:46:49Z,@sitishaliha7714,Love,1
TNX,4C7xGubTL90,2022-05-17T14:46:38Z,@mgsnial,I&#39;m gonna Stan this groupppppp!!!they are so awesome 😭💅,0
TNX,4C7xGubTL90,2022-05-17T14:46:28Z,@saika008,I just knew.. From that intro.. These guys gonna be big 😳,1
TNX,4C7xGubTL90,2022-05-17T14:46:11Z,@izzatulmunajah8355,OMG,0
TNX,4C7xGubTL90,2022-05-17T14:45:59Z,@amirahdempers5311,"THEIR TONES , I LIKE <br>THE SONG , I LIKE <br>MY BIAS , I FOUND HIM  (don&#39;t know his name yet but I&#39;ll find out after this) <br>WELCOME TALENTED ROOKIES 🔥",0
TNX,4C7xGubTL90,2022-05-17T14:45:57Z,@saika008,OWO,1
TNX,4C7xGubTL90,2022-05-17T14:45:46Z,@tufftuff4525,ASDJAKLDH THIS IS JUST PERFECTLY PEPRFECT..THE VISUALS ARE STUNING THE RAP IS STRAIGHT UP FIRE  THE VOCALS ARE JUST SOO SMOOTH AND THE DANCE IS SERVING..OMG..I THINK I FOUND ANOTHER GROUP TO ADD TO MY ULT LIST..Soo glad they debuted cause i am addicted..a bit sad about our Kohi tho ;c,0
TNX,4C7xGubTL90,2022-05-17T14:45:39Z,@Myissn,Espere con ansias este debut y lo ame 🔥🥺❤️,0
TNX,4C7xGubTL90,2022-05-17T14:45:38Z,@americagalindo9540,"No los sigo pero tenia mucha curiosidad por como sería su debut y debo admitir que me dejaron sin palabras, es simplemente espectacular.<br>Sigan así chicos! Felicitaciones por su debut.",0
TNX,4C7xGubTL90,2022-05-17T14:45:37Z,@lalhokadelosasiaticos5439,😎tnx,0
TNX,4C7xGubTL90,2022-05-17T14:45:36Z,@just_a_girl8367,"Será el primer grupo que no es de yg que voy a estanear, dejo mi testimonio aquí, now i&#39;m thx !!!! Hagamos stream!! La música es buena, los vocales omg, el rap, los visuales!!!",0
TNX,4C7xGubTL90,2022-05-17T14:45:17Z,@kpoplover_D03,The hook is really addictive ...<br>It really lingers after listening it <br>I came after hearing the hook from the stories of jessi and dawn as I really likes it ...,3
TNX,4C7xGubTL90,2022-05-17T14:45:08Z,@lalhokadelosasiaticos5439,Love !!!,0
TNX,4C7xGubTL90,2022-05-17T14:45:00Z,@Mariaklembiab,Wowww congratulations guys😍🥳,0
TNX,4C7xGubTL90,2022-05-17T14:44:57Z,@indahsasoe,Keren juga ini,0
TNX,4C7xGubTL90,2022-05-17T14:44:55Z,@lalhokadelosasiaticos5439,haaaa!!!!,0
TNX,4C7xGubTL90,2022-05-17T14:44:53Z,@maryuriloor8245,Wow!!,0
TNX,4C7xGubTL90,2022-05-17T14:44:42Z,@tanjiro_kamado-r2o,"I trust p nation. So im into you😀😀 let&#39;s see, i know they Will be shining",0
TNX,4C7xGubTL90,2022-05-17T14:44:19Z,@keithcaliso04,Is it just me or this song has a lil bit of YG vibe. Its 🔥,1
TNX,4C7xGubTL90,2022-05-17T14:44:11Z,@세졜예-z5g,나 남돌 좋아한 적 없는데 진짜 존잘이여서 입 막음 찐으로,0
TNX,4C7xGubTL90,2022-05-17T14:44:10Z,@kanuwangjen2555,Boundless happiness 😭😭😭😭,0
TNX,4C7xGubTL90,2022-05-17T14:43:55Z,@purple_pink321,Şarkıyı sevdim!,0
TNX,4C7xGubTL90,2022-05-17T14:43:49Z,@tufftuff4525,The contrast between the vocals and the rap OMFG THIS IS SOO COOL! I THINK I JUST FOUND A NEW BOP TO OVERPLAY UNTIL I AM TOTALLY TRASHED!! P NATION AND THE ARTISTS ARE JUST SERVING,0
TNX,4C7xGubTL90,2022-05-17T14:43:36Z,@vaniatneuq,Way up !!,2
TNX,4C7xGubTL90,2022-05-17T14:43:35Z,@rocioj.m479,"Felicidades por su debut TNX, me encantó su concepto y música, los seguiré apoyando.",1
TNX,4C7xGubTL90,2022-05-17T14:43:30Z,@kookiesti6230,"The wait is over finally debut show to the world you’ll talent,hope big successful group in the future good luck TNX",1
TNX,4C7xGubTL90,2022-05-17T14:43:23Z,@MinRoll,Let&#39;s wait for the other MV 180 seconds!!!! Fighting,1
TNX,4C7xGubTL90,2022-05-17T14:43:21Z,@putriliaanggeriyani2155,BIKYEORAAA BIKYEOO,1
TNX,4C7xGubTL90,2022-05-17T14:43:13Z,@putriliaanggeriyani2155,THISS IS SO ADDICTED,0
TNX,4C7xGubTL90,2022-05-17T14:43:12Z,@byanjanapokharel,Congratulations on your debut ❤,0
TNX,4C7xGubTL90,2022-05-17T14:42:55Z,@doublwmin3,Wowww,0
TNX,4C7xGubTL90,2022-05-17T14:42:47Z,@Noone-zl4vi,CONGRATULATIONS TO YOUR DEBUT 🤍,0
TNX,4C7xGubTL90,2022-05-17T14:42:44Z,@jelannie8953,i found my rookie of the year ! they were incredible !!!!! i&#39;m watching them because they&#39;re from p nation but i might stan them.... i am really astonished !! congrats on your amazing debut guys!,5
TNX,4C7xGubTL90,2022-05-17T14:42:27Z,@saravtrsz,Sou apaixonadaaa 😔✋🏻❤️🇧🇷,0
TNX,4C7xGubTL90,2022-05-17T14:42:25Z,@paulinerebecca8115,Guys 2022 is PNATION&#39;s year!!! Let&#39;s get it!!!! 🤩🤩,2
TNX,4C7xGubTL90,2022-05-17T14:42:24Z,@iamlidya944,let&#39;s streamingggggg,0
TNX,4C7xGubTL90,2022-05-17T14:42:09Z,@annaleksandrova,perfect debut 🥵💗,0
TNX,4C7xGubTL90,2022-05-17T14:42:05Z,@Sanane..-,Adding it in my spotify playlist now!!,2
TNX,4C7xGubTL90,2022-05-17T14:41:57Z,@aimi_xxd1950,this is perfect,0
TNX,4C7xGubTL90,2022-05-17T14:41:50Z,@milajeongwooakunbaru6376,Ini mereka ngomong minggir bnran apa gmn dah😭,0
TNX,4C7xGubTL90,2022-05-17T14:41:48Z,@lamprinimaria9638,I am so amazed with their progress. This song is a bop I guarantee 💜💯,0
TNX,4C7xGubTL90,2022-05-17T14:41:37Z,@beyoofrfr,PRE-DEBUT STAN RIGHT HERE,1
TNX,4C7xGubTL90,2022-05-17T14:41:30Z,@annaleksandrova,YEEEEEEES 😍😍😍😍,0
TNX,4C7xGubTL90,2022-05-17T14:41:23Z,@jillivanilli5846,OK damn first time hearing about them and Im ready to stan 💞,1
TNX,4C7xGubTL90,2022-05-17T14:41:13Z,@Syl.imlbnl,THEY ARE SO TALENTED I LOVE THEM SM AGHHH,0
TNX,4C7xGubTL90,2022-05-17T14:41:13Z,@tay_1118,와... 카리스마 지대로네,1
TNX,4C7xGubTL90,2022-05-17T14:41:12Z,@rizzaromero5327,daebak 😍👏👏👏🎉🎉,0
TNX,4C7xGubTL90,2022-05-17T14:41:09Z,@injoonmoomin6742,PLS IM SPEECHLESS,0
TNX,4C7xGubTL90,2022-05-17T14:40:48Z,@ayşe6567-e8y,Bir dakika bu şarkı neden bu kadar MÜKEMMEL<br>SİZLER HARİKA ŞEYLER YAPIYORSUNUZ YAPACAKSINIZ💙,1
TNX,4C7xGubTL90,2022-05-17T14:40:37Z,@ma-nd4po,koki,0
TNX,4C7xGubTL90,2022-05-17T14:40:22Z,@kristopherxbang,Vocals ✅<br>Visuals ✅<br>Rap ✅<br><br><b>LOVE THEM</b> 🙈❤️,0
TNX,4C7xGubTL90,2022-05-17T14:40:17Z,@jessfang3112,THX ❤️ TNX 🦖❤️,2
TNX,4C7xGubTL90,2022-05-17T14:40:15Z,@まく-c4m,デビューおめでとう！！🥲👏,2
TNX,4C7xGubTL90,2022-05-17T14:39:46Z,@zakiia,"just got home from taking courses for the college entrance exam, this song really refreshed my day 🥺 thank you TNX! let’s shine brighter in the future!❤️‍🔥✨ <br><br>— ur #1 THX🌟",16
TNX,4C7xGubTL90,2022-05-17T14:39:41Z,@Sanane..-,THIS SONG SLAPSSSS,0
TNX,4C7xGubTL90,2022-05-17T14:39:39Z,@camurhcp,Me encantoo!!! Increíble debut!! 10/10,0
TNX,4C7xGubTL90,2022-05-17T14:39:31Z,@sofiamorales2915,Me agrado,0
TNX,4C7xGubTL90,2022-05-17T14:39:15Z,@ramadandanain2069,😘😍🥰,0
TNX,4C7xGubTL90,2022-05-17T14:39:05Z,@seeez7441,Wawww,0
TNX,4C7xGubTL90,2022-05-17T14:38:57Z,@haikyuutie_93,ARE WE SURE THIS IS A DEBUT!!?!? HOLY MOLY!!! This was amazing!!,0
TNX,4C7xGubTL90,2022-05-17T14:38:56Z,@batrisyiamahrose2753,"EVERYTHING IS AMAZING AND PERFECT ! THE VOCAL, SONG, CHOREO , VISUAL !!! PERFECTTTT",0
TNX,4C7xGubTL90,2022-05-17T14:38:56Z,@bwimbox2730,"AAAAH IT&#39;S FINALLY TODAY, I&#39;M SO EXCITED, THEY DID IT AMAZING 💜✨",0
TNX,4C7xGubTL90,2022-05-17T14:38:55Z,@Rowckstar,"Minggirlah, minggir 😭😭. Maksud mu apa",0
TNX,4C7xGubTL90,2022-05-17T14:38:54Z,@fudu7378,Need Chinese Subtitles,0
TNX,4C7xGubTL90,2022-05-17T14:38:52Z,@nasyillajenithatarigan1525,ih kece abiss,0
TNX,4C7xGubTL90,2022-05-17T14:38:51Z,@litzygm5816,Me encanta,2
TNX,4C7xGubTL90,2022-05-17T14:38:41Z,@ma-nd4po,デビュー本当におめでとうだよ🥲🥲,0
TNX,4C7xGubTL90,2022-05-17T14:38:41Z,@hettiezoop3287,This is so underrated!! They deserve more views,1
TNX,4C7xGubTL90,2022-05-17T14:38:40Z,@trishaquiming5112,OMG why do I feel emotional watching them!! I&#39;m so happy you guys already debut! You all deserved this!,0
TNX,4C7xGubTL90,2022-05-17T14:38:31Z,@pandawaPcy,"Bien hecho chicos! Sabemos lo duro que han trabajado desde sus días de trainers, Loud, entrenar de nuevo para debutar hasta el día de hoy y los próximos años... Vamos hacerlo bien!<br> Ansiosa de que llegue mi álbum &lt;33",2
TNX,4C7xGubTL90,2022-05-17T14:38:27Z,@S.N_21,This is my first mv of them and it&#39;s so sick,1
TNX,4C7xGubTL90,2022-05-17T14:38:25Z,@elizabethpalomino9656,"La canción realmente me sorprendió , el instrumental es superior a lo q me imaginé , no entiendo xq esta joya no tiene mas vistas.",12
TNX,4C7xGubTL90,2022-05-17T14:38:19Z,@batrisyiamahrose2753,FINALLY THE WAIT IS OVER !!!! OMG BEEN WAITING SINCE LOUD! AND IM SO PROUD ! TNX DOPE🥹🫶🏻🫶🏻🫶🏻🫶🏻,3
TNX,4C7xGubTL90,2022-05-17T14:38:15Z,@오잉-v7k,으헝 ㅠㅠ,1
TNX,4C7xGubTL90,2022-05-17T14:38:14Z,@beningairtelaga,Luv banget dah pokoknya,1
TNX,4C7xGubTL90,2022-05-17T14:38:11Z,@GlitteredinDPR,"came for my devotion to Penomeco and his artistry (tysm Peno for all that you continue to be to deserving artists) yet, stayed for YOU boys-- stellar Choreo + concept ♡",10
TNX,4C7xGubTL90,2022-05-17T14:38:07Z,@Nahiara_kpop,WoW I loved the song is very good i love these guys 💖❤️✨,1
TNX,4C7xGubTL90,2022-05-17T14:38:00Z,@roseanne977,Acckkk stream move,1
TNX,4C7xGubTL90,2022-05-17T14:37:56Z,@svznr,"This song is so catchy i love it! the mv, outfits, choreography, lyrics, visuals ect is amazing. Im so proud of all six of you. Fighting!",59
TNX,4C7xGubTL90,2022-05-17T14:37:50Z,@hanmilk6373,"<a href=""https://www.youtube.com/watch?v=4C7xGubTL90&amp;t=117"">1:57</a> como se llama? :0 ME ENAMORE",2
TNX,4C7xGubTL90,2022-05-17T14:37:32Z,@jumgmo_uvita4681,came out at the right time :),2
TNX,4C7xGubTL90,2022-05-17T14:37:31Z,@sugarysunshinel,letsgooo hwii 🫶🏻🫶🏻🫶🏻,1
TNX,4C7xGubTL90,2022-05-17T14:36:53Z,@AdrianaSanchez-sh1gm,DIOS ESPERÉ TANTO TIEMPO PARA ESTO,1
TNX,4C7xGubTL90,2022-05-17T14:36:52Z,@heveasmina4713,VISUAL VOCAL RAP DANCE ALL OF THAT ARE ON TOP,2
TNX,4C7xGubTL90,2022-05-17T14:36:51Z,@yasz4634,will always support TNX ! 아자 아자 회팅 !,1
TNX,4C7xGubTL90,2022-05-17T14:36:41Z,@firashilmy25,TNX FOR ROTY 2022,2
TNX,4C7xGubTL90,2022-05-17T14:36:27Z,@schalavender3784,LOVE FROM MALAYSIA! LEGGO TNX. BEST ROOKIE OF THE YEAR 2022 ♾️🎊,2
TNX,4C7xGubTL90,2022-05-17T14:36:24Z,@ekaverantina,❤️❤️,1
TNX,4C7xGubTL90,2022-05-17T14:36:20Z,@heveasmina4713,i really hope they wont go underrated because this is SO GOOD!!!,190
TNX,4C7xGubTL90,2022-05-17T14:36:16Z,@jaquelintzoy9560,"Estuve esperando mucho por esto <br>Pero valió la pena, la canción es una joya <br>Los amo TNX 💖",1
TNX,4C7xGubTL90,2022-05-17T14:36:15Z,@caitlindenee,"They did not come to play, debut &amp; album is 🔥",1
TNX,4C7xGubTL90,2022-05-17T14:36:11Z,@musicthatconnects,is it available on Spotify?,0
TNX,4C7xGubTL90,2022-05-17T14:36:08Z,@이서-e6g,"I can say how proud I am of these guys from the program, I know that they will be very well received and that they are in good hands &lt;3",25
TNX,4C7xGubTL90,2022-05-17T14:36:08Z,@jkmmrremoved2469,"MINUTES 37 SECONDS RAP PART, THAT SOUNDS LIKE BLACKPINK&#39;S &quot;DUDUDU&quot; TO JENNIE&#39;S RAP PART.",0
TNX,4C7xGubTL90,2022-05-17T14:35:58Z,@watanabeee,CAKEP BANGET PLIIIISSS,2
TNX,4C7xGubTL90,2022-05-17T14:35:50Z,@sakuma9574,move move,2
TNX,4C7xGubTL90,2022-05-17T14:35:43Z,@watanabeee,KEREEEEEEENNNN,2
TNX,4C7xGubTL90,2022-05-17T14:35:37Z,@zakiia,oh my the LYRICS! so genius!,1
TNX,4C7xGubTL90,2022-05-17T14:35:32Z,@dumamutia8938,OMG.. this is so good ❤️👍,1
TNX,4C7xGubTL90,2022-05-17T14:35:29Z,@heveasmina4713,OK BUT KYUNGJUN DEEP VOICE IS SO GOOD,5
TNX,4C7xGubTL90,2022-05-17T14:35:15Z,@oops-pop,코디님들 제발 음방에는 이 빨간 옷 말고 다른 옷 입혀주세요,1
TNX,4C7xGubTL90,2022-05-17T14:35:08Z,@watanabeee,INI MV KEREN BANGET PLIS!!!,2
TNX,4C7xGubTL90,2022-05-17T14:35:07Z,@heveasmina4713,JUNHYEOK’S VOCAL IS NO JOKE,2
TNX,4C7xGubTL90,2022-05-17T14:35:06Z,@traci-b3b,That was GREAT!!!  ❤🔥,1
TNX,4C7xGubTL90,2022-05-17T14:34:54Z,@watanabeee,Kok sepiii yaaa?,2
TNX,4C7xGubTL90,2022-05-17T14:34:49Z,@adampilget6158,Treasure × tnx best 4gen period❤😎,1
TNX,4C7xGubTL90,2022-05-17T14:34:47Z,@heveasmina4713,THE RAP THE VOICE!!!,9
TNX,4C7xGubTL90,2022-05-17T14:34:45Z,@SyifaAF,iseng&quot; nntn eh liat junhyeok aaaaaa lgsg jatuh cinta😭😭😭 bener ga sih namanya hehe,1
TNX,4C7xGubTL90,2022-05-17T14:34:42Z,@watanabeee,Mau nyari thx indo yang masih str3am1ng,2
TNX,4C7xGubTL90,2022-05-17T14:34:32Z,@lindizlin,Los acabo de conocer y los amooo💖 esta hermosa la cancion😋 merece más apoyo uwu,2
TNX,4C7xGubTL90,2022-05-17T14:34:30Z,@camilamilagrosmancilla1290,Okay me enamore,1
TNX,4C7xGubTL90,2022-05-17T14:34:28Z,@sakuma9574,Good,2
TNX,4C7xGubTL90,2022-05-17T14:34:26Z,@lilwaffleiron7845,I&#39;m so hyped for this group! I also trust that P Nation will treat these artists humanely which is not something you can say for all of kpop! So excited to see what TNX has in store 🥰,5
TNX,4C7xGubTL90,2022-05-17T14:34:25Z,@sitinurmilah1925,ini keren siii🔥🔥🔥,1
TNX,4C7xGubTL90,2022-05-17T14:34:22Z,@mautecolol,"TNX, 멋진 데뷔와 멋진 테마 축하합니다 💗",0
TNX,4C7xGubTL90,2022-05-17T14:34:00Z,@khwa03,OKAYY this debut has exceeded my expectations!!❤️,1
TNX,4C7xGubTL90,2022-05-17T14:34:00Z,@Nightingal,The instrumentation of this is insane 🤯🤯🔥🔥,1
TNX,4C7xGubTL90,2022-05-17T14:33:53Z,@mochimiin3036,WOOWWWW AYO TEPUK TANGANNN,1
TNX,4C7xGubTL90,2022-05-17T14:33:21Z,@mautecolol,Este grupo es BUENISIMO.,1
TNX,4C7xGubTL90,2022-05-17T14:33:19Z,@watanabeee,Huwaaaaaa mau liat TNX megang atau Nerima Thropy waktu di mubank or Inkigayo<br>Yuk thx semangat str3am1ng nyaaaaa,2
TNX,4C7xGubTL90,2022-05-17T14:33:18Z,@fortheteam,MUHTEŞEM,1
TNX,4C7xGubTL90,2022-05-17T14:33:10Z,@saroo6781,congratulations our boys TNX🔥🔥,2
TNX,4C7xGubTL90,2022-05-17T14:33:09Z,@hikarireacts3815,This is everything....from sound to lyrics to flow and choreo..this is 🔥🔥🔥..that second verse ATE!!!!!!!!<br><br>Of course it&#39;s Nothing ground breaking but we&#39;re not reinventing the wheel here we&#39;re just making small improvements and I like that. This is a great debut.,2
TNX,4C7xGubTL90,2022-05-17T14:32:58Z,@dinoabc8410,it&#39;s the  WE P NATION FOR ME🔥🔥🔥🔥,1
TNX,4C7xGubTL90,2022-05-17T14:32:57Z,@syukichrissyukizy5662,OMG came from jessi’s instagram story and glad that i did.. damn u guys are good,2
TNX,4C7xGubTL90,2022-05-17T14:32:42Z,@dandainemay2936,비켜,1
TNX,4C7xGubTL90,2022-05-17T14:32:41Z,@dinoabc8410,KYUNGJUN STARTING LIKE WHAT?!!!🔥🔥🔥🔥🔥🔥🔥🔥🔥🔥,1
TNX,4C7xGubTL90,2022-05-17T14:32:24Z,@yunitanurfitriana8066,they are very good,1
TNX,4C7xGubTL90,2022-05-17T14:32:21Z,@ВалерияСтасюлевич,Шикарные,1
TNX,4C7xGubTL90,2022-05-17T14:32:15Z,@watanabeee,Yuk yuk siapa yang masih str3am1ng?<br>Semangaaaaaat,2
TNX,4C7xGubTL90,2022-05-17T14:32:06Z,@dorcasvickymagalamon7548,Waouhhhhh OMG and waouh,2
TNX,4C7xGubTL90,2022-05-17T14:31:54Z,@fortheteam,WOAHHHH,1
TNX,4C7xGubTL90,2022-05-17T14:31:45Z,@hatsunenezuco32,Muy buena cansion me fasina,1
TNX,4C7xGubTL90,2022-05-17T14:31:40Z,@HaruHaruto,"Quick Get To Know TNX<br>🎦:<a href=""https://www.youtube.com/shorts/lLLSxiBdY-E"">https://youtube.com/shorts/lLLSxiBdY-E?feature=share</a>",1
TNX,4C7xGubTL90,2022-05-17T14:31:37Z,@aleszzn,estoy muy feliz pq ya debutaron mis niños,1
TNX,4C7xGubTL90,2022-05-17T14:31:37Z,@Felixounours,"THAT’S LITERALLY INSANE !! Please they are all incredible and the choregraphy, the vocal and the lyrics omg everything was amazing &lt;3",52
TNX,4C7xGubTL90,2022-05-17T14:31:37Z,@watanabeee,Keren banget ini pliiiiiss<br>Yuk thx semangat str3am1ng nyaa,2
TNX,4C7xGubTL90,2022-05-17T14:31:31Z,@NeviSkz,La espera valió la pena! <br>Esta canción la escucharé todos los días  porque es increíble! me gustó mucho,1
TNX,4C7xGubTL90,2022-05-17T14:31:29Z,@Aczy1030,Cool,0
TNX,4C7xGubTL90,2022-05-17T14:31:21Z,@agibela43,QUE PERFEIÇÃO,1
TNX,4C7xGubTL90,2022-05-17T14:31:12Z,@arhaanapudke15,They&#39;re goona get big soon,1
TNX,4C7xGubTL90,2022-05-17T14:31:12Z,@Looon396,Uno de los debut más esperados me encanta tremenda joya 🔥 lo tienen todo hay que llegar al millón de vistas,0
TNX,4C7xGubTL90,2022-05-17T14:31:10Z,@kmlmlmll,What a good song. I really like the choreography😍. The guys are so cool🤭. Good luck TNX😊.,0
TNX,4C7xGubTL90,2022-05-17T14:31:02Z,@ffrdhtay9448,TNX have THX,0
TNX,4C7xGubTL90,2022-05-17T14:31:01Z,@Kpopanyedits,They kinda giving me lil bit stray kids vibes.<br>This beat reminded me thunderous...,1
TNX,4C7xGubTL90,2022-05-17T14:30:57Z,@user-ht6mv8tr6x,"jyp and psy named Junhyeok after an ace, and they were right he is.<br>Also KyunJun&#39;s voice, in a soft way I like it.<br>Many successes",0
TNX,4C7xGubTL90,2022-05-17T14:30:43Z,@faithbrown150,OMG! This was way better than I expected!!🫶,0
TNX,4C7xGubTL90,2022-05-17T14:30:32Z,@nursyazwani3182,Awesome !,0
TNX,4C7xGubTL90,2022-05-17T14:30:14Z,@lhanalaurenia6918,"selamat sudah debut dikadiiikk❤❤, yuk menanjak seperti album debut inii, lesgoooooo!!!!!💣💣💣💣💥💥💥",0
TNX,4C7xGubTL90,2022-05-17T14:30:05Z,@hilalbaran7576,I DROPPED HERE LIKE I COME FROM SCHOOL,0
TNX,4C7xGubTL90,2022-05-17T14:30:04Z,@ilvub768,قويهه!!!!,0
TNX,4C7xGubTL90,2022-05-17T14:30:01Z,@luzyaalipio8422,Que isso AAAAA ELES CHEGARAM COM TUDO AAAAA AMEII,0
TNX,4C7xGubTL90,2022-05-17T14:30:01Z,@staytiny4545,Best debut song ever❣️,2
TNX,4C7xGubTL90,2022-05-17T14:29:59Z,@pvapv,i know they will have a bright future judging from their debut concept and everything,0
TNX,4C7xGubTL90,2022-05-17T14:29:52Z,@jinsu6766,omg inlove this sooong,0
TNX,4C7xGubTL90,2022-05-17T14:29:48Z,@evelynnepomuceno1278,"Espere su debut y estoy totalmente feliz por ellos, espero les valla muy bien siempre y de aquí hacia arriba, estaré aquí apoyándolos, fighting!!!",0
TNX,4C7xGubTL90,2022-05-17T14:29:33Z,@chocomilk4461,"All of them got me amazed, the grown so fast and their talent improve in an unbelievable way",3
TNX,4C7xGubTL90,2022-05-17T14:29:23Z,@Moocawcaw,"very excited for u performance&#39;s stage,, SO SWAG TNX !!! OMO CAN&#39;T WAIT",0
TNX,4C7xGubTL90,2022-05-17T14:29:13Z,@lonelyingxrgeous,Omg,0
TNX,4C7xGubTL90,2022-05-17T14:29:12Z,@PRAGZ98,The rap 🔥🔥🔥🔥🔥🔥,1
TNX,4C7xGubTL90,2022-05-17T14:29:12Z,@SyifaAF,happy debut ganteng ❤️,0
TNX,4C7xGubTL90,2022-05-17T14:29:09Z,@doyummanista,HYUNSOO T AMOOOOOOOOOOOOOOOOOOOOOOO,1
TNX,4C7xGubTL90,2022-05-17T14:28:51Z,@doyummanista,"felicidades mis amores, los hicieron genial, estoy muy orgullosa de haber estado con ustedes desde antes del debut, sin duda los apoyaré demasiado como siempre<br>gracias por tremendo debut, sé que lograrán mucho y llegarán lejos, los amo mis niños bonitosssss &lt;3",1
TNX,4C7xGubTL90,2022-05-17T14:28:49Z,@NeviSkz,"Es una canción buenísima, mi nueva obsesión 🎶 😍 <br>Tremendos vocales y visuales 🤩",1
TNX,4C7xGubTL90,2022-05-17T14:28:32Z,@arushigupta8399,"i love that this song displayed everything so well!  vocals, rapping, dancing and emotion",32
TNX,4C7xGubTL90,2022-05-17T14:28:19Z,@sharm1tha,IN LOOOOOVE,0
TNX,4C7xGubTL90,2022-05-17T14:28:18Z,@straycrasure7545,Congratulations for their debut,0
TNX,4C7xGubTL90,2022-05-17T14:28:08Z,@Vvvvvvvvvssssssssssssss,is this their debut? Wow its too good,1
TNX,4C7xGubTL90,2022-05-17T14:28:04Z,@straycrasure7545,Let&#39;s stream,1
TNX,4C7xGubTL90,2022-05-17T14:27:53Z,@deacon_damiklover6500,P Nation never disappoints to give us the best songs for their artists. I wasn&#39;t even planning on stanning TNX. Now I think my plans have changed.,79
TNX,4C7xGubTL90,2022-05-17T14:27:53Z,@rossl2237,"PODEMOS HABLAR DEL NIVEL QUE TIENEN?? EL CONCEPTO, EL MV, LOS VESTUARIOS, SUS VISUALES, LA CANCIÓN TODOOOOOO",0
TNX,4C7xGubTL90,2022-05-17T14:27:47Z,@aezangellee2667,Love thisssss,0
TNX,4C7xGubTL90,2022-05-17T14:27:32Z,@msk9831,추카추카 승승장구 하길 ~~♡,1
TNX,4C7xGubTL90,2022-05-17T14:27:30Z,@Annika_jjk,La ameee,0
TNX,4C7xGubTL90,2022-05-17T14:27:26Z,@pixielele8118,"i loved everything about this comeback !! the dance, the rap , the vocals , the visuals , everything !! their hard work really paid off and after waiting for almost a year they didn&#39;t disappoint at all  with this debut",48
TNX,4C7xGubTL90,2022-05-17T14:27:22Z,@NeviSkz,"AMOO!<br>Espere mucho por esto y estoy tan feliz!<br>Son maravillosos, llegarán muy lejos 💗",1
TNX,4C7xGubTL90,2022-05-17T14:27:11Z,@JA_0621,너무 멋있어오오 ㅜㅜ,0
TNX,4C7xGubTL90,2022-05-17T14:26:16Z,@skyyy_sim,"Well done, keep going!!!",3
TNX,4C7xGubTL90,2022-05-17T14:26:11Z,@pvapv,on my way to stan these amazing boys,9
TNX,4C7xGubTL90,2022-05-17T14:26:10Z,@JA_0621,so proud of you ily all sm,4
TNX,4C7xGubTL90,2022-05-17T14:26:10Z,@bananachachadoyoshi3805,100mil✔️<br>200mil✔️<br>300mil✔️<br>400mil✔️<br>500mil✔️<br>600mi✔️<br>700mil✔️<br>800mil✔️<br>900mil✔️<br>1000000mi✔️<br>1.100.000mi✔️<br>1.200.000mi✔️<br>1.300.000mi✔️<br>1.400.000mi✔️<br>1.500.000mi✔️<br>1.600.00mi✔️<br>1.700.00mi✔️<br>1.800.00mi✔️<br>1.900.00mi✔️<br>2.000.00mi✔️<br>2.100.00mi✔️<br>2.200.00mi✔️<br>2.300.00mi✔️<br>2.400.00mi✔️<br>2.500.00mi✔️<br>2.600.00mi✔️<br>2.700.00mi✔️<br>2.800.00mi✔️<br>2.900.00mi✔️<br>3.000.00mi✔️<br>3.100.00mi✔️<br>3.200.00mi✔️<br>3.300.00mi✔️<br>3.400.00mi✔️<br>3.500.00mi✔️<br>3.600.00mi✔️<br>3.700.00mi✔️<br>4.000.00mi✔️<br>5.000.00mi✔️<br>6.000.00mi✔️<br>7.000.00mi✔️<br>8.000.00mi✔️<br>9.000.00mi✔️<br>10.000.00mi✔️<br><br><br><br><br>Let&#39;s gooo,2
TNX,4C7xGubTL90,2022-05-17T14:26:08Z,@keiniverse2466,I LOVE THISSS OMGGGG,1
TNX,4C7xGubTL90,2022-05-17T14:25:42Z,@skylie793,This song is great to be a debut song. Nice on boys,1
TNX,4C7xGubTL90,2022-05-17T14:25:39Z,@itwas7133,Naaaaaaaarrrrrrrr🔥🔥🔥🔥🔥🔥🔥🔥🔥,1
TNX,4C7xGubTL90,2022-05-17T14:25:34Z,@alifyaasin1012,"GiLaaaa, asyik jga nih",1
TNX,4C7xGubTL90,2022-05-17T14:25:31Z,@HVNVH,Un gros banger,2
TNX,4C7xGubTL90,2022-05-17T14:24:47Z,@lim_malo778,"Estoy eternamente agradecida con psy <br>Por haber formado tremendo grupo <br>TNX los mejores<br>Y cada vez que regresan me sorprenden, <br>Son un grupo único",1
TNX,4C7xGubTL90,2022-05-17T14:24:43Z,@kimbella1820,aaaaaaa ❤️‍🔥🔥,1
TNX,4C7xGubTL90,2022-05-17T14:24:43Z,@vincenzocassano1927,Love from Indonesian ♥️,3
TNX,4C7xGubTL90,2022-05-17T14:24:41Z,@sheylavargas9949,"Lo había esperado, fue muy bueno&lt;3 sigan adelante chicos que los apoyaremos",4
TNX,4C7xGubTL90,2022-05-17T14:24:37Z,@keiniverse2466,"yooooo, now that&#39;s what you called a monster rookie debut song, i love this song so much, and tnx are handsome ~",9
TNX,4C7xGubTL90,2022-05-17T14:24:37Z,@kimbella1820,oh my god,2
TNX,4C7xGubTL90,2022-05-17T14:24:33Z,@kimbella1820,I love you all,2
TNX,4C7xGubTL90,2022-05-17T14:24:29Z,@kimbella1820,kings,2
TNX,4C7xGubTL90,2022-05-17T14:24:28Z,@zmaoe,OMG I LOVE IT,2
TNX,4C7xGubTL90,2022-05-17T14:24:09Z,@kimbella1820,My heart can&#39;t stand your beauty,2
TNX,4C7xGubTL90,2022-05-17T14:24:04Z,@sidikbta7871,Aku siddiq dari indonesia,2
TNX,4C7xGubTL90,2022-05-17T14:23:36Z,@tnxxthx1898,This such a good song for rookie boy groups ! Keep going TNX,17
TNX,4C7xGubTL90,2022-05-17T14:23:15Z,@kal2583,❤️‍🔥❤️‍🔥❤️‍🔥❤️‍🔥,1
TNX,4C7xGubTL90,2022-05-17T14:23:15Z,@nooo6549,현수의 노랫소리가 좋아！,1
TNX,4C7xGubTL90,2022-05-17T14:23:02Z,@haslindahassan2215,It’s so lit!!! We are so proud of the boys…TNX fighting,4
TNX,4C7xGubTL90,2022-05-17T14:22:53Z,@mochisungg1608,Feels like a comebackkkk🔥🔥,1
TNX,4C7xGubTL90,2022-05-17T14:22:45Z,@Maybe_aloverr,Incrível debut!!! O novo grupo da p nation com certeza está no meu top 3 ♥️♥️🇧🇷🇧🇷,1
TNX,4C7xGubTL90,2022-05-17T14:22:35Z,@Mccooffeematee,Woahh the beat is awesome 😭,1
TNX,4C7xGubTL90,2022-05-17T14:22:32Z,@Hana-s6z5h,Wow gooooooood,1
TNX,4C7xGubTL90,2022-05-17T14:22:22Z,@theintzchio,축하해요,0
TNX,4C7xGubTL90,2022-05-17T14:22:13Z,@HANITAI.,"Expected them to bring something different considering how unique I thought they were on LOUD, but the debut is less than average and I can&#39;t say it stands out among other debuts this year",0
TNX,4C7xGubTL90,2022-05-17T14:22:08Z,@patriciaricardamainsaire2227,GRAN DEBUT♡,0
TNX,4C7xGubTL90,2022-05-17T14:21:49Z,@sanjani6831,Omg ...first time hearing them ...they are so good 🤧🤧❤️... found new group to stan 😭❤️,0
TNX,4C7xGubTL90,2022-05-17T14:21:46Z,@martina0338,Woww esto es increíble,0
TNX,4C7xGubTL90,2022-05-17T14:21:43Z,@ceylinn103,song is so good,0
TNX,4C7xGubTL90,2022-05-17T14:21:41Z,@ARMY-wg2mt,Great job guys I wish you all the succes,0
TNX,4C7xGubTL90,2022-05-17T14:21:24Z,@s.ssfiaa,OMMG SO PROUD FINNALLYYYY,0
TNX,4C7xGubTL90,2022-05-17T14:21:23Z,@minsunshi8250,OK BUT THIS IS ONE OF THE MOST POWERFUL DEBUT SONGS 🤩🤩,0
TNX,4C7xGubTL90,2022-05-17T14:21:18Z,@bbocck4159,OKAYYYYYYYY let’s goooooo !!! Congratulations guys 🎉🎉,1
TNX,4C7xGubTL90,2022-05-17T14:21:16Z,@herlastscream,Oh fuck yes,2
TNX,4C7xGubTL90,2022-05-17T14:21:00Z,@valentinamanriquegutierrez9750,Amé cada segundo &lt;3,1
TNX,4C7xGubTL90,2022-05-17T14:20:50Z,@Nelav0,Omg,0
TNX,4C7xGubTL90,2022-05-17T14:20:48Z,@Eb_yaaaaang,Bat dko to alam? Hahaha,0
TNX,4C7xGubTL90,2022-05-17T14:20:46Z,@saravargas884,Me encanto todos estuvieron geniales,1
TNX,4C7xGubTL90,2022-05-17T14:20:43Z,@sidikbta7871,Wow sudah ada sub indonesianya nya,1
TNX,4C7xGubTL90,2022-05-17T14:20:41Z,@coralinecake2685,"Arrepiou tudinho, Jesus",0
TNX,4C7xGubTL90,2022-05-17T14:20:36Z,@antonymamani4948,Después de haber escuchado Muchas bandas de kpop puedo decir que es una de las bandas que más me gustó desde el principio sus visuales son increíbles y siento que ellos fusionan muy bien aspectos de visuales desde la tercera y cuarta generación del kpop. Su música tiene algo particular que se distingue y que se ve en otros artistas de p nation. Me encantaron las terminaciones de las frases que no eran totalmente melódicas sino que Ivan en partes hablada. Le da una gran variedad de texturas a la música.  El arte conceptual del video aunque no es la primera vez que lo veo encuentro que es uno de los grupos que mejor a presentado esta idea. Espero ver más de estos chicos y ver su desarrollo. Felicidades! !!!!!,1
TNX,4C7xGubTL90,2022-05-17T14:20:32Z,@haneinrkive,Woow that put me on the fire!!! oh my god!!!!,0
TNX,4C7xGubTL90,2022-05-17T14:20:26Z,@Trshkp,The song is so hype and catchy ❣️,0
TNX,4C7xGubTL90,2022-05-17T14:20:23Z,@rambosapphire4463,"I feel lilke PSY coulda gone so much harder with this group, especially for such a highly-anticipated debut. I like the song, but it feels like a watered down Stray Kids or NCT song. It follows the Kpop algorithm, at least for boy groups, to a T, and that&#39;s pretty disappointing for a label that is over so many amazing and truly ground-breaking, rule-defying acts.",1
TNX,4C7xGubTL90,2022-05-17T14:20:22Z,@belenleekimlee5275,Wow what an amazing debut guys I wish all of you the best bright future💘,0
TNX,4C7xGubTL90,2022-05-17T14:20:16Z,@sefa8528,Junhyeok  mr.lip,0
TNX,4C7xGubTL90,2022-05-17T14:20:13Z,@teukjoon2381,TNX 대박나고 오래 오래 가자🤍🤍🤍🤍 loud 부터 지금도 앞으로도 평생 응원할게요,0
TNX,4C7xGubTL90,2022-05-17T14:20:01Z,@belenleekimlee5275,와우 멋진 데뷔전 여러분 모두의 밝은 미래를 기원합니다,0
TNX,4C7xGubTL90,2022-05-17T14:19:55Z,@roasibsdiary,I cant stop watching the mv. So proud of my ploud boys to tnx now. THX will be here for you!!,0
TNX,4C7xGubTL90,2022-05-17T14:19:55Z,@lexagarduno,"Woah I did not expect this ! This song is so good ! The lyrics, the dance, the beat, their singing it’s all so good!",3
TNX,4C7xGubTL90,2022-05-17T14:19:51Z,@haeneulkim1207,"I immediately became a fan of them, they have too much talent, everything perfect, the video clip their voices the rap everything perfect, literally I was surprised, I didn&#39;t expect it, proud of them, I love them ❤️",3
TNX,4C7xGubTL90,2022-05-17T14:19:50Z,@finazz,happy 200k &lt;3,0
TNX,4C7xGubTL90,2022-05-17T14:19:50Z,@belenleekimlee5275,Wow que increíble debut chicos les deseo el mejor futuro brillante a cada uno de ustedes .,0
TNX,4C7xGubTL90,2022-05-17T14:19:40Z,@sflovingfs,Cool!!,0
TNX,4C7xGubTL90,2022-05-17T14:19:35Z,@gabi_lemss,I&#39;m so proud of you guys ❤️ since loud y&#39;all worked so hard to debut and the day finally arrived ❤️❤️ Fighting and let&#39;s promote the song well,0
TNX,4C7xGubTL90,2022-05-17T14:19:23Z,@fifi9840,The best debut mv ever Love this song so much,1
TNX,4C7xGubTL90,2022-05-17T14:19:17Z,@nourbassil1284,OMGGGGGGGGGG my face hurt from smiling,1
TNX,4C7xGubTL90,2022-05-17T14:19:06Z,@vyahlii9479,вперёд мои мальчики,0
TNX,4C7xGubTL90,2022-05-17T14:18:57Z,@vyahlii9479,"это невероятно, tnx я очень вами горжусь !!",0
TNX,4C7xGubTL90,2022-05-17T14:18:49Z,@ayangiewoo2656,STAN TNX FOR A BETTER LIFE,0
TNX,4C7xGubTL90,2022-05-17T14:18:48Z,@jessinicole2000,AMOOOOO,0
TNX,4C7xGubTL90,2022-05-17T14:18:46Z,@m3.m3ri,"This song is so good, it’s a pice of art",1
TNX,4C7xGubTL90,2022-05-17T14:18:33Z,@iasmimmendes955,Meus novos crushs ❤️❤️❤️❤️,0
TNX,4C7xGubTL90,2022-05-17T14:18:29Z,@bonobonya1330,Lots of love from India 🇮🇳 💞,0
TNX,4C7xGubTL90,2022-05-17T14:18:29Z,@asail79,Goood,0
TNX,4C7xGubTL90,2022-05-17T14:18:26Z,@reginafernandez9827,"Amo muchooooo, son tan telentosos, han mejorado mucho desde la última vez que vimos algo de ellos, aahhhh los amo bastante 🇲🇽❤️",0
TNX,4C7xGubTL90,2022-05-17T14:18:16Z,@lemari3201,Candu banget 💜💜🎉<br><br>Selamat 😇,0
TNX,4C7xGubTL90,2022-05-17T14:18:12Z,@isabeeeeelv,AAAAA💗,0
TNX,4C7xGubTL90,2022-05-17T14:18:02Z,@karlita5123,I really love it all ❤️❤️❤️😭,1
TNX,4C7xGubTL90,2022-05-17T14:17:55Z,@deygianeviana2785,Quando eu cheguei aqui só tinha cimento ksksksks sempre quis falar isso. Acompanhar eles no programa e ver o primeiro MV deles é muito gratificante mdsss🦋🦋🦋🦋🦋🦋,0
TNX,4C7xGubTL90,2022-05-17T14:17:44Z,@aleyafarisha,The &#39;&quot; move move&quot; sooooo addicted ಥ‿ಥ,1
TNX,4C7xGubTL90,2022-05-17T14:17:42Z,@jekey896,OMG amazing debut song😍😍🔥🔥🔥.. each member displays their respective expertise❤❤... Gogo TNX,1
TNX,4C7xGubTL90,2022-05-17T14:17:24Z,@cyjxx4471,"<a href=""https://www.youtube.com/watch?v=4C7xGubTL90&amp;t=4"">00:04</a>, what&#39;s his name?👀",0
TNX,4C7xGubTL90,2022-05-17T14:17:21Z,@iluvfelix3974,POR FIN DEBUTARON AMZNMSNSNS,0
TNX,4C7xGubTL90,2022-05-17T14:16:47Z,@alfinaditya1153,PNation going to be big Company,0
TNX,4C7xGubTL90,2022-05-17T14:16:43Z,@usserr3.6,"I’m addicted to <a href=""https://www.youtube.com/watch?v=4C7xGubTL90&amp;t=21"">0:21</a> ;&lt;",4
TNX,4C7xGubTL90,2022-05-17T14:16:42Z,@joyaguilar921,"Got goosebumps, good job boys 🎉",0
TNX,4C7xGubTL90,2022-05-17T14:16:41Z,@Itchingb,PSY is such a talented CEO<br><br>He brought many talented and all rounder artists<br><br>The P nation will be in the H1ghest in next 5 years - Mark my words,0
TNX,4C7xGubTL90,2022-05-17T14:16:37Z,@florsoledadreymundo27,Amo TNX ♥️<br> son geniales<br> está música está chido me gusta mucho 🔥,1
TNX,4C7xGubTL90,2022-05-17T14:16:31Z,@ksyuluv_kdramakpop,"Wow, only the first seconds, and already the masterpiece!",1
TNX,4C7xGubTL90,2022-05-17T14:16:30Z,@laurapa7248,❤️🥺,0
TNX,4C7xGubTL90,2022-05-17T14:16:26Z,@eshddrl9300,Aquí apoyándolos,0
TNX,4C7xGubTL90,2022-05-17T14:15:58Z,@bonobonya1330,This song is a BOP! ❤️‍🔥<br>Congratulations 🥳 guys on your debut! Fighting 🔥,0
TNX,4C7xGubTL90,2022-05-17T14:15:48Z,@malaksouama2001,"Oky but this is the best debut, hands down.",0
TNX,4C7xGubTL90,2022-05-17T14:15:42Z,@usserr3.6,I AM ADDICTED TO THIS SONG &gt;:),1
TNX,4C7xGubTL90,2022-05-17T14:15:37Z,@llordy9735,I love the power,0
TNX,4C7xGubTL90,2022-05-17T14:15:35Z,@6izemd,bu guzel lan,0
TNX,4C7xGubTL90,2022-05-17T14:15:27Z,@sarah1863,💛💛💛,0
TNX,4C7xGubTL90,2022-05-17T14:15:21Z,@SiahsWorld0,Ever since I heard PSY talk ab them on Jessi showterview I’ve been waiting for the is debut!!!!,1
TNX,4C7xGubTL90,2022-05-17T14:15:15Z,@ajsyah9733,Merindiiing 😲,0
TNX,4C7xGubTL90,2022-05-17T14:14:50Z,@yerinjung5316,Who name boys with red hair?,0
TNX,4C7xGubTL90,2022-05-17T14:14:45Z,@nurulasiqin7,"Hwi really killed it.. I really love his rap, his expression and everything...He looks like Han from SKids here :)",0
TNX,4C7xGubTL90,2022-05-17T14:14:41Z,@sayeorajio1879,THE RAPPER LINE IS INSANE FOR THIS!! LITERALLY ON 🔥,0
TNX,4C7xGubTL90,2022-05-17T14:14:26Z,@belenrodriguez1712,Les juro que esto es Arte 😭😭,0
TNX,4C7xGubTL90,2022-05-17T14:14:20Z,@alyapano3606,I just loved this song! This is so amazing &lt;3333,1
TNX,4C7xGubTL90,2022-05-17T14:14:09Z,@smasajord,Finally 👏👏👏👏👏👏,0
TNX,4C7xGubTL90,2022-05-17T14:13:50Z,@crista_aliesha,I CAN&#39;T EXPLAIN HOW MUCH TIMES I LISTENED TO THIS SONG! 🎊🎉It&#39;s really addictive not going to lie it really is. This is the best debut song I ever heard in my life 💜🎊🎉I&#39;M proud to be a THX💪💚🎊💜🎉,16
TNX,4C7xGubTL90,2022-05-17T14:13:38Z,@zelia8161,Tnx stan,0
TNX,4C7xGubTL90,2022-05-17T14:13:35Z,@gabi_lemss,this 🛐🛐🛐 so good,0
TNX,4C7xGubTL90,2022-05-17T14:13:28Z,@sayeorajio1879,KYUNGJUN DEEP VOICE PLS HELP ME I&#39;M MELTING IT&#39;S SO ATTRACTIVE BRO!!!!! AAAAAAAHHHHH OMGGSH,0
TNX,4C7xGubTL90,2022-05-17T14:13:26Z,@molyakayratovna612,Super👏👏👏👏 I am from Kazakhstan,0
TNX,4C7xGubTL90,2022-05-17T14:13:25Z,@무무-t7h,반백살에 아이돌 노래에 중독 될줄이야.......희안하게 중독되고 듣기 좋네요..<br><br>늙은 누나.. 촉이 빌보드 갈거 같다,0
TNX,4C7xGubTL90,2022-05-17T14:12:56Z,@sabinahadzipasicbesic6613,The rap part was no joke 😀,0
TNX,4C7xGubTL90,2022-05-17T14:12:54Z,@molyakayratovna612,👍👍👍👍👍,0
TNX,4C7xGubTL90,2022-05-17T14:12:45Z,@nctown9098,THE CHOREO IS INSANE OMG YALL SLAYED ! 💗🫴,3
TNX,4C7xGubTL90,2022-05-17T14:12:42Z,@oskides,OMG OMG OMG FINALLY IM SOO FRICKIN HAPPYYYYY GOOOSHH IT GOT ME CRYING. I LOVE YOU ALL SO MUCH ;-;,0
TNX,4C7xGubTL90,2022-05-17T14:12:34Z,@ヲタク-p1y,コウキがいない〜😭<br>まだ、諦められないよ,0
TNX,4C7xGubTL90,2022-05-17T14:12:33Z,@bulatpetak2677,THE NEW SIX SLAYYYYYY!!!,1
TNX,4C7xGubTL90,2022-05-17T14:12:30Z,@naxtono1721,go go go tnx,0
TNX,4C7xGubTL90,2022-05-17T14:12:08Z,@NayeonniePham,"Otro debut de un grupo masculino siguiendo la misma fórmula que todos los demás 😴<br>Nada nuevo, nada interesante, nada revolucionario, nada que llame la atención solo es un grupo masculino del montón",1
TNX,4C7xGubTL90,2022-05-17T14:12:07Z,@ierazrn,im proud,1
TNX,4C7xGubTL90,2022-05-17T14:12:07Z,@lerapark1743,Классная песня и клип❤️,1
TNX,4C7xGubTL90,2022-05-17T14:12:05Z,@nessa3469,Vtlvvvv ESTA REEEE BUENAAAA ESTÁ CANCIÓN 😮‍💨😮‍💨🔥,1
TNX,4C7xGubTL90,2022-05-17T14:11:53Z,@flippz9133,"WHAT, THIS IS HONESTLY TOO GOOD TO BE AN DEBUT SONG. YOU GUYS DIDNT DISAPPOINT",177
TNX,4C7xGubTL90,2022-05-17T14:11:50Z,@alfinaditya1153,Keep str3@m guysss,1
TNX,4C7xGubTL90,2022-05-17T14:11:48Z,@cam8017,Wooow los chicos son increiblemente talentosos😊❤❤,1
TNX,4C7xGubTL90,2022-05-17T14:11:42Z,@Xenhoon_forx,Fantastic,1
TNX,4C7xGubTL90,2022-05-17T14:11:42Z,@fannystefanny7269,so talented boys ❤️❤️,1
TNX,4C7xGubTL90,2022-05-17T14:11:32Z,@angelitans._,Akhirnya yang ditunggu-tunggu sudah datang!!!!Keren bangettttt TT TT...  <br>Semuanya sangat beratalenta!!,0
TNX,4C7xGubTL90,2022-05-17T14:11:29Z,@deboranatalyaa,Wwwwowwwww stunning,1
TNX,4C7xGubTL90,2022-05-17T14:11:18Z,@crescentruby7,WOW!! Amazing debut song!!!👏👏👏,2
TNX,4C7xGubTL90,2022-05-17T14:11:05Z,@GiGidox_23724,"oh my god the song, the voices everything is amazing",14
TNX,4C7xGubTL90,2022-05-17T14:11:03Z,@술에쩌든나그네,와.......👏👏👏진짜 이갈았네 멋있다!!,1
TNX,4C7xGubTL90,2022-05-17T14:10:52Z,@itssme-fq8kk,"DAMN, that definitely got me hyped up !!!",10
TNX,4C7xGubTL90,2022-05-17T14:10:47Z,@sayeorajio1879,"They never disappoint!! They are all-rounder boy group!! The vocals, the rap, their dance skills is just so amazing!! They pick the right song!!! SLAYYYYYY!!!!",181
TNX,4C7xGubTL90,2022-05-17T14:10:46Z,@nct721,Sheeeeeeeeesh,0
TNX,4C7xGubTL90,2022-05-17T14:10:28Z,@nana-jy7xk,デビューおめでとう🫶🏻🫶🏻🫶🏻,0
TNX,4C7xGubTL90,2022-05-17T14:10:23Z,@camiortiz1718,"CONGRATSSS BOYSS, u did amazing!!!! love the song and the choreo 🤟🖤",1
TNX,4C7xGubTL90,2022-05-17T14:10:20Z,@suzyps9944,มัมหมีจะสนับสนุนลูกๆที่รักต่อไปนะคะ น้ำตาไหล 🥹ปลื้มใจ,0
TNX,4C7xGubTL90,2022-05-17T14:10:07Z,@bulatpetak2677,SUNGJUN SARANGHAEEEEEEEE...,1
TNX,4C7xGubTL90,2022-05-17T14:10:01Z,@yoohniczxehorvejkul,let&#39;s keep on streaming! ❤,1
TNX,4C7xGubTL90,2022-05-17T14:10:00Z,@christoperbang799,I LOVE YOU GUYS,0
TNX,4C7xGubTL90,2022-05-17T14:09:54Z,@sereyvibolchhun4044,Group full of visual 🤍,0
TNX,4C7xGubTL90,2022-05-17T14:09:49Z,@Carol-qq3ie,TNX fighting!,0
TNX,4C7xGubTL90,2022-05-17T14:09:48Z,@ひなの-f7w,데뷔 축하해🫶🏻🤍<br>MVかっこいい~~！！！,0
TNX,4C7xGubTL90,2022-05-17T14:09:30Z,@jennieravenwood452,Loveeeeeeee it!,0
TNX,4C7xGubTL90,2022-05-17T14:09:27Z,@bulatpetak2677,"EH CANDU BANGET LAGU NYA, BENERAN GA BOSEN BOSEN DENGAR NYA",1
TNX,4C7xGubTL90,2022-05-17T14:09:25Z,@pimnebula,❤❤❤❤❤❤❤❤❤,1
TNX,4C7xGubTL90,2022-05-17T14:09:22Z,@meredithhernandez7168,"Me encanto la canción, this song is so good.",1
TNX,4C7xGubTL90,2022-05-17T14:09:18Z,@eunha93,"Kyungjun <a href=""https://www.youtube.com/watch?v=4C7xGubTL90&amp;t=106"">1:46</a> 😍😍💜💜💜💜",1
TNX,4C7xGubTL90,2022-05-17T14:09:10Z,@samgar4216,"THIS IS EVERYTHING, I&#39;M IN LOVE",13
TNX,4C7xGubTL90,2022-05-17T14:09:08Z,@playinginandroid8734,I Love U,2
TNX,4C7xGubTL90,2022-05-17T14:08:58Z,@misswonder6610,L.O.U.D.E.R,1
TNX,4C7xGubTL90,2022-05-17T14:08:55Z,@leticiakevilin4136,lindooosss,1
TNX,4C7xGubTL90,2022-05-17T14:08:42Z,@robloxrottenbrains,sheeeessh,2
TNX,4C7xGubTL90,2022-05-17T14:08:38Z,@sanyumay,"I TNX I do not know, but this song is really crazy",1
TNX,4C7xGubTL90,2022-05-17T14:08:19Z,@hongcruella6301,l really like the bridge &amp; hook<br><br>SLAY IT!!,1
TNX,4C7xGubTL90,2022-05-17T14:08:14Z,@snzclblbrry,nice song! love d vibes,1
TNX,4C7xGubTL90,2022-05-17T14:08:10Z,@STAYPJLM,Gostei bastante,1
TNX,4C7xGubTL90,2022-05-17T14:08:10Z,@lilibeom,Enak juga lagunya<br>Mana cakep semua lagi<br>Jadi pengen stan,1
TNX,4C7xGubTL90,2022-05-17T14:08:07Z,@ayangnyajisoo801,"CONGRATULATIONS FOR YOUR DEBUT SIXBOYS!!!<br>MMM CAN SOMEONE TELL ME THEIR NAMES PLEASE?<br><br>MAYBE I WANNA STAN Y&#39;ALL, CZ IT&#39;S SO COOL SONG😭<br>ARE THE FANDOM NAME &quot;SIXXY&quot; OR WHAT?",1
TNX,4C7xGubTL90,2022-05-17T14:08:05Z,@shirinjamali2146,wow❤️❤️❤️,1
TNX,4C7xGubTL90,2022-05-17T14:07:52Z,@ella6427,والله كلهم حلوين,1
TNX,4C7xGubTL90,2022-05-17T14:07:38Z,@MaluEXE,Gente mas que MV lindo demais,1
TNX,4C7xGubTL90,2022-05-17T14:07:06Z,@sh77077,I love it,0
TNX,4C7xGubTL90,2022-05-17T14:06:58Z,@kaykhinelinn1101,My boys debut now,0
TNX,4C7xGubTL90,2022-05-17T14:06:39Z,@bocamyluv1454,"The concept of this song is so differents from other groups, it&#39;s so refreshing!",28
TNX,4C7xGubTL90,2022-05-17T14:06:36Z,@ariesrien2627,"Wowww amazing, every one shine on their own! Congratzs TNX Taehyun, kyungjun, cheonhyuk, hyunsoo, hwi and sungjun....love from THX",0
TNX,4C7xGubTL90,2022-05-17T14:06:35Z,@federico_blanco123,Simplemente perfecto,0
TNX,4C7xGubTL90,2022-05-17T14:06:19Z,@jesskim5597,노래 짱 조앙 ❤️❤️❤️,0
TNX,4C7xGubTL90,2022-05-17T14:06:04Z,@diansafitri41,"Baru denger, langsung suka👍❤️❤️❤️❤️❤️",0
TNX,4C7xGubTL90,2022-05-17T14:06:00Z,@kyushu__9i,oh my goodness the song actually slaps. hope they get the recognition they deserve !,14
TNX,4C7xGubTL90,2022-05-17T14:05:54Z,@cloudscore9630,Wow❤️,0
TNX,4C7xGubTL90,2022-05-17T14:05:33Z,@alvinaaslam5343,Amazing 🤩🤩,0
TNX,4C7xGubTL90,2022-05-17T14:05:26Z,@mariakristinaregita2560,"SERU BANGET LAGUNYA SUMPAH, ASIK APA LAGI PAS BAGIAN MEREKA DANCE",0
TNX,4C7xGubTL90,2022-05-17T14:05:23Z,@nurathens1671,YEAHHH!!!!,0
TNX,4C7xGubTL90,2022-05-17T14:05:19Z,@sumicazafiro265,"todo es impresionante aquí, el primer grupo de P NATION 🤧🤧, todo cuadra y es tan perfecto, la letra, la música todo... El vocal es 🛐🛐 ellos son🛐🇵🇪🇵🇪🇵🇪",0
TNX,4C7xGubTL90,2022-05-17T14:05:18Z,@siennareilaline3803,Hwi&#39;s rapp i got speechless,0
TNX,4C7xGubTL90,2022-05-17T14:05:08Z,@nomu1422,bunun debut şarkısı olduğuna emin miyiz,0
TNX,4C7xGubTL90,2022-05-17T14:04:55Z,@sryfauzia1235,Kerennn,0
TNX,4C7xGubTL90,2022-05-17T14:04:41Z,@daphginjoka,Ooop new groups ??,0
TNX,4C7xGubTL90,2022-05-17T14:04:39Z,@phinerly9301,we gonna make it louder<br>We P NATION<br><br>SAY IT LOUDER!! You guys are so cool<br>I wish success to you guys!!💐💌,1
TNX,4C7xGubTL90,2022-05-17T14:04:36Z,@maryamgharibi311,This song its really cool 😯❤,0
TNX,4C7xGubTL90,2022-05-17T14:04:35Z,@gravyfugly,"Dance is also good, but above all, everyone&#39;s facial expressions are attractive and wonderful.<br>My boys xxx",0
TNX,4C7xGubTL90,2022-05-17T14:04:26Z,@dy772,taehun best leader,0
TNX,4C7xGubTL90,2022-05-17T14:04:15Z,@COFAITH,"We gonna make it louder, we P NATION. INSANE",0
TNX,4C7xGubTL90,2022-05-17T14:04:14Z,@mcdonaldyeosang,Mark my words: P Nation is the company of SASS.,0
TNX,4C7xGubTL90,2022-05-17T14:04:05Z,@linasuhaili1409,BESTTTTTT,0
TNX,4C7xGubTL90,2022-05-17T14:03:58Z,@baraneeapiwatanawan845,Wowwwwww เด็กๆมาแล้ววววว,0
TNX,4C7xGubTL90,2022-05-17T14:03:51Z,@COFAITH,Perfect,0
TNX,4C7xGubTL90,2022-05-17T14:03:48Z,@ri7426,yo they are monster rookies,1
TNX,4C7xGubTL90,2022-05-17T14:03:43Z,@Sofia-xb4qk,Le deseo todo lo mejor a este hermoso grupo son muy pero muy talentosos♥️♥️,0
TNX,4C7xGubTL90,2022-05-17T14:03:18Z,@kiraraamber,😍❤️‍🔥❤️‍🔥❤️‍🔥❤️‍🔥,0
TNX,4C7xGubTL90,2022-05-17T14:03:16Z,@thonethone6698,Cheon Jun Hyeok&#39;s vocal is amazing.Woo kyung jun Visual,0
TNX,4C7xGubTL90,2022-05-17T14:03:15Z,@LC-en8bx,Go besties 🤠🐸,0
TNX,4C7xGubTL90,2022-05-17T14:03:13Z,@awsma15,OMG! I&#39;ve waited for their debut for so long 💙 this song is so amazing. The chorus is so ssick.,0
TNX,4C7xGubTL90,2022-05-17T14:03:11Z,@love_you9130,P for Perfect,0
TNX,4C7xGubTL90,2022-05-17T14:03:04Z,@alaysahali1458,From PSY?,0
TNX,4C7xGubTL90,2022-05-17T14:03:00Z,@teruterubozu45,ARRGGHHHH THIS IS CRAZY AWESOME,0
TNX,4C7xGubTL90,2022-05-17T14:02:51Z,@alifiaahan4338,Loverrrrr bangettt,0
TNX,4C7xGubTL90,2022-05-17T14:02:43Z,@Yuri-jy1ft,Comecei acompanha o grupo ontem e já sou muito fã💖💖💞💞,0
TNX,4C7xGubTL90,2022-05-17T14:02:14Z,@ririta854,WOOOOOOOOOOOOO,0
TNX,4C7xGubTL90,2022-05-17T14:02:10Z,@yoon_cy.03.20,Congratulations to your Debut TNX finally P Nation has their Group Idol,0
TNX,4C7xGubTL90,2022-05-17T14:02:04Z,@DNblla,I already in love with themmmm arghhhh!,0
TNX,4C7xGubTL90,2022-05-17T14:02:03Z,@justiceharris5010,It was just perfect,0
TNX,4C7xGubTL90,2022-05-17T14:02:03Z,@COFAITH,DOPE,0
TNX,4C7xGubTL90,2022-05-17T14:01:54Z,@Yuri-jy1ft,💖💖💖💖💖💖,0
TNX,4C7xGubTL90,2022-05-17T14:01:42Z,@Moonnetb,REALMENTE ESTA MUY BUENO<br>SE VIENE CON TODO TNX!!!,0
TNX,4C7xGubTL90,2022-05-17T14:01:40Z,@ledychicllamorales8026,Waoooo al fin debutaron f,0
TNX,4C7xGubTL90,2022-05-17T14:01:38Z,@Nani-u2t8m,THIS IS SUCH A GOOD SONG 😭❤️❤️I&#39;m already obsessed w the vocals rap en beat from the song🙇🏾‍♀️🙇🏾‍♀️❤️,3
TNX,4C7xGubTL90,2022-05-17T14:01:33Z,@Yuri-jy1ft,Amei muito 💖💖💖💖,0
TNX,4C7xGubTL90,2022-05-17T14:01:31Z,@wxnat,&quot;We P Nation&quot; Uff !!,0
TNX,4C7xGubTL90,2022-05-17T14:01:27Z,@dewiandiani5966,"Finally debut ,,omagah soo cool🥰",0
TNX,4C7xGubTL90,2022-05-17T14:01:24Z,@firashilmy25,just waiting for their gonna be viral,0
TNX,4C7xGubTL90,2022-05-17T14:01:13Z,@yaaaaaaaaaaa.1,pliss semoga gk di katain plagiattt,0
TNX,4C7xGubTL90,2022-05-17T14:01:09Z,@ounridakong1212,This is just so good,0
TNX,4C7xGubTL90,2022-05-17T14:00:40Z,@staceymar9141,P nation nunca decepciona ❤️,1
TNX,4C7xGubTL90,2022-05-17T14:00:31Z,@luvhoon1674,"Visual mereka gila banget, vocal mereka juga gila siee",0
TNX,4C7xGubTL90,2022-05-17T14:00:24Z,@mukbangaddict8274,Amazingg!,2
TNX,4C7xGubTL90,2022-05-17T14:00:21Z,@wxnat,✨ A M A Z I N G ✨,2
TNX,4C7xGubTL90,2022-05-17T14:00:21Z,@sheshafas,so excited,1
TNX,4C7xGubTL90,2022-05-17T14:00:20Z,@borahae2867,They are awesome👍,1
TNX,4C7xGubTL90,2022-05-17T14:00:20Z,@Samantha-sw4lu,"me dejo sin palabras, estoy agradecida de poder estar con ellos desde loud",0
TNX,4C7xGubTL90,2022-05-17T14:00:16Z,@katri8608,"Аааа, I love you❤️❤️❤️<br>Я так счастлива 🥰🥳",0
TNX,4C7xGubTL90,2022-05-17T14:00:13Z,@sheshafas,AAAAAAAAAAA,0
TNX,4C7xGubTL90,2022-05-17T13:59:59Z,@divadaniella3457,GOOD JOB BOYSSSSS!!!!,0
TNX,4C7xGubTL90,2022-05-17T13:59:52Z,@blackpink2005,I&#39;m gonna stan this group for sure,1
TNX,4C7xGubTL90,2022-05-17T13:59:36Z,@josemacario8542,Happy for them!!!,1
TNX,4C7xGubTL90,2022-05-17T13:59:35Z,@sprotector3235,lagunya enak tpi liriknya rada cringe pas awal2. tpi pas udah pertengahan udh oke. opini aja ya jgn serius2.,0
TNX,4C7xGubTL90,2022-05-17T13:59:34Z,@elisabethdavira1398,So proud!!! Congratulations on your debut boys &lt;3,1
TNX,4C7xGubTL90,2022-05-17T13:59:33Z,@ezatrisnaa3684,"Fantastic, i like it!",1
TNX,4C7xGubTL90,2022-05-17T13:59:24Z,@atikamim2914,Wowww!! They are really so good! I like it so much. I hope they get a huge success,8
TNX,4C7xGubTL90,2022-05-17T13:59:03Z,@newjeans3483,Congratulations monster rookie,2
TNX,4C7xGubTL90,2022-05-17T13:58:44Z,@rynanzita1846,finally congratulations on your debut TNX!,1
TNX,4C7xGubTL90,2022-05-17T13:58:27Z,@opalrose3705,This song is too good for a debut ✨👌😭,2
TNX,4C7xGubTL90,2022-05-17T13:58:26Z,@moghwacloud,No puedo creer cuánto han mejorado 😭 ésto es arte. Sigamos apoyándolos para que más gente llegue a ellos.,0
TNX,4C7xGubTL90,2022-05-17T13:58:20Z,@rikaay4986,"Congratulations,,,,, waahhhh daebakkk",1
TNX,4C7xGubTL90,2022-05-17T13:58:05Z,@byeunhwi,I knew TNX could pull of an amazing debut !!! ❤️‍🔥,2
TNX,4C7xGubTL90,2022-05-17T13:58:00Z,@user-zk9pz8yj5z,i LOOOOOVE this,1
TNX,4C7xGubTL90,2022-05-17T13:57:57Z,@chanari8678,Vamooo THX nosotras podemos siuuuuuu,0
TNX,4C7xGubTL90,2022-05-17T13:57:53Z,@pame.annais,Hope to see this on studio choom🔥,1
TNX,4C7xGubTL90,2022-05-17T13:57:43Z,@mabellmaccapa6497,Omg omg!!!,1
TNX,4C7xGubTL90,2022-05-17T13:57:34Z,@lovesl4771,FELICITACIONES GUYSS ¡ Éxitos :),0
TNX,4C7xGubTL90,2022-05-17T13:57:31Z,@seracherry_,They look perfect ❤️ Thank you for all your hard work ! NOW IS OUR TURNNNNNNNNNN !!!!,1
TNX,4C7xGubTL90,2022-05-17T13:57:31Z,@jacobae,i wish they had done something different from the other newer boybands,0
TNX,4C7xGubTL90,2022-05-17T13:57:20Z,@michellycristina8970,Their vocals are so clean,1
TNX,4C7xGubTL90,2022-05-17T13:57:20Z,@mayaaqila487,Wooowwwwwwww,1
TNX,4C7xGubTL90,2022-05-17T13:57:14Z,@talli0901,Perfeitosss🤩🤩,0
TNX,4C7xGubTL90,2022-05-17T13:57:05Z,@zahrasafira7233,Amazinggggg,1
TNX,4C7xGubTL90,2022-05-17T13:57:02Z,@shun1917,"Me alegro de que al fin debutaran, la canción está espectacular",1
TNX,4C7xGubTL90,2022-05-17T13:56:57Z,@rosejam85,Hwi rap🔥🤙🤙,1
TNX,4C7xGubTL90,2022-05-17T13:56:54Z,@Familyastan,Krass vallah,1
TNX,4C7xGubTL90,2022-05-17T13:56:52Z,@amanat12,"There is something about this song, it&#39;s so catchy, like damn",66
TNX,4C7xGubTL90,2022-05-17T13:56:48Z,@hikaruu9130,A masterpieceee omggg,2
TNX,4C7xGubTL90,2022-05-17T13:56:31Z,@zahrasafira7233,Candu bangett woii lagunyaaaa,0
TNX,4C7xGubTL90,2022-05-17T13:56:20Z,@llcvhee,so proud,1
TNX,4C7xGubTL90,2022-05-17T13:56:06Z,@grisp7722,ellos son increíbles tienen un gran futuro por delante  &lt;3 espero que logren sus metas y mucho mas,0
TNX,4C7xGubTL90,2022-05-17T13:56:04Z,@na_diet8960,Finaly😆😆😆😆😆❤❤,0
TNX,4C7xGubTL90,2022-05-17T13:55:56Z,@marialucielearmymoreira651,Hi,1
TNX,4C7xGubTL90,2022-05-17T13:55:43Z,@luvhoon1674,Keren paraahhh,0
TNX,4C7xGubTL90,2022-05-17T13:55:33Z,@junellmiraflorcontaoi8,Apologies for my ignorance.. What&#39;s the english title for this?,0
TNX,4C7xGubTL90,2022-05-17T13:55:30Z,@liznivelo1639,MAMAAAA DEBUTARON MIS BEBES,0
TNX,4C7xGubTL90,2022-05-17T13:55:10Z,@patyaguilar8363,👍 Felicidades está muy hermosa su canción 🎉🎊💗❤️,0
TNX,4C7xGubTL90,2022-05-17T13:55:05Z,@JoseAraujo-px3em,Hope one day koki will join them,0
TNX,4C7xGubTL90,2022-05-17T13:55:02Z,@alineneidianne905,vivendo por esse dance pratic !!!!!!,0
TNX,4C7xGubTL90,2022-05-17T13:54:47Z,@carmagisblssd,Whoaaaaaa!!!!!! Everybody gotta get out of their way. That&#39;s some first quality stuff! Fighting 💪!!!,0
TNX,4C7xGubTL90,2022-05-17T13:54:45Z,@restiprmtsari,AMAZING we love you TNX FIGHTING!!!♡♡,0
TNX,4C7xGubTL90,2022-05-17T13:54:43Z,@user-vo5gp6yj2h,Omg,0
TNX,4C7xGubTL90,2022-05-17T13:54:39Z,@minnie_14v14,wow estuvo increíble su debut &lt;3,0
TNX,4C7xGubTL90,2022-05-17T13:54:36Z,@amalienputri,god they are gonna be so big later!!!!,0
TNX,4C7xGubTL90,2022-05-17T13:54:30Z,@stroopkoning,"Omg, this debut is so good😫",1
TNX,4C7xGubTL90,2022-05-17T13:54:28Z,@clint6886,THIS IS CHEF&#39;S KISS,0
TNX,4C7xGubTL90,2022-05-17T13:54:27Z,@francinetullaga8225,"Congratulations my boys, this song is so good as debut song. Hoping alot of people will recognize you more and support.",0
TNX,4C7xGubTL90,2022-05-17T13:54:27Z,@mykamekaylaasis5565,tnx rap line is so strong,0
TNX,4C7xGubTL90,2022-05-17T13:54:20Z,@ifahsegaf2665,WOY WOY WOYYY APA NIH KEREN BANGETTTT ANJRITTTT GA EXPECT BAKALAN SE KECE INIII????!!!!!😭😭😭😭😭😭😭🔥🔥🔥🔥🔥🔥🔥🔥🔥🔥,0
TNX,4C7xGubTL90,2022-05-17T13:54:20Z,@michellycristina8970,Can&#39;t believe this is already hapenning,0
TNX,4C7xGubTL90,2022-05-17T13:54:20Z,@CharisLou,I&#39;ll be your THX.,0
TNX,4C7xGubTL90,2022-05-17T13:54:18Z,@clint6886,ahhhh y&#39;all should never sleep on tnx&#39;s talent and looks,0
TNX,4C7xGubTL90,2022-05-17T13:53:36Z,@lisa-et9vz,OMGGGGGGGG FINALLY ❤️❤️❤️❤️❤️❤️,0
TNX,4C7xGubTL90,2022-05-17T13:53:35Z,@qsuly9430,"The long awaited debut but it&#39;s all worth it boys!! Have fun and perform your best, we are always proud of you since Loud. <br>HAVE THE BEST YEAR TNX!!! ❤️😘🫶🏻",1
TNX,4C7xGubTL90,2022-05-17T13:53:24Z,@maretide,아 진짜 잘한다,0
TNX,4C7xGubTL90,2022-05-17T13:53:22Z,@alessxiom,DIOS MIO¡!!! Definitivamente el debut del año ¡! Estoy tan orgullosa y feliz espere tantos meses por su debut les juro q estoy llorando los amo mis chicos la rompieron con su debut!,1
TNX,4C7xGubTL90,2022-05-17T13:53:20Z,@meimei1745,THX Loves you. Together with TnX from the beginning till the end. 💕💕💕💕,0
TNX,4C7xGubTL90,2022-05-17T13:53:15Z,@greatexplosiongoddynamight4959,SUKA KONSEPNYA!!! Tapi drpada MV ini lebih ke performance si,0
TNX,4C7xGubTL90,2022-05-17T13:53:13Z,@awmyatkhin8323,The fact that this is the debut song and is already so good,1
TNX,4C7xGubTL90,2022-05-17T13:53:11Z,@tibztb952,"Wow, the debut song is beautiful اتمنى ان يستمروا tnx لاابد مع الفانز.. لقد عملوا بجد طوال الست الاشهر الماضيه لاجل ارسيمهم ارجوا منكم ان تدعموا tnx",0
TNX,4C7xGubTL90,2022-05-17T13:52:54Z,@calendulapie,Can really tell they are a P NATION present!!!,1
TNX,4C7xGubTL90,2022-05-17T13:52:48Z,@DiahNurainiGNA95,Part 비켜 ❤️❤️❤️,0
TNX,4C7xGubTL90,2022-05-17T13:52:41Z,@heohoonfan6765,So cool😊😊😊😉,0
TNX,4C7xGubTL90,2022-05-17T13:52:40Z,@mia-tq4no,amigo es en serio un MUY buen debut. Les deseo la mejor de las suertes!!!! fighting!!!!,0
TNX,4C7xGubTL90,2022-05-17T13:52:40Z,@dinosaurmeow5683,"the lyrics,the theme,choreography,voice, visuals,EVERYTHING IS A MASTERPIECE. Move everyone! they&#39;re here!!",121
TNX,4C7xGubTL90,2022-05-17T13:52:40Z,@giolino277,MY BABYS,0
TNX,4C7xGubTL90,2022-05-17T13:52:14Z,@phuongnguyen-kt9ci,Congrats debut ❤️❤️,0
TNX,4C7xGubTL90,2022-05-17T13:52:08Z,@Min-um9ou,i love it!,0
TNX,4C7xGubTL90,2022-05-17T13:52:00Z,@jk7807,They do very well 😊😊<br>Anyway they got it 🤣🤣,0
TNX,4C7xGubTL90,2022-05-17T13:51:40Z,@user-kj7ru2yq7t,ずっと待ってた!!おめでとう！最高だよ💗,0
TNX,4C7xGubTL90,2022-05-17T13:51:38Z,@losuli,Toca aprenderse los nombres,0
TNX,4C7xGubTL90,2022-05-17T13:51:30Z,@gimenallanos4818,SON DEMASIADO TALENTOSOSSSS!,0
TNX,4C7xGubTL90,2022-05-17T13:51:29Z,@llxean,littt,0
TNX,4C7xGubTL90,2022-05-17T13:51:25Z,@puzilestari8612,Gilaa kecee parahh,1
TNX,4C7xGubTL90,2022-05-17T13:51:20Z,@manon1812,"I&#39;m dead, i just finish the school",0
TNX,4C7xGubTL90,2022-05-17T13:51:18Z,@gimenallanos4818,AMOOOOOOOOOOO,0
TNX,4C7xGubTL90,2022-05-17T13:51:14Z,@marin1934,デビューおめでとう💘💘💘💘💘💘,0
TNX,4C7xGubTL90,2022-05-17T13:51:13Z,@alineneidianne905,melhor debut!!!!!!!!!!!!!!!!!!!!!!! s2,0
TNX,4C7xGubTL90,2022-05-17T13:51:06Z,@NurulHidayah-kj2jj,😍😍😍,0
TNX,4C7xGubTL90,2022-05-17T13:51:04Z,@kuso_calico,did not disappoint! awesome debut ✨️ can&#39;t wait for what the future holds for them 💕,1
TNX,4C7xGubTL90,2022-05-17T13:51:00Z,@mayeher1622,"Omg, it&#39;s amazing 🖤",0
TNX,4C7xGubTL90,2022-05-17T13:50:57Z,@rainbowjjangyu5987,Vokalnya bagus 🤙,0
TNX,4C7xGubTL90,2022-05-17T13:50:53Z,@robaiyahmatsalleh179,Im in love,0
TNX,4C7xGubTL90,2022-05-17T13:50:50Z,@alineneidianne905,meus meninos!!!!!!!!!!!!! tao feliz por vcssssss,0
TNX,4C7xGubTL90,2022-05-17T13:50:35Z,@kyo.3074,Yo...everything is good but how is that called dance? That&#39;s just... it&#39;s masterpiece!,0
TNX,4C7xGubTL90,2022-05-17T13:50:19Z,@qilamaarof366,Mantap !,0
TNX,4C7xGubTL90,2022-05-17T13:50:19Z,@kamiliaismahani,IM SO PROUD OF YOU GUYSS SINCE LOUD <br>LETS BE TOGETHER FOR A LONG TIME <br>WE WILL ALWAYS SUPPORT YOU NO MATTER WHAT.i,0
TNX,4C7xGubTL90,2022-05-17T13:50:12Z,@hao_horizon_8429,congrats to your powerful debut :)<br>my fav parts are hwis rap and the prechorus…it‘s so good!!<br>I‘m proud of the guys and everyone involved <br>Let‘s go way up together!!,0
TNX,4C7xGubTL90,2022-05-17T13:50:11Z,@luvhoon1674,CANDU LAGUNYA CANDUU,0
TNX,4C7xGubTL90,2022-05-17T13:49:51Z,@rainbowjjangyu5987,"Gak terlalu buruk, semoga ini bisa jadi jalur buat STAN 😊",0
TNX,4C7xGubTL90,2022-05-17T13:49:49Z,@indahyeol7597,Semangat ayang,0
TNX,4C7xGubTL90,2022-05-17T13:49:44Z,@bulatpetak2677,SLAY TNX SLAYYYYY!!!,2
TNX,4C7xGubTL90,2022-05-17T13:49:25Z,@yehetttaweekeobseoo909,Streaming kajaaa,1
TNX,4C7xGubTL90,2022-05-17T13:49:20Z,@jadi3857,Mood “move” forever &lt;3,0
TNX,4C7xGubTL90,2022-05-17T13:48:47Z,@lexxi_ee_,"I LOVE THIS !! but i’m just curious, did goki decide not to debut ? where is my tiny king 🥲",2
TNX,4C7xGubTL90,2022-05-17T13:48:43Z,@dianasdaisy,WOW Kyungjun has such great stage presence and tone of voice that I have never really noticed before!! I hope they have a fun time promoting since fans are now able to see the performance!!,52
TNX,4C7xGubTL90,2022-05-17T13:48:43Z,@JyotiKumari-be6lr,Proud to be predebut fan😎,3
TNX,4C7xGubTL90,2022-05-17T13:48:36Z,@villanelleswifey,Omg I really like it !! I think I&#39;m going to stan them ! &lt;3,5
TNX,4C7xGubTL90,2022-05-17T13:48:33Z,@besies9943,หล่อทุกคนเลย 😙,1
TNX,4C7xGubTL90,2022-05-17T13:48:27Z,@jadi3857,"Bravoooo, I loveeee song :3",2
TNX,4C7xGubTL90,2022-05-17T13:48:23Z,@nuriffahy,SLAYYY!!!!,2
TNX,4C7xGubTL90,2022-05-17T13:48:20Z,@nevarazita9466,SCREAMING,2
TNX,4C7xGubTL90,2022-05-17T13:48:10Z,@rkive8660,Omggg this is so amazing and catchy I totally loved it 💗,3
TNX,4C7xGubTL90,2022-05-17T13:48:04Z,@burgs9767,Love the cool vibes~,2
TNX,4C7xGubTL90,2022-05-17T13:47:58Z,@alefflukas,"Gostei demais, achei um debut promissor",0
TNX,4C7xGubTL90,2022-05-17T13:47:48Z,@aly3908,"this is the proudest moment of our lives from PLoud/Team PNation (PNetz) to TNX (THX), this is just the beginning tho but we’ll be there with you all the way up to Billboard Top 1 🥹😭🤍",0
TNX,4C7xGubTL90,2022-05-17T13:47:35Z,@danielaoliveira6598,Perfeitos,0
TNX,4C7xGubTL90,2022-05-17T13:47:32Z,@luceromarcelin5605,No sé pero cada vez que Pnation y sus artistas aparecen me terminan sorprendiendo,0
TNX,4C7xGubTL90,2022-05-17T13:47:29Z,@starrylix8609,ok but u literally cant tell hwi is a beginner in dancing?? he fits in perfectly n shined even when he had center😭,1
TNX,4C7xGubTL90,2022-05-17T13:47:29Z,@fernxndx0512,"Me encantó todo,  el video, la canción, sus voces, la coreografía. <br>Es un debut memorable &lt;3",1
TNX,4C7xGubTL90,2022-05-17T13:47:29Z,@danielaoliveira6598,Clipes  lindo,0
TNX,4C7xGubTL90,2022-05-17T13:47:28Z,@camiialdhe,👋🏻🥰⚡⚡⚡,0
TNX,4C7xGubTL90,2022-05-17T13:47:24Z,@queenes_940,Congrats ma boys. THE LONG WAIT IS OVER💕,0
TNX,4C7xGubTL90,2022-05-17T13:47:21Z,@danielaoliveira6598,Lindo,0
TNX,4C7xGubTL90,2022-05-17T13:47:09Z,@losuli,Simplemente INCREÍBLE,0
TNX,4C7xGubTL90,2022-05-17T13:46:59Z,@anasalmarachmayani5686,Finallyyyyyy 🥰🥰🥰😍😍😍,0
TNX,4C7xGubTL90,2022-05-17T13:46:53Z,@cookinglikeachefima5starmi235,"And with this, it&#39;s confirmed my spot as a pre-debut and after debut stan. from the visuals,to the raps, singing part, dance, style, mv, everithing was perfect. <br>데뷔 축하해!",35
TNX,4C7xGubTL90,2022-05-17T13:46:38Z,@bumacsayvonne1819,TNX👏👏👏🥰<br>my new idol boy group hehehe❤️,0
TNX,4C7xGubTL90,2022-05-17T13:46:36Z,@tugsenisfen4965,"정말 성공적인 MV 사운드 스타일 댄스 모든 것이 성공적입니다 행운을 빕니다 신의 축복이 이 길에서 당신과 항상 함께합니다. 나도 언젠가는 너 같은 아이돌이 될거야, 어쩌면 우리는 만날지도 몰라 :))",0
TNX,4C7xGubTL90,2022-05-17T13:46:32Z,@immealldayeveryday9425,"I like it but to me it does not stand out, it seems like a song you would see YG groups do, however I got my eye on you Now so let’s see ur comeback, visuals are great MV is great",0
TNX,4C7xGubTL90,2022-05-17T13:46:31Z,@niurkapalma5925,Los ameeee!!! 😍😍😍excelente,0
TNX,4C7xGubTL90,2022-05-17T13:46:18Z,@lvtv4274,🤍🤍💗💗💗😫♾,0
TNX,4C7xGubTL90,2022-05-17T13:46:14Z,@julix1829,Turn this music louder!!!,0
TNX,4C7xGubTL90,2022-05-17T13:46:00Z,@nazaninyazdani911,this boys are the best,0
TNX,4C7xGubTL90,2022-05-17T13:45:51Z,@nazaninyazdani911,i love it,0
TNX,4C7xGubTL90,2022-05-17T13:45:46Z,@Jasshira266,"Definitely the best, I loved everything, the rap, the choreo, the vocal and the visual.<br>I loved it, it&#39;s amazing, I can&#39;t get over the emotion&lt;3333.",15
TNX,4C7xGubTL90,2022-05-17T13:45:45Z,@nazaninyazdani911,meine liebe song von diese album,0
TNX,4C7xGubTL90,2022-05-17T13:45:39Z,@aquaniaa,Lagunya candu bangettttttt,0
TNX,4C7xGubTL90,2022-05-17T13:45:29Z,@nazaninyazdani911,diese song ist sehr gut,0
TNX,4C7xGubTL90,2022-05-17T13:45:25Z,@으니-s9n,하 너무 좋다 진짜 ㅠㅠㅠ,1
TNX,4C7xGubTL90,2022-05-17T13:45:23Z,@Kristy_2607,Me encanta 😍😍😍😍 Congratulation boys 💐💐🎉🎉🎉🎉🎉,0
TNX,4C7xGubTL90,2022-05-17T13:45:16Z,@nazaninyazdani911,i love it so much,0
TNX,4C7xGubTL90,2022-05-17T13:45:14Z,@almeidxss,"já vejo muito sucesso para esses meninos, o talento e dedicação não falta.",0
TNX,4C7xGubTL90,2022-05-17T13:45:07Z,@nazaninyazdani911,they come to slay,0
TNX,4C7xGubTL90,2022-05-17T13:45:02Z,@y-siwan,best debut,0
TNX,4C7xGubTL90,2022-05-17T13:45:01Z,@Mashtia,Omg my boys fighting 🤠 I will support you 💓 don&#39;t worry it&#39;s  your debut song hehe fighting 💪 tnx 🥰,0
TNX,4C7xGubTL90,2022-05-17T13:45:01Z,@ayrajasmin2647,THIS GONNA BE MASTERPIECE!!,4
TNX,4C7xGubTL90,2022-05-17T13:44:47Z,@fraan_nataly,"Al fiiiiin, es demasiado genial valió la pena cada momento",0
TNX,4C7xGubTL90,2022-05-17T13:44:35Z,@harukim545,angAs!!!!!!,0
TNX,4C7xGubTL90,2022-05-17T13:44:34Z,@w_willowtree,Bastante bien,0
TNX,4C7xGubTL90,2022-05-17T13:44:31Z,@marianogarciajr.8864,Squid game feels,1
TNX,4C7xGubTL90,2022-05-17T13:44:30Z,@nurulnajwa2635,A BIG DEBUT BG ROOKIE THIS YEAR,0
TNX,4C7xGubTL90,2022-05-17T13:44:30Z,@melannyc89,"AMEE TODOOO, algun dia dire &quot;estuve desde su debut&quot; ♥♥ temazooo",1
TNX,4C7xGubTL90,2022-05-17T13:44:12Z,@MYG-r4f,Congratulations on your debut &lt;3,1
TNX,4C7xGubTL90,2022-05-17T13:44:09Z,@azrasyerenfadila4818,Ihhhh ganteng banget<br>Bentar lgi jga oleng ama ni para bujang,1
TNX,4C7xGubTL90,2022-05-17T13:44:08Z,@bichinabichina4452,penomeco wrote this song?! damn,0
TNX,4C7xGubTL90,2022-05-17T13:43:55Z,@gesi4104,This is sooooo gooooos. Omg,0
TNX,4C7xGubTL90,2022-05-17T13:43:49Z,@marianogarciajr.8864,It smells expensive oh pnation really did a great job,1
TNX,4C7xGubTL90,2022-05-17T13:43:45Z,@openwovnds,stan tnx,0
TNX,4C7xGubTL90,2022-05-17T13:43:43Z,@jvm824,"everything about this amazing, and I don’t say this about every debut. They have a bright future ahead and I’m here to see it! (:",26
TNX,4C7xGubTL90,2022-05-17T13:43:38Z,@iamask9093,I love you all six you&#39;re the next who is win Grammy and come on billboard awards I can&#39;t wait to see this movement ❤️❤️❤️,1
TNX,4C7xGubTL90,2022-05-17T13:43:37Z,@openwovnds,i love everything about this seriously,0
TNX,4C7xGubTL90,2022-05-17T13:43:34Z,@lover-ei5zw,To my precious boys congratulations on your debut and also mv really good you worked hard you didn&#39;t disappoint us,0
TNX,4C7xGubTL90,2022-05-17T13:43:30Z,@flafibit,"No sé por qué me dan tantas vibras de que en un futuro serán realmente conocidos por todos. Les deseo lo mejor en este debut, se lo merecen",1
TNX,4C7xGubTL90,2022-05-17T13:43:08Z,@Lolhyyy,Love❤️❤️❤️,1
TNX,4C7xGubTL90,2022-05-17T13:43:02Z,@sohyunasmr,My Eun hwi your rapper is amazing I&#39;m screaming with happiness my love all and you,0
TNX,4C7xGubTL90,2022-05-17T13:42:53Z,@shalinimathavan,Yo they gonna hit it big one day and I&#39;m gonna be proud of being with them right from the start,0
TNX,4C7xGubTL90,2022-05-17T13:42:43Z,@isela1112,Cant wait to see them do big things ❤️,0
TNX,4C7xGubTL90,2022-05-17T13:42:31Z,@andzvxxi,"La pregunta real es ¿Apoyaré a TNX en su debut? DEFINITIVAMENTE SI !! 💛🔥 Me encantó mucho la canción, la performance de los chicos, el ritmo, la coreo! Porque PNation es otro nivel y llegará muy lejos ! Gracias Psy y Phenomeco por formar tan bien a estos chicos ! TNX sé que serás grande! Tienen mi apoyo chicos 💎🎶🙌",0
TNX,4C7xGubTL90,2022-05-17T13:42:25Z,@natalyjang,No estaba lista para esto ... perooooo ahhhh<br>Lo ame ... ♡♡♡♡♡,2
TNX,4C7xGubTL90,2022-05-17T13:42:11Z,@AJ-xf1wj,WOW TNX AWESOME DEBUT SONG!!!🔥💙👍🏻❤️‍🔥😱,0
TNX,4C7xGubTL90,2022-05-17T13:42:10Z,@alexandracarpio2363,"LOS AMOOOOOOOO, SOY MUY TALENTOSOS LOS CHICOS!!",0
TNX,4C7xGubTL90,2022-05-17T13:42:08Z,@AsianCultureEnthusiast,"The visual is insane. I’m glad the choreo is not recycled from previous trends. I’m a fan of kpop for 12 years now, and I like how it’s something I don’t see often. <br><br>This is is just me, but because they are all visuals, like SERIOUSLY visual VISUALS. I couldn’t pick a member that stood out the best for me, someone who stuck with me the moment i saw him, like maybe it’s because of my tenure in kpop that I pretty much looked forward to that one particular member as I normally do. I guess since they’re still young they’re also still on the way to finding their true selves as a performer and what kind of image they want the people to remember them of.<br><br>But anyway, It’s too early, they’re just starting I’m sure they’ll be able to give that missing piece eventually. Don’t get me wrong this is still SO GOOD.",0
TNX,4C7xGubTL90,2022-05-17T13:42:01Z,@ceciliayw,SO PROUD,0
TNX,4C7xGubTL90,2022-05-17T13:42:01Z,@sstarsoull,FINALMENTE AAAAAAAAAAAAAA,0
TNX,4C7xGubTL90,2022-05-17T13:42:01Z,@official_aces_ph,Im obsessed!,1
TNX,4C7xGubTL90,2022-05-17T13:41:57Z,@azulvallardi4692,"Superaron todas mis expectativas, todos se lucieron y simplemente orgullosa de los chicos",0
TNX,4C7xGubTL90,2022-05-17T13:41:39Z,@WeCanTouchUtopia,omg they&#39;re so cool,0
TNX,4C7xGubTL90,2022-05-17T13:41:38Z,@jetblackwings-008,This song is so good I&#39;m already obsessed with this song &lt;3 ❤️,2
TNX,4C7xGubTL90,2022-05-17T13:41:30Z,@lover-ei5zw,"<a href=""https://www.youtube.com/watch?v=4C7xGubTL90&amp;t=104"">1:44</a> like boss",1
TNX,4C7xGubTL90,2022-05-17T13:41:24Z,@carolina_reaperssss,"DEFINITELY GONNA STAN ‼️<br>This Is Soooo LITTTT MANNNN… The Dance, The Vocals, AND GOD THE RAPPING  HAS ME BY THE THROAT ✨😅 I’m Ready For More Already <br>LETS GO TNX!!!!",21
TNX,4C7xGubTL90,2022-05-17T13:41:22Z,@viktoriyashlyakhtovich5217,Потрясный клип и песня🔥🔥🔥Мне очень понравилось.👍,1
TNX,4C7xGubTL90,2022-05-17T13:41:13Z,@bulatpetak2677,"KECE BANGET KONSEP NYAA, SUKAK BANGET TERUTAMA YANG BERNAMA OH SUNGJUNG LOPYUUU &gt;&lt;",2
TNX,4C7xGubTL90,2022-05-17T13:41:10Z,@sohyunasmr,"😭I&#39;m crying I can&#39;t believe this video has finally arrived, omg you guys are amazing and the music is amazing, everything is perfect.",18
TNX,4C7xGubTL90,2022-05-17T13:40:51Z,@flafibit,"Orgullosa de haber estado en el pre-debut y el debut, por fin lo lograron mis niños",2
TNX,4C7xGubTL90,2022-05-17T13:40:36Z,@happyyoung2307,oh i like move move part,1
TNX,4C7xGubTL90,2022-05-17T13:40:22Z,@rosaurbanopena7943,"Awww ameee grande debut los esperé tanto,, arte de mv : D",1
TNX,4C7xGubTL90,2022-05-17T13:40:20Z,@bulatpetak2677,KEREN BANGETTT,2
TNX,4C7xGubTL90,2022-05-17T13:40:16Z,@joylee9144,❤️❤️❤️❤️❤️❤️❤️❤️❤️,1
TNX,4C7xGubTL90,2022-05-17T13:40:11Z,@joylee9144,AHHHHHHH ITS SO GOOD IM SO PROUDDDDD,1
TNX,4C7xGubTL90,2022-05-17T13:40:00Z,@Sandy-vt3xl,เด็กๆเก่งมากๆเลยยยย,1
TNX,4C7xGubTL90,2022-05-17T13:39:59Z,@vincenzocassano1927,Minggir minggir wow ♥️😭,2
TNX,4C7xGubTL90,2022-05-17T13:39:54Z,@zeta650,BOP,1
TNX,4C7xGubTL90,2022-05-17T13:39:36Z,@holadani-oliva3734,"QUE BUEN DEBUT!! Estaba esperándolo con ansias y la verdad fue mucho mejor de lo que pensé. La verdad no sabía si seguiría a los chicos ya que no los conozco casi nada, pero esto me está diciendo que lo haga así que me daré el tiempo de conocerlos más \(^o^)/ <br>Felicidades chicos por su debut, fue increíble!",0
TNX,4C7xGubTL90,2022-05-17T13:39:36Z,@chiocrespo8939,Quitate de mi camino.. Amo esa frase..,0
TNX,4C7xGubTL90,2022-05-17T13:39:26Z,@kookiejk7616,乾杯、愛してる,0
TNX,4C7xGubTL90,2022-05-17T13:38:55Z,@hua_chi,The New siX 🤘🏻🤎<br>Congratulations for this amazing debut 🤎,0
TNX,4C7xGubTL90,2022-05-17T13:38:49Z,@dheaaprillia_3apc74,nangissss keren  bgtt 😭😭🥺🥺,2
TNX,4C7xGubTL90,2022-05-17T13:38:42Z,@izzatihmdi,Congrats on your debut tnx!! love you guys a lot &lt;33,1
TNX,4C7xGubTL90,2022-05-17T13:38:40Z,@pocoyo2688,the song is so good,1
TNX,4C7xGubTL90,2022-05-17T13:38:33Z,@pocoyo2688,Thx !! Tnxx ! Fighting,1
TNX,4C7xGubTL90,2022-05-17T13:38:27Z,@Namuscrab,I wasn&#39;t expecting this 💀💀 it&#39;s killing me boys best of luck 😌😌🌹🌹,2
TNX,4C7xGubTL90,2022-05-17T13:38:25Z,@staydontstray,I LOVE ITTTT ALL THE GROWTH AND PROGRESS THEY MADE SINCE LOUD IS REALLY REFLECTED IN THE SONG AND THE PERFORMANCE 😭,19
TNX,4C7xGubTL90,2022-05-17T13:38:23Z,@jomills4103,Wait...this is their DEBUT?!?! Consider me suitably impressed...WOW,1
TNX,4C7xGubTL90,2022-05-17T13:38:19Z,@cardososs,Perfct they dance,1
TNX,4C7xGubTL90,2022-05-17T13:38:19Z,@hlk6929,Congratulations on your debut! I wish you much success in the future! ❤️‍🔥,1
TNX,4C7xGubTL90,2022-05-17T13:38:18Z,@cyreal6869,I can’t stop listening to this song as well as the bsides! So good!,16
TNX,4C7xGubTL90,2022-05-17T13:38:12Z,@kira_14_06,"ESPERÉ TANTO PARA ESTE DÍA, TODOS SON INCREÍBLES TT &lt;3",9
TNX,4C7xGubTL90,2022-05-17T13:38:05Z,@newjeans3483,TNX is on the next level of monster rookie,2
TNX,4C7xGubTL90,2022-05-17T13:37:54Z,@chocochoco43,"Okay, estoy shockeada <br>El talento que se cargaaaan, la coreografía estuvo increíble, el rap, sus voces, todoooo<br><br>17 may 2022",2
TNX,4C7xGubTL90,2022-05-17T13:37:51Z,@rheaisnothere0_0,This is just on the next level,1
TNX,4C7xGubTL90,2022-05-17T13:37:41Z,@ArmyExol-wn4mu,I really like this MV and this group 🧡👌,1
TNX,4C7xGubTL90,2022-05-17T13:37:39Z,@30_nimadeanggitacahyanidew74,Woww keren bro,2
TNX,4C7xGubTL90,2022-05-17T13:37:38Z,@MissyDéli,This song and all the album : bop !,1
TNX,4C7xGubTL90,2022-05-17T13:37:35Z,@rheaisnothere0_0,Kyungjun&#39;s and hwi&#39;s rap🔥🔥🔥🔥,1
TNX,4C7xGubTL90,2022-05-17T13:37:32Z,@cheyoochi895,лучший дебют за последние пол года😔🤌🤌🤌🤌🤌,0
TNX,4C7xGubTL90,2022-05-17T13:37:27Z,@Torytoryjongtory,오.. 잘 뽑았다,0
TNX,4C7xGubTL90,2022-05-17T13:37:19Z,@mirna_7b807,anybody help me..<br>i&#39;m dying,0
TNX,4C7xGubTL90,2022-05-17T13:37:08Z,@dododoy5272,ALL THE POWERSS OMG!!!!!! KILLEDDDDDDDD!!!!!!!,0
TNX,4C7xGubTL90,2022-05-17T13:36:55Z,@morena_vega,buen debut,0
TNX,4C7xGubTL90,2022-05-17T13:36:54Z,@jeon_choso9624,Oh nicee!!!,0
TNX,4C7xGubTL90,2022-05-17T13:36:50Z,@remdadula6068,wow! so strong and catchy! congrats babies!!,0
TNX,4C7xGubTL90,2022-05-17T13:36:33Z,@keikun20480,"I just wanna say that I&#39;m proud to be a pre-debut fan.I&#39;m Stanning a right group with a full visual,Good Vocal and rap also Cool Performance.I just Remember Koki if he was there he would have made his debut today❤️",33
TNX,4C7xGubTL90,2022-05-17T13:36:19Z,@Prodyujinie,A new group to stan I guess huh,1
TNX,4C7xGubTL90,2022-05-17T13:36:14Z,@xinha.store.,"ame ame ame ame ame todo de la canción y la interpretación de los nenes fue increíble, este primer grupo de pnation va a ser un gran éxito estoy segura de eso, los voy a seguís animando hasta que lleguen al éxito chicos. <a href=""http://www.youtube.com/results?search_query=%23tnx"">#TNX</a> <a href=""http://www.youtube.com/results?search_query=%23pnation"">#PNATION</a>  <a href=""http://www.youtube.com/results?search_query=%23%ED%8B%B0%EC%97%94%EC%97%91%EC%8A%A4"">#티엔엑스</a> <a href=""http://www.youtube.com/results?search_query=%23%EB%B9%84%EC%BC%9C"">#비켜</a>",1
TNX,4C7xGubTL90,2022-05-17T13:36:09Z,@fbacpl,The album is not open on Spotify overseas!!!,0
TNX,4C7xGubTL90,2022-05-17T13:36:04Z,@nuraisy5949,Congratulations on your debut.💜💐,0
TNX,4C7xGubTL90,2022-05-17T13:36:03Z,@she7690,THIS IS A PURE MASTERPIECE!<br><br><br>STAN TNX &lt;33,1
TNX,4C7xGubTL90,2022-05-17T13:36:01Z,@rachanlie,At last. Congratulation for the debut. 🥰😘,0
TNX,4C7xGubTL90,2022-05-17T13:35:59Z,@halethnavh9251,Keren bgttt anjirrr,0
TNX,4C7xGubTL90,2022-05-17T13:35:57Z,@fajriningsih_septiani_,fighting for all of you<br><br><br><br><br>휘누나 사랑해,0
TNX,4C7xGubTL90,2022-05-17T13:35:36Z,@jenniferbl8011,Awesome debut!!,0
TNX,4C7xGubTL90,2022-05-17T13:35:31Z,@shahoda2508,Keep streaming THX 💕,0
TNX,4C7xGubTL90,2022-05-17T13:35:28Z,@trigonalpyramidal583,Aaaaaaasssssss,0
TNX,4C7xGubTL90,2022-05-17T13:35:27Z,@jaetmi868,"Personally this song is common to hear I thought they will make a new genre or unique song but,over all they are stunning.",5
TNX,4C7xGubTL90,2022-05-17T13:35:19Z,@dystopia_of2893,Que buen debut;-;,1
TNX,4C7xGubTL90,2022-05-17T13:35:05Z,@christinasasipa4232,"The MV is so good, everyone is handsome. Love it.❤️❤️",0
TNX,4C7xGubTL90,2022-05-17T13:35:01Z,@armelmaharani,omg suka suka suka banget,1
TNX,4C7xGubTL90,2022-05-17T13:34:59Z,@dododoy5272,CONGRATZZZZ MA BOYSSSSSSS!!!!! LOVE THIS SO MUCCCHHIIIIII!!!!! WAAAAAA!!!!!!,0
TNX,4C7xGubTL90,2022-05-17T13:34:53Z,@isabeligonzalez6729,"Wow P Nation vuelve a  sorprenderme, están en buenas manos chicos, ¡fighting!",232
TNX,4C7xGubTL90,2022-05-17T13:34:51Z,@intaneka7690,This is amazing,0
TNX,4C7xGubTL90,2022-05-17T13:34:43Z,@pachikonnnn,TNX fighting!!!,0
TNX,4C7xGubTL90,2022-05-17T13:34:42Z,@coaichan,티엔엑스 데뷔 축하해~<br>경준이 사랑해,0
TNX,4C7xGubTL90,2022-05-17T13:34:37Z,@nicewl,THIS IS DEFINITELY WORTH THE WAIT!!,6
TNX,4C7xGubTL90,2022-05-17T13:34:36Z,@intaneka7690,congrats on your debut. I&#39;m proud of TNX. You all are amazing. the struggle is not easy to get here. I am happy and I will always support you. I hope you will be more successful.,0
TNX,4C7xGubTL90,2022-05-17T13:34:28Z,@elijahmaejoven8924,dami ads waw sanaol.,0
TNX,4C7xGubTL90,2022-05-17T13:34:25Z,@seliantello3,felicitaciones!!!! lo hicieron increible!!,0
TNX,4C7xGubTL90,2022-05-17T13:34:16Z,@Belxdh,congratulations on your debut guys! 💜💜💜💜💜,0
TNX,4C7xGubTL90,2022-05-17T13:34:08Z,@s.sj710,TNX is here and with an AMAZING debut song!! 🥳❤,1
TNX,4C7xGubTL90,2022-05-17T13:34:07Z,@kmgseventeen4030,THIS IS SO CATCHY AND THE BEAT DROP IS SO IMMACULATE,0
TNX,4C7xGubTL90,2022-05-17T13:33:59Z,@nicole3quimbiulco273,Waaaaa nombraron a pnation :3 que bonita canción y el sonido waaaaa a me encantó esta canción y que bonitas voces de los chicos :3,1
TNX,4C7xGubTL90,2022-05-17T13:33:48Z,@스뎅의효과,싸이 피네이션이라 다를줄 알았더니 아이콘 스트레이키즈 에이티즈 찜뽕… 전혀 특색이없다… 애들은 잘하던데..,0
TNX,4C7xGubTL90,2022-05-17T13:33:46Z,@Jenniexx48,Stream kasmaca başlasın,0
TNX,4C7xGubTL90,2022-05-17T13:33:46Z,@flaviokauealcantara2737,the best debut!,0
TNX,4C7xGubTL90,2022-05-17T13:33:44Z,@dshinc,This is one of the best debut song... Like sheeshhh Psy is really good at picking trainees...,0
TNX,4C7xGubTL90,2022-05-17T13:33:39Z,@patysemaan6365,Ouu I likee!,0
TNX,4C7xGubTL90,2022-05-17T13:33:23Z,@fionad8314,Choreography is on another level even the rap part😭😍,2
TNX,4C7xGubTL90,2022-05-17T13:33:00Z,@shyntadian1314,VISUAL AFTER VISUAL AFTER VISUAL 😵😵😵😵,0
TNX,4C7xGubTL90,2022-05-17T13:32:57Z,@nicetess406,👏👏👏🇧🇷🇧🇷🇧🇷,0
TNX,4C7xGubTL90,2022-05-17T13:32:53Z,@RuLa루나,드디어 공개가 되었네요...  응원합니다...<br>얘들아.. 데뷔 축하해 ~^^  앞으로 좋은 음악 많이 들려줘,0
TNX,4C7xGubTL90,2022-05-17T13:32:34Z,@briannaas,Love you guysss,1
TNX,4C7xGubTL90,2022-05-17T13:32:33Z,@hellen_diary,The &#39;비켜라 비켜&#39; part is so addictive!!!! i love it,1
TNX,4C7xGubTL90,2022-05-17T13:32:33Z,@yookiyoshito8490,great song ❤️❤️❤️❤️❤️❤️<br>🇵🇱💜🇰🇷,0
TNX,4C7xGubTL90,2022-05-17T13:32:25Z,@renattabf,DEBUT,0
TNX,4C7xGubTL90,2022-05-17T13:32:20Z,@I83-k7c,เด็กๆ♡(&gt; ਊ &lt;)♡,0
TNX,4C7xGubTL90,2022-05-17T13:32:15Z,@giulianaalvarez8231,Las partes de hyunsoo son mis favs 😍😍😍,2
TNX,4C7xGubTL90,2022-05-17T13:31:54Z,@paulinetoledo8993,Omgggggggggggg ❤❤❤❤,0
TNX,4C7xGubTL90,2022-05-17T13:31:48Z,@bangpink2771,ALL ROUNDERS TNX !!,0
TNX,4C7xGubTL90,2022-05-17T13:31:40Z,@dshinc,Everything is this m/v is 1000% so good!,0
TNX,4C7xGubTL90,2022-05-17T13:31:32Z,@Арзыгуль-ц4щ,"Запомните, эта группа станет популярной во всем мире",0
TNX,4C7xGubTL90,2022-05-17T13:31:25Z,@kaneysss,I don&#39;t have a bias anymore,1
TNX,4C7xGubTL90,2022-05-17T13:31:22Z,@reginafortunata3171,SOOOOO in loveeee. and also prechorus and chorus literally so captivating. and alsoo orange jang hyun soo supremacy!,8
TNX,4C7xGubTL90,2022-05-17T13:31:20Z,@yeahhigherthanskytree3042,ほんとに1作目？クオリティ高すぎる！,0
TNX,4C7xGubTL90,2022-05-17T13:31:18Z,@mariajoserodrigueztovar4182,"TNX son increibles, son un grupo muy completo, espero que todo lo que se han esforzado hasta llegar hasta aqui sea recompezado",0
TNX,4C7xGubTL90,2022-05-17T13:31:13Z,@bangpink2771,CONGRATS ON YOUR DEBUT !!,0
TNX,4C7xGubTL90,2022-05-17T13:31:12Z,@cmarcondi,Perfeito 😭😭😭😭,0
TNX,4C7xGubTL90,2022-05-17T13:31:05Z,@bangpink2771,I WAS NOT READY FOR THIS,0
TNX,4C7xGubTL90,2022-05-17T13:30:57Z,@bangpink2771,I AM LITERALLY AT LOSS FOR WORDS RN MY JAW DROPPED THE SECOND THE MV STARTED WHAT THE FUCK THEY LITERALLY WENT OFF,9
TNX,4C7xGubTL90,2022-05-17T13:30:57Z,@seely_winterly,"que gran debut verdaderamente, estos chicos la van a romper tienen demasiado talento",0
TNX,4C7xGubTL90,2022-05-17T13:30:57Z,@dinamazia6951,Candu sama bikyora bikyo,0
TNX,4C7xGubTL90,2022-05-17T13:30:49Z,@Арзыгуль-ц4щ,"Вау , капец",0
TNX,4C7xGubTL90,2022-05-17T13:30:38Z,@nuryaniazqia842,TNX !! HWAITING ♡♡,0
TNX,4C7xGubTL90,2022-05-17T13:30:38Z,@staaaa9167,Wow,2
TNX,4C7xGubTL90,2022-05-17T13:30:38Z,@dinamazia6951,"minggiro, minggir",0
TNX,4C7xGubTL90,2022-05-17T13:30:35Z,@dshinc,this is one of the best debut song... Like no cap!,0
TNX,4C7xGubTL90,2022-05-17T13:30:32Z,@jazminlpzp,Ah!!! Pero que perro está el vídeo,0
TNX,4C7xGubTL90,2022-05-17T13:30:21Z,@bangpink2771,I AM LITERALLY SO SHOCKED RN,0
TNX,4C7xGubTL90,2022-05-17T13:29:52Z,@hellen_diary,los fans de latinoamerica presentes aqui uuuuuuuuuuuuuuu TNX!!!!!,1
TNX,4C7xGubTL90,2022-05-17T13:29:48Z,@penel8pe,TOO GOOD,0
TNX,4C7xGubTL90,2022-05-17T13:29:45Z,@anamendez7785,TNX thank you for this amazing album,0
TNX,4C7xGubTL90,2022-05-17T13:29:43Z,@edaaa2359,Wow,2
TNX,4C7xGubTL90,2022-05-17T13:29:27Z,@erikad0511,Now I know a new word bc that 비켜 part is so dang catchy :) congrats on the debut,9
TNX,4C7xGubTL90,2022-05-17T13:29:19Z,@_yatiu4850,Amo los subtítulos en español ♡♡♡♡♡,1
TNX,4C7xGubTL90,2022-05-17T13:29:07Z,@nelvi_7,Vamos por el 1M!! Lets go THX,1
TNX,4C7xGubTL90,2022-05-17T13:28:56Z,@jeonalma2609,Ya buena la canción,1
TNX,4C7xGubTL90,2022-05-17T13:28:55Z,@allii07,Omg,1
TNX,4C7xGubTL90,2022-05-17T13:28:53Z,@elizabethgracida932,"My children finally debuted, I&#39;m so happy, the debut is so amazing I didn&#39;t expect less from them, all the lines are amazing I can&#39;t stop listening to it, I love them!!! &lt;3",20
TNX,4C7xGubTL90,2022-05-17T13:28:38Z,@HeeseungStanForever,Their rap is dangerous for my life <br>ROTY,3
TNX,4C7xGubTL90,2022-05-17T13:28:34Z,@ttnabila1871,wow i love itttt,3
TNX,4C7xGubTL90,2022-05-17T13:28:33Z,@yoongisyn7968,FINALKLYYYY,1
TNX,4C7xGubTL90,2022-05-17T13:28:31Z,@gerbera431,"Congratulations on your &quot;DEBUT&quot;, TNX!",3
TNX,4C7xGubTL90,2022-05-17T13:28:30Z,@_yatiu4850,P Nation 🔥,1
TNX,4C7xGubTL90,2022-05-17T13:28:30Z,@farsanafarzz7431,"Congratulations for your debut, doesn&#39;t seems like a rookie group, fighting",15
TNX,4C7xGubTL90,2022-05-17T13:28:16Z,@_yatiu4850,Woww tienen mucho flowww,1
TNX,4C7xGubTL90,2022-05-17T13:28:14Z,@sachiniperera4860,I honestly have no words.... EVERYTHING&#39;S AMAZING! From the choreo to vocals to dancing to rapping... this is insanely amazing!!! All the best. You&#39;ll do great! Sarangheee!,35
TNX,4C7xGubTL90,2022-05-17T13:28:12Z,@bwanamaria9590,"The lyrics, the look, the vocals perfectly matched and blended AND let’s not forget the sick choreo! I think the world knows you’ve arrived🙌🏽💯",194
TNX,4C7xGubTL90,2022-05-17T13:28:07Z,@palak_uwu,The bikhyo ro bikhyo is chef&#39;s kiss,1
TNX,4C7xGubTL90,2022-05-17T13:28:06Z,@saravalenhb,❤️❤️❤️,1
TNX,4C7xGubTL90,2022-05-17T13:28:06Z,@jorlenycutipa9984,"Esto necesita volverse viral, TIENEN TALENTO.<br>Estaba emocionada esperando su debut, y ahora estoy demasiado contenta, espero que estos chicos lleguen lejos, a apoyarlos &gt;:3",5
TNX,4C7xGubTL90,2022-05-17T13:28:06Z,@ぴんたん-s1e,デビューおめでとうございます。<br>とてもカッコいい曲ですね。<br>でも、ここまできても、画面の中に、歌声の中に、ダンスの中にコウキKOKIを探す自分がいます。待ってるからねコウキ！<br>고키 하이팅 ！,2
TNX,4C7xGubTL90,2022-05-17T13:28:00Z,@Kpopvideos_now,"I know we can trust P NATION for their artists&#39; promotions, they&#39;re talented af",239
TNX,4C7xGubTL90,2022-05-17T13:27:55Z,@butterun,Hwi rap is very cool. I just wish could hear it more,3
TNX,4C7xGubTL90,2022-05-17T13:27:55Z,@arthurhamada9529,"Great start, TNX!!! Let&#39;s keep moving forward ~",2
TNX,4C7xGubTL90,2022-05-17T13:27:49Z,@zombie-em4jo,Amo amo,1
TNX,4C7xGubTL90,2022-05-17T13:27:41Z,@blossom7944,They&#39;re soo good!! Keep it up boys!!,3
TNX,4C7xGubTL90,2022-05-17T13:27:24Z,@luanafelix375,I guess we all agree this was all beyond our expectations.,7
TNX,4C7xGubTL90,2022-05-17T13:27:23Z,@Jessica-fy6ts,This has to be one of the best debuts. <br>And the Pre-Chorus is soo good!!!,13
TNX,4C7xGubTL90,2022-05-17T13:27:17Z,@eshitachirom2428,waited long for you guys...so happy for you....proud of supporting ya&#39;ll from the very first,2
TNX,4C7xGubTL90,2022-05-17T13:27:08Z,@_nahyma,they are so good,2
TNX,4C7xGubTL90,2022-05-17T13:27:01Z,@meyoungie,congratulations on your debut!!! this was so good!!,1
TNX,4C7xGubTL90,2022-05-17T13:26:59Z,@MiSaMo7,너희들은 놀랍다 나는 너희가 자랑스럽다 ♥️,2
TNX,4C7xGubTL90,2022-05-17T13:26:56Z,@fitrianurulizza4318,Rap hwi 🥰,1
TNX,4C7xGubTL90,2022-05-17T13:26:56Z,@kwontolee,"NOOOO, PEROOO QUE JOYAAAAAAAAAAAAAAAAAAAAAAAAAAAAAAAAAAAAAA",2
TNX,4C7xGubTL90,2022-05-17T13:26:54Z,@estefaniaandrade9887,"Asombroso está es  una muy buena canción, felicidades por su debut, y suerte",1
TNX,4C7xGubTL90,2022-05-17T13:26:50Z,@tojo_077,My haaaaaaarrerettttttt,1
TNX,4C7xGubTL90,2022-05-17T13:26:46Z,@piyakmaknae6742,be confused,1
TNX,4C7xGubTL90,2022-05-17T13:26:43Z,@lisabedoya3307,Felicidades por su debut 🥺🥺🥺🥰,2
TNX,4C7xGubTL90,2022-05-17T13:26:29Z,@nabihahms3797,ADDICTED!!!! everything is chef kiss!!,1
TNX,4C7xGubTL90,2022-05-17T13:26:29Z,@nursyazwani3182,CONGRATS ! OUR FANDOM NAME IS THX !,1
TNX,4C7xGubTL90,2022-05-17T13:26:19Z,@anaamaureen,MASTERPIECE,1
TNX,4C7xGubTL90,2022-05-17T13:26:16Z,@ddaddidi,First of all it&#39;s AMAZIIINNNNNGGGG DEBUT SONG!1!1,1
TNX,4C7xGubTL90,2022-05-17T13:26:04Z,@kyujun1656,This looks <br>Like a comeback more than a debut ngl,3
TNX,4C7xGubTL90,2022-05-17T13:26:03Z,@웃경준,데뷔곡 진심 피네이션이란 느낌 팍팍든당 비켜라 비켜~,1
TNX,4C7xGubTL90,2022-05-17T13:26:02Z,@arthurhamada9529,EUNHWIIIIII,1
TNX,4C7xGubTL90,2022-05-17T13:25:56Z,@ravenblack1651,"Espere tanto tiempo por esto, estoy feliz por ellos al fin Debutaron",177
TNX,4C7xGubTL90,2022-05-17T13:25:52Z,@amapola9278,☘💐,1
TNX,4C7xGubTL90,2022-05-17T13:25:49Z,@penel8pe,OMG,1
TNX,4C7xGubTL90,2022-05-17T13:25:45Z,@arthurhamada9529,"amazing boys, amazing music",1
TNX,4C7xGubTL90,2022-05-17T13:25:42Z,@마벨러스-c6d,YG+HYBE,0
TNX,4C7xGubTL90,2022-05-17T13:25:42Z,@Theoneandonlybish,THE POTENTIAL YALL<br>I can already tell they gonna be big<br>they just need to keep this up and with the right management they&#39;ll be big in no time,15
TNX,4C7xGubTL90,2022-05-17T13:25:40Z,@lee-ur4rp,I CANT BELIEVE THIS IS A DEBUT WTFFFFFFFFFFFFFF,1
TNX,4C7xGubTL90,2022-05-17T13:25:34Z,@kyujun1656,I may have broken the replay button 😬,1
TNX,4C7xGubTL90,2022-05-17T13:25:32Z,@srijamelati33,Koki? 🥺,1
TNX,4C7xGubTL90,2022-05-17T13:25:24Z,@SARALISSAJASMINE,Damage dia dahsyat,0
TNX,4C7xGubTL90,2022-05-17T13:25:17Z,@kijoringg7268,"&quot;Shine a brighter light&quot;.. &quot; so no one can get in our way, again again again&quot;  words that have meaning for me... i like<br>STAN TNX",69
TNX,4C7xGubTL90,2022-05-17T13:25:15Z,@brendamartinez5616,Al fin <br>Me encanta!!!+,2
TNX,4C7xGubTL90,2022-05-17T13:25:11Z,@kld9966,AMAZINGGGGGG!!!,1
TNX,4C7xGubTL90,2022-05-17T13:24:58Z,@salvialover_margarita,"OMG, I really liked the song👌, all rap, voice, choreography, etc, it complements perfectly &lt;3",14
TNX,4C7xGubTL90,2022-05-17T13:24:56Z,@lim_malo778,Estoy a tus pies MOVE,1
TNX,4C7xGubTL90,2022-05-17T13:24:46Z,@user-nx1do4js6x,&lt;33,0
TNX,4C7xGubTL90,2022-05-17T13:24:45Z,@Orangutang06,ВАУ ВАУ ВАУ ВАУ ВАУ,0
TNX,4C7xGubTL90,2022-05-17T13:24:36Z,@arthurhamada9529,TNX let&#39;s gooooo,1
TNX,4C7xGubTL90,2022-05-17T13:24:31Z,@Activadaful,❤️❤️❤️❤️❤️❤️,0
TNX,4C7xGubTL90,2022-05-17T13:24:30Z,@josephinewadhi7992,Semangat 🔥,1
TNX,4C7xGubTL90,2022-05-17T13:24:29Z,@mayuhuening3552,OMG<br>I just woke up and the first thing I hear is the best debut of this year,0
TNX,4C7xGubTL90,2022-05-17T13:24:22Z,@natashahyung5585,Psy used to be in YG &amp; has artist of authentic rap so it makes sense hiphop will be their specialty. 4th gen will be run by treasure &amp; them. They r already unique because not growing wit the average idol but actual rappers like Jessi &amp; crush and swings etc in their label &amp; they will have freedom to not act fake &amp; date. They will be diff.,0
TNX,4C7xGubTL90,2022-05-17T13:24:21Z,@mmrekkmmtf13,Kings:))))))))),0
TNX,4C7xGubTL90,2022-05-17T13:24:20Z,@lim_malo778,Ánimo THX nosotros podemos <br>Hacer que está hermosa canción escrita por los chicos tengan el éxito que se merece <br>El esfuerzo de los chicos lo recompensaremos,0
TNX,4C7xGubTL90,2022-05-17T13:24:13Z,@hyunsuk3581,KEREN BANGET,0
TNX,4C7xGubTL90,2022-05-17T13:24:12Z,@rosangelagomes7225,"At 5 seconds into the song, I had already fallen in love. Worth the wait, did not disappoint, everything was amazing.<br>Perfect vocals, amazing rapper, wonderful visuals, everything is beautiful!<br>Thanks for this!",6
TNX,4C7xGubTL90,2022-05-17T13:24:12Z,@arthurhamada9529,Sungjun pogi,0
TNX,4C7xGubTL90,2022-05-17T13:23:52Z,@treasurexpnationteam635,No.1 generation 4 !!,1
TNX,4C7xGubTL90,2022-05-17T13:23:48Z,@kld9966,AMAZINGGGGGG!!!,0
TNX,4C7xGubTL90,2022-05-17T13:23:42Z,@estefanyherrera412,"Finalmente mis niños tienen su debut tan esperado y merecido:´) Estoy tan orgullosa, Son tan talentosos, THX estará siempre amandolos y apoyandolos &lt;3",1
TNX,4C7xGubTL90,2022-05-17T13:23:40Z,@micatoledo4898,"OMG Los acabo de conocer y me encantan!!! Los vocales que se cargan, la coordinación en las coreografías nono amo todo!!!",0
TNX,4C7xGubTL90,2022-05-17T13:23:35Z,@ttpmiii4267,Hwi goodddd🤏🏻,0
TNX,4C7xGubTL90,2022-05-17T13:23:30Z,@-tua7309,YUH ŞAKA MI,0
TNX,4C7xGubTL90,2022-05-17T13:23:27Z,@mildredmones93,From LOUD TO THIS !!!  GO TNX!!!!!,0
TNX,4C7xGubTL90,2022-05-17T13:23:23Z,@ЕкатеринаТорокова-ъ7е,so cool,0
TNX,4C7xGubTL90,2022-05-17T13:23:10Z,@cndyynation3303,كلش حلو,0
TNX,4C7xGubTL90,2022-05-17T13:23:09Z,@kyuuubin6691,TAEHUN ANJIR AMHDJSBSBA,0
TNX,4C7xGubTL90,2022-05-17T13:23:04Z,@damiaaa8411,They really work hard for their debut 🤍🥺,1
TNX,4C7xGubTL90,2022-05-17T13:23:03Z,@lim_malo778,"Y todos lo que busca está aquí, TNX lo tienen",0
TNX,4C7xGubTL90,2022-05-17T13:23:02Z,@lyan.luvhoon738,THX!! SEMANGAT STREAMING!!!,0
TNX,4C7xGubTL90,2022-05-17T13:22:57Z,@user00412,"One word, proud.",0
TNX,4C7xGubTL90,2022-05-17T13:22:56Z,@s01karr,Crying over Junhyeok and Sungjun handsomeness T_T,0
TNX,4C7xGubTL90,2022-05-17T13:22:54Z,@pikkibubu701,หล่อออแตละคนหล่อมากกกกกกอึนฮวี จุนฮยอกคือเด่นมากกกกเพลงเท่มากถึงไม่รู้คำแปลแต่เพราะมากเลยเสียงเด็ก❤️พัฒนาต่อไปน้าาา,0
TNX,4C7xGubTL90,2022-05-17T13:22:54Z,@arthurhamada9529,ILY,0
TNX,4C7xGubTL90,2022-05-17T13:22:53Z,@estelleschaap5033,HOW ARE THEY SO HANDSOME omg im gonna cry fr,0
TNX,4C7xGubTL90,2022-05-17T13:22:49Z,@kyuuubin6691,ANJIR ANJIR JUNHYEOK COYYY QNDGHA PACAR GUA ANJIR GANTENG ABHEGT,0
TNX,4C7xGubTL90,2022-05-17T13:22:49Z,@cndyynation3303,حبييييييت,0
TNX,4C7xGubTL90,2022-05-17T13:22:47Z,@lyan.luvhoon738,Lagunya canduu plss,0
TNX,4C7xGubTL90,2022-05-17T13:22:37Z,@damiaaa8411,The debut song really amazing 🤩🤩🤩🤩,1
TNX,4C7xGubTL90,2022-05-17T13:22:33Z,@yyav.5519,We love u tnx,0
TNX,4C7xGubTL90,2022-05-17T13:22:30Z,@selena8216,"Vocal, rap, dance, very nice love this mv",0
TNX,4C7xGubTL90,2022-05-17T13:22:25Z,@kyuuubin6691,HAGSHAGA AKHIRNYA AYANG GUEEE,0
TNX,4C7xGubTL90,2022-05-17T13:22:15Z,@madao2794,This will be on my &quot;workout/gym&quot; playlist,1
TNX,4C7xGubTL90,2022-05-17T13:22:06Z,@myintmyatthu2749,the best group,0
TNX,4C7xGubTL90,2022-05-17T13:22:05Z,@estefanyherrera412,"¿Mejores vocales? Si<br>¿Mejores raperos? Si<br>¿Mejores visuales? Si<br>¿Mejores vestuarios? Si<br>¿Mejores escenarios? Si<br>¿Los Mejores? TNX&lt;3",2
TNX,4C7xGubTL90,2022-05-17T13:22:03Z,@johanatorresventuro463,very good ... I like the song 🎤👌,0
TNX,4C7xGubTL90,2022-05-17T13:22:00Z,@yyav.5519,Rap and vocal and everything was beautyy,0
TNX,4C7xGubTL90,2022-05-17T13:21:58Z,@28_sukrittasomkhaiwan46,ดีมากกกกก😳,0
TNX,4C7xGubTL90,2022-05-17T13:21:55Z,@pikkibubu701,ซองจุนนนนนนน,0
TNX,4C7xGubTL90,2022-05-17T13:21:08Z,@jhulye_min1685,Mi tema más personal 🛐,1
TNX,4C7xGubTL90,2022-05-17T13:21:01Z,@rossl2237,EL MEJOR DEBUT DEL AÑOO!!! TNX WE LOVE U,0
TNX,4C7xGubTL90,2022-05-17T13:21:00Z,@juanapizarro5412,"Porfin!!!!!    Que rolón lo tendre en mi mente toda la semana, mes, año",1
TNX,4C7xGubTL90,2022-05-17T13:20:56Z,@yyav.5519,Omg so so so good i live it,0
TNX,4C7xGubTL90,2022-05-17T13:20:48Z,@molikathor2310,A song that 1st time listening and u’re hooked 🤌🏻❤️‍🔥 it’s insane that the beat drop in the first 10sec of the song!!!,8
TNX,4C7xGubTL90,2022-05-17T13:20:47Z,@nurlailawati5149,Hallo<br>I&#39;m from Indonesian<br>I like TNX💙,0
TNX,4C7xGubTL90,2022-05-17T13:20:46Z,@farsanafarzz7431,"Hooked with the rap, everything is fine with them",0
TNX,4C7xGubTL90,2022-05-17T13:20:45Z,@dayeon126,Powerful,0
TNX,4C7xGubTL90,2022-05-17T13:20:44Z,@hamnahmisbahuddin7799,All perfectt through out this mv..verryyyy coool..😎😎💪💪i give this..💪💪👍👍👍🔥🔥💥,0
TNX,4C7xGubTL90,2022-05-17T13:20:40Z,@zomx6818,Fire 🔥,0
TNX,4C7xGubTL90,2022-05-17T13:20:13Z,@zulaiqah7653,they&#39;re so talented,0
TNX,4C7xGubTL90,2022-05-17T13:20:13Z,@ز-11ن,جمالهم يجنن وصوت كلشيء حرفيا,0
TNX,4C7xGubTL90,2022-05-17T13:20:11Z,@nononon666,待ちに待ってた😭💕,0
TNX,4C7xGubTL90,2022-05-17T13:20:02Z,@kld9966,Wowwwwwww they&#39;re so cool,0
TNX,4C7xGubTL90,2022-05-17T13:19:57Z,@ririsuam1907,"Aaaaaaa...... mengapa kalian begitu keren?<br>Biasku,kyungjun ku saranghe",0
TNX,4C7xGubTL90,2022-05-17T13:19:53Z,@parkyosi2797,"🔥🔥🔥🔥awesome,❤️❤️❤️❤️❤️",0
TNX,4C7xGubTL90,2022-05-17T13:19:53Z,@Jongini_exo,First of all they all look so good <br>2nd the song is so good it&#39;s hip and good for debut <br>3rd their rappers are good<br>And last TNX fighting,7
TNX,4C7xGubTL90,2022-05-17T13:19:43Z,@marialucielemoreira4231,Perfectos,1
TNX,4C7xGubTL90,2022-05-17T13:19:41Z,@Maralfaroramos,Wowwwwwwww that’s PNATION that’s TNX… so proud of this boys .,4
TNX,4C7xGubTL90,2022-05-17T13:19:35Z,@Trip_Lokaltour_id,Keren 👍,0
TNX,4C7xGubTL90,2022-05-17T13:19:32Z,@yunitamaryani2406,GO TNX !!!,0
TNX,4C7xGubTL90,2022-05-17T13:19:24Z,@melany_nxq,💗💗💗💗,0
TNX,4C7xGubTL90,2022-05-17T13:19:17Z,@melany_nxq,Congratulations on your debut,0
TNX,4C7xGubTL90,2022-05-17T13:19:15Z,@CristineRomano-h9p,JUNHYEOK&#39;S VOCALS NEVER FAIL HE&#39;S SO AMAZING,18
TNX,4C7xGubTL90,2022-05-17T13:19:14Z,@fitrianurulizza4318,Hwiiiiiiii,0
TNX,4C7xGubTL90,2022-05-17T13:19:13Z,@shuttgchannel8579,Congrats,0
TNX,4C7xGubTL90,2022-05-17T13:19:08Z,@melany_nxq,Felicitaciones por su debut,0
TNX,4C7xGubTL90,2022-05-17T13:19:00Z,@esn343,TNW LET&#39;S GOOO,0
TNX,4C7xGubTL90,2022-05-17T13:18:57Z,@fiorellamarino4325,YESSSSSSS 👍🏻👍🏻👍🏻👍🏻👍🏻❤️❤️❤️❤️❤️,0
TNX,4C7xGubTL90,2022-05-17T13:18:56Z,@zkdlinda88,Akhirnya selamat yah dah debut btw kangen kokii wkwk,0
TNX,4C7xGubTL90,2022-05-17T13:18:44Z,@melany_nxq,SOTYYY,0
TNX,4C7xGubTL90,2022-05-17T13:18:39Z,@melany_nxq,Stan TNX,0
TNX,4C7xGubTL90,2022-05-17T13:18:30Z,@melany_nxq,El grupo es tan completo aaahhh los amoooo,0
TNX,4C7xGubTL90,2022-05-17T13:18:18Z,@diamondcarat_TWS,The beat drop is very good.,1
TNX,4C7xGubTL90,2022-05-17T13:18:17Z,@fitrianurulizza4318,Hyunsoo yaaaa,1
TNX,4C7xGubTL90,2022-05-17T13:18:08Z,@똥그리s2,비켜라비켜~*-*,0
TNX,4C7xGubTL90,2022-05-17T13:18:00Z,@high2un4u,The way I’m obsessed with this song 😤😭,0
TNX,4C7xGubTL90,2022-05-17T13:17:58Z,@liptonholic_toxic9112,o my goodness <br>i had a hurt attack <br>it`s so fantastic!!! I wanna be your fan haha,0
TNX,4C7xGubTL90,2022-05-17T13:17:55Z,@fetus1475,SUCH A STRONG START FOR A DEBUT SONG OMG AS EXPECTED FROM PNATION!!! <br>CONGRATULATIONS FOR DEBUTING MY BABIES!!!!,0
TNX,4C7xGubTL90,2022-05-17T13:17:53Z,@Plato556,"I&#39;d like to think Daniel directed this 🥲<br><br>Amazing job TNX, everything came out perfect!",0
TNX,4C7xGubTL90,2022-05-17T13:17:48Z,@gracielasilvestre917,✨✨✨✨,0
TNX,4C7xGubTL90,2022-05-17T13:17:48Z,@thalitavina2756,finally,0
TNX,4C7xGubTL90,2022-05-17T13:17:41Z,@thalitavina2756,so proud🥺,0
TNX,4C7xGubTL90,2022-05-17T13:17:39Z,@high2un4u,Definitely stanning themmm,0
TNX,4C7xGubTL90,2022-05-17T13:17:30Z,@thalitavina2756,i love you guys so much!!,0
TNX,4C7xGubTL90,2022-05-17T13:17:29Z,@adilenegarcia6194,Weeeeeey AAHHHHHH hay que cuidarlos 🤧💖,0
TNX,4C7xGubTL90,2022-05-17T13:17:25Z,@fitrianurulizza4318,Hyunsoo,1
TNX,4C7xGubTL90,2022-05-17T13:17:23Z,@sajanisenanayake9283,Talent at its finest 😍,0
TNX,4C7xGubTL90,2022-05-17T13:17:22Z,@dikshaverma1334,Well done guys this is the best debut that I have ever seen.....,1
TNX,4C7xGubTL90,2022-05-17T13:17:13Z,@bubble6309,💚💚💚💚,0
TNX,4C7xGubTL90,2022-05-17T13:17:03Z,@eri_lol2002,It’s a longer than average song and I still did not want it to end so soon. Instant replay,0
TNX,4C7xGubTL90,2022-05-17T13:17:01Z,@duoshuai_89,삼십대 아줌마가 말해도 될까..<br>사랑해ㅠㅜㅠ아가들ㅠㅠㅜㅠㅜㅠ<br>역시 무대체질이다 진짜...다들최고야ㅠㅠ,0
TNX,4C7xGubTL90,2022-05-17T13:16:55Z,@dramakimchi.upasana,I wasn&#39;t ready for this 🤌❤️<br>Everything was so perfect. I was literally shouting. Well done everyone. Keep going 🤗 Fighting ✊,257
TNX,4C7xGubTL90,2022-05-17T13:16:43Z,@vane6924,"Qué bonitos escenarios, la vibra que los chicos dan es muy buena, me gustó mucho ^~^",0
TNX,4C7xGubTL90,2022-05-17T13:16:35Z,@isayr.7006,"I remember watching them in LOUD, they are born this keep slaying! So proud!",5
TNX,4C7xGubTL90,2022-05-17T13:16:32Z,@stanstan5826,they already stole my heart,0
TNX,4C7xGubTL90,2022-05-17T13:16:27Z,@inmarthasfilm9160,THX IN HEREEEEE ‼️🔥,0
TNX,4C7xGubTL90,2022-05-17T13:16:25Z,@zywieczdrojlovepage6606,SLAYY,0
TNX,4C7xGubTL90,2022-05-17T13:16:23Z,@Nadia-fu5yy,THEYRE GOOD AT EVERYTHING🥵,1
TNX,4C7xGubTL90,2022-05-17T13:16:21Z,@memovjg,damnnn thats some talent right there,0
TNX,4C7xGubTL90,2022-05-17T13:16:19Z,@diamondcarat_TWS,Not a fan of this group but the song and mv is totally my style.  Gonna Stan them now,20
TNX,4C7xGubTL90,2022-05-17T13:16:17Z,@herlinaandzieci789,Huaaaa kereennn,0
TNX,4C7xGubTL90,2022-05-17T13:16:16Z,@clomaquis8414,"TNX DEBUT, ESTOY JODIDAMENTE ORGULLOSO",0
TNX,4C7xGubTL90,2022-05-17T13:16:09Z,@febfeb8443,Woww OMG,1
TNX,4C7xGubTL90,2022-05-17T13:15:54Z,@lua.feitosa,"Pnation congrats for the great job, TNX debut is just perfect",10
TNX,4C7xGubTL90,2022-05-17T13:15:53Z,@mayamay542,Suerte chicos,0
TNX,4C7xGubTL90,2022-05-17T13:15:48Z,@farratazkia,Candu sama bikyeora bikyeo,0
TNX,4C7xGubTL90,2022-05-17T13:15:41Z,@misterbyun,Ağzından salya akan imoci,0
TNX,4C7xGubTL90,2022-05-17T13:15:22Z,@bagaswinarta7839,The beat super cool!,0
TNX,4C7xGubTL90,2022-05-17T13:15:11Z,@aghnianzhanidwiastuti0904,"Congratulations on your debut Kyungjun, Taehun, Hyunsoo, Junhyeok, Hwi, and Sungjun. I&#39;m looking forward to this, I&#39;m touched and happy can see you debut. Let&#39;s step together and achieve high success. TNX and THX, Come on We can do this. Fighting 🥳❣❣",4
TNX,4C7xGubTL90,2022-05-17T13:14:41Z,@Theoneandonlybish,"FOR THE NEWBIES:)<br>Taehun: <a href=""https://www.youtube.com/watch?v=4C7xGubTL90&amp;t=137"">2:17</a><br>Kyungjun: <a href=""https://www.youtube.com/watch?v=4C7xGubTL90&amp;t=104"">1:44</a> <a href=""https://www.youtube.com/watch?v=4C7xGubTL90&amp;t=175"">2:55</a> <a href=""https://www.youtube.com/watch?v=4C7xGubTL90&amp;t=5"">0:05</a><br>Hyunsoo: <a href=""https://www.youtube.com/watch?v=4C7xGubTL90&amp;t=26"">0:26</a> <a href=""https://www.youtube.com/watch?v=4C7xGubTL90&amp;t=143"">2:23</a><br>Junhyeok: <a href=""https://www.youtube.com/watch?v=4C7xGubTL90&amp;t=61"">1:01</a> <a href=""https://www.youtube.com/watch?v=4C7xGubTL90&amp;t=127"">2:07</a><br>Hwi: <a href=""https://www.youtube.com/watch?v=4C7xGubTL90&amp;t=115"">1:55</a><br>Sungjun: <a href=""https://www.youtube.com/watch?v=4C7xGubTL90&amp;t=90"">1:30</a>",2
TNX,4C7xGubTL90,2022-05-17T13:14:40Z,@nasihahmima218,Woww,0
TNX,4C7xGubTL90,2022-05-17T13:14:32Z,@Gaby-xz6bv,"Me encantó, apoyemos a los chicos",0
TNX,4C7xGubTL90,2022-05-17T13:14:27Z,@florsoledadreymundo27,"OMG TNX ♥️🔥 <br><a href=""http://www.youtube.com/results?search_query=%23i"">#I</a> love TNX ♥️🔥",1
TNX,4C7xGubTL90,2022-05-17T13:14:23Z,@shaijoseph398,This is a really good debut!! Wow,0
TNX,4C7xGubTL90,2022-05-17T13:14:19Z,@silviarojas9174,Estaré con ustedes hasta el final,0
TNX,4C7xGubTL90,2022-05-17T13:14:06Z,@Sofi-yk2np,Congratulations!!! Amazing work &lt;3,0
TNX,4C7xGubTL90,2022-05-17T13:14:05Z,@fernandarodrigues07,There aren&#39;t 7 boys?,0
TNX,4C7xGubTL90,2022-05-17T13:14:00Z,@silviarojas9174,SE VINIERON CON TODOOOO,0
TNX,4C7xGubTL90,2022-05-17T13:14:00Z,@ayadee4885,Goosebumps! 😱,0
TNX,4C7xGubTL90,2022-05-17T13:14:00Z,@park7559,"TNX va a Triunfar en un futuro no muy lejano, esto es ARTE",0
TNX,4C7xGubTL90,2022-05-17T13:13:59Z,@misterbyun,Cok hos,0
TNX,4C7xGubTL90,2022-05-17T13:13:56Z,@Fandom-182,WOAH THIS IS SO COOL AND THIS IS ONLY THE FEW SECONDS!!! I made the right choice to standing you before debut! LOVE YOU TNX AND I HOPE YOU WELL FOR YOUR DEBUT!!!,0
TNX,4C7xGubTL90,2022-05-17T13:13:56Z,@ashleyminatozaki7212,Amo todo basta &lt;\3,0
TNX,4C7xGubTL90,2022-05-17T13:13:56Z,@tnxcharts5948,Let&#39;s go 200k views!,0
TNX,4C7xGubTL90,2022-05-17T13:13:50Z,@karasafara1475,Congratulation for the debute!!!!,0
TNX,4C7xGubTL90,2022-05-17T13:13:50Z,@fyunanda,Precious TNX🚀 they truly a game changers.,0
TNX,4C7xGubTL90,2022-05-17T13:13:46Z,@emheart2064,I don&#39;t know them really but I have seen post of them from like nation and psy and saw that they would debut today...bes birthday gift I can get today!,1
TNX,4C7xGubTL90,2022-05-17T13:13:34Z,@stanstan5826,such an amazing debut wow,0
TNX,4C7xGubTL90,2022-05-17T13:13:22Z,@infirstofficial867,대애박,0
TNX,4C7xGubTL90,2022-05-17T13:13:21Z,@ti5481,かっこいい！けど、もっとpsy的なの欲しかった～♪ちょっと普通かな,0
TNX,4C7xGubTL90,2022-05-17T13:13:03Z,@Lia-rb8nd,This is so good ! The boys did so well and the song the dance choreo the visuals the music video everything is just perfect wow !,12
TNX,4C7xGubTL90,2022-05-17T13:13:01Z,@sellachen6857,Usually I always have a bias but this is the first group that I am attracted to ALL of them! Been waiting for them now it&#39;s the time to shout it out loud!,8
TNX,4C7xGubTL90,2022-05-17T13:13:00Z,@popopopuu,We gonna make it louder 🔥😎,0
TNX,4C7xGubTL90,2022-05-17T13:12:43Z,@しぃやん-i7p,待ってた！<br>LOUDの時よりずっとずっと成長した姿を見れて嬉しい😭<br>本当におめでとう✨<br>日本からずっと応援してます💕,0
TNX,4C7xGubTL90,2022-05-17T13:12:40Z,@lornabausan,Nice begging  squid game .,0
TNX,4C7xGubTL90,2022-05-17T13:12:30Z,@kanuwangjen2555,Want to see them in reality shows 😊😊😊,0
TNX,4C7xGubTL90,2022-05-17T13:12:27Z,@pavlepp8096,"Hammer MV echt gut gemacht,  die haben einfach Talent. 😃👍<br>Bleibt gesund Jungs (TNX) und weiter So.<br>Grüße aus Deutschland THX ✌️🇩🇪",1
TNX,4C7xGubTL90,2022-05-17T13:12:19Z,@my.387,わぁぁぁ💖かっこいい💖<br>pnationらしさがあって好き！！！<br>これから応援するよーー！！！,0
TNX,4C7xGubTL90,2022-05-17T13:12:10Z,@たかみさわむひろゆき,デビューおめでとうございます♪,0
TNX,4C7xGubTL90,2022-05-17T13:12:07Z,@Kyehoonharu,장현수는 오디션체질이 아니었던 걸로 ㅋ 잘 한다~~,0
TNX,4C7xGubTL90,2022-05-17T13:11:49Z,@newjeans3483,Let&#39;s str@m everyone&#39;s,1
TNX,4C7xGubTL90,2022-05-17T13:11:47Z,@dendrxphile,"<a href=""https://www.youtube.com/watch?v=4C7xGubTL90&amp;t=121"">2:01</a> aa so satisfying",0
TNX,4C7xGubTL90,2022-05-17T13:11:46Z,@OrangeForest,Wah mantap. Keren banget serius kalian ini. <br><br>Selamat debut alumni loud. <br><br>Selamat juga subcribe nya juga udh naik lagi,0
TNX,4C7xGubTL90,2022-05-17T13:11:40Z,@marucamilo3213,Esto es increíble es un temazo,0
TNX,4C7xGubTL90,2022-05-17T13:11:37Z,@kaylajameson841,Great song. And moves.,0
TNX,4C7xGubTL90,2022-05-17T13:11:36Z,@카오리10,いやちょっと待って、かっこよすぎるこれは<br>みんなかっこいい！！！♡♡デビューおめでとう♡♡,0
TNX,4C7xGubTL90,2022-05-17T13:11:35Z,@kanuwangjen2555,Thx don&#39;t forget to stream,0
TNX,4C7xGubTL90,2022-05-17T13:11:34Z,@Praiaclube17,The future of Korea ‼️🗣️,0
TNX,4C7xGubTL90,2022-05-17T13:11:25Z,@jovienoona649,Watch our Entrance in silence 🤐 finally 😊,0
TNX,4C7xGubTL90,2022-05-17T13:11:18Z,@trexmiuna1247,halo THX,0
TNX,4C7xGubTL90,2022-05-17T13:11:17Z,@pinkgirl2135,"woooooow, que gran trabajo!!!!",0
TNX,4C7xGubTL90,2022-05-17T13:11:12Z,@dhyn_0_0,Wow 노래 너무 귀엽다,1
TNX,4C7xGubTL90,2022-05-17T13:11:01Z,@yumin80,Another best debut,1
TNX,4C7xGubTL90,2022-05-17T13:10:58Z,@alejandraespada8140,Let&#39;s give this MV and the boys the recognition they deserve,11
TNX,4C7xGubTL90,2022-05-17T13:10:56Z,@indahtriwardani7372,"i cried seeing this, this debut song is really really cool. tnx what a different level. they are so awesome and so cool.",0
TNX,4C7xGubTL90,2022-05-17T13:10:27Z,@mariavictoriaazocargonzale9697,A masterpiece,0
TNX,4C7xGubTL90,2022-05-17T13:10:21Z,@mariavictoriaazocargonzale9697,Esto es hermoso,0
TNX,4C7xGubTL90,2022-05-17T13:10:18Z,@kenisaiona9148,CONGRATSS TNX !!!,0
TNX,4C7xGubTL90,2022-05-17T13:10:10Z,@mariavictoriaazocargonzale9697,Estoy llorando auda,1
TNX,4C7xGubTL90,2022-05-17T13:10:09Z,@elsfrrfsle,i like it so muuuuuch,0
TNX,4C7xGubTL90,2022-05-17T13:10:08Z,@OrewaAkumada,They are louder,0
TNX,4C7xGubTL90,2022-05-17T13:09:56Z,@yami_s999,"Me encanta están increíbles, felicidades por su Debut",0
TNX,4C7xGubTL90,2022-05-17T13:09:54Z,@Mariana-th7lf,Hwi rap🤯,0
TNX,4C7xGubTL90,2022-05-17T13:09:53Z,@ohtnf4368,BAGUSS BANGETTTT SUMPAH SAMPE UDAH NGULANGI ENTAH KE BERAPA KALI NYAAA,0
TNX,4C7xGubTL90,2022-05-17T13:09:35Z,@dendrxphile,ooh such a banger,0
TNX,4C7xGubTL90,2022-05-17T13:09:29Z,@선우-f6e,TNX 넘 멋있었요 ㅜㅜ 완전 웨이업할거거예요!  팀웍  잘유지해서~ 진짜 오래오래 노래해주세요ㅜㅜ<br>보컬들 넘 좋아요ㅜㅜ,0
TNX,4C7xGubTL90,2022-05-17T13:09:27Z,@hazeldream3942,Yayy,0
TNX,4C7xGubTL90,2022-05-17T13:09:08Z,@alejandraespada8140,Anyone else as surprised as me with Hwi&#39;s rap?? He never stops surprising with his talent rapping,0
TNX,4C7xGubTL90,2022-05-17T13:08:55Z,@xuha_o8,カッコ良すぎて死ぬ絶対みんな見たらハマるやつだよみんな見ないと損だよお願い伸びてほしいよ,0
TNX,4C7xGubTL90,2022-05-17T13:08:39Z,@Terror16326,Monster rookies are here🤩,2
TNX,4C7xGubTL90,2022-05-17T13:08:26Z,@mzdlfah,lessgooo TNX let&#39;s get your way up !! THX always here be with youu ❤️ im so proud im so very very proud 😭😭😭 i&#39;m waiting this day to happen and now you guys are here 😭😭❤️❤️,0
TNX,4C7xGubTL90,2022-05-17T13:08:26Z,@แฌะเวีย,"wow so disappointed… this is more like cheon jun hyeok &amp; the kids :(( please be more fair, P nation~",0
TNX,4C7xGubTL90,2022-05-17T13:08:25Z,@suelay7238,Congratulations on the first MV.  It&#39;s perfect......I&#39;m very proud of you guys......Fighting!!!!!,1
TNX,4C7xGubTL90,2022-05-17T13:08:18Z,@aekokts,ปังจริงๆ รักมากๆ omgggg So goodddd,0
TNX,4C7xGubTL90,2022-05-17T13:08:11Z,@rickymickey3505,Let&#39;s make this Debut a LOUD ONE!!!,0
TNX,4C7xGubTL90,2022-05-17T13:08:09Z,@cloudkstore5801,EU FUI EU TAVA,0
TNX,4C7xGubTL90,2022-05-17T13:08:08Z,@syasgone,I&#39;m Speechless ! They&#39;re so damn COOL and AMAZING ✋🏻😭❤ TNX FOREVER &lt;3,9
TNX,4C7xGubTL90,2022-05-17T13:08:05Z,@boonky6069,Que buen debut,1
TNX,4C7xGubTL90,2022-05-17T13:07:50Z,@rainmercury3811,I loved the last verse of rapping <br>It&#39;s the member with grey hair I think I don&#39;t know their names,0
TNX,4C7xGubTL90,2022-05-17T13:07:42Z,@ttnabila1871,Congrats on your debut TNX,4
TNX,4C7xGubTL90,2022-05-17T13:07:39Z,@clouocam,keren bgt😭🤍,1
TNX,4C7xGubTL90,2022-05-17T13:07:32Z,@alcalarivera13,Estaba esperando su debut uwu,0
TNX,4C7xGubTL90,2022-05-17T13:07:24Z,@현주윤-q5w,꺄~~♡♡♡대박대박,1
TNX,4C7xGubTL90,2022-05-17T13:07:18Z,@koreadream5169,It&#39;s danger ✨🔥🔥🔥💙,0
TNX,4C7xGubTL90,2022-05-17T13:07:11Z,@ginaya2673,Yeaa,0
TNX,4C7xGubTL90,2022-05-17T13:07:09Z,@ttnabila1871,Wow,3
TNX,4C7xGubTL90,2022-05-17T13:06:46Z,@shima2921,これは予想以上でしたありがとうございます😭,0
TNX,4C7xGubTL90,2022-05-17T13:06:42Z,@ZackKapans,I have a lot group i stand but again new group 😭 god save my money 🤣,0
TNX,4C7xGubTL90,2022-05-17T13:06:41Z,@cloud.recesses,Congratulation on your debut <br>Fighting TNX!!!,0
TNX,4C7xGubTL90,2022-05-17T13:06:34Z,@sam_malbataan,I&#39;m so proud of them! I&#39;ve been waiting for their debut after the Loud and I can say it&#39;s worth it!♥️,3
TNX,4C7xGubTL90,2022-05-17T13:06:34Z,@arinalee7078,"АФИГЕТЬ, ДЕТИШКИ ВЫ ЧЕ ТВОРИТЕ😯😯😯😯<br>придется за вами теперь следить, ехехех~",0
TNX,4C7xGubTL90,2022-05-17T13:06:32Z,@kpop4ever544,YESS I KNOW THIS GRP IS GONNA MAKE IT BIG✨😌,1
TNX,4C7xGubTL90,2022-05-17T13:06:29Z,@imz00oo,대박 완전 대박!!! 오빠들!!! 노래 왤케 좋죠?!?! 목소리가 짱이에요! 완전  잘했어요! 많이 감동받았어요...랩도 보컬까지..와 좋아ㅏ수고많았네요~~ 스밍 잘할게용..그리고 앞으로도 응원 많이 할께용!!!<br>노래 안좋았니? 어쩌라고;;; 비겨 (능글 맞은 웃음)ㅋㅋ,0
TNX,4C7xGubTL90,2022-05-17T13:06:21Z,@dindaddwi524,Kyungjun aaaaaaaa,0
TNX,4C7xGubTL90,2022-05-17T13:06:11Z,@jainaearhartt,ATE,0
TNX,4C7xGubTL90,2022-05-17T13:06:11Z,@btsARMY-kr3vf,best,0
TNX,4C7xGubTL90,2022-05-17T13:06:06Z,@btsARMY-kr3vf,nice,0
TNX,4C7xGubTL90,2022-05-17T13:05:58Z,@ndynvr6224,Yeayyyyyy!!!!!,0
TNX,4C7xGubTL90,2022-05-17T13:05:54Z,@Theoneandonlybish,"For new fans❤<br>Taehun: <a href=""https://www.youtube.com/watch?v=4C7xGubTL90&amp;t=49"">0:49</a><br>Kyunjun: <a href=""https://www.youtube.com/watch?v=4C7xGubTL90&amp;t=5"">0:05</a><br>Hyunsoo: <a href=""https://www.youtube.com/watch?v=4C7xGubTL90&amp;t=26"">0:26</a><br>Junhyeok: <a href=""https://www.youtube.com/watch?v=4C7xGubTL90&amp;t=13"">0:13</a><br>Hwi: <a href=""https://www.youtube.com/watch?v=4C7xGubTL90&amp;t=32"">0:32</a><br>Sungjun: <a href=""https://www.youtube.com/watch?v=4C7xGubTL90&amp;t=17"">0:17</a>  <a href=""https://www.youtube.com/watch?v=4C7xGubTL90&amp;t=42"">0:42</a>",560
TNX,4C7xGubTL90,2022-05-17T13:05:50Z,@rohimaolaaa,"CONGRATS BOYYYYY, SO PROUD!!!!!",0
TNX,4C7xGubTL90,2022-05-17T13:05:46Z,@thidachanhvisisombath6976,OMG!They’re on fire. <br>So proud of them <br>Everyone is perfect,14
TNX,4C7xGubTL90,2022-05-17T13:05:45Z,@21NurAisyahMunawaroh,"akhirnya penantian gue terbayar sempurna, btw eunhwi punya saya ya",1
TNX,4C7xGubTL90,2022-05-17T13:05:39Z,@wayames5116,Wow,2
TNX,4C7xGubTL90,2022-05-17T13:05:39Z,@apidalaila6800,Hwii,0
TNX,4C7xGubTL90,2022-05-17T13:05:31Z,@Movingallthewhile,Pretty good debut. They could do well if they keep it up.,1
TNX,4C7xGubTL90,2022-05-17T13:05:25Z,@elsfrrfsle,omg so gooood boooys,0
TNX,4C7xGubTL90,2022-05-17T13:05:21Z,@diana_britos1078,I love ittttttr,0
TNX,4C7xGubTL90,2022-05-17T13:05:21Z,@imamultifan_6285,damnn!! this is so gooddd for a debut songgg!!,0
TNX,4C7xGubTL90,2022-05-17T13:05:03Z,@dandainemay2936,진짜 멋있어,0
TNX,4C7xGubTL90,2022-05-17T13:05:01Z,@isidoraolea7485,"Can we talk about Hwi&#39;s rap like... AAAAAA, his been doing such a great job, honestly TNX is the best 👌",45
TNX,4C7xGubTL90,2022-05-17T13:04:54Z,@lovecoreashaomi,Wao al fin 👍,0
TNX,4C7xGubTL90,2022-05-17T13:04:48Z,@hazizaaj9435,"Everybody, get out of TNX way!",0
TNX,4C7xGubTL90,2022-05-17T13:04:46Z,@eduardorodrigues4962,Pnation it&#39;s the best!!!! TNX BRAZILIAN STAN ❤️🇧🇷🔥,1
TNX,4C7xGubTL90,2022-05-17T13:04:35Z,@nnaann6286,اللي بدقيقه ٢:٢ الراب حقه قويي ويجنن رائع,1
TNX,4C7xGubTL90,2022-05-17T13:04:35Z,@mkhn4018,"I liked them a lot, their voices, the rap and the choreography, it was truly chef kiss",4
TNX,4C7xGubTL90,2022-05-17T13:04:30Z,@candelasoliribarren4480,"La espera interminable por fin se acabó, estoy muy feliz de verlos debutar, son súper talentosos. Los sigo desde Loud. TEAM P NATION ALWAYS! Los amo",0
TNX,4C7xGubTL90,2022-05-17T13:04:16Z,@mitzsai2090,Eunhwi 🥰,0
TNX,4C7xGubTL90,2022-05-17T13:04:11Z,@Theoneandonlybish,"Taehun(02): Leader, main dancer, vocal<br>Kyungjun(02): lead rapper lead dancer, visual<br>Hyunsoo(03): Rapper,dancer<br>Junhyeok(04): Main vocal, rapper, dancer<br>Hwi(04): Producer, Main rapper<br>Sungjun(05): Lead vocal, dancer, Maknae",5
TNX,4C7xGubTL90,2022-05-17T13:04:09Z,@florcruz1454,"I really like it, they&#39;re so talented",12
TNX,4C7xGubTL90,2022-05-17T13:04:08Z,@qingxuanyue373,I&#39;M ADDICTED,2
TNX,4C7xGubTL90,2022-05-17T13:04:06Z,@maspupahpupah1337,Wahhah akhirnya debut juga,0
TNX,4C7xGubTL90,2022-05-17T13:03:56Z,@chipo3889,最高だね！,0
TNX,4C7xGubTL90,2022-05-17T13:03:52Z,@NPKR7241,And this is just a debut song makes me go crazy,1
TNX,4C7xGubTL90,2022-05-17T13:03:49Z,@Nadia-fu5yy,canduuuuu😭,1
TNX,4C7xGubTL90,2022-05-17T13:03:41Z,@aruyoshi,ATE ATE ATE,0
TNX,4C7xGubTL90,2022-05-17T13:03:34Z,@miarosibellyperezboche6613,Todo bien pero sus voces 🛐🛐,0
TNX,4C7xGubTL90,2022-05-17T13:03:28Z,@khoirunnisanurulfadhilah7116,LET&#39;S GOOOO 1M,0
TNX,4C7xGubTL90,2022-05-17T13:03:27Z,@gurenhara8821,Stan TNX y Stan PNation para una mejor vida &lt;3,1
TNX,4C7xGubTL90,2022-05-17T13:03:26Z,@kpopvity,My boys finally!!!!,1
TNX,4C7xGubTL90,2022-05-17T13:03:25Z,@nnaann6286,اللي بدقيقه ١:٧ يجننن صوتههه,1
TNX,4C7xGubTL90,2022-05-17T13:03:18Z,@zayzay6967,This is so powerful,1
TNX,4C7xGubTL90,2022-05-17T13:03:02Z,@ruthramos00,"I LOVE, THIS VOCALS IS SO AMAZING 😲😲😲😍",1
TNX,4C7xGubTL90,2022-05-17T13:02:58Z,@lotus_yoongie,Congrats on your fire debut boys 🎉🎉🔥 rooting for you🎉🎉🎉🎉🥳🥳🥳🥳,0
TNX,4C7xGubTL90,2022-05-17T13:02:56Z,@imrosynada,Wow I&#39;m so proud for the boys😭✨ plus the song sooooooo soooo fineeee💗,0
TNX,4C7xGubTL90,2022-05-17T13:02:55Z,@dandainemay2936,The rap part is really lit.,0
TNX,4C7xGubTL90,2022-05-17T13:02:50Z,@nnaann6286,يجننن كولل رائع,0
TNX,4C7xGubTL90,2022-05-17T13:02:48Z,@quackquack449,Who is who? They looks interesting!,0
TNX,4C7xGubTL90,2022-05-17T13:02:40Z,@hwa5836,No lie : this gonna be one of my favorite<br> debutes in kpop history ❤️,5
TNX,4C7xGubTL90,2022-05-17T13:02:40Z,@nnaann6286,يهبللل,0
TNX,4C7xGubTL90,2022-05-17T13:02:36Z,@chynnamckenzie3470,The song and mv is straight up fire. Congrats on debuting boys!!,13
TNX,4C7xGubTL90,2022-05-17T13:02:34Z,@nnaann6286,مرهه حلو,0
TNX,4C7xGubTL90,2022-05-17T13:02:27Z,@nnaann6286,واو يجننن,0
TNX,4C7xGubTL90,2022-05-17T13:02:27Z,@tintinpascual2413,They are finally here 💕❤❤❤❤❤❤❤❤❤❤❤❤💋,0
TNX,4C7xGubTL90,2022-05-17T13:02:16Z,@walkingdisasterisme,"This is a debut?! Hats off to them, this is really good!",2
TNX,4C7xGubTL90,2022-05-17T13:02:09Z,@nr.lailym2566,FINALLY !!!,1
TNX,4C7xGubTL90,2022-05-17T13:02:04Z,@nrlfazila8408,congratulations and happy debut boys!!!,0
TNX,4C7xGubTL90,2022-05-17T13:01:58Z,@Vexsra23,却别拿残次哦呢你米娜桑,1
TNX,4C7xGubTL90,2022-05-17T13:01:56Z,@intanekaputri9046,This is amazing,1
TNX,4C7xGubTL90,2022-05-17T13:01:55Z,@acenvis,🔥🔥🔥🔥🔥,0
TNX,4C7xGubTL90,2022-05-17T13:01:54Z,@melorhisham,KEEP STREAMING!!!! LETS GET OUR BOYS 500k!!!!,0
TNX,4C7xGubTL90,2022-05-17T13:01:48Z,@elzabetmuoz,"<a href=""https://www.youtube.com/watch?v=4C7xGubTL90&amp;t=37"">0:37</a> Helpp ¿Quien Es?👁👄👁🛐<br><a href=""https://www.youtube.com/watch?v=4C7xGubTL90&amp;t=147"">2:27</a> 🛐",1
TNX,4C7xGubTL90,2022-05-17T13:01:47Z,@intanekaputri9046,"Congratulation TNX ,i am so happy ..finally ..i love this song",0
TNX,4C7xGubTL90,2022-05-17T13:01:43Z,@Terror16326,"<a href=""https://www.youtube.com/watch?v=4C7xGubTL90&amp;t=12"">0:12</a> That&#39;s so addictive 😍💜",1
TNX,4C7xGubTL90,2022-05-17T13:01:42Z,@naffetiamira3081,tnx the beeeessssssttttt,0
TNX,4C7xGubTL90,2022-05-17T13:01:38Z,@yohanhermann8442,This slap,0
TNX,4C7xGubTL90,2022-05-17T13:01:31Z,@naffetiamira3081,i wasss waiting for tooo longggggggg,0
TNX,4C7xGubTL90,2022-05-17T13:01:31Z,@shieus969,"Enak ih lagunya, visual si gk d ragukan lagi ..... Mantab ade ade ☺☺☺",1
TNX,4C7xGubTL90,2022-05-17T13:01:26Z,@_doyokki_,"I&#39;m so proud of these boys!! They totally didn&#39;t disappoint with their debut song...this song is literally perfect!! The choreography, song, outfits, and charisma were all outstanding<br>Congratulations on debuting boys ❤🥳<br>STAN TNX !!",67
TNX,4C7xGubTL90,2022-05-17T13:01:25Z,@yooniverse3654,Mark my words <br>They gonna be very successful my God everything is just so good can&#39;t stop listening to this masterpiece.... So good <br>Everyone Stan this group and you won&#39;t regret it...,0
TNX,4C7xGubTL90,2022-05-17T13:01:23Z,@lucinakhongrinai6728,"PNation boy group on 🔥 ,i can already feel ur future will be brighter and  hottest than the sun😎",0
TNX,4C7xGubTL90,2022-05-17T13:01:20Z,@teudeobi8333,naur i’m falling in love with kyungjun’s voice 😭🔥,1
TNX,4C7xGubTL90,2022-05-17T13:01:20Z,@hyesun2255,They are DOPE!! <br>PROUD to be THX (Together witH tnX),1
TNX,4C7xGubTL90,2022-05-17T13:01:19Z,@user-gm7kd1bb7x,"BASTAAA ESTA CANCIÓN ES PERFECTA PARA EL INICIO DE SU CARRERA SU RAP SU COREOGRAFÍA SU VOCAL SU ESCENARIO TODO ES TAN BIEN, FELICIDADES CHICOS VAMOS POR MÁS 💙🎊",0
TNX,4C7xGubTL90,2022-05-17T13:01:13Z,@naffetiamira3081,amaaaaaazzzzzinggggggg,0
TNX,4C7xGubTL90,2022-05-17T13:01:06Z,@rhinxyevriasie123,I&#39;m going to stan this group (ʃƪ＾3＾）,0
TNX,4C7xGubTL90,2022-05-17T13:00:58Z,@nagapadmini329,Bro this song is lit,0
TNX,4C7xGubTL90,2022-05-17T13:00:57Z,@jenniferyoatzinz.a6759,"¡Excelente video para un debut! Empezaron con todo y eso esta perfecto, comenzaré a seguirlos de ahora en adelante. Las ideas musicales, el estilo y voces, todo promete mucho para llegar lejos 🤩🤩🤩❤❤❤<br><br>🤩🤩🤩❤❤",1
TNX,4C7xGubTL90,2022-05-17T13:00:53Z,@barbarastay,This is amazing omg!!!,0
TNX,4C7xGubTL90,2022-05-17T13:00:50Z,@ruthchirinos559,"ESTA CANCION ES MUY ADICTIVA, Y TIENE UN GRAN IMPACTO DESDE EL INICIO, FIGTHING! TNX",0
TNX,4C7xGubTL90,2022-05-17T13:00:46Z,@nida4633,can someone introduce them to me,1
TNX,4C7xGubTL90,2022-05-17T13:00:43Z,@farhanaazwatasha,DAMNNNNN LUVVVV THISS,0
TNX,4C7xGubTL90,2022-05-17T13:00:41Z,@shhyyy17,What did they put in the pre chorus?!?!?!?? I&#39;m loving it!!!,0
TNX,4C7xGubTL90,2022-05-17T13:00:29Z,@nida4633,SLAAAAAYYYYY,1
TNX,4C7xGubTL90,2022-05-17T13:00:29Z,@firdamalasafina2013,kerennnnn,0
TNX,4C7xGubTL90,2022-05-17T13:00:28Z,@umasurya8506,&quot;We gonna make it louder&quot;<br>&quot;We P NATION&quot;<br><br>I love the line man😍😍😍😍,25
TNX,4C7xGubTL90,2022-05-17T13:00:24Z,@강영주-o4e,준혁아 데뷔축하해  많이 기다린만큼 많이 응원할께  이제부터 꽃길만 걷자,0
TNX,4C7xGubTL90,2022-05-17T13:00:11Z,@tijanaivanovic3120,MV is so good,1
TNX,4C7xGubTL90,2022-05-17T13:00:06Z,@ikaayu8819,💞,1
TNX,4C7xGubTL90,2022-05-17T13:00:04Z,@민우-z4w,소리꾼카피느낌나네,0
TNX,4C7xGubTL90,2022-05-17T12:59:59Z,@cocolocamp,デビューおめでとうございます㊗️✨🎉😊<br>この日を待ってました！！　<br>これからの活躍を期待してます❤<br>日本より愛をこめて！！！！！,0
TNX,4C7xGubTL90,2022-05-17T12:59:53Z,@VikaYoga,Aku lagi bingung milih bias... ada yang sama??? ≥3≤<br>This debut song is an amazing masterpiece! ♥ They&#39;re going bigger soon... ฅ&#39;ω&#39;ฅ,0
TNX,4C7xGubTL90,2022-05-17T12:59:45Z,@alejandraespada8140,"Okay this was definitely not what I expected, I thought they couldn&#39;t surprise me more but they did!! The raps, the dance, the visuals and the charisma are just amazing for a rookie group",0
TNX,4C7xGubTL90,2022-05-17T12:59:45Z,@ssaajjh,Gak sia&quot; penantian gw fiks,0
TNX,4C7xGubTL90,2022-05-17T12:59:44Z,@rutht6155,Esta cancion es increíble y ni estaba enterada de que este grupo iba a debutar.,0
TNX,4C7xGubTL90,2022-05-17T12:59:38Z,@rocky.d2198,Congratulations 💪🏻💪🏻💪🏻❤️,0
TNX,4C7xGubTL90,2022-05-17T12:59:36Z,@faichaa_3059,❤️,1
TNX,4C7xGubTL90,2022-05-17T12:59:34Z,@aro8791,コーキいないの悲しいけどみんなビジュいいね頑張れ〜！,0
TNX,4C7xGubTL90,2022-05-17T12:59:28Z,@joseelmerigot8169,So good!!!,0
TNX,4C7xGubTL90,2022-05-17T12:59:26Z,@ssaajjh,Gilaa siihh keren bangetttt merekaaa   T^T,0
TNX,4C7xGubTL90,2022-05-17T12:59:25Z,@qubalijhope,what a beautiful song this is 🇦🇿,1
TNX,4C7xGubTL90,2022-05-17T12:59:22Z,@pujaabdullah1764,Hwi 🔥🔥,1
TNX,4C7xGubTL90,2022-05-17T12:59:22Z,@yk5904,デビューおめでとう！ずっと応援します！,0
TNX,4C7xGubTL90,2022-05-17T12:59:20Z,@Sunflowerme55,Omg they gonna be biggest in this industry.,0
TNX,4C7xGubTL90,2022-05-17T12:59:16Z,@PotatoPotataaa,Yooooo<br>Those boys are no joke! They killed it!,0
TNX,4C7xGubTL90,2022-05-17T12:59:10Z,@nurulnajihah1147,Im in love~hooo ooh hoo ooh.. 💜💜,0
TNX,4C7xGubTL90,2022-05-17T12:59:10Z,@sxnji_xd,Guys please stream this song deserves a lot more views,0
TNX,4C7xGubTL90,2022-05-17T12:59:07Z,@legentino.sarika5775,"In my whole life this is the first time iam become fan of debut group and their debut song <br>The song awesome, wonderful, powerful<br>I love it",0
TNX,4C7xGubTL90,2022-05-17T12:59:03Z,@ashmadpitt,Are they going to add their 7th member once he&#39;s old enough?,0
TNX,4C7xGubTL90,2022-05-17T12:58:55Z,@seungmo__,얘들아!! 데뷔 축하해!!! 다들 너무 멋있고 잘한다…,0
TNX,4C7xGubTL90,2022-05-17T12:58:51Z,@donatellavittoriasalamone96,Congratulations boys ❤️✨,0
TNX,4C7xGubTL90,2022-05-17T12:58:44Z,@yadiragonzalez8464,Wooow como siempre pnation sorprendiendo &lt;3,0
TNX,4C7xGubTL90,2022-05-17T12:58:41Z,@somayedavani67,Fantastic fantastic fantastic,0
TNX,4C7xGubTL90,2022-05-17T12:58:32Z,@jingjing6439,Woooah daebak!!! I&#39;m just so proud of you guys!!,0
TNX,4C7xGubTL90,2022-05-17T12:58:19Z,@Marvissy,PERFEITOS!!! isso está lindo demais,2
TNX,4C7xGubTL90,2022-05-17T12:58:18Z,@aniaparyab9117,"Let&#39;s do it 1 millionnnn , fighthing",0
TNX,4C7xGubTL90,2022-05-17T12:58:12Z,@alexandra-ts1xu,congratulations on your debut!! its so far my favorite debut song this year~well done boys~,0
TNX,4C7xGubTL90,2022-05-17T12:58:10Z,@aruyoshi,CONGRATULATIONS ON YOUR DEBUT BOYSSSSSS,0
TNX,4C7xGubTL90,2022-05-17T12:58:01Z,@yesthx1112,This is the first time for me to join Fandom. Together With TNX. THX😍😍😍😍😍,0
TNX,4C7xGubTL90,2022-05-17T12:57:48Z,@lunarianblue,🔥🔥🔥,0
TNX,4C7xGubTL90,2022-05-17T12:57:46Z,@Sparklez_Foxy,Only. Debut song and it’s already such a fire! Can’t wait on how they’ll grow!! Fighting!!!,0
TNX,4C7xGubTL90,2022-05-17T12:57:38Z,@warriorforever4030,It&#39;s incredible,0
TNX,4C7xGubTL90,2022-05-17T12:57:37Z,@aishahzainul7708,One word...the best debut song ever..first win,0
TNX,4C7xGubTL90,2022-05-17T12:57:33Z,@caneishaamelia,YAALLL SOOOOO AMAZING,0
TNX,4C7xGubTL90,2022-05-17T12:57:26Z,@warriorforever4030,They&#39;re amazing,0
TNX,4C7xGubTL90,2022-05-17T12:57:21Z,@brigitte9167,"Congratulations, they are amazing!! 💗",0
TNX,4C7xGubTL90,2022-05-17T12:57:19Z,@alviniaaliumar421,Love love love the song,0
TNX,4C7xGubTL90,2022-05-17T12:57:18Z,@caneishaamelia,IN LOVEEEEEEEEEEEEE,0
TNX,4C7xGubTL90,2022-05-17T12:57:15Z,@warriorforever4030,I love yyyooouuu,0
TNX,4C7xGubTL90,2022-05-17T12:57:15Z,@hanieazuan7663,Dia pegang pelita lah,1
TNX,4C7xGubTL90,2022-05-17T12:57:07Z,@elianvazquez4511,I love debut🧡,0
TNX,4C7xGubTL90,2022-05-17T12:57:04Z,@gxntarr,kerenn bgtt kaliannn,0
TNX,4C7xGubTL90,2022-05-17T12:57:03Z,@missrenad,🔥🔥,0
TNX,4C7xGubTL90,2022-05-17T12:57:01Z,@yellowm4rch,Finally 😭😭😭😭,0
TNX,4C7xGubTL90,2022-05-17T12:56:57Z,@theingi1893,All rounder Group,0
TNX,4C7xGubTL90,2022-05-17T12:56:55Z,@tnx226,THE FANDOM NAME IS: TNX WHICH MEANS<br>Together witH tnX= THX<br><br>THE MEANINGㅠㅠ♡♡,0
TNX,4C7xGubTL90,2022-05-17T12:56:53Z,@ismyeonnie255,Amazing,1
TNX,4C7xGubTL90,2022-05-17T12:56:52Z,@choitaehun1255,😭🔥🔥🔥🔥🔥,0
TNX,4C7xGubTL90,2022-05-17T12:56:51Z,@zelia8161,Where are you from,0
TNX,4C7xGubTL90,2022-05-17T12:56:46Z,@Jupiterencosmo2024,Los amo tanto ;;,0
TNX,4C7xGubTL90,2022-05-17T12:56:40Z,@Theoneandonlybish,IMO best debut I have seen so far,1
TNX,4C7xGubTL90,2022-05-17T12:56:33Z,@charleighrenee,YESSSS,0
TNX,4C7xGubTL90,2022-05-17T12:56:30Z,@windy1160,they deserve all the best &lt;3,0
TNX,4C7xGubTL90,2022-05-17T12:56:26Z,@tijanaivanovic3120,I&#39;m impressed,0
TNX,4C7xGubTL90,2022-05-17T12:56:26Z,@veiviseren1381,turk var midir acaba ya,0
TNX,4C7xGubTL90,2022-05-17T12:56:20Z,@tijanaivanovic3120,They look good,0
TNX,4C7xGubTL90,2022-05-17T12:56:15Z,@theingi1893,Junhyeok&#39;  vocal is killing me,0
TNX,4C7xGubTL90,2022-05-17T12:56:13Z,@쇼츠안되요-q9x,외국애들은 우애 알고 이래 보고있노 ㅋㅋ,0
TNX,4C7xGubTL90,2022-05-17T12:56:12Z,@tijanaivanovic3120,Amazing song,0
TNX,4C7xGubTL90,2022-05-17T12:56:06Z,@tijanaivanovic3120,Wow,0
TNX,4C7xGubTL90,2022-05-17T12:55:58Z,@teysatu9346,Masih sepi,0
TNX,4C7xGubTL90,2022-05-17T12:55:55Z,@federicavega175,EL MEJOR DEBUT DEL AÑO!!!! 😍❤😍❤😍❤😍❤,0
TNX,4C7xGubTL90,2022-05-17T12:55:55Z,@rien_aries,Wowww daebak!!! Me THX to TNX,0
TNX,4C7xGubTL90,2022-05-17T12:55:41Z,@daraseptia7227,Congrats adik adik 🖤🖤 so proud of u guys and happy for u,0
TNX,4C7xGubTL90,2022-05-17T12:55:35Z,@blablabla4069,Watching this on a testing day lol can’t stop repeating the song 🎧 I’m going to fail 😅,0
TNX,4C7xGubTL90,2022-05-17T12:55:25Z,@tnx226,ثينكس شدوا الهمه!,0
TNX,4C7xGubTL90,2022-05-17T12:55:25Z,@II-kh1m,THX LET&#39;S BE TOGETHER WITH TNX FOREVER!!,0
TNX,4C7xGubTL90,2022-05-17T12:55:24Z,@Ruth-jw7sn,Hwi👌,0
TNX,4C7xGubTL90,2022-05-17T12:55:22Z,@WIFI-2023,Los dinos rec,1
TNX,4C7xGubTL90,2022-05-17T12:55:21Z,@ru_ubiyanti,love love love,0
TNX,4C7xGubTL90,2022-05-17T12:55:16Z,@aleknowlee5552,Amooooo the Best debut,0
TNX,4C7xGubTL90,2022-05-17T12:55:14Z,@renatha_hrj,Congrats TNX🎉🎉,0
TNX,4C7xGubTL90,2022-05-17T12:55:07Z,@friedrich9803,THEY KILLED IT,0
TNX,4C7xGubTL90,2022-05-17T12:54:59Z,@virdes28,Hwi improve so much…. Hwi fightingggg…..,0
TNX,4C7xGubTL90,2022-05-17T12:54:58Z,@WIFI-2023,🦖🦖🦖🦖🦖💨🦖💨🦖🦖,1
TNX,4C7xGubTL90,2022-05-17T12:54:55Z,@kennyaamanda8170,COOL OMG!!! DEBUT CONGRATULATIONS ^^ -THX Indonesia,1
TNX,4C7xGubTL90,2022-05-17T12:54:47Z,@diajengc,SLAY,0
TNX,4C7xGubTL90,2022-05-17T12:54:38Z,@sharissa3364,Finally 😭😭😭❤️❤️ diorang debut ❤️❤️❤️,0
TNX,4C7xGubTL90,2022-05-17T12:54:37Z,@II-kh1m,I&#39;M A THX NOW!!,0
TNX,4C7xGubTL90,2022-05-17T12:54:22Z,@montserratggggggggggg7800,ESE RAP AAAA,0
TNX,4C7xGubTL90,2022-05-17T12:54:16Z,@tnx226,THX YOU CAN DO IT!!!!!,0
TNX,4C7xGubTL90,2022-05-17T12:54:15Z,@bixchrun,Finally!,0
TNX,4C7xGubTL90,2022-05-17T12:54:15Z,@lilythluna7,"<i>First of all, congratulations on your debut.  You have a beautiful and bold style.  I hope you can reach beautiful places. Fighting guys</i>",0
TNX,4C7xGubTL90,2022-05-17T12:54:15Z,@alexamesiaaa,While watching I don&#39;t have to pretend to like the song because I Stan them but goshhh the song hit different<br>There debut song was a masterpiece ❤️❤️,0
TNX,4C7xGubTL90,2022-05-17T12:54:11Z,@londynfloyd4643,Hwis RAPOING WAS THE BEST HE NADE ME SILENT.. &lt;3 ANYWAYS LOVE DA VID,0
TNX,4C7xGubTL90,2022-05-17T12:54:02Z,@saturno_sun9721,O mv tão esperado 🇧🇷,1
TNX,4C7xGubTL90,2022-05-17T12:53:59Z,@i121u2,AAAAH,1
TNX,4C7xGubTL90,2022-05-17T12:53:57Z,@stefyb.d6242,Felicidades chicos por su debut ♡♡♡♡♡♡,2
TNX,4C7xGubTL90,2022-05-17T12:53:57Z,@munchkin5679,Noice!,0
TNX,4C7xGubTL90,2022-05-17T12:53:51Z,@Bella_M123,So cool! This was insane!!!,0
TNX,4C7xGubTL90,2022-05-17T12:53:37Z,@kiralye9197,This hit hard wtf,0
TNX,4C7xGubTL90,2022-05-17T12:53:35Z,@tnx4491,Hwi’s rap is in my head 24/7,0
TNX,4C7xGubTL90,2022-05-17T12:53:35Z,@-aespa6692,One of the best debut ever,0
TNX,4C7xGubTL90,2022-05-17T12:53:18Z,@heaven9143,So good omg 😭❤️❤️,1
TNX,4C7xGubTL90,2022-05-17T12:53:17Z,@asayubi9118,DAMNNNNNNNNNNN OMG !!!!!!!!!!!!,0
TNX,4C7xGubTL90,2022-05-17T12:53:15Z,@白鳥シラト,デビューおめでとうございます🎉,1
TNX,4C7xGubTL90,2022-05-17T12:53:09Z,@luvjeonlee5301,THIS IS SO GOOD,0
TNX,4C7xGubTL90,2022-05-17T12:53:06Z,@fernandamosquera1739,Stream para &quot; Move&quot;,1
TNX,4C7xGubTL90,2022-05-17T12:53:05Z,@eunio6321,wow best,0
TNX,4C7xGubTL90,2022-05-17T12:52:30Z,@c.kfamily3060,"everything is on point, this song is a masterpiece !",44
TNX,4C7xGubTL90,2022-05-17T12:52:22Z,@jasmine4382,CONGRATULATIONS FOR TNX DEBUT,0
TNX,4C7xGubTL90,2022-05-17T12:52:16Z,@Emishota,DIOS MIOOOO! Amooo,1
TNX,4C7xGubTL90,2022-05-17T12:52:13Z,@windisrihandayani5297,"every part of the song is amazing, it&#39;s unbelievable the song and music video is so amazing",1
TNX,4C7xGubTL90,2022-05-17T12:52:13Z,@cantiknyahaechan9919,THX,0
TNX,4C7xGubTL90,2022-05-17T12:52:07Z,@skippyhippo,yes!!!!!!!,1
TNX,4C7xGubTL90,2022-05-17T12:52:01Z,@KeepQF07,Its right they will take over KPOP and make it upside down as PSY said😎😎,0
TNX,4C7xGubTL90,2022-05-17T12:52:00Z,@lupitarancanidewi5263,THX❤TNX,0
TNX,4C7xGubTL90,2022-05-17T12:52:00Z,@hyejinkang9920,HOW IS SUNGJUN 4 MONTHS YOUNGER THAN ME?? 😰,0
TNX,4C7xGubTL90,2022-05-17T12:51:55Z,@dhienyyy7683,Let&#39;s gooooo THX (fandom name) and TNX ♡♡♡♡,2
TNX,4C7xGubTL90,2022-05-17T12:51:49Z,@maipersona,TNX X THX ❤️ THX LET&#39;S KEEP STREAM!!!! 🤍,2
TNX,4C7xGubTL90,2022-05-17T12:51:48Z,@taynafortunato7124,"Olha... Estou sem palavras pra esses meninos, eles são muito bons mano, nem parece um grupo que acabou de debutar, muito bom!",91
TNX,4C7xGubTL90,2022-05-17T12:51:39Z,@koala7514,&quot;We P nation&quot; i like it,1
TNX,4C7xGubTL90,2022-05-17T12:51:38Z,@zenaidaaspajo4798,Dios mío ❤️😭 los amooo,1
TNX,4C7xGubTL90,2022-05-17T12:51:37Z,@Lalrohlui_Hlutei,proud of being THX,1
TNX,4C7xGubTL90,2022-05-17T12:51:36Z,@evapadilah9908,Congrast on your debut TNX <br> And MV debut very cool,1
TNX,4C7xGubTL90,2022-05-17T12:51:36Z,@Hazel_nfs,And Yes here is my new favourite kpop group.  I really fell for the music and their voices are amazing and smooth.,8
TNX,4C7xGubTL90,2022-05-17T12:51:35Z,@sophiabaite910,I AM SOOO PROUD OF THEM!!! 🥺<br>REALLLYYYY SOOOO HAPPY😭😭😭💗💗💗💗💗<br><br><br>WHO Else Since LOUD? 😭✊🏻<br><br><br>THIS IS JUST PERFECT <br><br>PERFECT ~<br>VOCALS<br>VISUALS <br>RAPPERS <br><br>IF THIS is Our Bois DEBUT <br><br>Then Let&#39;s Dug Our Own GRAVE For The First COMEBACK <br>🐒R.I.P. to Us in advance 🤧,2
TNX,4C7xGubTL90,2022-05-17T12:51:34Z,@softhwang3902,You guys did itt!!! The song is Soo goodddd,1
TNX,4C7xGubTL90,2022-05-17T12:51:32Z,@fernandamosquera1739,Congratulations!!!!,1
TNX,4C7xGubTL90,2022-05-17T12:51:32Z,@minni4037,Ja gostei,1
TNX,4C7xGubTL90,2022-05-17T12:51:29Z,@user-rn1dn1tz3x,"okay so i guess im now a debut tnx fan, glad i came to kpop in time to be a fan of theirs from the beginning, anyone know if/when their debut comeback shows will start? like mnet, music core, inkigayo etc",1
TNX,4C7xGubTL90,2022-05-17T12:51:21Z,@Amy-ib7wx,THX COLOMBIA 🇨🇴🖤 :&#39;D,1
TNX,4C7xGubTL90,2022-05-17T12:51:20Z,@vansyhanex2227,TNX ❤❤ THX,1
TNX,4C7xGubTL90,2022-05-17T12:51:05Z,@arimomo,Everything about this guys is so iconic 🔥🔥🔥🔥🔥🔥🔥,0
TNX,4C7xGubTL90,2022-05-17T12:50:55Z,@prisil2653,can&#39;t wait them in mubank or mushow,0
TNX,4C7xGubTL90,2022-05-17T12:50:53Z,@manzanitaks,MASTERPIECE,0
TNX,4C7xGubTL90,2022-05-17T12:50:44Z,@josemacario8542,Iconic,1
TNX,4C7xGubTL90,2022-05-17T12:50:43Z,@hengaheng4373,TNX FIGHTING!!,0
TNX,4C7xGubTL90,2022-05-17T12:50:37Z,@hanabii6670,TNX🦖THX,0
TNX,4C7xGubTL90,2022-05-17T12:50:33Z,@salbiexx15,Congrats boys ❤,0
TNX,4C7xGubTL90,2022-05-17T12:50:33Z,@abigail6787,I was waiting so badly and here it is finally after seeing thm in pnation loud i have been a fan since thn and finally they debuted uff loads of luv frm india,6
TNX,4C7xGubTL90,2022-05-17T12:50:29Z,@ohtnf4368,BAGUSS BANGETTTTTTTTT BAKAL STAN TNX,2
TNX,4C7xGubTL90,2022-05-17T12:50:25Z,@nuryancesusteria4063,Congrats on your debut TNX,0
TNX,4C7xGubTL90,2022-05-17T12:50:21Z,@michellecobo7737,"So happy to see them finally debut, a long journey till this point... and now will be even longer..<br>This was like a birthday present..<br>Thanks TNS, be well and do well..<br>I will be supporting you through the way!",0
TNX,4C7xGubTL90,2022-05-17T12:50:16Z,@hengaheng4373,BIKYEORA BIKYEO,0
TNX,4C7xGubTL90,2022-05-17T12:50:11Z,@sl.t2069,wow wow wow,0
TNX,4C7xGubTL90,2022-05-17T12:50:10Z,@Andreahernanii,Felicidades 🎉 por su debut gracias por este temazo,1
TNX,4C7xGubTL90,2022-05-17T12:50:02Z,@im_m0rethancapable,KEREN BANGETTTT😭😭😭,0
TNX,4C7xGubTL90,2022-05-17T12:50:01Z,@SandraSantos-ur8es,Mdss que estreia perfeitaaa👑❤,0
TNX,4C7xGubTL90,2022-05-17T12:49:56Z,@豆ンゴ,역시!!!!<br>👏대박,0
TNX,4C7xGubTL90,2022-05-17T12:49:55Z,@fernandamosquera1739,Los amoooooooooooooo 💖,0
TNX,4C7xGubTL90,2022-05-17T12:49:53Z,@sherlyn4121,DEBUT DEL AÑOOOOO,0
TNX,4C7xGubTL90,2022-05-17T12:49:19Z,@catherineverina,so proud of you guys ❤️,0
TNX,4C7xGubTL90,2022-05-17T12:49:17Z,@biaki9114,THX will always stay with TNX,0
TNX,4C7xGubTL90,2022-05-17T12:49:16Z,@camargoanah,TE AMO MEUS FILHOS,0
TNX,4C7xGubTL90,2022-05-17T12:48:57Z,@cici-inggris,THX rawr TNX 🦖🦖🦖,0
TNX,4C7xGubTL90,2022-05-17T12:48:49Z,@paoladaniellapellonis3094,"La vdd si me gustó, estuvo bastante buenaaa",0
TNX,4C7xGubTL90,2022-05-17T12:48:44Z,@Ayipzip,"KEREN BGT AYANG AYANG KU, SEMANGAT TERUS AYANG &lt;3",0
TNX,4C7xGubTL90,2022-05-17T12:48:39Z,@Yuna-ey3ok,Omg I luv this so much! I am gonna Stan them starting from now!,2
TNX,4C7xGubTL90,2022-05-17T12:48:33Z,@jennisanmartin,Just... OH MY GOD whattttt masterpiece,4
TNX,4C7xGubTL90,2022-05-17T12:48:32Z,@hhannyx,I&#39;m so happy that they have already debuted,9
TNX,4C7xGubTL90,2022-05-17T12:48:31Z,@わけなんているのかよ,"<a href=""https://www.youtube.com/watch?v=4C7xGubTL90&amp;t=170"">2:50</a> &lt;333",1
TNX,4C7xGubTL90,2022-05-17T12:48:30Z,@はにはに-r9d,PSYさんの所でデビューしたの正解ですね‼️<br>センスが最高‼️<br>社長(PSYさん)共々応援してます❣️,1
TNX,4C7xGubTL90,2022-05-17T12:48:27Z,@vhuinnnjm9532,PNATION! U NEVER DISSAPOINT US,1
TNX,4C7xGubTL90,2022-05-17T12:48:17Z,@Atiny1117__,Damn so good 🔥🔥🔥🔥💜💜💜💜,1
TNX,4C7xGubTL90,2022-05-17T12:48:15Z,@dommm5617,Strong debut,1
TNX,4C7xGubTL90,2022-05-17T12:48:10Z,@koki-br9qe,"&quot;The time has come, now get out of my way.&quot; 🔥",1
TNX,4C7xGubTL90,2022-05-17T12:48:05Z,@jennieisqueen2448,I feel like watch ateez &amp; straykids mv,1
TNX,4C7xGubTL90,2022-05-17T12:48:01Z,@daaaarriagada,This doesn&#39;t seem like a debut and we love to see,1
TNX,4C7xGubTL90,2022-05-17T12:47:53Z,@tawxiar2850,Such a wonderful masterpiece mv we are proud of you boysss 😭😭😭😭😭😭❤❤❤😊😊😊😊,0
TNX,4C7xGubTL90,2022-05-17T12:47:51Z,@bluesunflower3724,YESSS!!! u guys are amazing ❤❤❤❤,0
TNX,4C7xGubTL90,2022-05-17T12:47:49Z,@sunflowersinspace,"Good job, boys!!",1
TNX,4C7xGubTL90,2022-05-17T12:47:39Z,@cesacesiyy,so cool,1
TNX,4C7xGubTL90,2022-05-17T12:47:34Z,@nanasmoon8445,yeni çıkan bir grup gibi durmuyorlar çok iyiler,0
TNX,4C7xGubTL90,2022-05-17T12:47:32Z,@KozumeMLBB,"Ok, esto es mejor de lo que esperaba... mucho mejor.... me encanta",1
TNX,4C7xGubTL90,2022-05-17T12:47:32Z,@dilaraarmutci,It&#39;s great! I hope your worth is known.,1
TNX,4C7xGubTL90,2022-05-17T12:47:28Z,@PUNKINPIE3319,Song is hella catchy 👀👀,1
TNX,4C7xGubTL90,2022-05-17T12:47:25Z,@staytinyteumeengene4life236,THE BEST DEBUT SONG 2022 (My opinion) <br><br>I LOVE IT SO MUCH😭💗💗💗<br>Thank you for your hard work from the staff to the members🤧💗,1
TNX,4C7xGubTL90,2022-05-17T12:47:24Z,@FernzRamiz,OFFICIAL FANDOM NAME: THX (Together witH tnX),0
TNX,4C7xGubTL90,2022-05-17T12:47:14Z,@angie2280,DONT FORGET TO LIKE THE VIDEO,1
TNX,4C7xGubTL90,2022-05-17T12:47:13Z,@theshtia,AHHH!!!! FINALLY 😭😭 LOVE IT 💥💟🤩,1
TNX,4C7xGubTL90,2022-05-17T12:47:12Z,@hrj_hdsm3733,KERENNN BANGETTTT😍😍😍,0
TNX,4C7xGubTL90,2022-05-17T12:47:09Z,@aurzee,SUARA JUNHYEOK PLIS,0
TNX,4C7xGubTL90,2022-05-17T12:47:02Z,@nanasmoon8445,more,0
TNX,4C7xGubTL90,2022-05-17T12:47:02Z,@g-r4479,デビューおめでとう！<br>カッコ良すぎるでしょ！,3
TNX,4C7xGubTL90,2022-05-17T12:46:57Z,@linaaarosa6044,In tears.... so proud.,2
TNX,4C7xGubTL90,2022-05-17T12:46:42Z,@isatok2500,Arassam&gt;,1
TNX,4C7xGubTL90,2022-05-17T12:46:38Z,@aurzee,TAEHUN PLIS GANTENG,0
TNX,4C7xGubTL90,2022-05-17T12:46:33Z,@alexisstrahalm8789,THE ARE SO COOL 💗💗💗💗,1
TNX,4C7xGubTL90,2022-05-17T12:46:28Z,@yumnabilah994,I&#39;M ADDICTED WITH THIS SONG,1
TNX,4C7xGubTL90,2022-05-17T12:46:24Z,@aurzee,SUNGJUN AAA GANTENG,0
TNX,4C7xGubTL90,2022-05-17T12:46:16Z,@aurzee,Ganteng banget,1
TNX,4C7xGubTL90,2022-05-17T12:46:09Z,@athena_240,Tnx,1
TNX,4C7xGubTL90,2022-05-17T12:46:08Z,@kamiliyashafna2303,HALOOO THX 🎉🎉🎉,0
TNX,4C7xGubTL90,2022-05-17T12:46:03Z,@myckaelvllnueva637,"If stray kids and ateez had a child they should be TNX!! Wow!!! Pnation just do a great job! My reaction guys <a href=""https://www.youtube.com/watch?v=dfDvx6oioRg"">https://youtu.be/dfDvx6oioRg</a>",0
TNX,4C7xGubTL90,2022-05-17T12:45:56Z,@reginmedina623,omgsoiwhdowb the choreo isss soo powerfullllllllwbsduwdbuiwqb,1
TNX,4C7xGubTL90,2022-05-17T12:45:49Z,@wonie9021,OMG CONGRATULATIONS,1
TNX,4C7xGubTL90,2022-05-17T12:45:48Z,@nanasmoon8445,beklediğimden daha iyiler,0
TNX,4C7xGubTL90,2022-05-17T12:45:29Z,@paulinekamau4401,"the song was dope lit ,everyone looks amazing cant wait to hear more dope lit videos .love TNX❤❤❤❤❤❤",15
TNX,4C7xGubTL90,2022-05-17T12:45:19Z,@KarenRequeC,Buenazo!!!! Les deseo muchos éxitos!!! Este es el comienzo de una larga travesía esperando que oppa PSY sepa promocionarlos bien....,1
TNX,4C7xGubTL90,2022-05-17T12:45:14Z,@nivedanaidu07,All the way up🔥🔥🔥,3
TNX,4C7xGubTL90,2022-05-17T12:45:09Z,@satorin6446,We&#39;re PNation <br>Yet another masterpiece,3
TNX,4C7xGubTL90,2022-05-17T12:45:07Z,@natalina1681,Стэним🛐🛐,1
TNX,4C7xGubTL90,2022-05-17T12:45:06Z,@akbardilla3408,Junhyeok Vocal Just Another Level,0
TNX,4C7xGubTL90,2022-05-17T12:45:02Z,@davidavidaavid,ok I see y’all 🥳,1
TNX,4C7xGubTL90,2022-05-17T12:44:59Z,@INTAK1,Nice I hope you become the best group I love you be encouraged,2
TNX,4C7xGubTL90,2022-05-17T12:44:44Z,@gobrisse,ESTO ES TNX GENTE!,0
TNX,4C7xGubTL90,2022-05-17T12:44:40Z,@HiMandynha,"Isso está incrível, vai ser um grupo de bastante sucesso👏🏻🇧🇷",0
TNX,4C7xGubTL90,2022-05-17T12:44:38Z,@shaniamccann1649,Can&#39;t wait to see them on showterview,2
TNX,4C7xGubTL90,2022-05-17T12:44:37Z,@pongwaiying5319,Evryone get out of the way TNX is comin🔥🧡,0
TNX,4C7xGubTL90,2022-05-17T12:44:31Z,@cristalarvelo,I like it,0
TNX,4C7xGubTL90,2022-05-17T12:44:21Z,@bentanbp84,THX rawr!🦖,2
TNX,4C7xGubTL90,2022-05-17T12:44:16Z,@Putrii_aa3,Cara maknae disini,0
TNX,4C7xGubTL90,2022-05-17T12:44:12Z,@shaniamccann1649,An amazing debut,2
TNX,4C7xGubTL90,2022-05-17T12:44:07Z,@wtftobbyy,AMO TODO,0
TNX,4C7xGubTL90,2022-05-17T12:44:04Z,@thechigirl2498,Aight aight..imma have to keep my eyes on them 👀 this was fuego.,1
TNX,4C7xGubTL90,2022-05-17T12:44:01Z,@nanasmoon8445,sesleri cidden çok iyi,0
TNX,4C7xGubTL90,2022-05-17T12:43:55Z,@5555cally,HWII RAPP ISSS ANOTHER LEVELL 🤧🤧🤧🤧🤧,1
TNX,4C7xGubTL90,2022-05-17T12:43:54Z,@yoh499,I FEEL LIKE A PROUD MOM HERE 😭😭,2
TNX,4C7xGubTL90,2022-05-17T12:43:53Z,@ccryy,Gue indo sendiri kah? <br><br>Btw ini keren bgt❤️😭,1
TNX,4C7xGubTL90,2022-05-17T12:43:42Z,@nanasmoon8445,stanleyeceğim,0
TNX,4C7xGubTL90,2022-05-17T12:43:41Z,@thinzaroo9536,Pnation is pnation . always serve with high quality songs,1
TNX,4C7xGubTL90,2022-05-17T12:43:14Z,@yoonite1117,"aaaa this is actually sick, the beat got me moving every muscle gosh i love this.",7
TNX,4C7xGubTL90,2022-05-17T12:43:11Z,@kiana7953,"After a long time, the 4th generation of kpop finally saw a great debut",4
TNX,4C7xGubTL90,2022-05-17T12:43:09Z,@nanasmoon8445,daha fazla daha fazla,0
TNX,4C7xGubTL90,2022-05-17T12:43:07Z,@Staythx,I&#39;m officially a THX &lt;3,3
TNX,4C7xGubTL90,2022-05-17T12:42:39Z,@unaestheticallypleasing,"When their producer said that this song fits Hyunsoo so much, it really does 😭😭😭😭😭. All of them really did great. Congratulations on your debut boys 🎉🎉",72
TNX,4C7xGubTL90,2022-05-17T12:42:35Z,@jikdyeyn,Lalalalalala lalalalalala lalalalalala ~,1
TNX,4C7xGubTL90,2022-05-17T12:42:33Z,@nanasmoon8445,albümün diğer şarkıları da çok güzel çok emek vermişler,1
TNX,4C7xGubTL90,2022-05-17T12:42:26Z,@Daniela-ri6ng,&lt;33,1
TNX,4C7xGubTL90,2022-05-17T12:42:22Z,@soool2261,"diooos, me encantaaa",1
TNX,4C7xGubTL90,2022-05-17T12:42:21Z,@biaki9114,Wow it&#39;s a bop❤️,0
TNX,4C7xGubTL90,2022-05-17T12:42:13Z,@nanasmoon8445,daha fazla izlenmeli,0
TNX,4C7xGubTL90,2022-05-17T12:42:08Z,@aawontae,ПОТРЯСАЮЩИЙ ДЕБЮТ !!!!!❤❤❤,0
TNX,4C7xGubTL90,2022-05-17T12:42:03Z,@SantiWahyudi17,Its cool🥰,2
TNX,4C7xGubTL90,2022-05-17T12:42:00Z,@nelvi_7,Más de 100k de vi3ws! Vamos por el millón,1
TNX,4C7xGubTL90,2022-05-17T12:41:49Z,@nanasmoon8445,beklentilerimin üstünde olmuş,0
TNX,4C7xGubTL90,2022-05-17T12:41:45Z,@marti55.13,"Grupo con talento que veo, grupo con talento que staneo. Ya enserio, esto es de otro UNIVERSO. Me encanta.",1
TNX,4C7xGubTL90,2022-05-17T12:41:42Z,@jikdyeyn,"THE SONG, BTCH IS SO LIT!!! THE CHOREOGRAPHY TOO 🥰",0
TNX,4C7xGubTL90,2022-05-17T12:41:37Z,@nanasmoon8445,çok güzel ya,0
TNX,4C7xGubTL90,2022-05-17T12:41:27Z,@floweran00,"Me he quedado loca. ¿Realmente es su debut? Son increíbles. Absolutamente todo quedó perfecto, incluso más que perfecto. Estoy muy orgullosa de los chicos de Ploud, ahora TNX.",0
TNX,4C7xGubTL90,2022-05-17T12:41:22Z,@aashkumar8918,first of all .. what a bop<br>secondly what a MF-ING DEBUT!!,2
TNX,4C7xGubTL90,2022-05-17T12:41:16Z,@akbardilla3408,TNX ROTY BOY GRUB,0
TNX,4C7xGubTL90,2022-05-17T12:41:04Z,@jikdyeyn,OMGGGGGGG!!!! I CAN&#39;T EXPRESS MY EMOTION RIGHT NOW ALL I WANT TO SAY IS I&#39;M SO PROUD OF YOU BOYS!!! DESERVEEEE,0
TNX,4C7xGubTL90,2022-05-17T12:41:04Z,@Suaieveryday,🫡🫡🫡🫡🫡🫡,1
TNX,4C7xGubTL90,2022-05-17T12:40:59Z,@zintaaandinyy6063,"Little bit lateeee, congrats TNX!!!!",0
TNX,4C7xGubTL90,2022-05-17T12:40:55Z,@anyarahmasari7810,soo proud,2
TNX,4C7xGubTL90,2022-05-17T12:40:53Z,@ftsow6994,Stray kids little brother?,0
TNX,4C7xGubTL90,2022-05-17T12:40:53Z,@eternal._.whisperss,So proud of y’all!!,0
TNX,4C7xGubTL90,2022-05-17T12:40:51Z,@catboisani,omg youtube suggested me this masterpiece,0
TNX,4C7xGubTL90,2022-05-17T12:40:09Z,@julitharidhakusuma4941,"WHOS THE CHOREOGRAPHER ? THE MOVE, THE DETAIL, THE CHOREO FUCKING COOL DAMN!!! ALL TNX MEMBER REALLY COOL!! SO TALENTED!! WHOS THE PRODUCER ? THE SONG DAMN FUCKING COOL",0
TNX,4C7xGubTL90,2022-05-17T12:39:51Z,@717_91,뛰뛰빵빵을 잇네,0
TNX,4C7xGubTL90,2022-05-17T12:39:50Z,@mad5534,this straight up goes in the best debut songs,1
TNX,4C7xGubTL90,2022-05-17T12:39:49Z,@urmn_,Omg keren!,0
TNX,4C7xGubTL90,2022-05-17T12:39:47Z,@cirachell,"they&#39;re literally something, the song is so freakin cool and addicting, and their charisma tho, this rookie really ate.",59
TNX,4C7xGubTL90,2022-05-17T12:39:46Z,@mashasieha,🎉🎉🎉🎉🎉🎉<br>finally debute,0
TNX,4C7xGubTL90,2022-05-17T12:39:39Z,@fabricciochinchayangarcia4356,"Estoy impresionada por lo talentoso que son, tiene un comino largo que recorre y los acompañe pase lo que pase.<br>❤️❤️❤️❤️❤️",0
TNX,4C7xGubTL90,2022-05-17T12:39:37Z,@ricky_erick.08,"Just bu the beginning I like it, the beats omg, added definitely to my Playlist &lt;3 ngl I like it!!",1
TNX,4C7xGubTL90,2022-05-17T12:39:36Z,@ishikajoshi1318,They gon go all the way up!!,0
TNX,4C7xGubTL90,2022-05-17T12:39:25Z,@ishikajoshi1318,PERFECTION,0
TNX,4C7xGubTL90,2022-05-17T12:39:22Z,@kyuhynn,OMG I LOVE THIS DEBUT SM,1
TNX,4C7xGubTL90,2022-05-17T12:39:12Z,@Nonnonb,it is perfect,0
TNX,4C7xGubTL90,2022-05-17T12:39:06Z,@naiellinysousa8999,😍🎶👏,0
TNX,4C7xGubTL90,2022-05-17T12:39:05Z,@hwayoung4545,im so happy and proud rn,0
TNX,4C7xGubTL90,2022-05-17T12:39:05Z,@Nikikim945,Wow it&#39;s amazing 🤩,0
TNX,4C7xGubTL90,2022-05-17T12:39:01Z,@fullsun3678,"The song is badass, and that drop am lovin it. But the MV is so dull. P nation - spends money on your boys here.",0
TNX,4C7xGubTL90,2022-05-17T12:38:51Z,@juhardiasel7409,vibe yg nih next bakal jadi stan nih boy grup,1
TNX,4C7xGubTL90,2022-05-17T12:38:42Z,@racer7604,Great debut!,1
TNX,4C7xGubTL90,2022-05-17T12:38:14Z,@makeisol,AHHHHHHH ❤❤❤❤❤❤,0
TNX,4C7xGubTL90,2022-05-17T12:38:06Z,@ebrahimwadee7574,oh I been waiting for this one 😍,0
TNX,4C7xGubTL90,2022-05-17T12:38:02Z,@Rorki,All rounder boys,0
TNX,4C7xGubTL90,2022-05-17T12:37:54Z,@siskasusilawati7218,❤❤❤❤❤,0
TNX,4C7xGubTL90,2022-05-17T12:37:50Z,@nisanisa6145,I LOVE YOU TNX,0
TNX,4C7xGubTL90,2022-05-17T12:37:27Z,@tocally2080,"Aaaa I’ve been waiting for this debut over a year now, so happy for the boys 😭",4
TNX,4C7xGubTL90,2022-05-17T12:37:25Z,@stayooh5389,They somehow reminded me of SKZ(my ulti group)i think im gonna love them and waste my money on them in the future😭🤣🤣,0
TNX,4C7xGubTL90,2022-05-17T12:37:24Z,@Janne1502,"Wow, que técnica de majestuosidad tienen, en serio, visual, coreografia y vocal, es espectacular, porfin llegó el dia de su debut, y esta increíble, me declaró fan de TNX",0
TNX,4C7xGubTL90,2022-05-17T12:37:24Z,@강서경-y4p,개좋아,0
TNX,4C7xGubTL90,2022-05-17T12:37:22Z,@kpopbangtanfamily6807,This is awesome💥💥,1
TNX,4C7xGubTL90,2022-05-17T12:37:19Z,@atom9010,Obviously it was above my expectation!,0
TNX,4C7xGubTL90,2022-05-17T12:37:13Z,@alyssalleno,OMGGGGG! EUN HWI IMPROVED SO MUCH ON DANCING AND THE DANCE ARE ON POINT!!!!!!!!!,0
TNX,4C7xGubTL90,2022-05-17T12:36:58Z,@MirandaFangirl,i love you guys !,1
TNX,4C7xGubTL90,2022-05-17T12:36:52Z,@aanneinneh4175,Yo they killed it,1
TNX,4C7xGubTL90,2022-05-17T12:36:51Z,@qkzalswns,THIS IS AMAZING,1
TNX,4C7xGubTL90,2022-05-17T12:36:49Z,@adristi3913,"hwi rap is just my style, 진짜 내 스타일이야",1
TNX,4C7xGubTL90,2022-05-17T12:36:48Z,@mayou7381,<b>i&#39;m soo proud of them!!</b>,2
TNX,4C7xGubTL90,2022-05-17T12:36:48Z,@jenosauro22,"QUE MV ESPETACULAR, AS VOZES DELES ESTÃO MARAVILHOSAS, ESSA MÚSICA TA MUITO BOA, PARABÉNS TNX PELO DEBUT",17
TNX,4C7xGubTL90,2022-05-17T12:36:47Z,@blueunhwi,simplesmente os maiores que temos,3
TNX,4C7xGubTL90,2022-05-17T12:36:46Z,@astrironaulisihite3427,Omg omg omg keren bgt sumpah,1
TNX,4C7xGubTL90,2022-05-17T12:36:40Z,@rockydoo5633,STAN TNX STAN TALENT,1
TNX,4C7xGubTL90,2022-05-17T12:36:40Z,@WIFI-2023,Rex 🦖,1
TNX,4C7xGubTL90,2022-05-17T12:36:17Z,@mastaneshajar9740,Why vi3ws are not good . But other debut get more vi3ws they are so good,0
TNX,4C7xGubTL90,2022-05-17T12:36:16Z,@bluenight9508,10 de 10,0
TNX,4C7xGubTL90,2022-05-17T12:36:15Z,@mayou7381,"<b>Damn, this is a masterpiece, everything is chef&#39;s kiss, i can&#39;t believe it&#39;s only their debut song!!</b>",5
TNX,4C7xGubTL90,2022-05-17T12:36:15Z,@kyungholoml6126,ATE AND DEVOURED,0
TNX,4C7xGubTL90,2022-05-17T12:36:11Z,@sibaja3102,"<a href=""https://www.youtube.com/watch?v=4C7xGubTL90&amp;t=109"">1:49</a> my bias now",0
TNX,4C7xGubTL90,2022-05-17T12:36:07Z,@aleknowlee5552,❤️🥺,1
TNX,4C7xGubTL90,2022-05-17T12:36:05Z,@kasvinraj4310,Nice song😘😘😘,0
TNX,4C7xGubTL90,2022-05-17T12:36:05Z,@deekhr,WOW MOVE SOUNDS SO GOOD I’M SO PROUD OF THEM,0
TNX,4C7xGubTL90,2022-05-17T12:36:01Z,@chiocrespo8939,Vamos pot mas,0
TNX,4C7xGubTL90,2022-05-17T12:35:54Z,@MJ-fx8to,Tnx es un grupo que merece muchísimo mas reconocimiento ..,0
TNX,4C7xGubTL90,2022-05-17T12:35:50Z,@idanb1669,This is so DAEBAK! Can&#39;t believe that this is their debut song! I watched them in LOUD and still loving them ❤️,0
TNX,4C7xGubTL90,2022-05-17T12:35:50Z,@Panjoell,Anjay.,0
TNX,4C7xGubTL90,2022-05-17T12:35:47Z,@esguerrama.christina571,STREAM MOVE!!!!!!,0
TNX,4C7xGubTL90,2022-05-17T12:35:41Z,@mdi3159,ÉSTOS CHICOS TIENEN TALENTO,0
TNX,4C7xGubTL90,2022-05-17T12:35:35Z,@harupark1997,On 🔥,0
TNX,4C7xGubTL90,2022-05-17T12:35:26Z,@esguerrama.christina571,CONGRATULATIONS ON YOUR DEBUT TNX ♡♡♡♡♡,0
TNX,4C7xGubTL90,2022-05-17T12:35:23Z,@mariamh9001,THIS IS SO FIRE!!!!!!!!!!,0
TNX,4C7xGubTL90,2022-05-17T12:35:23Z,@mayou7381,<b>this debut really hits hard!!</b>,0
TNX,4C7xGubTL90,2022-05-17T12:35:20Z,@lunabtxt,Let&#39;s keep streaming please,0
TNX,4C7xGubTL90,2022-05-17T12:35:16Z,@salwakhairunn9152,TNX‼️‼️‼️‼️💗💐,1
TNX,4C7xGubTL90,2022-05-17T12:35:09Z,@rojin1001,Omg the rap&gt;&gt;&gt;&gt;&gt;&gt;&gt;&gt;&gt;&gt;,0
TNX,4C7xGubTL90,2022-05-17T12:35:04Z,@putrimeciislamiah9388,Selamat atas debutnya. Kalian benar2 keren,1
TNX,4C7xGubTL90,2022-05-17T12:35:03Z,@mshhyshnr,The rap line wow as in wow 😯👏,0
TNX,4C7xGubTL90,2022-05-17T12:34:56Z,@TheDissypooh,Go go my boy,0
TNX,4C7xGubTL90,2022-05-17T12:34:54Z,@isagarcia9302,I loved,0
TNX,4C7xGubTL90,2022-05-17T12:34:53Z,@dear2918,Finally after LOUD,0
TNX,4C7xGubTL90,2022-05-17T12:34:52Z,@rosieeparbin,I am glad I clicked on the video....damn 🔥🔥🔥,1
TNX,4C7xGubTL90,2022-05-17T12:34:49Z,@adristi3913,"SUNGJUN KILLING POINT YESSSS, SLAYYYT",0
TNX,4C7xGubTL90,2022-05-17T12:34:46Z,@insomnia9981,デビューおめでとう😭😭待ってたよ<br>みんな最高！！,0
TNX,4C7xGubTL90,2022-05-17T12:34:44Z,@kanuwangjen2555,"<a href=""http://www.youtube.com/results?search_query=%23tnx"">#tnx</a>",0
TNX,4C7xGubTL90,2022-05-17T12:34:42Z,@sibaja3102,Felicitaciones &lt;3,0
TNX,4C7xGubTL90,2022-05-17T12:34:40Z,@luaOak,"FINALLY!!!! I&#39;m so proud,i love you boys",0
TNX,4C7xGubTL90,2022-05-17T12:34:40Z,@patricia1416,E foi aqui em 0:5 que me apaixonei,0
TNX,4C7xGubTL90,2022-05-17T12:34:38Z,@fifi9840,I love this song vibe so much,0
TNX,4C7xGubTL90,2022-05-17T12:34:35Z,@mayou7381,"<b>This is truly insane how good they are, this driving me crazy that&#39;s it&#39;s only their debut song wooah!!</b>",15
TNX,4C7xGubTL90,2022-05-17T12:34:34Z,@eunio6321,verry nice,0
TNX,4C7xGubTL90,2022-05-17T12:34:22Z,@hdd982,SLAY ROTY SLAYYY🔥🔥,0
TNX,4C7xGubTL90,2022-05-17T12:34:18Z,@paoc.3606,"La verdad, no me parece novedoso ni nada, pero le doy like y lo reproduzco porque quiero que les vaya bien. 😀",0
TNX,4C7xGubTL90,2022-05-17T12:34:18Z,@adristi3913,"great job guys, ilysm 💞",0
TNX,4C7xGubTL90,2022-05-17T12:34:12Z,@kaniadwipertiwi1387,🤎🤎🤎,0
TNX,4C7xGubTL90,2022-05-17T12:34:07Z,@misugyus,WHAT IS THIS HIGH QUALITY VOCALS AND DANCE AND VIBE AND THEYRE ONLY ROOKIES??,0
TNX,4C7xGubTL90,2022-05-17T12:33:56Z,@adristi3913,"AH I REALLY LIKE THE SONG, ESPECIALLY HYUNSOO PART 😭💖💖💖💖",0
TNX,4C7xGubTL90,2022-05-17T12:33:43Z,@mshhyshnr,Nice one TNX 👍😊🇵🇭,0
TNX,4C7xGubTL90,2022-05-17T12:33:43Z,@tnxsdandelion637,PLOUD STANS YOUR TEARS WERE WORTH IT!,0
TNX,4C7xGubTL90,2022-05-17T12:33:41Z,@woosung1451,yeyy move to the top,0
TNX,4C7xGubTL90,2022-05-17T12:33:37Z,@deeradiana2592,ดีแบบตะโกน,0
TNX,4C7xGubTL90,2022-05-17T12:33:34Z,@mayou7381,"<b>this is honestly the best debut i never seen, wooah i&#39;m speechless, this is a masterpiece, the vibe, the song, the lyrics and also their vibe, they sound and look sooo cool, i&#39;m screaming soo hard, they really got me speechless, they are gonna be very big, Pnation really created a monster group, they have everything, the attitude, vibes, visuals...everything...wooah i&#39;m proud to be here for their debut...i&#39;m really witnessing something huge...</b>",96
TNX,4C7xGubTL90,2022-05-17T12:33:30Z,@lucianaflorenciachavez2686,AAAAAAA ES ARTE ESTO,0
TNX,4C7xGubTL90,2022-05-17T12:33:26Z,@euroisreal,I LOVE THEM ALR,1
TNX,4C7xGubTL90,2022-05-17T12:33:13Z,@Ryoco.oo0,かっこいいです🙏🙏🙏🙏🙏🙏🙏,0
TNX,4C7xGubTL90,2022-05-17T12:33:06Z,@adriancamachov9,TEAM ECUADOR💛💙❤,0
TNX,4C7xGubTL90,2022-05-17T12:33:05Z,@presidenthwasa5505,"As expected of P Nation, everyone can actually sing. <br>The rap in the middle of the song is also very satisfying. <br>Excited to see how a group turns out under the - hopefully as healthy as it’s towards its solos - p nation management",0
TNX,4C7xGubTL90,2022-05-17T12:33:03Z,@twxtnx2415,"trust me, you&#39;ll never regret stanning TNX.",0
TNX,4C7xGubTL90,2022-05-17T12:33:00Z,@itsabt2rain,Yeah!!! They are finally here!!! ❤️❤️❤️,0
TNX,4C7xGubTL90,2022-05-17T12:32:57Z,@tnxsdandelion637,"HWI, KYUNGJUN, HYUNSOO, SUNGJUN, TAEHUN &amp; JUNHYEOK CONGRATULATIONS ON YOUR DEBUT!",0
TNX,4C7xGubTL90,2022-05-17T12:32:48Z,@由美-x4z,デビューおめでとう！こうき君のいないグループは・・・と思ってましたが、みんなやはりカッコいい✨✨<br>やはりこの出来上がりを見るとバランスがいいですね。<br>頑張って下さい。そしていつかこうき君がデビューする事を心から願いつつ皆さんを応援しています。<br>ウンフィ君凄く垢抜けて踊りも上手でさらにカッコ良くなってて成長が凄いなと感じました😊,0
TNX,4C7xGubTL90,2022-05-17T12:32:48Z,@mariamh9001,"I&#39;m in love😍😍😍<br>with what?<br>EVERYTHING!!<br>First of, the members are so talented!<br>then there is the dancing, the vocal, the theme, and dont get me started on the rap!!!",0
TNX,4C7xGubTL90,2022-05-17T12:32:47Z,@astrironaulisihite3427,Akhirnya setelah sekian lama nunggu...sukses terus semangat,0
TNX,4C7xGubTL90,2022-05-17T12:32:44Z,@danielle7672,"This is absolutely amazing, I have no words. Speechless right now....🥰🥰🥰🥰🥰🥰",0
TNX,4C7xGubTL90,2022-05-17T12:32:42Z,@bernelysvaldez3145,"the best debut of this year, they did very well. ❤️",0
TNX,4C7xGubTL90,2022-05-17T12:32:34Z,@izauchi,WHOAH 10/10 AMAZING DEBUT!!,0
TNX,4C7xGubTL90,2022-05-17T12:32:23Z,@juhducah5464,"OH MY GOD! I ALREADY LOVE THEM! GIVE ME THE FANDOM NAME, CUZ IM ON IT!",1
TNX,4C7xGubTL90,2022-05-17T12:32:20Z,@Carol.26,The &#39;비켜라 비켜&#39; part is so addictive!!!!,3
TNX,4C7xGubTL90,2022-05-17T12:32:15Z,@hibataher3596,DAMN<br>WHAT A DEBUT&lt;3,0
TNX,4C7xGubTL90,2022-05-17T12:32:04Z,@maragathavalli4623,LETS GOOOOOOOOOOOOOOOOO,0
TNX,4C7xGubTL90,2022-05-17T12:32:01Z,@azurine99,Wowww I can&#39;t believe this. I love you all. Splendid.,0
TNX,4C7xGubTL90,2022-05-17T12:31:58Z,@ebonyivory2008,노래 너무 좋은 거 아닝가??? 와 진짜 신인 곡 중 최강! 안무 진짜 장난 없어요!!! 경례할 때 소오름!!!,2
TNX,4C7xGubTL90,2022-05-17T12:31:55Z,@YuHlink,OS NOVOS PRÍNCIPES DA NAÇÃO 🛐(🇧🇷),0
TNX,4C7xGubTL90,2022-05-17T12:31:52Z,@holly0077,TNX 출두하신다~~ 비켜라 비켜!,2
TNX,4C7xGubTL90,2022-05-17T12:31:51Z,@eunio6321,nice,0
TNX,4C7xGubTL90,2022-05-17T12:31:49Z,@theofficialkpopclown,I’m calling it right now- these boys are gonna have a huge positive impact on the kpop industry!  Also THEIR VISUALS!!!!!👏👏,50
TNX,4C7xGubTL90,2022-05-17T12:31:47Z,@eunio6321,bestt,0
TNX,4C7xGubTL90,2022-05-17T12:31:39Z,@saranghae9_29,I got goosebumps... They are all charismatic...so cool...,26
TNX,4C7xGubTL90,2022-05-17T12:31:32Z,@Angela-h8x-p4e,"뮤직비디오 잘봤고, 이제 음원사이트에서 스트리밍도 열심히 해줄게요❤️ 화이팅!",2
TNX,4C7xGubTL90,2022-05-17T12:31:21Z,@tammambeenteyali,"This one&#39;s their debut song and this is kinda killer , Guessing they will have a great future. Best of luck ✊",145
TNX,4C7xGubTL90,2022-05-17T12:31:15Z,@mirellap937,Me encantó &lt;3,0
TNX,4C7xGubTL90,2022-05-17T12:31:06Z,@diaajeng8340,KYUNGJUN KMU KECE ABIEZZZZ,0
TNX,4C7xGubTL90,2022-05-17T12:31:00Z,@hatingimitators4470,LIKE CLOTHES BTS CONCERT🤣🤣🤣🤣🤣🤣🤣🤣🤣,0
TNX,4C7xGubTL90,2022-05-17T12:30:58Z,@kyungholoml6126,FINALLYY!!! BEEN WAITING SINCE PREDEBUT,0
TNX,4C7xGubTL90,2022-05-17T12:30:54Z,@diaajeng8340,hyunsoo mending kita pacaran dehh,0
TNX,4C7xGubTL90,2022-05-17T12:30:45Z,@valentinaayu1225,"yang ditunggu akhirnya keluar dari goaa, CONGRATULATIONS❤❤",0
TNX,4C7xGubTL90,2022-05-17T12:30:43Z,@merareddina4980,Hallooo anak²nya gueee.. semangat yah..,0
TNX,4C7xGubTL90,2022-05-17T12:30:41Z,@ChrisHBarbosa,Eu amei essa música real 🔥🔥🔥🔥🔥🔥🔥🔥🔥🔥🫰🏻🫰🏻🫰🏻🫰🏻🫰🏻,0
TNX,4C7xGubTL90,2022-05-17T12:30:37Z,@diaajeng8340,ANAK KU KEREN BGTT,0
TNX,4C7xGubTL90,2022-05-17T12:30:36Z,@Baesu03,Kyung jun,0
TNX,4C7xGubTL90,2022-05-17T12:30:33Z,@Leleleen_,I&#39;m here. Not Really know about TNX,0
TNX,4C7xGubTL90,2022-05-17T12:30:26Z,@MRJAY-wp4bp,I like this song.,0
TNX,4C7xGubTL90,2022-05-17T12:30:25Z,@margretngonyani5152,They&#39;re so talented,0
TNX,4C7xGubTL90,2022-05-17T12:30:23Z,@Linda-qc7vd,a nalh ve hranpa e,0
TNX,4C7xGubTL90,2022-05-17T12:30:22Z,@oktafatmasolecha3927,&quot;We are p nation&quot; it&#39;s flex guys!!!,2
TNX,4C7xGubTL90,2022-05-17T12:30:20Z,@diaajeng8340,OMGGG SO COOL,1
TNX,4C7xGubTL90,2022-05-17T12:30:19Z,@dxhanse9163,PERIOD,0
TNX,4C7xGubTL90,2022-05-17T12:30:17Z,@rafaeljmsk,Hit,0
TNX,4C7xGubTL90,2022-05-17T12:30:16Z,@dxhanse9163,HII,0
TNX,4C7xGubTL90,2022-05-17T12:30:07Z,@leydis.,🥰🥰me encantó se esforzaron mucho ..... Y lo lograron.. fue increíble estar y ver la la canción de su debut 🤭✨ felicidades,0
TNX,4C7xGubTL90,2022-05-17T12:30:06Z,@citrasuciramadanti7678,100k stream omg,0
TNX,4C7xGubTL90,2022-05-17T12:30:05Z,@thatwindblows,JUNHYEOOOOOK THE MAIN VOCALIST OF 4TH GEN,0
TNX,4C7xGubTL90,2022-05-17T12:30:00Z,@unaestheticallypleasing,OMG!!!! 😭 😭,0
TNX,4C7xGubTL90,2022-05-17T12:29:56Z,@kangdanielkangdaniel115,who are they ? they really insane !!!!,1
TNX,4C7xGubTL90,2022-05-17T12:29:52Z,@sadgurl9074,FINNALLYY 🔥🔥🔥🔥🔥,0
TNX,4C7xGubTL90,2022-05-17T12:29:52Z,@galilie5571,"They just debuted but they aren&#39;t look like a rookie, this is insane!",1
TNX,4C7xGubTL90,2022-05-17T12:29:51Z,@urmn_,TNX! Keren banget kalian,0
TNX,4C7xGubTL90,2022-05-17T12:29:45Z,@kdy6872,congrats on your debut !!!,0
TNX,4C7xGubTL90,2022-05-17T12:29:35Z,@elciasmina3185,Me siento tan argullosa de ellos 🥺,0
TNX,4C7xGubTL90,2022-05-17T12:29:27Z,@seulgibestg5990,AAAAAAAAAAAAA YES,0
TNX,4C7xGubTL90,2022-05-17T12:29:26Z,@neomusadly8818,this is actually the bestEST video I&#39;ve watched today :D,0
TNX,4C7xGubTL90,2022-05-17T12:29:25Z,@pinocchiolb,Everything is PERFECT!!!,0
TNX,4C7xGubTL90,2022-05-17T12:29:24Z,@010_a_angelamericin.l9,Incredibel vocal Choi Junhyuk!!!😍🤩,0
TNX,4C7xGubTL90,2022-05-17T12:29:21Z,@Quokka_Running01,비켜라 비켜! Aaaarrgghhh Im In Love! Wow! Just wow! Are yall sure this is y&#39;alls debut mv? Its soooooo good! OMG.,0
TNX,4C7xGubTL90,2022-05-17T12:29:14Z,@ezegaya5837,Straight up vibe🔥🔥🔥,0
TNX,4C7xGubTL90,2022-05-17T12:29:05Z,@nazarenabernal2701,WOW me sorprendieron y gustaron mucho!!! Son muy capos los chicos bailando y cantando! Me encanto!!!!!!,0
TNX,4C7xGubTL90,2022-05-17T12:28:59Z,@marya___,this is a damn masterpiece &lt;3,0
TNX,4C7xGubTL90,2022-05-17T12:28:58Z,@hope07jh,Arrasaram de mais,0
TNX,4C7xGubTL90,2022-05-17T12:28:47Z,@Believepencil,"Oh I am glad I followed from loud to tnx, they killed it in all round, visual, vocals, raps and soooooo oonnn.",0
TNX,4C7xGubTL90,2022-05-17T12:28:42Z,@dior6103,let&#39;s go to Million Views please!,1
TNX,4C7xGubTL90,2022-05-17T12:28:33Z,@010_a_angelamericin.l9,Uri Choi Junhyuk!!!! Wowww,0
TNX,4C7xGubTL90,2022-05-17T12:28:21Z,@dior6103,HAPPY 100K!🎉🎉🎉🎉🎉,3
TNX,4C7xGubTL90,2022-05-17T12:28:16Z,@صباحدادیان,This is amazing,0
TNX,4C7xGubTL90,2022-05-17T12:28:09Z,@boraheartorion2721,Congrats on your debut! Love from Bangladesh! &lt;3,0
TNX,4C7xGubTL90,2022-05-17T12:28:06Z,@mailynh1503,congrats TNX for your debut !! this song is amazing !,0
TNX,4C7xGubTL90,2022-05-17T12:28:02Z,@fernandaassis1771,Awesomeeeee! Just another level,0
TNX,4C7xGubTL90,2022-05-17T12:28:01Z,@eloksynta,Congratulation on your debut 🔥🔥🔥🔥❤️,0
TNX,4C7xGubTL90,2022-05-17T12:27:59Z,@swan.93ali72,Wow. They are amazing,0
TNX,4C7xGubTL90,2022-05-17T12:27:56Z,@rheezab,"this song is addicting, did they add any drugs in this song??",1
TNX,4C7xGubTL90,2022-05-17T12:27:56Z,@hyunjinwroteredlights440,This was completely worth how long  I&#39;ve been waiting for them to debut!,0
TNX,4C7xGubTL90,2022-05-17T12:27:55Z,@chabourayan3343,So good,0
TNX,4C7xGubTL90,2022-05-17T12:27:39Z,@jaeaji,woah this song is so good. congratulations tnx and happy debut !!,0
TNX,4C7xGubTL90,2022-05-17T12:27:33Z,@ry-pf2cy,本当にすごくバランスのとれたグループ🥰<br>この日を楽しみにしていました！<br>かっこいい😭✨✨✨,0
TNX,4C7xGubTL90,2022-05-17T12:27:13Z,@Kiaatm,njirr gw kira skz,1
TNX,4C7xGubTL90,2022-05-17T12:27:13Z,@chiocrespo8939,Como no amarlos,0
TNX,4C7xGubTL90,2022-05-17T12:27:08Z,@ratchaneewantharaphon1182,💖👍🏻,0
TNX,4C7xGubTL90,2022-05-17T12:27:06Z,@Believepencil,Oh my God... No words perfect... Lord have mercy junhyuk,0
TNX,4C7xGubTL90,2022-05-17T12:27:03Z,@jaeaji,CONGRATULATIONS FOR YOUR DEBUT TNX !!!,0
TNX,4C7xGubTL90,2022-05-17T12:27:02Z,@harisenin2023,Aku suka semuanya,0
TNX,4C7xGubTL90,2022-05-17T12:26:59Z,@zaazilcb,"They are too Young to me but I support their debut, they are amazing, they will do great",0
TNX,4C7xGubTL90,2022-05-17T12:26:57Z,@bachrulfuady4821,"Music, MV, Costum and All Performance, OMG.....Love it.... ManTuL 🇮🇩",0
TNX,4C7xGubTL90,2022-05-17T12:26:52Z,@oneout5143,I can’t wait to check out the rest of the album now. ^^,0
TNX,4C7xGubTL90,2022-05-17T12:26:52Z,@sabrinacastro730,"For their debut song omg, they came in strong and slayed it.. wow.. I’m not surprised though, this was amazing and finally happy to see them..",0
TNX,4C7xGubTL90,2022-05-17T12:26:47Z,@sitinurazizah5475,100,1
TNX,4C7xGubTL90,2022-05-17T12:26:45Z,@boraheartorion2721,DANGG THIS IS FIREEE,1
TNX,4C7xGubTL90,2022-05-17T12:26:44Z,@spectrapietra,"Esse grupo é muito bom... Tô apaixonada por essa música e essa coreografia 😍 gente do céu que debut foi esses?? Eu não era fã deles não mais agora eu virei, apenas acompanhei o reality mais não era fã até agora jesus esse meninos tem muito reconhecimento ainda para ter🙌🙏👏❤️👑 O PSY criou lendas futuras lendas❤️",2
TNX,4C7xGubTL90,2022-05-17T12:26:40Z,@Francis.29,"Impresionante... <a href=""http://www.youtube.com/results?search_query=%23tnx"">#TNX</a>",2
TNX,4C7xGubTL90,2022-05-17T12:26:37Z,@kimkaren1946,"Rap, Vocal, style, dance, lyrics, everything is literally nice, crazy.",488
TNX,4C7xGubTL90,2022-05-17T12:26:35Z,@babylucy920,그들은 매우 재능이 있습니다 나는 그들을 사랑합니다💕💕,1
TNX,4C7xGubTL90,2022-05-17T12:26:35Z,@bookish503,YESSSSS p-nation you did it!!! Your first boy group!!,1
TNX,4C7xGubTL90,2022-05-17T12:26:35Z,@yummuffida875,Hyunsoooooooo,1
TNX,4C7xGubTL90,2022-05-17T12:26:34Z,@Emily-it9cc,"WOW WHAT AN AMAZING DEBUT the song, the visuals and just the whole mv are so good, wishing you the best!!",1
TNX,4C7xGubTL90,2022-05-17T12:26:33Z,@shirinsidharta,Tae hun I&#39;m so proud of you !! Your vocals are insanely good &gt;&lt;,1
TNX,4C7xGubTL90,2022-05-17T12:26:29Z,@bbygrqpes,GO MY BABIESS,2
TNX,4C7xGubTL90,2022-05-17T12:26:26Z,@finazz,happy 100k !&lt;3,2
TNX,4C7xGubTL90,2022-05-17T12:26:26Z,@nidaa.s4772,Kyungjun really improved so muuchhhh!!! My bias is sungjun but kyungjun stole my attention in their very first mv wth😭😭😭,1
TNX,4C7xGubTL90,2022-05-17T12:26:25Z,@hunnieyy,Woy ngakak ama Trex🤣😭,1
TNX,4C7xGubTL90,2022-05-17T12:26:24Z,@sakuraftgj,kyungjun,1
TNX,4C7xGubTL90,2022-05-17T12:26:24Z,@saldanadorothy9532,This kids eat smthn different to acquire this kind of skills. well done!,1
TNX,4C7xGubTL90,2022-05-17T12:26:23Z,@thatwindblows,THE BRIDGE THOOOOUGHHHH 🥺,1
TNX,4C7xGubTL90,2022-05-17T12:26:08Z,@shirinsidharta,"THIS IS SO GOOD! I can&#39;t believe this is their debut song^^ it&#39;s so powerful and they already have great confidence in the mv. I truly think they have a great future ahead of them, go TNX!!",2
TNX,4C7xGubTL90,2022-05-17T12:26:00Z,@zainab6048,This is so good!,1
TNX,4C7xGubTL90,2022-05-17T12:26:00Z,@kimkaren1946,الراب الفوكال الستايل الرقص كلمات الاغنية كلشي حرفيا كلشي حلو بجنن,2
TNX,4C7xGubTL90,2022-05-17T12:25:53Z,@muhammadtauran4251,keren kalian!,1
TNX,4C7xGubTL90,2022-05-17T12:25:50Z,@rheezab,the &quot;we pnation!&quot; line AAAAA,19
TNX,4C7xGubTL90,2022-05-17T12:25:34Z,@Динь-динь-ц7б,Слегка слышу звучание стреев ахахаха,1
TNX,4C7xGubTL90,2022-05-17T12:25:32Z,@harisenin2023,Aku suka lagunya,1
TNX,4C7xGubTL90,2022-05-17T12:25:30Z,@misachibi2656,Do you believe this is debut? What...... This is too cool... Stand for tnx.,1
TNX,4C7xGubTL90,2022-05-17T12:25:26Z,@dilikaisa675,I am so happy!!!!! Congratulations for your debut!,1
TNX,4C7xGubTL90,2022-05-17T12:25:22Z,@kim_lola4366,💖💖💖💋,2
TNX,4C7xGubTL90,2022-05-17T12:25:15Z,@kimkaren1946,وقعت بحب الاغنية,2
TNX,4C7xGubTL90,2022-05-17T12:25:12Z,@MMM-pz8wo,The song is so catchy!! And the choreography is insane can’t wait to see more of their talents,118
TNX,4C7xGubTL90,2022-05-17T12:25:08Z,@Динь-динь-ц7б,"Вперëд, вперëд, вперëд",1
TNX,4C7xGubTL90,2022-05-17T12:25:05Z,@haysiaak,Rapnya Hwi keren banget..,1
TNX,4C7xGubTL90,2022-05-17T12:25:04Z,@nyssfthyr,"<a href=""https://www.youtube.com/watch?v=4C7xGubTL90&amp;t=115"">1:55</a> ddangg who is thisss ?? his rapper super amazing ssjskjsjsj",1
TNX,4C7xGubTL90,2022-05-17T12:24:59Z,@sandeepanimallawa,Congratulations TNX ♥🥂💫 And so proud of u all ♥,2
TNX,4C7xGubTL90,2022-05-17T12:24:51Z,@MMM-pz8wo,Hyunsoo looks soo good I’m so proud of him!!,7
TNX,4C7xGubTL90,2022-05-17T12:24:51Z,@marceloalbertovj824,Malísimo,1
TNX,4C7xGubTL90,2022-05-17T12:24:50Z,@Динь-динь-ц7б,Гоу гоу гоу ахахаха,1
TNX,4C7xGubTL90,2022-05-17T12:24:49Z,@aribispo967,Amei! Já vou fazer parte do fandom,1
TNX,4C7xGubTL90,2022-05-17T12:24:40Z,@nanaa._.,Daebak,1
TNX,4C7xGubTL90,2022-05-17T12:24:38Z,@cici-inggris,Lol t-rex go go go,1
TNX,4C7xGubTL90,2022-05-17T12:24:34Z,@Dannaevelyn09,Es muy bueno,1
TNX,4C7xGubTL90,2022-05-17T12:24:31Z,@19roses,"Me re ENCANTA el CONCEPTO de toda la canción OMG,no parece que este es su debut .....sinceramente no me imagino como será  su comeback ...<br>Aunq es obvio q falta mucho para  eso XD",1
TNX,4C7xGubTL90,2022-05-17T12:24:21Z,@cleanyourchickenbones,WOAAAAAH it&#39;s way better than I expected! Good job guys~,1
TNX,4C7xGubTL90,2022-05-17T12:24:19Z,@kanuwangjen2555,Trex gets funnier with time 🦖🦖🦖🦖,0
TNX,4C7xGubTL90,2022-05-17T12:24:17Z,@minngxos,OMG EVERYTHING IS PERFECT 🫶🏻,1
TNX,4C7xGubTL90,2022-05-17T12:24:11Z,@AnyShine66,Omg they’re literally a cross between Ateez an Stray kids 😍😍 ofc Pnation has the best of the best,1
TNX,4C7xGubTL90,2022-05-17T12:24:10Z,@disyadisa5511,Finaly.. love from indonesia TNX..,1
TNX,4C7xGubTL90,2022-05-17T12:24:07Z,@mxnyoonie,Everyone will agree that they are new gem for kpop world!! <br>Stan TNX,1
TNX,4C7xGubTL90,2022-05-17T12:23:58Z,@ytprms2649,Best decision to put Kyungjun from the start. love you guys! I&#39;ll be in TNX mood for the whole month and more,1
TNX,4C7xGubTL90,2022-05-17T12:23:56Z,@hasnaatabina,ok damn,1
TNX,4C7xGubTL90,2022-05-17T12:23:55Z,@fatimarobles6428,Wow 😍,1
TNX,4C7xGubTL90,2022-05-17T12:23:53Z,@MMM-pz8wo,"Their debut is so good every single thing about it is so good, I’m so proud of them and I know they’re gonna be famous can’t wait for it. CONGRATULATIONS ON YOUR DEBUT TNX!! &lt;33",7
TNX,4C7xGubTL90,2022-05-17T12:23:52Z,@mpnceahv,Esta canción necesita estar en mi playlist 👌🏻👀,1
TNX,4C7xGubTL90,2022-05-17T12:23:47Z,@jeevika6822,thsi is such a bomb. happy for their debut. They are just declaring that they are gonna rise well. Hope every lyric in this video comes true for them . Congrats and all the best,11
TNX,4C7xGubTL90,2022-05-17T12:23:44Z,@kanuwangjen2555,Trex here ✋✋✋,0
TNX,4C7xGubTL90,2022-05-17T12:23:41Z,@Kékéxz,Que perfeição é essaaa,1
TNX,4C7xGubTL90,2022-05-17T12:23:26Z,@haysiaak,We gonna make it LOUDER…. we PNATION,1
TNX,4C7xGubTL90,2022-05-17T12:23:18Z,@nidaarianti,kereng bangettt,1
TNX,4C7xGubTL90,2022-05-17T12:23:12Z,@bindin3952,"❤️ me encanta, lo voy a escuchar todo el día",1
TNX,4C7xGubTL90,2022-05-17T12:23:12Z,@aekstasic,Omg they finally debuted I&#39;m so proud of them 😭😭❤️,3
TNX,4C7xGubTL90,2022-05-17T12:23:12Z,@Soo._.ryn4U,Okey hhh,1
TNX,4C7xGubTL90,2022-05-17T12:23:04Z,@maldonadoajatajhoarykeysi4442,"Amoooo , es que cada segundo del video todos me hicieron ojitos y dije wey, aquí me quedo ♡. <br><br><br>Sé que serán grandes.",0
TNX,4C7xGubTL90,2022-05-17T12:22:56Z,@rekalarasaty415,"Omayyyy,  I&#39;m so prouddd nowww<br>And sooo fireeee Hwi",2
TNX,4C7xGubTL90,2022-05-17T12:22:51Z,@undeniablypeachy,Epic!!!,1
TNX,4C7xGubTL90,2022-05-17T12:22:34Z,@wxnat,SOTY!,1
TNX,4C7xGubTL90,2022-05-17T12:22:33Z,@chachamaru8035,Ahhhh,0
TNX,4C7xGubTL90,2022-05-17T12:22:28Z,@Nicky-zv1ch,If talent was a group,0
TNX,4C7xGubTL90,2022-05-17T12:22:09Z,@samaraevelly7823,"Tem partes da música que me lembra outras músicas que já ouvi, mas gostei 🤍",0
TNX,4C7xGubTL90,2022-05-17T12:22:07Z,@kimmyonce4987,WAY UP!!,0
TNX,4C7xGubTL90,2022-05-17T12:22:07Z,@tenzinmeinkee4339,KyungJunieeeeee you go &lt;3✨❤️,0
TNX,4C7xGubTL90,2022-05-17T12:21:47Z,@liagomez4484,MOVE TEMON,0
TNX,4C7xGubTL90,2022-05-17T12:21:46Z,@tenzinmeinkee4339,Bestttt boysss,1
TNX,4C7xGubTL90,2022-05-17T12:21:41Z,@helloo2549,Minggirlah minggir 😭,0
TNX,4C7xGubTL90,2022-05-17T12:21:40Z,@verocha8526,How can they be so amazing.. Its hard to accept the fact that they are a rookie group...,1
TNX,4C7xGubTL90,2022-05-17T12:21:38Z,@jenniferrosangpuii8597,Finally ..TNX.. ❤️❤️,0
TNX,4C7xGubTL90,2022-05-17T12:21:37Z,@liagomez4484,"AMO ESTO, SIMPLEMENTE ARTE",0
TNX,4C7xGubTL90,2022-05-17T12:21:23Z,@xloriewolfiex2740,THAT WAS REALLY GOOD OMG I DON&#39;T WHY I&#39;M CRYING  I THINK BC I&#39;M SOO HAPPY FOR THEM TO DEBUT  😭❤,0
TNX,4C7xGubTL90,2022-05-17T12:21:21Z,@liagomez4484,MAMÁ ME MIE,0
TNX,4C7xGubTL90,2022-05-17T12:21:14Z,@claracanocandanedo5715,Me encantó!!,0
TNX,4C7xGubTL90,2022-05-17T12:21:09Z,@_glyth_5566,its fire !!!!!!!!,0
TNX,4C7xGubTL90,2022-05-17T12:21:05Z,@czenniecutie,PROUD OF YOU TAEHUN<br>PROUD OF YOU KYUNGJUN<br>PROUD OF YOU JUNHYEOK<br>PROUD OF YOU HYUNSOO<br>PROUD OF YOU HWI<br>PROUD OF YOU SUNGJUN,2
TNX,4C7xGubTL90,2022-05-17T12:21:03Z,@kimjaehwan913,"Finally, congrats for your debut my boyss!!!🤩❤️❤️❤️❤️❤️❤️",0
TNX,4C7xGubTL90,2022-05-17T12:20:49Z,@piyaashasharma7055,this was beautiful,0
TNX,4C7xGubTL90,2022-05-17T12:20:44Z,@aksdusk,"EUN HWI KEREN BANGET🥺🥺🥺💖💖💖 SO PROUD OF YOU, DARI YANG AWALNYA GABISA DANCE.... TAPI SEKARANG SKILL DANCE DIA MENINGKAT BANGET, BANGGA BANGET🥺🥺💖💖💖🫂🫂🫂",2
TNX,4C7xGubTL90,2022-05-17T12:20:25Z,@panchayliriyuwa,TREMENDO DEBUT,0
TNX,4C7xGubTL90,2022-05-17T12:20:16Z,@proudblackstay9835,Congratulations on your debut<br>You guys are awesome,0
TNX,4C7xGubTL90,2022-05-17T12:20:12Z,@mikhael8115,Wei best gila,0
TNX,4C7xGubTL90,2022-05-17T12:20:02Z,@rawr0528,Itu beneran liriknya ada kata minggirnya?😭😳,0
TNX,4C7xGubTL90,2022-05-17T12:19:54Z,@anugrahdwilestari4482,Akhhhhhh finally 😤❤️❤️❤️❤️,0
TNX,4C7xGubTL90,2022-05-17T12:19:42Z,@ppct9002,"I love the vocals ont the &quot;im never falling down&quot; part, so gorgeous",10
TNX,4C7xGubTL90,2022-05-17T12:19:36Z,@dvdembrace8752,CONGRATULATIONS,0
TNX,4C7xGubTL90,2022-05-17T12:19:31Z,@SimaKim-ik1uw,your song is crazy…it’s so amazing and brilliant🤩,6
TNX,4C7xGubTL90,2022-05-17T12:19:29Z,@aieen2620,they surely have nice vocals omgg,0
TNX,4C7xGubTL90,2022-05-17T12:19:29Z,@imysb3021,เพลินมากจบไปล้านรอบปังค่ะ!,0
TNX,4C7xGubTL90,2022-05-17T12:19:00Z,@hanimoon747,So proud of them<br>WOW! This is amazing,2
TNX,4C7xGubTL90,2022-05-17T12:18:57Z,@kuyruksuzthecat,Hyunsoo is so cute I&#39;m littelarly crying!,0
TNX,4C7xGubTL90,2022-05-17T12:18:46Z,@kimmyonce4987,STREAAMM,0
TNX,4C7xGubTL90,2022-05-17T12:18:46Z,@septianipela8536,Kelewat ekspetasiku ini mahhh sumpahh keren banget.. berharap mereka bakalan sukses terus biar bisa nikmatin musik mereka...,0
TNX,4C7xGubTL90,2022-05-17T12:18:43Z,@MonicaGarcia-bw6sr,"FINALLY THE DAY IS HERE AND EVERYTHING IS SO PERFECT, CONGRATS GUYS YOU DESERVE IT!!!",12
TNX,4C7xGubTL90,2022-05-17T12:18:42Z,@aurzee,Lagu nya enak bngt plis,0
TNX,4C7xGubTL90,2022-05-17T12:18:38Z,@piyaashasharma7055,"hwi gives major han vibes, im very impressed",1
TNX,4C7xGubTL90,2022-05-17T12:18:36Z,@ROSILE-c9o,"I love it its  so good . Rap , visual , vocals , dance, every thing it&#39;s goooodd",6
TNX,4C7xGubTL90,2022-05-17T12:18:28Z,@woorenjay,"asikk, keren bgt, apakah ini saatnya aku untuk stan grup baru lagi? wkwk",0
TNX,4C7xGubTL90,2022-05-17T12:18:25Z,@rheezab,i&#39;m addicted to taehun&#39;s line,0
TNX,4C7xGubTL90,2022-05-17T12:18:22Z,@aurzee,TAEHUN GANTENG BNGT,0
TNX,4C7xGubTL90,2022-05-17T12:18:21Z,@mishinya2663,Finally!!!!,0
TNX,4C7xGubTL90,2022-05-17T12:18:16Z,@piloutchi8406,Every things is top on top 100%,1
TNX,4C7xGubTL90,2022-05-17T12:18:00Z,@woorenjay,kenapa pre-chorusnya enak bgt si,0
TNX,4C7xGubTL90,2022-05-17T12:17:58Z,@jeniferitzel917,BEST DEBUT !!,0
TNX,4C7xGubTL90,2022-05-17T12:17:51Z,@yjluvr8057,CHOI TAEHUNNN,0
TNX,4C7xGubTL90,2022-05-17T12:17:50Z,@uutzuujkarlaroxanachubba2241,Felicitaciones por su debut.,1
TNX,4C7xGubTL90,2022-05-17T12:17:47Z,@ivethayala3056,Después de tantos anuncios que me salieron de ellos me salio la canción y que puedo decir esta buenísima 💗👊,0
TNX,4C7xGubTL90,2022-05-17T12:17:47Z,@fasthassan,Dope 👍😎 good debut,0
TNX,4C7xGubTL90,2022-05-17T12:17:42Z,@Nano-hg3wc,TNX hit every single part of the song,0
TNX,4C7xGubTL90,2022-05-17T12:17:38Z,@alessandracomia4779,here is what I&#39;m waiting for mygaf,0
TNX,4C7xGubTL90,2022-05-17T12:17:34Z,@andteam_archives,the choreo is lit-,1
TNX,4C7xGubTL90,2022-05-17T12:17:32Z,@christopherhoroshak9401,Get me tickets to a world tour now!! Come to Minnesota!,0
TNX,4C7xGubTL90,2022-05-17T12:17:27Z,@Lavittii05,THIS.IS.THE.BEST.DEBUT.EVER.,0
TNX,4C7xGubTL90,2022-05-17T12:17:26Z,@anahitostovari727,Love it 😍,0
TNX,4C7xGubTL90,2022-05-17T12:16:59Z,@elfanafilah,They&#39;re not under jyp?,0
TNX,4C7xGubTL90,2022-05-17T12:16:57Z,@czenniecutie,Excited for the their FANDOM NAME.,0
TNX,4C7xGubTL90,2022-05-17T12:16:54Z,@andteam_archives,anyone else dying over Kyunjun&#39;s english?,1
TNX,4C7xGubTL90,2022-05-17T12:16:43Z,@sinaluvs,SO COOL,0
TNX,4C7xGubTL90,2022-05-17T12:16:42Z,@mitanurfadilah996,ini mah hrs aku stan gasih sekeren ini pls,0
TNX,4C7xGubTL90,2022-05-17T12:16:41Z,@driazvdo,wooooow,0
TNX,4C7xGubTL90,2022-05-17T12:16:39Z,@flavianaoliveira6428,Incríveis demais TNX  começou novo música .. 😍🎶😍🎶 ❤️👏 ...,0
TNX,4C7xGubTL90,2022-05-17T12:16:36Z,@ateezwonder1264,wow.. congratulations boys❤❤,0
TNX,4C7xGubTL90,2022-05-17T12:16:33Z,@fernandaruiz5667,Espere tanto ya valió cada segundo,0
TNX,4C7xGubTL90,2022-05-17T12:16:32Z,@karenhateclub4361,Let’s go p nation fam !!!!!!!,0
TNX,4C7xGubTL90,2022-05-17T12:16:29Z,@levi4750,"woah, i just discover them through yt recommendation.. who are they? :O",0
TNX,4C7xGubTL90,2022-05-17T12:16:26Z,@strawberry-qw1ng,Después se 3 horas pero Ecuador aquí 😋,0
TNX,4C7xGubTL90,2022-05-17T12:16:26Z,@aridkoya7945,OML SO PROUD OF THESE GUY! THE SONG&#39;S AN ABSOLUTE BANGER! TNX FIGHTING!!! &lt;3,0
TNX,4C7xGubTL90,2022-05-17T12:16:25Z,@rheezab,masterpiece&lt;33,0
TNX,4C7xGubTL90,2022-05-17T12:16:07Z,@eunio6321,good,0
TNX,4C7xGubTL90,2022-05-17T12:16:04Z,@mew2el,EVERYTHING WAS JUST PERFECT,0
TNX,4C7xGubTL90,2022-05-17T12:16:02Z,@lalaloveluvre,HUYSSSSS SO GWAPOOOO SHUX,0
TNX,4C7xGubTL90,2022-05-17T12:15:59Z,@sarahfarid9049,so proud of y&#39;all 🥺🥺🥺 congrats on your debut 💓💓💓💓💓,0
TNX,4C7xGubTL90,2022-05-17T12:15:47Z,@eunio6321,best,0
TNX,4C7xGubTL90,2022-05-17T12:15:46Z,@june23,Has someone created a discord server for the fandom yet? I wanna be in one T.T otherwise I&#39;ll just go make one,0
TNX,4C7xGubTL90,2022-05-17T12:15:45Z,@girIinbIack,OMG SOOOO GOOODDDDD,0
TNX,4C7xGubTL90,2022-05-17T12:15:45Z,@yk02lsv,"THEY HAVE ALL, ONE OF THE BEST ROOKIES",0
TNX,4C7xGubTL90,2022-05-17T12:15:44Z,@jeshurunchauhan,BRUH IMMA FAINT,0
TNX,4C7xGubTL90,2022-05-17T12:15:44Z,@パン-l9n,♥️♥️♥️♥️,0
TNX,4C7xGubTL90,2022-05-17T12:15:39Z,@girIinbIack,OHA ÇOK İYİ,0
TNX,4C7xGubTL90,2022-05-17T12:15:38Z,@novaameliaa,silent without a word,0
TNX,4C7xGubTL90,2022-05-17T12:15:36Z,@harris2340,🔥🔥🔥🔥🔥🔥,1
TNX,4C7xGubTL90,2022-05-17T12:15:35Z,@sinaluvs,OMGGGGGG,0
TNX,4C7xGubTL90,2022-05-17T12:15:15Z,@yk02lsv,I HAVE NO WORDS TO DESCRIBED THE HAPPINESS TO SEE THEM DEBUTING,0
TNX,4C7xGubTL90,2022-05-17T12:15:13Z,@nrlantsya.1480,They are good at anythingg.. I like it,0
TNX,4C7xGubTL90,2022-05-17T12:15:01Z,@ohho1748,ทุกคนทำดีมาก👏,0
TNX,4C7xGubTL90,2022-05-17T12:14:52Z,@Cyndith,"Felicidades por el debut, me encantó.",0
TNX,4C7xGubTL90,2022-05-17T12:14:48Z,@iforestcore,MEU DEUS ESSE É O PRIMEIRO DEBUT QUE EU ACHO INCRÍVEL,6
TNX,4C7xGubTL90,2022-05-17T12:14:32Z,@just_hazyyyy,CONGRATULATIONS 👏🏻,0
TNX,4C7xGubTL90,2022-05-17T12:14:26Z,@yeocentric,If I didn’t know them I’d probably think they were sunbaenims and newly debuted. This is such a bop 🔥 ❤️,1
TNX,4C7xGubTL90,2022-05-17T12:14:23Z,@cha_moxi,This is so good,0
TNX,4C7xGubTL90,2022-05-17T12:14:11Z,@just_hazyyyy,LITERALLY EVERYTHING IS PERFECT,1
TNX,4C7xGubTL90,2022-05-17T12:14:04Z,@andteam_archives,"Pnation : So Junhyeok, what position d&#39;u want in the group?<br>Junhyeok : <b>yes</b><br><br>.<br>like seriously he can rap,sing,dance, has a fierce stage presence, is charismatic...i&#39;m proud to say that i stan a man that can do it all!",12
TNX,4C7xGubTL90,2022-05-17T12:14:03Z,@Anya.cool12453,واوووو بيرفككتتت,0
TNX,4C7xGubTL90,2022-05-17T12:13:58Z,@ecem106,RAP EFSANEE,0
TNX,4C7xGubTL90,2022-05-17T12:13:57Z,@shellaamelia2264,Semangat,0
TNX,4C7xGubTL90,2022-05-17T12:13:46Z,@jjhvfgbj444,Ahhhh KOKI.... aeegiii🤧<br>Fighting 🔥,0
TNX,4C7xGubTL90,2022-05-17T12:13:39Z,@えみんえみん,おめでとうございます‼️<br>コウキくんいてほしかったのが本音ですが…。<br>Pネさんらしい曲でした👏,0
TNX,4C7xGubTL90,2022-05-17T12:13:38Z,@XinaLeo,WOW ✨,0
TNX,4C7xGubTL90,2022-05-17T12:13:36Z,@dearartms,good job ❤️,0
TNX,4C7xGubTL90,2022-05-17T12:13:36Z,@soulsunshine,The way my jaw just DROPPED ON THE FLOOR-,0
TNX,4C7xGubTL90,2022-05-17T12:13:33Z,@engene7418,Omg!TNX Debut song is so amazing ✨,0
TNX,4C7xGubTL90,2022-05-17T12:13:32Z,@yunisara7292,KyungJun the best ❤️❤️❤️,0
TNX,4C7xGubTL90,2022-05-17T12:13:15Z,@ecem106,ÇOK İYİ TRENDLERE GİRSİN,0
TNX,4C7xGubTL90,2022-05-17T12:13:12Z,@just_hazyyyy,THE FIRST TIME I HEAR THIS I ALREADY NEW THAT THIS BOY BAND WILL BECOME SUCCESSFUL RISING STARS ❤️,27
TNX,4C7xGubTL90,2022-05-17T12:13:02Z,@iforestcore,"Eu amei esse grupo, me ajudem com os integrantes",3
TNX,4C7xGubTL90,2022-05-17T12:12:55Z,@p1hae,i love the lyrics 😭 tnx already know they’re gonna be big,9
TNX,4C7xGubTL90,2022-05-17T12:12:44Z,@FF-kp4fu,"i m crying rn  , i m so happy  aaaaaaaaaaaa😭😭😭❤❤❤❤❤❤❤",2
TNX,4C7xGubTL90,2022-05-17T12:12:44Z,@FernzRamiz,"Is anyone else watching the live? If so, you like t-rex as the Fandom name?? Lol",1
TNX,4C7xGubTL90,2022-05-17T12:12:41Z,@lalaland7663,We&#39;re PNATION!!! YEAAAAAAHHHHHH,0
TNX,4C7xGubTL90,2022-05-17T12:12:33Z,@tiffanyjane6842,ughh I watched them since LOUD 😭❤️ so happy they finally debuted 🥺🥰 AND OFC THE SONG SLAPPED!!!,0
TNX,4C7xGubTL90,2022-05-17T12:12:31Z,@kimlisoo0000,Ohh shit after TREASURE imma Stan this Group,0
TNX,4C7xGubTL90,2022-05-17T12:12:27Z,@yunisara7292,❤️❤️❤️,0
TNX,4C7xGubTL90,2022-05-17T12:12:25Z,@whs4i9m,waoow,0
TNX,4C7xGubTL90,2022-05-17T12:12:20Z,@siska8621,Yaaa kyungjun hwi,0
TNX,4C7xGubTL90,2022-05-17T12:11:50Z,@dhivamatara8141,Wowowowoowo😲😲😲😲 keren bangat dancenya opa<br>Semangat yaaaa<br>Janagan menyerahhh😚😇😇😇😇😚😚😚😚😚,0
TNX,4C7xGubTL90,2022-05-17T12:11:48Z,@luyu.w1184,"Omg, this si perfect",2
TNX,4C7xGubTL90,2022-05-17T12:11:43Z,@rahrah1363,The wait is over!!!!!!!!!,1
TNX,4C7xGubTL90,2022-05-17T12:11:39Z,@heek98,Move tnx they 🔥😎,1
TNX,4C7xGubTL90,2022-05-17T12:11:35Z,@elqnik6521,"VISUAL, RAP, DANCE ABD THE VICALS IM SCREAMING AND PROUD TO SAY THAT IM A PRE DEBUT SYAN SINCE 2 MONTH ITS TOTALY MY STYLE AND I LOVE IT ONG IM SI EXCITED FOR THEIR NECT SINGS ❤️‍🩹😍",0
TNX,4C7xGubTL90,2022-05-17T12:11:30Z,@eskey_ai,"Everyone totally amazing, but Eunhwi&#39;s Rap just fenomenal 💕",0
TNX,4C7xGubTL90,2022-05-17T12:11:26Z,@andteam_archives,"no kidding, Kyungjun looks like a son of a extremely rich CEO ---",2
TNX,4C7xGubTL90,2022-05-17T12:11:17Z,@wanychu,❤️❤️❤️,0
TNX,4C7xGubTL90,2022-05-17T12:11:14Z,@barbarastritof9980,Wow! Their debut is so goooood! Congratulation TNX! ♡♡♡♡♡♡,0
TNX,4C7xGubTL90,2022-05-17T12:11:11Z,@jordanrow7835,This concept is giving resident evil game,1
TNX,4C7xGubTL90,2022-05-17T12:11:10Z,@piheon-0496,ترسمت اكبر فرقه محظوظه حرفياً كل الفرق تحسدكم على رئيسكم واخوانكم بالشركه ههههه,0
TNX,4C7xGubTL90,2022-05-17T12:11:06Z,@alexisdavila4375,HECK YAS! WHAT A DEBUT!!!,1
TNX,4C7xGubTL90,2022-05-17T12:10:38Z,@lumotreglaseboplema,Im addicted,1
TNX,4C7xGubTL90,2022-05-17T12:10:29Z,@samup4369,Un grupo muy completo.... Muchos éxitos...,1
TNX,4C7xGubTL90,2022-05-17T12:10:25Z,@sarimjaved8153,Excellent,0
TNX,4C7xGubTL90,2022-05-17T12:10:17Z,@pat.trisha,"VISUAL, RAP, VOCAL THEYRE GOOD AT EVERYTHINGG",33
TNX,4C7xGubTL90,2022-05-17T12:10:13Z,@atheeeya,KERENNN BANGET AYANKKKKU 😩😩😩❤❤❤,0
TNX,4C7xGubTL90,2022-05-17T12:10:00Z,@chillikyu8121,"it gives me yg 2nd gen artists vibe, simple yet powerful!!!",1
TNX,4C7xGubTL90,2022-05-17T12:10:00Z,@xcribabe9919,"Everything is so perfect the visuals, the rap, vocals, choreograph. Welcome to the kpop industry",0
TNX,4C7xGubTL90,2022-05-17T12:09:54Z,@karinabautista469,ESTUVE ESPERANDO POR ESTO 10/10 VAMOS A REPRODUCIR!!!!!,0
TNX,4C7xGubTL90,2022-05-17T12:09:51Z,@atheeeya,❤❤❤❤❤❤,1
TNX,4C7xGubTL90,2022-05-17T12:09:44Z,@쿠키여자친구,"TREMENDO VISUAL, VOCAL Y ARTE LA ROLA",0
TNX,4C7xGubTL90,2022-05-17T12:09:38Z,@김인제-w9u,고키 어딨냐,0
TNX,4C7xGubTL90,2022-05-17T12:09:28Z,@chaimaella1795,I hope pnation give theim songs like jessi and hyuna difrrent i fell this like all the boys in market have same vibe same style,0
TNX,4C7xGubTL90,2022-05-17T12:09:27Z,@Justin-nz1uh,this is sickkkkkkkkkkkk!!!!,0
TNX,4C7xGubTL90,2022-05-17T12:09:26Z,@zerotaeng7142,Share this because these boys deserves the attention!,0
TNX,4C7xGubTL90,2022-05-17T12:09:12Z,@andteam_archives,slayyy,1
TNX,4C7xGubTL90,2022-05-17T12:09:06Z,@kim_miaa,AHHHHHHHHHHHHHHHHHHHHHHHHHHHHHHHHHHHHHHHHHHHHHHHHHHHHHHHHHHHHHHHHHHHHH!!!!!,0
TNX,4C7xGubTL90,2022-05-17T12:09:06Z,@milcas,"i had high expectations for this debut and they did not disappoint 🤭!!! they did amazing, congratulations for the debut !!!! hope to see more masterpieces later in the future",0
TNX,4C7xGubTL90,2022-05-17T12:09:00Z,@andteam_archives,<b>this</b> is the <b>best</b> debut single i&#39;ve ever heard!!!,1
TNX,4C7xGubTL90,2022-05-17T12:08:59Z,@theingi1893,Amazing debut song,0
TNX,4C7xGubTL90,2022-05-17T12:08:58Z,@sunoo_cut3208,Okay!!! I Stan TNX,0
TNX,4C7xGubTL90,2022-05-17T12:08:58Z,@mirzazahirah1024,OMG THEIR DEBUT NO JOKE OK I REPEAT NO JOKE MEMANG GEMPAK 😤🆙🆙🆙🆙,0
TNX,4C7xGubTL90,2022-05-17T12:08:56Z,@silarade,ini bagus bgt!!!,0
TNX,4C7xGubTL90,2022-05-17T12:08:53Z,@arasdiaryy,TNX LET&#39;S GO !!,1
TNX,4C7xGubTL90,2022-05-17T12:08:51Z,@はーちゃん-b7c2r,ヒョンスのボーカルめっちゃよき😳<br>ジュニョクとギョンジュンはさすがです🥰,0
TNX,4C7xGubTL90,2022-05-17T12:08:40Z,@ayui9041,デビューおめでとう!!<br>最高にかっこいいよ❤️‍🔥❤️‍🔥,0
TNX,4C7xGubTL90,2022-05-17T12:08:35Z,@sonyaaa8114,Tnx hi 😸,0
TNX,4C7xGubTL90,2022-05-17T12:08:21Z,@kpopcrush84,Love this song 💗,0
TNX,4C7xGubTL90,2022-05-17T12:08:18Z,@ceilsmith3467,Yoooo new favourite song,0
TNX,4C7xGubTL90,2022-05-17T12:08:13Z,@ridi602,Cool debut,0
TNX,4C7xGubTL90,2022-05-17T12:08:02Z,@joyflori0614,Congrats boys!! 😍,0
TNX,4C7xGubTL90,2022-05-17T12:07:53Z,@zynth2464,"Indeed even if they are just debuted but their vocal and also their visual never disappoint and it feels like they are not rookies anymore, I hope they get the recognition that  they deserve cause this boys are so talented and I&#39;m looking forward and support them ❤️",0
TNX,4C7xGubTL90,2022-05-17T12:07:50Z,@nicky7323,"<a href=""https://www.youtube.com/watch?v=4C7xGubTL90&amp;t=84"">1:24</a> that voice is so precious",2
TNX,4C7xGubTL90,2022-05-17T12:07:46Z,@밴미,다들 미모 무슨 일일까 진짜... 개설렌다,1
TNX,4C7xGubTL90,2022-05-17T12:07:44Z,@kimvallyn8930,"What grub is this, this is so crazy I fell in love",1
TNX,4C7xGubTL90,2022-05-17T12:07:37Z,@aurzee,GANTENG GANTENG STRES BANGET ANJIR,0
TNX,4C7xGubTL90,2022-05-17T12:07:37Z,@naeeanvideos,The drop is satisfactory.,0
TNX,4C7xGubTL90,2022-05-17T12:07:37Z,@2zzzzzzzzzzzzzz,Woo Kyungjun improves so much 😭👍,1
TNX,4C7xGubTL90,2022-05-17T12:07:34Z,@april4289,Jarang-jarang gen4 bagus begini. Btw keren sih vibesnya berasa b.a.p hehe,0
TNX,4C7xGubTL90,2022-05-17T12:07:31Z,@calilvg5542,Bien casual yo aquí echándoles una mano a las guaguas de PNATION ❤️,1
TNX,4C7xGubTL90,2022-05-17T12:07:29Z,@ainarayltz,Me complace informar que oficialmente mi bias es Kyung Jun...<br>Amé todo este grupo tiene mucho potencial y han crecido mucho en corto tiempo les deseo muchos éxitos a todos 💗💗💗,0
TNX,4C7xGubTL90,2022-05-17T12:07:25Z,@aurzee,Junhyeok maneh ganteng bngt,0
TNX,4C7xGubTL90,2022-05-17T12:07:20Z,@kty2061,"Por fin vi a los chicos debutar,  estoy muy feliz, los voy apoyar :)<br>17/06/22 7:07 AM",2
TNX,4C7xGubTL90,2022-05-17T12:07:14Z,@kellyyfeng,AAAAAAAAAAAAAAAA,2
TNX,4C7xGubTL90,2022-05-17T12:07:13Z,@kimeunji3643,Perfect 😣💗💗💗,2
TNX,4C7xGubTL90,2022-05-17T12:07:10Z,@Rin-qr8ls,REMINDER: PLEASE STREAM PROPERLY !!!,1
TNX,4C7xGubTL90,2022-05-17T12:07:09Z,@aurzee,SUNGJUN MANEH GANTENG BNGT,1
TNX,4C7xGubTL90,2022-05-17T12:07:03Z,@kanika8069,Merece más views:(,0
TNX,4C7xGubTL90,2022-05-17T12:06:53Z,@wakeywakeyy_,This was insane.,0
TNX,4C7xGubTL90,2022-05-17T12:06:52Z,@aurzee,Ganteng skli saya gelo,0
TNX,4C7xGubTL90,2022-05-17T12:06:51Z,@tanjinameme4226,Love this video 😻,0
TNX,4C7xGubTL90,2022-05-17T12:06:50Z,@raquellovedsoft3425,🛐🛐🛐🛐🛐,0
TNX,4C7xGubTL90,2022-05-17T12:06:41Z,@aurzee,Ganteng,0
TNX,4C7xGubTL90,2022-05-17T12:06:36Z,@Kend...aviiiiiii,Come on boys ♥️♥️♥️♥️♥️♥️♥️♥️♥️,0
TNX,4C7xGubTL90,2022-05-17T12:06:30Z,@dont-fw5qf,it has few views 😭😭😭😭 they deserve more,0
TNX,4C7xGubTL90,2022-05-17T12:06:28Z,@crazyx.officiel2364,Omg Good luck guys😫❤,0
TNX,4C7xGubTL90,2022-05-17T12:06:24Z,@aunilerrr,TNX SLAYYYYY ❤️‍🔥❤️‍🔥,0
TNX,4C7xGubTL90,2022-05-17T12:06:20Z,@marcoantoniopuccupul9053,es como si fuera un tema de Jessi,0
TNX,4C7xGubTL90,2022-05-17T12:06:19Z,@naomi96543,they are all so good. i gonna stan them. Rap vocal visual 🔥,0
TNX,4C7xGubTL90,2022-05-17T12:06:17Z,@belovedgguk9570,"I AM SO FREAKING PROUD ! THAT&#39;S MY PNATION, OUR TNX!",0
TNX,4C7xGubTL90,2022-05-17T12:06:11Z,@andteam_archives,~ boys be loud ~,1
TNX,4C7xGubTL90,2022-05-17T12:05:58Z,@jejejejjeena420,Aaaaaa,0
TNX,4C7xGubTL90,2022-05-17T12:05:55Z,@술리-h2s,omgggggggg,0
TNX,4C7xGubTL90,2022-05-17T12:05:53Z,@jejejejjeena420,Aw aw oppa ganteng,0
TNX,4C7xGubTL90,2022-05-17T12:05:53Z,@boomboomcoacoates9199,Where are the views at for our boys 🤔🤔🤔 😭😭😭,0
TNX,4C7xGubTL90,2022-05-17T12:05:39Z,@hongjoongwatchingwithpopco3042,Finally my boys debut😭❤️<br>The song is good🧎🏻‍♀️,0
TNX,4C7xGubTL90,2022-05-17T12:05:38Z,@kevinross6235,The future is bright for them.,0
TNX,4C7xGubTL90,2022-05-17T12:05:35Z,@luessssyyyyyy,this group deserves to come to very good places,1
TNX,4C7xGubTL90,2022-05-17T12:05:34Z,@xperson5043,Hwi is comming for all the 4th gen rappers,1
TNX,4C7xGubTL90,2022-05-17T12:05:33Z,@lipinekapalili6223,koki...🥺<br>I miss you🥺🥺🥺,1
TNX,4C7xGubTL90,2022-05-17T12:05:31Z,@CROquetas-69,"Waooo amo, los voy a empezar a stanear",0
TNX,4C7xGubTL90,2022-05-17T12:05:29Z,@gabryellasilva9448,AHHHHHHHHHHHHHHHHHHHHHHHHHHH,0
TNX,4C7xGubTL90,2022-05-17T12:05:25Z,@vitorleandro7772,Que coreografia perfeita!!!!,0
TNX,4C7xGubTL90,2022-05-17T12:05:16Z,@xperson5043,Pop off hyunsoo,0
TNX,4C7xGubTL90,2022-05-17T12:05:15Z,@andteam_archives,give it up for the future leaders of kpop!,1
TNX,4C7xGubTL90,2022-05-17T12:05:09Z,@julianamaria7905,"Caramba, muito bommm",0
TNX,4C7xGubTL90,2022-05-17T12:05:04Z,@alliecore3211,WOW OKAY,0
TNX,4C7xGubTL90,2022-05-17T12:05:03Z,@kanika8069,70k vistas 52k likes,0
TNX,4C7xGubTL90,2022-05-17T12:04:59Z,@Anonimo-lx1xr,VIEWS ARE MOVIG FINALLY,0
TNX,4C7xGubTL90,2022-05-17T12:04:47Z,@dindaronapita,keren lagu debutnya 👍,0
TNX,4C7xGubTL90,2022-05-17T12:04:42Z,@intankf1073,I JUST WANNA SAY : EVERYTHINGS IS PERFECT &amp; CONGRATULATIONS TO PNATION FOR DEBUTED 1ST IDOL BOYGROUP &amp; TO THE BOYS OUR TNX❤️,10
TNX,4C7xGubTL90,2022-05-17T12:04:37Z,@litaeka3536,Wowwww🤩🥳🥳🥳,1
TNX,4C7xGubTL90,2022-05-17T12:04:31Z,@tialestari11,"I love this song💖, gak sia² nunggu lamaaaa 😭",1
TNX,4C7xGubTL90,2022-05-17T12:04:28Z,@itsmoon_arfastha889,Pnation ✨❤️🔥,1
TNX,4C7xGubTL90,2022-05-17T12:04:26Z,@dikaarmyni8045,Really2 awesome 😘😘,0
TNX,4C7xGubTL90,2022-05-17T12:03:54Z,@chaekyung6044,Wohhhhhooooooo!!!!!!!! This is a hit!!!! I&#39;m proud to be their fan since the survival show😘😍,0
TNX,4C7xGubTL90,2022-05-17T12:03:53Z,@azzlabubu,Pepole gonna be jealous for being late these boys are gonna be famous,3
TNX,4C7xGubTL90,2022-05-17T12:03:51Z,@lizz5716,HWI&#39;S RAP EXCUSE MEE?!?!?!? AMAZINGG,0
TNX,4C7xGubTL90,2022-05-17T12:03:35Z,@chocopstickiee,GOKILLL PARAH,0
TNX,4C7xGubTL90,2022-05-17T12:03:24Z,@cherryslover,QUE TEMAZO,0
TNX,4C7xGubTL90,2022-05-17T12:03:23Z,@jiyyooooo2132,Awwww they&#39;re soo amazing 🧡🧡🧡🧡🧡🧡🧡🧡🧡🧡🧡🧡🧡🧡🧡🧡🧡🧡🧡🧡🧡🧡🧡🧡🧡🧡🧡🧡🧡🧡🧡🧡,0
TNX,4C7xGubTL90,2022-05-17T12:03:21Z,@klarapolakova9889,I&#39;ve been listening to kpop for about a year and this the best debut which I had the opportunity to be with!,0
TNX,4C7xGubTL90,2022-05-17T12:03:17Z,@Patitue,名前覚えないと！,0
TNX,4C7xGubTL90,2022-05-17T12:03:06Z,@Patitue,やばいて,0
TNX,4C7xGubTL90,2022-05-17T12:02:41Z,@celenianope6655,👏👏👏,0
TNX,4C7xGubTL90,2022-05-17T12:02:37Z,@Queen-lv6di,Congrats for debut,1
TNX,4C7xGubTL90,2022-05-17T12:02:36Z,@iklim11,OMG,1
TNX,4C7xGubTL90,2022-05-17T12:02:33Z,@kaiwenhua,me siento tan orgullosa dios los amo tanto,1
TNX,4C7xGubTL90,2022-05-17T12:02:29Z,@Queen-lv6di,So happy,1
TNX,4C7xGubTL90,2022-05-17T12:02:23Z,@haporuto8243,THE FIRST SCENES WAS LIKE IN THE SQUID GAME BUT THIS IS SO AMAZING!!!! VOCALS AND THE MOVES THEN RAPS OMG SO AMAZING!!,1
TNX,4C7xGubTL90,2022-05-17T12:02:22Z,@lipbuwek6050,Good job everybody!!!,1
TNX,4C7xGubTL90,2022-05-17T12:02:19Z,@Queen-lv6di,Love the vocal lines,1
TNX,4C7xGubTL90,2022-05-17T12:02:17Z,@Tangerine_93_,This is so good...... I love it.... 😫💘I&#39;m gonna stan them...... 😘 &quot;going on my way my way my way&quot; 😌,2
TNX,4C7xGubTL90,2022-05-17T12:02:16Z,@도레미-b6r,Their outfits and visuals are so fit and perfect 🥰🥰🥰,1
TNX,4C7xGubTL90,2022-05-17T12:02:15Z,@cagdajjj,AĞZIM AÇIK IZLEDIM AQQQ AŞŞIRI IYI,2
TNX,4C7xGubTL90,2022-05-17T12:02:09Z,@Queen-lv6di,Love the rap lines,1
TNX,4C7xGubTL90,2022-05-17T12:02:08Z,@lettymejia2242,"OMG Congratulations . Me encanto la canción, estuve esperando el debut con ansias y no me defraudaron mis niños. Espero que le vaya muy bien, voy a estar siguiendolos.",5
TNX,4C7xGubTL90,2022-05-17T12:02:04Z,@nananan-s1n,청량기대했는데....,1
TNX,4C7xGubTL90,2022-05-17T12:01:59Z,@saffiniagordon7974,LOVE TNX,1
TNX,4C7xGubTL90,2022-05-17T12:01:54Z,@laurahwj,this is so perfect omg i love it SO much,1
TNX,4C7xGubTL90,2022-05-17T12:01:52Z,@_puempkintealatte,this is 💣!!!!!,1
TNX,4C7xGubTL90,2022-05-17T12:01:50Z,@oshanayy,&quot;We gonna make it louder&quot;<br>Mark my word they will prove this word with their voices and charisma in the future,220
TNX,4C7xGubTL90,2022-05-17T12:01:33Z,@yasmindon7776,"I&#39;M SO SO SO PROUD OF YOU. It was all worth the wait. That song is a banger 😍 they sound incredible, they look incredible! Perfect debut.",3
TNX,4C7xGubTL90,2022-05-17T12:01:30Z,@Eimiddddd,Wahh goosebumps theyre so good,1
TNX,4C7xGubTL90,2022-05-17T12:01:21Z,@elfytsshlha,데뷔 축하해,2
TNX,4C7xGubTL90,2022-05-17T12:01:11Z,@pillowcase78,"<a href=""https://www.youtube.com/watch?v=4C7xGubTL90&amp;t=59"">0:59</a> - <a href=""https://www.youtube.com/watch?v=4C7xGubTL90&amp;t=63"">01:03</a> bts <a href=""https://www.youtube.com/watch?v=4C7xGubTL90"">00:00</a>o clock",0
TNX,4C7xGubTL90,2022-05-17T12:01:08Z,@almarcamama4090,TNX are Burning 🔥 🔥,1
TNX,4C7xGubTL90,2022-05-17T12:01:01Z,@camelia9120,let&#39;s go!!! ❤,1
TNX,4C7xGubTL90,2022-05-17T12:00:54Z,@reginaperezavila2517,Ame está canción 😍 deveras es muy buena esta canción se describe con una palabra per-fec-ta 😍😍 la amee,2
TNX,4C7xGubTL90,2022-05-17T12:00:54Z,@imabinkpopbombi8989,GUYS LETS BE HONEST THEY ALL LOOKING HERE HOT,1
TNX,4C7xGubTL90,2022-05-17T12:00:50Z,@yveriahedera,that &quot;bi kyeo ra bi kyeo&quot; is a tiktok worthy sound alrdy,0
TNX,4C7xGubTL90,2022-05-17T12:00:42Z,@seventeendarlings,"Wow, the rap, the choreo and their amazing vocals 😍😍",1
TNX,4C7xGubTL90,2022-05-17T12:00:38Z,@Luzz_,💗💗,0
TNX,4C7xGubTL90,2022-05-17T12:00:29Z,@l_ankaa,🔥🔥🔥,0
TNX,4C7xGubTL90,2022-05-17T12:00:27Z,@sunishinesuni,I&#39;ve been rooting for them since LOUD 📢💓,0
TNX,4C7xGubTL90,2022-05-17T12:00:26Z,@reinatoralta631,"Sabía que iba a ser bueno RAP , VISUAL , ESCENOGRAFIA , COREOGRAFIA ,<br>Eso es todo SUPERARON TODA ESPECTATIVA QUE TENIA CON USTEDES ME SIENTO FELIZ , SUS ESFUERZOS DARÁN FRUTOS",0
TNX,4C7xGubTL90,2022-05-17T12:00:25Z,@lola-gd1xf,Love you ❤️ i&#39;m so happy for.your debut 🥰,0
TNX,4C7xGubTL90,2022-05-17T12:00:20Z,@korbanbias.2046,Keren bet sihh inii!,0
TNX,4C7xGubTL90,2022-05-17T12:00:14Z,@ooll2586,❤️❤️❤️,0
TNX,4C7xGubTL90,2022-05-17T12:00:09Z,@Queen-lv6di,So handsome talented boys,1
TNX,4C7xGubTL90,2022-05-17T12:00:09Z,@rosariogouro4094,"Wow la canción es realmente buena, los empezaré a seguir",0
TNX,4C7xGubTL90,2022-05-17T12:00:04Z,@lizz5716,TNX SLAYYY,0
TNX,4C7xGubTL90,2022-05-17T11:59:55Z,@almarcamama4090,Stream na mga chismosa na walang ambag sa fandom 😂,0
TNX,4C7xGubTL90,2022-05-17T11:59:51Z,@Queen-lv6di,On my way,1
TNX,4C7xGubTL90,2022-05-17T11:59:46Z,@Queen-lv6di,Lovies support,1
TNX,4C7xGubTL90,2022-05-17T11:59:39Z,@luci-gk3ou,첫 데뷔 축하해 💕😍😘,0
TNX,4C7xGubTL90,2022-05-17T11:59:23Z,@fiza2768,Hwaiting tnx!!,0
TNX,4C7xGubTL90,2022-05-17T11:59:16Z,@FATIMA-bp1bj,I loved the song❤❤❤❤,0
TNX,4C7xGubTL90,2022-05-17T11:59:12Z,@love_you9130,Just WOW😍😍😍,0
TNX,4C7xGubTL90,2022-05-17T11:59:00Z,@fiza2768,Hwaiting tnx!!,0
TNX,4C7xGubTL90,2022-05-17T11:58:49Z,@anienava8077,Its great. Congrats boys,0
TNX,4C7xGubTL90,2022-05-17T11:58:39Z,@Ghosthttys,TÔ SURTANDO AQUI AAAAAAAAAAAAAAAAA,0
TNX,4C7xGubTL90,2022-05-17T11:58:38Z,@love_you9130,Wow!!!😍😍😍,0
TNX,4C7xGubTL90,2022-05-17T11:58:32Z,@lorenakathleen6715,Perfeito!!!,0
TNX,4C7xGubTL90,2022-05-17T11:58:30Z,@windaandini5831,so cool,0
TNX,4C7xGubTL90,2022-05-17T11:58:23Z,@Ghosthttys,SÉRIO Q TUDOOOOOOOO,0
TNX,4C7xGubTL90,2022-05-17T11:58:10Z,@Ghosthttys,OS MAIORES!!! MDS Q ORGULHOOOOOOOOO MEUS MENINOS ENTREGARAM TUDOOOOOOOOO,1
TNX,4C7xGubTL90,2022-05-17T11:58:08Z,@عالمالأوتاكوساكوسان,Thx the better always💗💋,1
TNX,4C7xGubTL90,2022-05-17T11:58:07Z,@tqmnhu,FINALLYYYY,0
TNX,4C7xGubTL90,2022-05-17T11:58:01Z,@jmbrillera8159,Congratulations TNX! THE SONG IS REALLY GOOD,0
TNX,4C7xGubTL90,2022-05-17T11:58:01Z,@tqmnhu,LSAYY,0
TNX,4C7xGubTL90,2022-05-17T11:57:48Z,@captainr2497,Fighting!!!,1
TNX,4C7xGubTL90,2022-05-17T11:57:42Z,@captainr2497,WOW!!!,1
TNX,4C7xGubTL90,2022-05-17T11:57:41Z,@zahraaldina2912,Congrats for debuy y’all,0
TNX,4C7xGubTL90,2022-05-17T11:57:38Z,@ณัฐชานันท์แตงทอง-ด8ฟ,I love this one so much keep going TNX✌🏻💖,0
TNX,4C7xGubTL90,2022-05-17T11:57:27Z,@conny3355,AAAAAAAAAAAAHHHHHHH!!!!!!! QUE EMOCIÓN<br><br><br><br><br><br><br><br><br><br>17-05-2022,0
TNX,4C7xGubTL90,2022-05-17T11:57:17Z,@jungwonrs5182,LOVE LOVEEEE,0
TNX,4C7xGubTL90,2022-05-17T11:57:08Z,@kimkim-hy2ng,Tnx fighting,0
TNX,4C7xGubTL90,2022-05-17T11:57:00Z,@alheliramirez730,This is just INSANE. It&#39;s so gooood I cant believe this is their debut song! 🔥🔥🔥😭,1
TNX,4C7xGubTL90,2022-05-17T11:56:57Z,@newjeans3483,Gila candu banget,1
TNX,4C7xGubTL90,2022-05-17T11:56:52Z,@jnterests,Congratulations mga mahal esp. to Kyungjun and Junhyeok💗🥳😍 Fighting TNX! 🔥💪,0
TNX,4C7xGubTL90,2022-05-17T11:56:42Z,@kurniaarditisarasati5462,Go TNX gooo,0
TNX,4C7xGubTL90,2022-05-17T11:56:40Z,@zarahyunsoo2356,Bikyeora bikyeo gilaaa ini siii dari teaser 2 keluar udah afal diluar otak wkwk,0
TNX,4C7xGubTL90,2022-05-17T11:56:37Z,@dinarossyolartellave7326,Me encantó,0
TNX,4C7xGubTL90,2022-05-17T11:56:23Z,@zaynab-es,I know you will achieve success in the future we support you guys and love you be well 😭💖,1
TNX,4C7xGubTL90,2022-05-17T11:56:23Z,@bbaekguy,OMG! Arrasaram. Parabéns pelo debut,1
TNX,4C7xGubTL90,2022-05-17T11:56:18Z,@Ca-yr2rz,The rap line tho,0
TNX,4C7xGubTL90,2022-05-17T11:56:18Z,@nailatussaiba9238,"CONGRATULATIONS FOR DEBUT🎉🤩, SUKSES SELALU DAN SEMANGAT NGONTEN😘♥",0
TNX,4C7xGubTL90,2022-05-17T11:56:14Z,@userzieme,"OH MY GOODNESS THIS IS AMAZING KDBSJXKSJ THE MV PRODUCTION, DANCE, LYRICS, MUSIC JS AMAZING!!! like if TNX tell u to move u MOVE-",0
TNX,4C7xGubTL90,2022-05-17T11:55:55Z,@Росиэль,Молодцы🔥,0
TNX,4C7xGubTL90,2022-05-17T11:55:54Z,@yun_j8074,STAN TNX !!!!!!,0
TNX,4C7xGubTL90,2022-05-17T11:55:53Z,@zarahyunsoo2356,Way up way up way up,0
TNX,4C7xGubTL90,2022-05-17T11:55:44Z,@paulapadronsousa4926,Finally!!!!,0
TNX,4C7xGubTL90,2022-05-17T11:55:43Z,@megaastria4496,우와아아아,0
TNX,4C7xGubTL90,2022-05-17T11:55:38Z,@kelasyahputri,❤❤❤❤❤❤❤❤❤🎉🎉🎉🎉,0
TNX,4C7xGubTL90,2022-05-17T11:55:36Z,@zarahyunsoo2356,Terngiang - ngiang nih laguuu keren bangetty,0
TNX,4C7xGubTL90,2022-05-17T11:55:33Z,@caalz1446,"AAAAAAAAA, CONGRATULATIONS ON YOUR DEBUT 😭😭",0
TNX,4C7xGubTL90,2022-05-17T11:55:28Z,@treasureforever7441,เริ่ดนะ,0
TNX,4C7xGubTL90,2022-05-17T11:55:21Z,@erikavergara19,Love it it was good ☺️❤️,1
TNX,4C7xGubTL90,2022-05-17T11:55:16Z,@jisoonista5587,Amo el principio:D&lt;3  me alegro decir que estuve desde el pre debut desde el principio,0
TNX,4C7xGubTL90,2022-05-17T11:55:11Z,@anisqistina8628,the song is super nice but kinda disappointed i barely saw sungjun huhu its okay this just the beginning. good job boys 👍🏻,1
TNX,4C7xGubTL90,2022-05-17T11:55:01Z,@zarahyunsoo2356,I really like the song,0
TNX,4C7xGubTL90,2022-05-17T11:54:50Z,@foxjooni,I&#39;m already addicted to these boys and their talents.,1
TNX,4C7xGubTL90,2022-05-17T11:54:45Z,@ployploy2166,Good song ❤️‍🔥❤️‍🔥❤️‍🔥❤️‍🔥,0
TNX,4C7xGubTL90,2022-05-17T11:54:27Z,@jadegomez7963,"I can&#39;t get over Junhyeok and Kyungjun&#39;s voice, everyone you&#39;re so great.",69
TNX,4C7xGubTL90,2022-05-17T11:54:24Z,@sriiolgawijayaa1300,Omg !,0
TNX,4C7xGubTL90,2022-05-17T11:54:17Z,@aimwhay,"I&#39;ve been following them since the loud age, and now they&#39;ve debuted, I feel really proud",1
TNX,4C7xGubTL90,2022-05-17T11:54:13Z,@rmkhadija2944,🥰🥰🥰🥰,0
TNX,4C7xGubTL90,2022-05-17T11:54:07Z,@Abygaëllebnt,"J&#39;aime beaucoup, je sais que je ne vais pas stan parce qu&#39;ils sont tous beaucoup plus jeune que moi et que ça me perturbe mais je vais au moins suivre les projets qu&#39;ils sortiront.",1
TNX,4C7xGubTL90,2022-05-17T11:54:03Z,@jadegomez7963,I love love love them.,1
TNX,4C7xGubTL90,2022-05-17T11:53:53Z,@engenemaker09,Wow....Awesome😱😱😱😱<br>TNX!!!!ILY❤️❤️,1
TNX,4C7xGubTL90,2022-05-17T11:53:44Z,@syc3571,담엔 곡 좀만 더 잘뽑아주세요,4
TNX,4C7xGubTL90,2022-05-17T11:53:35Z,@wuraolaoshodi2324,"Congratulations on your debut Kyungjun, Taehun, Hyunsoo, Junhyeok, Hwi, and Sungjun. It&#39;s so beautiful to see your growth from WIN cover till now. Your hardwork definitely paid off. Your album title is a foreshadowing of what is yet to come and I pray you soar to greater heights.<br><br>PS: Don&#39;t forget to smile and enjoy everything moment of it.",38
TNX,4C7xGubTL90,2022-05-17T11:53:32Z,@aimwhay,keep streaming everyone,2
TNX,4C7xGubTL90,2022-05-17T11:53:26Z,@지옥-h8k,CONGRATS ON YOUR DEBUT TNX!!!,2
TNX,4C7xGubTL90,2022-05-17T11:53:13Z,@soyyaraoficial,"MUCHO ÉXITO MIS NIÑOS, TNX!!!",1
TNX,4C7xGubTL90,2022-05-17T11:53:08Z,@izabellafox2,BEST 2022 DEBUT SONG,1
TNX,4C7xGubTL90,2022-05-17T11:53:01Z,@지옥-h8k,bagus banget demii,1
TNX,4C7xGubTL90,2022-05-17T11:52:58Z,@abyvars3348,Congrats on your debut,1
TNX,4C7xGubTL90,2022-05-17T11:52:56Z,@Lizzyb_03,This song is banger especially for a debut. Excited to see them go far in the industry. Pnation is a home of talents,269
TNX,4C7xGubTL90,2022-05-17T11:52:43Z,@fanyalonsotorres6793,Ahhhh los amo y ame el debut 😭❤️,1
TNX,4C7xGubTL90,2022-05-17T11:52:39Z,@abyvars3348,Chef&#39;s kiss,1
TNX,4C7xGubTL90,2022-05-17T11:52:38Z,@rozelleoosthuizen8482,"I am in love ❤️ this music video is soooo good. Well done you guys, you did so well! I am so proud of you all!",1
TNX,4C7xGubTL90,2022-05-17T11:52:38Z,@hyunsooismine,HYUNSOO AAAAA,1
TNX,4C7xGubTL90,2022-05-17T11:52:36Z,@angiebyun2192,Nailed it!! ❤️ worth the wait,1
TNX,4C7xGubTL90,2022-05-17T11:52:35Z,@sl.t2069,Tnx will be famous more than psy,2
TNX,4C7xGubTL90,2022-05-17T11:52:35Z,@Mahmulsilaen,Congratulations,1
TNX,4C7xGubTL90,2022-05-17T11:52:32Z,@gabyoktavia2582,Fighting ❤❤,1
TNX,4C7xGubTL90,2022-05-17T11:52:30Z,@lifeisgood5144,fiiiiire,1
TNX,4C7xGubTL90,2022-05-17T11:52:29Z,@i4wonyy,EVERYTHING IS JUST AMAZING WOW,1
TNX,4C7xGubTL90,2022-05-17T11:52:26Z,@smiley8021,WOW!!!,1
TNX,4C7xGubTL90,2022-05-17T11:52:14Z,@이소민-z7t,ชอบอะ,1
TNX,4C7xGubTL90,2022-05-17T11:52:12Z,@isanina5408,THIS IS A MASTERPIECE,1
TNX,4C7xGubTL90,2022-05-17T11:52:11Z,@ekamey9075,CONGRATS FOR YOUR DEBUT &lt;3,1
TNX,4C7xGubTL90,2022-05-17T11:52:04Z,@vlogsbyfa,Wow,1
TNX,4C7xGubTL90,2022-05-17T11:52:04Z,@ameetaputeh3526,หล่อมากกกกกกกกก แต่เเยกหน้าไม่ออก,1
TNX,4C7xGubTL90,2022-05-17T11:52:02Z,@euisbintangvirgo6196,"Sukses ya buat kalian .akhirnya weehh debut juga.ngikutin mereka dari era loud ..bangga wehh..dance rapper,vokal,visual,semua ada di TNX.multitalenta..",1
TNX,4C7xGubTL90,2022-05-17T11:51:42Z,@itook2465,"Si debut es impresionante, llevaba mucho tiempos esperando el debut!!",2
TNX,4C7xGubTL90,2022-05-17T11:51:29Z,@assaa2536,"SO COOLL!!!<br>They did very well, so pround of you guys",1
TNX,4C7xGubTL90,2022-05-17T11:51:09Z,@celina425,I love this,1
TNX,4C7xGubTL90,2022-05-17T11:51:03Z,@stantoallk-pop5066,I stan this boy group,2
TNX,4C7xGubTL90,2022-05-17T11:51:00Z,@michellecarysa584,🔥🔥🔥🔥🔥🔥🔥,1
TNX,4C7xGubTL90,2022-05-17T11:50:43Z,@ximenacanizales3154,Vivan los roty,1
TNX,4C7xGubTL90,2022-05-17T11:50:33Z,@ximenacanizales3154,DEBUT DEL AÑOOOOOOO,1
TNX,4C7xGubTL90,2022-05-17T11:50:31Z,@민트공,얘들아ㅠㅠ 데뷔 축하해😢😭<br>이번 뮤비컨셉이랑 노래 심지어 수록곡까지 다 미쳤다..... 무조건 잘될 우리 TNX!! 내가 많이 사랑해❤ 화이팅!!,3
TNX,4C7xGubTL90,2022-05-17T11:50:28Z,@ashydesu,"ES EL DEBUT DEL AÑO, SI",1
TNX,4C7xGubTL90,2022-05-17T11:50:23Z,@monica4125,One word for this boy group PERFECT,2
TNX,4C7xGubTL90,2022-05-17T11:50:18Z,@hafiezulnaem7445,To bad koki not there,0
TNX,4C7xGubTL90,2022-05-17T11:50:13Z,@syitaastila549,i love this song... congratulation boys on your debut. So proud of you,2
TNX,4C7xGubTL90,2022-05-17T11:50:03Z,@iinmazfufah2607,OMGGGGG,1
TNX,4C7xGubTL90,2022-05-17T11:50:02Z,@sunlinastar,AHHHH THIS SONG IS SO GOOD AND MY FAV PART IS THE PRE-CHORUS AHHHHH I JUST CAME BACK FROM MY FINAL EXAM AND THIS WAS WORTH IT!<br><br>I&#39;M SO PROUD OF THEM &lt;33333,13
TNX,4C7xGubTL90,2022-05-17T11:49:55Z,@monica4125,Stan this bg,2
TNX,4C7xGubTL90,2022-05-17T11:49:49Z,@taehyung8511,Amazing.,1
TNX,4C7xGubTL90,2022-05-17T11:49:44Z,@7hypen,SO GOOD OMG,3
TNX,4C7xGubTL90,2022-05-17T11:49:35Z,@Army_Tsu,WOW,2
TNX,4C7xGubTL90,2022-05-17T11:49:35Z,@sl.t2069,they are THE BEST,2
TNX,4C7xGubTL90,2022-05-17T11:49:28Z,@dirtrtls,It gives major skz vibes,1
TNX,4C7xGubTL90,2022-05-17T11:49:27Z,@ugh_momo,So this is going on my playlist,1
TNX,4C7xGubTL90,2022-05-17T11:49:24Z,@newjeans3483,Make a way monster rookies is coming !,2
TNX,4C7xGubTL90,2022-05-17T11:49:22Z,@sl.t2069,I&#39;M SO PROUD,1
TNX,4C7xGubTL90,2022-05-17T11:49:22Z,@kunimalikah2321,Congratulations for your debut guys,1
TNX,4C7xGubTL90,2022-05-17T11:49:19Z,@paulapezoa5183,"am in love with every member in the group, they are just perfect 😍",5
TNX,4C7xGubTL90,2022-05-17T11:49:08Z,@sl.t2069,I love them 🥺🥺,1
TNX,4C7xGubTL90,2022-05-17T11:49:02Z,@looktaocharle4315,I’m so proud of you all TNX ❤️,1
TNX,4C7xGubTL90,2022-05-17T11:48:58Z,@qorywidhi1206,Wow keren banget😍😍😍😍,2
TNX,4C7xGubTL90,2022-05-17T11:48:55Z,@fifi9840,TNX means PERFECTION,1
TNX,4C7xGubTL90,2022-05-17T11:48:52Z,@sl.t2069,OMGGGGG,1
TNX,4C7xGubTL90,2022-05-17T11:48:49Z,@7hypen,FINALLY DEBUT,2
TNX,4C7xGubTL90,2022-05-17T11:48:45Z,@spacejinnie,FAN DESDE EL DEBUT AQUÍ! 🤍🤍,1
TNX,4C7xGubTL90,2022-05-17T11:48:42Z,@pasyanurizkia3748,CONGRATS FOR YOUR DEBUT,2
TNX,4C7xGubTL90,2022-05-17T11:48:41Z,@NAneslihan,Fighting!!,2
TNX,4C7xGubTL90,2022-05-17T11:48:39Z,@7hypen,OMG,2
TNX,4C7xGubTL90,2022-05-17T11:48:31Z,@tnx226,Hwi&#39;s rap is on fire,1
TNX,4C7xGubTL90,2022-05-17T11:48:31Z,@roostay7548,OMGG son genialessss <br>Y JUN HYEOK me dejó en el piso,1
TNX,4C7xGubTL90,2022-05-17T11:48:27Z,@NAneslihan,Umarım çok iyi yerlere gelirler ve hak ettiklerini alırlar,3
TNX,4C7xGubTL90,2022-05-17T11:48:21Z,@annjellycat,Hello PSY LOUD BOYS,2
TNX,4C7xGubTL90,2022-05-17T11:48:07Z,@enmanuel3421,This is just CRAZY🔥🔥🔥🔥,2
TNX,4C7xGubTL90,2022-05-17T11:48:02Z,@NAneslihan,Onlar çok iyi,1
TNX,4C7xGubTL90,2022-05-17T11:47:58Z,@zeizi8908,Wooaaahhhhh I&#39;m speechless THE RANGE TOTALLY BOP....,1
TNX,4C7xGubTL90,2022-05-17T11:47:57Z,@hann_oh776,The way their debut song slaps with so much savagery like the company they belong to. In PSY we believe and TNX is one to be watched!!,1
TNX,4C7xGubTL90,2022-05-17T11:47:54Z,@staykidsumumu5734,"AYANGKU DEBUT EUYY, KEREN PISAN",1
TNX,4C7xGubTL90,2022-05-17T11:47:41Z,@dianabryant8902,love the mv the beat the vocals everything thats goes together,53
TNX,4C7xGubTL90,2022-05-17T11:47:40Z,@fens2508,"The song, rap and vocal is really good. <br>They make strong image on this song.  I like part in the 비켜 part is really cool.  <br>Fighting for all member.",1
TNX,4C7xGubTL90,2022-05-17T11:47:32Z,@disasalma,proud of u guys!,1
TNX,4C7xGubTL90,2022-05-17T11:47:29Z,@uri.unjiii3232,Aku suka dengan lagu mereka di bagian Junhyeok rap awww bikin aku mleyot,2
TNX,4C7xGubTL90,2022-05-17T11:47:26Z,@miriamvaccari786,OMG I LOVE ITTTTT,1
TNX,4C7xGubTL90,2022-05-17T11:47:22Z,@rakinah5976,SO CATCGY,1
TNX,4C7xGubTL90,2022-05-17T11:47:08Z,@kimbaram8724,잘했어 여러분 ~~,1
TNX,4C7xGubTL90,2022-05-17T11:47:03Z,@jinhit3151,Awesome👍👍,1
TNX,4C7xGubTL90,2022-05-17T11:47:01Z,@strawberrytiramisu,What a perfect debut. I’m 10000% a fan.,1
TNX,4C7xGubTL90,2022-05-17T11:46:53Z,@Key-cr3it,The rapper in the elevator is so good.,1
TNX,4C7xGubTL90,2022-05-17T11:46:44Z,@shwetii36,비켜 비켜,1
TNX,4C7xGubTL90,2022-05-17T11:46:43Z,@miyukitabada165,love the droppp of beat,1
TNX,4C7xGubTL90,2022-05-17T11:46:36Z,@luvvthv,"PROUD OF THEM, I KNOW YOU WILL COME VERY FAR!!!",1
TNX,4C7xGubTL90,2022-05-17T11:46:32Z,@pjmine_,Whoa 48K likes and 47K views 🌚,2
TNX,4C7xGubTL90,2022-05-17T11:46:29Z,@sarahbermudez5560,♡♡♡♡♡,1
TNX,4C7xGubTL90,2022-05-17T11:46:24Z,@stefanyreaux4249,"This is amazing😶🤯, new fan🙌🏻❤️",2
TNX,4C7xGubTL90,2022-05-17T11:46:24Z,@miyukitabada165,it&#39;s liiiittt!,1
TNX,4C7xGubTL90,2022-05-17T11:46:24Z,@hann_oh776,Lesssgo PNation BG!!!,1
TNX,4C7xGubTL90,2022-05-17T11:46:19Z,@chijeucakeu1009,This debut song is so dope!! And they nailed it! Hyunsoo is such a scene stealer.. He shined more than ever here….,24
TNX,4C7xGubTL90,2022-05-17T11:46:18Z,@Shushu_oozzZ,完成度えぐいな,0
TNX,4C7xGubTL90,2022-05-17T11:46:16Z,@meili8766,what an intense debut!,0
TNX,4C7xGubTL90,2022-05-17T11:46:11Z,@K-Love-Fortune,日本語訳どうもありがとうございます😊loudから、６人をを応援してきたから、みんなにデビューは、自分のことのようにうれしい。すごくいい曲だよ。みんなかっこいいし、何回も聴いてるよ。,2
TNX,4C7xGubTL90,2022-05-17T11:46:00Z,@aieshairishlacson9804,Slay💅💅💅,1
TNX,4C7xGubTL90,2022-05-17T11:45:56Z,@AAYU.1105,"congratulations on your debut and hope you guys succeed more in the future, achieve lots of love, support, respect and popularity.",0
TNX,4C7xGubTL90,2022-05-17T11:45:49Z,@aqilahzafirah946,so proud of you &lt;33,1
TNX,4C7xGubTL90,2022-05-17T11:45:47Z,@adrianoalves3089,A música extremamente incrível,0
TNX,4C7xGubTL90,2022-05-17T11:45:46Z,@shwetii36,휘야 너무 잘생겼어,0
TNX,4C7xGubTL90,2022-05-17T11:45:44Z,@ACBFabian,Debut at last!!!,0
TNX,4C7xGubTL90,2022-05-17T11:45:35Z,@diet.mountain.dew.127,Congrats guys!!!! Looking forward for your future schedules,0
TNX,4C7xGubTL90,2022-05-17T11:45:32Z,@diniyuliandari4195,😍😍😍😍,1
TNX,4C7xGubTL90,2022-05-17T11:45:26Z,@Laura-tk5pw,ESTO ES PERFECTO LO AMO,1
TNX,4C7xGubTL90,2022-05-17T11:45:25Z,@ushashreemanne9709,I loveeddddd itttttt 💕❤️💕,0
TNX,4C7xGubTL90,2022-05-17T11:45:22Z,@meilysfortune6337,OMGGGG,1
TNX,4C7xGubTL90,2022-05-17T11:45:19Z,@adrianoalves3089,Eu extremamente Amei Vocês são muito talentosos cantam demais além de serem lindos vocês farão muito sucesso e a música totalmente a maravilhosa,0
TNX,4C7xGubTL90,2022-05-17T11:45:19Z,@zahrasafira7233,Terngiang-ngiang nih lagunya woiiii,0
TNX,4C7xGubTL90,2022-05-17T11:45:10Z,@spacejinnie,ESTOY ORGULLOSA DE USTEDES!!! LOS VOY A STANEAR!!!! ♡,1
TNX,4C7xGubTL90,2022-05-17T11:45:09Z,@eribyul4518,Are all k-popper asleep now?!<br><br>It&#39;s a masterpiece<br>Mark my word they will regret sleeping,1
TNX,4C7xGubTL90,2022-05-17T11:45:07Z,@marcel8912,CONGRATULATIONS ON YOUR DEBUT MY BOYS,0
TNX,4C7xGubTL90,2022-05-17T11:45:04Z,@prics,THE SONG AND THE WHOLE ALBUM ARE PERFECT,12
TNX,4C7xGubTL90,2022-05-17T11:45:01Z,@AAYU.1105,Today&#39;s generation(gen in K-pop) is really high and modern and you guys make it more standard .,0
TNX,4C7xGubTL90,2022-05-17T11:44:57Z,@musiifyae,omg i love this AND its a debut song?? awesome,0
TNX,4C7xGubTL90,2022-05-17T11:44:57Z,@alkkbm,THEY ATE AND LEFT NO CRUMBS,0
TNX,4C7xGubTL90,2022-05-17T11:44:36Z,@jaemin2668,"Finally baby,, success guys",0
TNX,4C7xGubTL90,2022-05-17T11:44:36Z,@shwetii36,와 미쳤다,0
TNX,4C7xGubTL90,2022-05-17T11:44:32Z,@prics,THEY FINALLY DEBUTED!!! I LOVE YOU TNX  💞,0
TNX,4C7xGubTL90,2022-05-17T11:44:30Z,@0210luna,Incredible song!!!,0
TNX,4C7xGubTL90,2022-05-17T11:44:27Z,@souhwa_1117,Now I&#39;m addicted to the song wooow 👏👏👏👏❤❤❤❤,0
TNX,4C7xGubTL90,2022-05-17T11:44:11Z,@rinaadeaningsih975,Wowww🔥❤,1
TNX,4C7xGubTL90,2022-05-17T11:43:59Z,@becreative.allday,✨ PERFECT ✨,0
TNX,4C7xGubTL90,2022-05-17T11:43:55Z,@melis2141,this is so good!! obsessed,0
TNX,4C7xGubTL90,2022-05-17T11:43:55Z,@stacy8507,Oh yes! They finally debut!!!,0
TNX,4C7xGubTL90,2022-05-17T11:43:48Z,@claudiaromano5558,"Qué voces xD, visualmente perfectos. Éxitos para los 6👏👏👏❤️❤️❤️❤️❤️❤️🇦🇷",0
TNX,4C7xGubTL90,2022-05-17T11:43:46Z,@hasahito9652,Way up way up ( move ),0
TNX,4C7xGubTL90,2022-05-17T11:43:46Z,@makichannel7539,Congrats!!❣️,0
TNX,4C7xGubTL90,2022-05-17T11:43:34Z,@thisisrozita,I really love it,0
TNX,4C7xGubTL90,2022-05-17T11:43:27Z,@gillianerotoni3489,"Sigh another powerful group has born, rip my wallet",2
TNX,4C7xGubTL90,2022-05-17T11:43:26Z,@yxjyxj6467,This is a masterpiece,0
TNX,4C7xGubTL90,2022-05-17T11:43:20Z,@alexiss596.,i love it!! You did well guys :),0
TNX,4C7xGubTL90,2022-05-17T11:43:17Z,@yxjyxj6467,Holy MOLY,0
TNX,4C7xGubTL90,2022-05-17T11:43:15Z,@denisej.9812,🤘,0
TNX,4C7xGubTL90,2022-05-17T11:43:08Z,@taowzy,I’ve only watched 15 seconds and I already love it.,8
TNX,4C7xGubTL90,2022-05-17T11:43:08Z,@melis2141,superm vibez,0
TNX,4C7xGubTL90,2022-05-17T11:43:06Z,@yajerisfernandez5251,Arte🥰😍❤,0
TNX,4C7xGubTL90,2022-05-17T11:43:02Z,@multifan9188,TNX congrats on your debut!! I&#39;m so proud of you all!!,0
TNX,4C7xGubTL90,2022-05-17T11:42:58Z,@AAYU.1105,I just come here and you guys said get out of my way!! hehe!,0
TNX,4C7xGubTL90,2022-05-17T11:42:57Z,@jeihanaqila6601,the music is like treausre style,0
TNX,4C7xGubTL90,2022-05-17T11:42:57Z,@d0eska,The song is so good,0
TNX,4C7xGubTL90,2022-05-17T11:42:53Z,@marysha9477,OMGGGGGG,0
TNX,4C7xGubTL90,2022-05-17T11:42:42Z,@tongsutory,피네이션 깃발 흔들때가 더 낫네 ㅠㅠ,0
TNX,4C7xGubTL90,2022-05-17T11:42:42Z,@soomi,YG ent formula lol,0
TNX,4C7xGubTL90,2022-05-17T11:42:42Z,@KiKi-xp6tu,+1 favourite male group,0
TNX,4C7xGubTL90,2022-05-17T11:42:40Z,@maeying9362,The choreography is so powerful.,0
TNX,4C7xGubTL90,2022-05-17T11:42:32Z,@simonerussell102,I&#39;m so proud you guys worked so hard.,0
TNX,4C7xGubTL90,2022-05-17T11:42:32Z,@KristinaKika2000,"I do not know who they are but I likee the song, concept and members of the group very much !",0
TNX,4C7xGubTL90,2022-05-17T11:42:31Z,@aeulki,Let&#39;s keep streaming and get this song to 100k views first then 1 million then 100 million hopefully ♡,1
TNX,4C7xGubTL90,2022-05-17T11:42:19Z,@valevalenzuela1958,Esto es demasiado perfecto!,0
TNX,4C7xGubTL90,2022-05-17T11:42:19Z,@ruthchipana2886,STREAMMMMM,0
TNX,4C7xGubTL90,2022-05-17T11:42:13Z,@bangtan6142,the song is very good,0
TNX,4C7xGubTL90,2022-05-17T11:42:06Z,@wowofun1876,"TNX, I love you !!!",1
TNX,4C7xGubTL90,2022-05-17T11:42:06Z,@esthervitoria6590,TO MUITO ORGULHOSA CARA,0
TNX,4C7xGubTL90,2022-05-17T11:42:01Z,@phyllyxdancer,I GOT SHIVERS DOWN MY SPINEEEE,1
TNX,4C7xGubTL90,2022-05-17T11:41:53Z,@amanat12,"I refuse to believe that this is their debut, like DAMN, this song is a masterpiece",823
TNX,4C7xGubTL90,2022-05-17T11:41:53Z,@hidyean8073,I love them .,0
TNX,4C7xGubTL90,2022-05-17T11:41:52Z,@strawberry-cs2oj,wth!! the views are only 47k but the likes are 48k? is that even possible??,0
TNX,4C7xGubTL90,2022-05-17T11:41:50Z,@risikagurung5343,Woah....................................................,0
TNX,4C7xGubTL90,2022-05-17T11:41:48Z,@seezous9602,I LOVE ITTTTTTTTTTT,0
TNX,4C7xGubTL90,2022-05-17T11:41:48Z,@hilcarlo3451,PNATION FIRST BOY GROUP ‼️‼️‼️,0
TNX,4C7xGubTL90,2022-05-17T11:41:45Z,@marielninaerasmo8208,As expected from P NATION YOU GUYS DID WELLLL,0
TNX,4C7xGubTL90,2022-05-17T11:41:44Z,@wintersonata1587,LOUD fans let&#39;s support them same on the survival show was airing. And to all new fans welcome lets support TNX! THEY WORKED REALLY HARD TO DEBUT!,0
TNX,4C7xGubTL90,2022-05-17T11:41:42Z,@sofiakorovai3758,Stream them they are amazing,1
TNX,4C7xGubTL90,2022-05-17T11:41:38Z,@ItzMeiko_,Love uuu tnxxx,0
TNX,4C7xGubTL90,2022-05-17T11:41:27Z,@mavis2705,Why can&#39;t I find them on spotify?😭,0
TNX,4C7xGubTL90,2022-05-17T11:41:25Z,@jollykamei,Finallyy❤ our boys🤞🧝‍♀️,0
TNX,4C7xGubTL90,2022-05-17T11:41:24Z,@nninipaninii,<b>BIKYEORA BIKYEO</b> &lt;3,0
TNX,4C7xGubTL90,2022-05-17T11:41:20Z,@milekhaster,Omg this is catchyyy,0
TNX,4C7xGubTL90,2022-05-17T11:41:20Z,@jessicaledo9733,"Wow , los ame ,son el mejor grupo que he visto",0
TNX,4C7xGubTL90,2022-05-17T11:41:07Z,@hilcarlo3451,OH SUNG JUN 🔥🔥🔥🔥,0
TNX,4C7xGubTL90,2022-05-17T11:41:06Z,@luvminlight,فخوووورة فيهم 🖤🖤🖤😭,1
TNX,4C7xGubTL90,2022-05-17T11:41:04Z,@marilou00,"It’s a good beginning. So proud of everyone. The hard work shows. Never follow trends, just be true to yourselves and that authenticity will set you apart from other groups. Develop into the artist you always imagined! I know great things are coming.💜☮️",0
TNX,4C7xGubTL90,2022-05-17T11:40:58Z,@wrtwicex3528,Antes del millón,0
TNX,4C7xGubTL90,2022-05-17T11:40:57Z,@nesle7217,เริ่ดมาก,0
TNX,4C7xGubTL90,2022-05-17T11:40:42Z,@cszee_,KEREN!!!,0
TNX,4C7xGubTL90,2022-05-17T11:40:38Z,@auravkumar651,Wow this song is really amazing,0
TNX,4C7xGubTL90,2022-05-17T11:40:21Z,@SK-bw8ek,nice,0
TNX,4C7xGubTL90,2022-05-17T11:40:19Z,@kellvieira3652,Amei!!! Vou seguir... 😍🇧🇷,0
TNX,4C7xGubTL90,2022-05-17T11:40:12Z,@na-bk6tu,와👏🏻👏🏻👏🏻👏🏻👏🏻대뷔 축하해요 🐥,0
TNX,4C7xGubTL90,2022-05-17T11:40:07Z,@samsylin5504,Love it omg,0
TNX,4C7xGubTL90,2022-05-17T11:40:02Z,@fernandamendoza3590,Woww 💫,1
TNX,4C7xGubTL90,2022-05-17T11:40:00Z,@bini6327,Wawwwwww!!!!!!!,0
TNX,4C7xGubTL90,2022-05-17T11:40:00Z,@aria8584,Im so proud of them let&#39;s support them guys and we have to stream let&#39;s go,25
TNX,4C7xGubTL90,2022-05-17T11:39:56Z,@esmateati7513,Just love it ❤️❤️,0
TNX,4C7xGubTL90,2022-05-17T11:39:53Z,@summer2588,우경준!!,0
TNX,4C7xGubTL90,2022-05-17T11:39:27Z,@nuranyx1505,Selamat atas debut kalian.,1
TNX,4C7xGubTL90,2022-05-17T11:39:09Z,@nrulienass4867,"finally the debut, omg love ittttt",2
TNX,4C7xGubTL90,2022-05-17T11:39:09Z,@esmeraldamartinezgarcial9535,How cute I love you all my support,1
TNX,4C7xGubTL90,2022-05-17T11:39:08Z,@l0vestay,the song is actually amazing,3
TNX,4C7xGubTL90,2022-05-17T11:39:03Z,@steffsvideos,The member and the song are so cool,2
TNX,4C7xGubTL90,2022-05-17T11:39:03Z,@miuweom,"FELICIDADES , SON TAN TALENTOSOS",2
TNX,4C7xGubTL90,2022-05-17T11:39:00Z,@brzan996,This is so good omg like i cant believe they are rookies,10
TNX,4C7xGubTL90,2022-05-17T11:38:48Z,@miuweom,OMG ESTO ES ADICTIVO,2
TNX,4C7xGubTL90,2022-05-17T11:38:47Z,@esmeraldamartinezgarcial9535,Amé el mv que lindos,1
TNX,4C7xGubTL90,2022-05-17T11:38:45Z,@Anna-wj2ec,Nice song i stan this new boy group,1
TNX,4C7xGubTL90,2022-05-17T11:38:37Z,@amanat12,"Damn, this song is a masterpiece",19
TNX,4C7xGubTL90,2022-05-17T11:38:36Z,@idflda,the slayfication of tnx :♡,2
TNX,4C7xGubTL90,2022-05-17T11:38:22Z,@Anna-wj2ec,Can i ask why the vie3s are low is it late count or what,2
TNX,4C7xGubTL90,2022-05-17T11:38:16Z,@luvminlight,مين بيصدق ان هذي اغنية ترسيم، من قوتهم 😩🖤🖤🖤,2
TNX,4C7xGubTL90,2022-05-17T11:38:09Z,@judy1308,niceeeee!!!,1
TNX,4C7xGubTL90,2022-05-17T11:38:01Z,@shedumpx8899,"Congrats on your debut, boy 💖💖💖💖💖💖",1
TNX,4C7xGubTL90,2022-05-17T11:37:53Z,@پریساابراهیمی-ك9ذ,It was soooooo good...totally worth the wait,1
TNX,4C7xGubTL90,2022-05-17T11:37:49Z,@imty1694,KERENNN BANGET WOII 😩❤️❤️,1
TNX,4C7xGubTL90,2022-05-17T11:37:45Z,@l0vestay,I&#39;m so proud of them,1
TNX,4C7xGubTL90,2022-05-17T11:37:43Z,@Anna-wj2ec,Guys who is the 1st one who sing,1
TNX,4C7xGubTL90,2022-05-17T11:37:43Z,@dinaiadhianid,OH GODD DAMN,1
TNX,4C7xGubTL90,2022-05-17T11:37:40Z,@tnx226,واو,1
TNX,4C7xGubTL90,2022-05-17T11:37:39Z,@idflda,congrats on ur debut our tnx,2
TNX,4C7xGubTL90,2022-05-17T11:37:32Z,@echaniechan00,NO REGRET WAITING FOR THEM!! NO DOUBT AT ALL!! IN LOVE WITH THEIR OWN CONCEPT 😻😻 THEIR STANDARD IS ON ANOTHER LEVEL YALL,6
TNX,4C7xGubTL90,2022-05-17T11:37:26Z,@syahnurjohor3568,Wauuuuuuu amazing,1
TNX,4C7xGubTL90,2022-05-17T11:37:25Z,@4ngnanb,"I am so proud of them😤✋❤....I can&#39;t believe time passed so soon🥺. It feels like it was just yesterday when they were competing in loud, And the song is so powerful and impactful. Each and everyone is shining🧚‍♀️❤. I love how kyungjun is so confident. <br>Will always be there for tnx and the ploud boys era will be missed.🥺💖",1
TNX,4C7xGubTL90,2022-05-17T11:37:24Z,@theN2370,FINALLY 😭🔥,1
TNX,4C7xGubTL90,2022-05-17T11:37:16Z,@atina4913,OMG  KINGS,1
TNX,4C7xGubTL90,2022-05-17T11:37:15Z,@Zerose0T9,Best debut ever,1
TNX,4C7xGubTL90,2022-05-17T11:37:14Z,@andressa3840,"cara eles são mesmo muito bons, o MV ficou perfeito e a música é viciante ❤️",1
TNX,4C7xGubTL90,2022-05-17T11:37:12Z,@TheCutestChris18,Congratulations on your debut! Love the song soo much! Everything about this is perfect! Wishing you all the success!,3
TNX,4C7xGubTL90,2022-05-17T11:37:12Z,@MariaAndrade-gl3cv,En shock son increíbles quede 😮😧😍🧡🧡💓💓ame🇦🇷🇦🇷,2
TNX,4C7xGubTL90,2022-05-17T11:36:53Z,@jihan8542,"Finally!! Congratulations on your debut, hopefully you can become an idol of pride and continue to grow 💗",3
TNX,4C7xGubTL90,2022-05-17T11:36:51Z,@benyapabenyapa877,I will cry when I see him  I&#39;m proud of him. Well done Kyungjun and his member😭💗💗,16
TNX,4C7xGubTL90,2022-05-17T11:36:51Z,@mihikakiran8102,THEY’RE FINALLY DEBUTING!!,10
TNX,4C7xGubTL90,2022-05-17T11:36:49Z,@thippawansaenkham6817,กรี๊ดดด ฉันตกวงนี้อย่างจังเลย 💓😍,2
TNX,4C7xGubTL90,2022-05-17T11:36:44Z,@uwooskies,Get out of the way tnx makes their move today,1
TNX,4C7xGubTL90,2022-05-17T11:36:40Z,@hanunaziz8462,I&#39;m stunned to speak,1
TNX,4C7xGubTL90,2022-05-17T11:36:39Z,@nikwinky,EVERYTHING ITS ON POINT!!!!  I will definitely stan them,6
TNX,4C7xGubTL90,2022-05-17T11:36:35Z,@nini_kim9164,"yet another masterpiece , the outfit, vocals, choreo, visuals, lyrics, and the way they delivered the song was such ethereal in so many ways, im so proud of them",46
TNX,4C7xGubTL90,2022-05-17T11:36:33Z,@mskmsk6775,soooo prouddddd,1
TNX,4C7xGubTL90,2022-05-17T11:36:21Z,@nini_kim9164,"this is amazing , ain&#39;t no one is doing it like them!!",10
TNX,4C7xGubTL90,2022-05-17T11:36:17Z,@kpop_lover22,오 드뎌 데뷔를 했군,0
TNX,4C7xGubTL90,2022-05-17T11:36:16Z,@pausalazar6524,"La espera valió cada minuto, mis muchachos al fin debutaron y de la mejor forma!, arte, me encantó! &lt;3",0
TNX,4C7xGubTL90,2022-05-17T11:36:14Z,@nini_kim9164,TNX always exceeds our expectations. <br>TNX is the STANDARD.,1
TNX,4C7xGubTL90,2022-05-17T11:36:11Z,@chijeucakeu1009,Wow!!!!! Congratulations TNX for your debut…. fighting!!,0
TNX,4C7xGubTL90,2022-05-17T11:36:09Z,@leeknowsrighteyebrow,THIS IS A BOP! I&#39;m so proud of them!,0
TNX,4C7xGubTL90,2022-05-17T11:36:09Z,@luvminlight,Congratulations on your debut habaibi,1
TNX,4C7xGubTL90,2022-05-17T11:36:05Z,@Theoneandonlybish,Its already stuck in my head lol,1
TNX,4C7xGubTL90,2022-05-17T11:35:57Z,@nini_kim9164,TNX is making our days with  a beautiful masterpiece.,64
TNX,4C7xGubTL90,2022-05-17T11:35:54Z,@eiphupwintkyaw4391,"This song is additive,I love it💗<br> Fighting TNX🏁🏁",0
TNX,4C7xGubTL90,2022-05-17T11:35:53Z,@ehinon,"i‘m so proud of them!!! it‘s so different from what i expected and i‘m so glad! tbh i wasn’t expecting too much from the song because i thought the vibe would be similar to 180 seconds, not that it’s a bad song but it’s just not mind blowing yk but move is just perfect!! everything is on point the visuals, the singing, rapping, dancing, the beat ugh can‘t wait to see this on music shows 💃🏾",0
TNX,4C7xGubTL90,2022-05-17T11:35:53Z,@harisenin2023,Selamat Untuk Debut Kalian,0
TNX,4C7xGubTL90,2022-05-17T11:35:51Z,@treasxxre8431,I LOVE THEM BC HWI IS MY BIRTHDAY TWIN ❤️❤️,0
TNX,4C7xGubTL90,2022-05-17T11:35:46Z,@calljazdelulu,티엔엑스 데뷔 축하해🎉,1
TNX,4C7xGubTL90,2022-05-17T11:35:41Z,@trsrcafe,"im so proud all of them, congrats on debut boys &lt;3",1
TNX,4C7xGubTL90,2022-05-17T11:35:38Z,@jeonyoni5145,Sooo proud,0
TNX,4C7xGubTL90,2022-05-17T11:35:30Z,@nini_kim9164,literally TNX gives us an absolute piece of art,9
TNX,4C7xGubTL90,2022-05-17T11:35:29Z,@jeonyoni5145,I like it soooo muchhh,0
TNX,4C7xGubTL90,2022-05-17T11:35:27Z,@paolaandreavargastisco3110,rookies year,1
TNX,4C7xGubTL90,2022-05-17T11:35:22Z,@Akurvafiad,THE NEW EXO?! I love these guys already! keep being amazing!,1
TNX,4C7xGubTL90,2022-05-17T11:35:19Z,@jaimeannpaderes1409,CONGRATULATIONS ON YOUR DEBUT TNX!!! I&#39;M BEYOND PROUD TO ALL OF YOU.,0
TNX,4C7xGubTL90,2022-05-17T11:35:17Z,@chicacichaboo10,I&#39;M SO PROUD OF U GUYS!! U DID IT!!,0
TNX,4C7xGubTL90,2022-05-17T11:35:16Z,@Моисеенко-к6з,Wooooow,0
TNX,4C7xGubTL90,2022-05-17T11:35:06Z,@yu__kii,Oh god I didn&#39;t expect this much,0
TNX,4C7xGubTL90,2022-05-17T11:35:06Z,@lauri1694,i want to stan them,0
TNX,4C7xGubTL90,2022-05-17T11:35:05Z,@by_jonaskim,congratulations on your debut boys! ❤️,0
TNX,4C7xGubTL90,2022-05-17T11:35:03Z,@ririi_1317,노래너무촣다,0
TNX,4C7xGubTL90,2022-05-17T11:34:55Z,@lyraaa8136,yeayyy congratulation of your debutt,0
TNX,4C7xGubTL90,2022-05-17T11:34:53Z,@rachelall8291,"When the song started playing, I knew this was a master pieces song.",0
TNX,4C7xGubTL90,2022-05-17T11:34:52Z,@lauri1694,DAMN,0
TNX,4C7xGubTL90,2022-05-17T11:34:51Z,@thuhtet9371,My boys are best,0
TNX,4C7xGubTL90,2022-05-17T11:34:50Z,@nursaadah9221,"Bagus mereka benar2 sangat mengesankan dri setiap member,,❤️❤️",0
TNX,4C7xGubTL90,2022-05-17T11:34:50Z,@fluffyunicorn6897,my sisters theory is that theyre breaking out notorious criminals from a prison in space.,0
TNX,4C7xGubTL90,2022-05-17T11:34:46Z,@Моисеенко-к6з,Какой классный клип,1
TNX,4C7xGubTL90,2022-05-17T11:34:46Z,@dish_03,красавцы ;),0
TNX,4C7xGubTL90,2022-05-17T11:34:35Z,@ririi_1317,Congratulations for your debut,0
TNX,4C7xGubTL90,2022-05-17T11:34:35Z,@sofidaza1149,LOS AMOOO❤️,1
TNX,4C7xGubTL90,2022-05-17T11:34:32Z,@vitoria-cq2oh,"passando pra avisar q tô aq desde o debut dos kings, bjo ♡♡",0
TNX,4C7xGubTL90,2022-05-17T11:34:27Z,@sofidaza1149,QUE ARTE LA CANCION Y EL MV🛐😍,1
TNX,4C7xGubTL90,2022-05-17T11:34:20Z,@ririi_1317,역시 TNX 이야,0
TNX,4C7xGubTL90,2022-05-17T11:34:18Z,@1nt_,Plissss lagunya bikin terngiang-ngiang,1
TNX,4C7xGubTL90,2022-05-17T11:34:09Z,@hasahito9652,"Congratulations Our Babies <a href=""http://www.youtube.com/results?search_query=%23tnx"">#TNX</a>",0
TNX,4C7xGubTL90,2022-05-17T11:33:50Z,@yourfavbedtimestories,"I really love the part &quot;WAY UP,WAY UP!&quot; i don&#39;t know why but it sounds so motivational for no reason😭✨",7
TNX,4C7xGubTL90,2022-05-17T11:33:44Z,@estetik6604,"PERFECT IT JUST PERFECT, THIS SONG IS ABSOLUTELY AMAZING, THEIR VOCAL, RAP, VISUAL, DANCE IS PERFECT, IT&#39;S GONNA HITS",36
TNX,4C7xGubTL90,2022-05-17T11:33:32Z,@metime622,This vibe reminds me of Straykids,0
TNX,4C7xGubTL90,2022-05-17T11:33:27Z,@norahassan3709,I am sure they will be the kings of this generation,1
TNX,4C7xGubTL90,2022-05-17T11:33:18Z,@hasahito9652,Powerful,0
TNX,4C7xGubTL90,2022-05-17T11:33:16Z,@zainb-d1m,ننناااااايسس,0
TNX,4C7xGubTL90,2022-05-17T11:33:14Z,@nini_kim9164,"— all of the choreography is insane I have no words to describe, this is insane, congratulations TNX ! we are all beyond proud!",89
TNX,4C7xGubTL90,2022-05-17T11:33:09Z,@zainb-d1m,ككلشيي حلوووو,0
TNX,4C7xGubTL90,2022-05-17T11:33:05Z,@hasahito9652,"Move,Move",0
TNX,4C7xGubTL90,2022-05-17T11:32:59Z,@zainb-d1m,يخي حبيتكم,0
TNX,4C7xGubTL90,2022-05-17T11:32:59Z,@90iix3,congratulations on ur debut!! you did amazing boys🤗🤗,0
TNX,4C7xGubTL90,2022-05-17T11:32:58Z,@LuzValentinaRuaS,OMG amooooo ❤️❤️❤️,0
TNX,4C7xGubTL90,2022-05-17T11:32:56Z,@hasahito9652,Way up Way up,0
TNX,4C7xGubTL90,2022-05-17T11:32:55Z,@panim2260,Keep going 💪🏻💪🏻❤️,0
TNX,4C7xGubTL90,2022-05-17T11:32:52Z,@zainb-d1m,وسيمونن,0
TNX,4C7xGubTL90,2022-05-17T11:32:52Z,@nini_kim9164,"— the amount of talents , vocals , visuals and charisma is just insane enough for you to fall",31
TNX,4C7xGubTL90,2022-05-17T11:32:48Z,@Mini_solecita,"Woow the song is too good, apprehending the song just debuted in a boom ..... I wish you many congratulations and support for you as well as all the groups ..... I love TNX 💙💜🥇",1
TNX,4C7xGubTL90,2022-05-17T11:32:46Z,@aqelaa894,Lagunya bagus bgt huhu 😭 ini pasti bakal terkenal nanti 😭🤘,0
TNX,4C7xGubTL90,2022-05-17T11:32:46Z,@zainb-d1m,رائعينن,0
TNX,4C7xGubTL90,2022-05-17T11:32:46Z,@nini_kim9164,— we are literally falling for them even more so please love and support these men,8
TNX,4C7xGubTL90,2022-05-17T11:32:41Z,@zainb-d1m,نحبكم,0
TNX,4C7xGubTL90,2022-05-17T11:32:37Z,@celinerachel3015,And pnation did it again. Hope they make more music like this and other genres in the future.,7
TNX,4C7xGubTL90,2022-05-17T11:32:36Z,@nee2992,it’s 4th gen’s best boy group debut just wow!,1
TNX,4C7xGubTL90,2022-05-17T11:32:31Z,@nurhikmahsari_exo987,"Kok gak semuanya sih,, koki mana...",0
TNX,4C7xGubTL90,2022-05-17T11:32:30Z,@aera710,Ayo terus naik,0
TNX,4C7xGubTL90,2022-05-17T11:32:29Z,@Моисеенко-к6з,I love❤,1
TNX,4C7xGubTL90,2022-05-17T11:32:22Z,@kalinaptn,SCREAMING LOTERALLY,0
TNX,4C7xGubTL90,2022-05-17T11:32:17Z,@din9824,"SO PROUD OF YOU GUYS, CONGRATULATIONS FOR YOUR DEBUTE, TNX!",0
TNX,4C7xGubTL90,2022-05-17T11:32:16Z,@yoorasbooth,Congratulations PNation for debuting their first ever boy group,0
TNX,4C7xGubTL90,2022-05-17T11:32:13Z,@aqelaa894,BAGUS BGT,0
TNX,4C7xGubTL90,2022-05-17T11:32:09Z,@ricamrsl,"Congratulations on ur debut, we are so proudddd to u y&#39;all hehe",6
TNX,4C7xGubTL90,2022-05-17T11:32:03Z,@Моисеенко-к6з,Song 🤩wow,1
TNX,4C7xGubTL90,2022-05-17T11:31:48Z,@benyapabenyapa877,Kyungjunnnnnnn🥹💗💗💗,1
TNX,4C7xGubTL90,2022-05-17T11:31:42Z,@riskiatulauliyah,Ga rugi gw nunggin nih grup ampe lumutan 🥰🥰 bnr bnr enkk bngt lagunya,0
TNX,4C7xGubTL90,2022-05-17T11:31:41Z,@ayelety593,One of the best debut song in kpop !!!!,2
TNX,4C7xGubTL90,2022-05-17T11:31:40Z,@KPOPBLOCKBUSTER,"Wow. They are great performers, great dancers, great singers. I like this MV a lot.",0
TNX,4C7xGubTL90,2022-05-17T11:31:33Z,@apriliaazrrrrrr,KANEEEE ASIKKKK,0
TNX,4C7xGubTL90,2022-05-17T11:31:17Z,@권만월,노래 좋아 좋아 칠십넘은 할미도 신난당 홧팅,1
TNX,4C7xGubTL90,2022-05-17T11:31:09Z,@hasahito9652,TNX,0
TNX,4C7xGubTL90,2022-05-17T11:31:05Z,@ztilast,ackkkk kinikilig aq,0
TNX,4C7xGubTL90,2022-05-17T11:31:02Z,@lunabtxt,I cannot get over Hwi&#39;s rap omg,1
TNX,4C7xGubTL90,2022-05-17T11:30:57Z,@Stay_1415,Yok banyakin streamingnya biar cepet 1jt view,0
TNX,4C7xGubTL90,2022-05-17T11:30:57Z,@aaliyaneke9405,Not them releasing the song 🎵 after my German finals exam,0
TNX,4C7xGubTL90,2022-05-17T11:30:57Z,@mallick_zzz,"FINALLY MY BOYS ARE Debuted , The Beat make me fall in Ahhhh ~ so cool Na :-))",3
TNX,4C7xGubTL90,2022-05-17T11:30:50Z,@lotoslotos2159,Finaly good jope gays for this mv and song this is amazing love you saw much,0
TNX,4C7xGubTL90,2022-05-17T11:30:42Z,@wintersonata1587,K33P streaming pleaseee😭😭,0
TNX,4C7xGubTL90,2022-05-17T11:30:33Z,@parkseohyeon3532,대박!!!!!,0
TNX,4C7xGubTL90,2022-05-17T11:30:28Z,@ruruuuuuuu,THEY GON BE THE NEXT BIG THING IN KPOP I JUST KNOW IT,0
TNX,4C7xGubTL90,2022-05-17T11:30:09Z,@arthurhamada9529,ROOTING FOR THIS BG.,0
TNX,4C7xGubTL90,2022-05-17T11:30:08Z,@allhailrise,"The v 1 3 ws look freeze on my end, stuck at 20k. Too bad.",0
TNX,4C7xGubTL90,2022-05-17T11:30:08Z,@nainiasahi5812,Finally the day had came...congratulation on ur debut my boys🥺😭im so proud of yu all💗im loving the beat of this mv so much plus the intro!!🔥yu all set everything on fire on ur first step!&lt;3,0
TNX,4C7xGubTL90,2022-05-17T11:30:07Z,@faigahmutiariski4979,HWIII YOU AREE AMAZINGGG,1
TNX,4C7xGubTL90,2022-05-17T11:30:06Z,@atsushi1220,omg the music the rap 😭,0
TNX,4C7xGubTL90,2022-05-17T11:30:06Z,@m0im0i,So proud of them🌝,0
TNX,4C7xGubTL90,2022-05-17T11:29:54Z,@anisarahma5827,Rap nya jg baguss,1
TNX,4C7xGubTL90,2022-05-17T11:29:43Z,@me-qq4jr,I am proud of you all my boys,0
TNX,4C7xGubTL90,2022-05-17T11:29:39Z,@thalia4072,Waiting was worth it after all💖 they’re all shining I’m so proud🥹,1
TNX,4C7xGubTL90,2022-05-17T11:29:39Z,@kikidoyouloveme6122,เก่งกันมากเลยㅠㅠ,0
TNX,4C7xGubTL90,2022-05-17T11:29:36Z,@faigahmutiariski4979,really proudd,0
TNX,4C7xGubTL90,2022-05-17T11:29:33Z,@anisarahma5827,Lagu nya candu bangett,1
TNX,4C7xGubTL90,2022-05-17T11:29:29Z,@parkseohyeon3532,좋다!!!!!!!!!,0
TNX,4C7xGubTL90,2022-05-17T11:29:27Z,@いき-e8f,ビジュが良すぎでヤバい…🤯,1
TNX,4C7xGubTL90,2022-05-17T11:29:27Z,@faigahmutiariski4979,AMAZINGGG,0
TNX,4C7xGubTL90,2022-05-17T11:29:27Z,@salsasusapalu9329,Im so proud of eunhwi!,0
TNX,4C7xGubTL90,2022-05-17T11:29:23Z,@madichou98,Bravo pour vos debut les gars🤩🤩🥳🥳🥳🥳🥳🥳,0
TNX,4C7xGubTL90,2022-05-17T11:29:20Z,@brendaramirez675,the most anticipated debut. They left me speechless. The song is as incredible as the Mv that is perfect. My children did well. Also the choreography is so amazing.,157
TNX,4C7xGubTL90,2022-05-17T11:29:19Z,@yxdrg2357,ESTÁ TAN BUENO ESTOOOOO,0
TNX,4C7xGubTL90,2022-05-17T11:29:17Z,@faigahmutiariski4979,Gooo,0
TNX,4C7xGubTL90,2022-05-17T11:29:13Z,@adbooknerd,Congratulations on your debut!!! The entire mini album is amazing!!!,0
TNX,4C7xGubTL90,2022-05-17T11:29:11Z,@faigahmutiariski4979,SO PROUDDD,0
TNX,4C7xGubTL90,2022-05-17T11:29:10Z,@hunni5033,~PERFECT~,0
TNX,4C7xGubTL90,2022-05-17T11:29:10Z,@BellaArmyGirl,이 mv 많이 사랑해 ♡,1
TNX,4C7xGubTL90,2022-05-17T11:29:08Z,@anisarahma5827,AKHIRNYA DEBUT JUGAA😭,1
TNX,4C7xGubTL90,2022-05-17T11:29:07Z,@icbear1293,Congrats!!!! Fantastic debut!!!! Fighting TNX!!!!🔥🔥🔥,0
TNX,4C7xGubTL90,2022-05-17T11:29:00Z,@ameliaputri3002,LET&#39;S GO FORWARD FOR THE FUTURE!! TNX FIGHTING!!,0
TNX,4C7xGubTL90,2022-05-17T11:28:55Z,@Phoenix.1117,This is sooo good,0
TNX,4C7xGubTL90,2022-05-17T11:28:54Z,@Abceliabc004,What a good debut !!,0
TNX,4C7xGubTL90,2022-05-17T11:28:48Z,@user-kc5ci2do1t,cool!!!!,0
TNX,4C7xGubTL90,2022-05-17T11:28:41Z,@shajnintasnimurmi1379,Congratulations  on debut TNX. ot 6 ♡,1
TNX,4C7xGubTL90,2022-05-17T11:28:40Z,@salsasusapalu9329,Omg,1
TNX,4C7xGubTL90,2022-05-17T11:28:39Z,@dadal2697,A debut that everyone was waiting for!!!!,1
TNX,4C7xGubTL90,2022-05-17T11:28:38Z,@nikitaandara,KERENNN BANGETTT ANAK ANAK GUEEE😭💗💗,1
TNX,4C7xGubTL90,2022-05-17T11:28:37Z,@user-kc5ci2do1t,もしった,0
TNX,4C7xGubTL90,2022-05-17T11:28:35Z,@kchan5136,they&#39;re really debuting now 🤧 it&#39;s like seeing my kids grow up 🥲,1
TNX,4C7xGubTL90,2022-05-17T11:28:33Z,@anisarahma5827,PADA GANTENG GANTENG BANGETT,1
TNX,4C7xGubTL90,2022-05-17T11:28:30Z,@risty1069,ADUHHH,0
TNX,4C7xGubTL90,2022-05-17T11:28:29Z,@phanthira_09,เกินปุยมุ้ย,1
TNX,4C7xGubTL90,2022-05-17T11:28:26Z,@fach5692,Finallyyyyyyyyyyy💗💗💗💗💗💗💗 it&#39;s been a looong time i withing this debut and I&#39;m sooooo happy for it  💜💜💜 i like it 😉,0
TNX,4C7xGubTL90,2022-05-17T11:28:24Z,@risty1069,WAY UP WAY UP WAY UP,0
TNX,4C7xGubTL90,2022-05-17T11:28:24Z,@Nunu-jc1vl,THEY did their thing,0
TNX,4C7xGubTL90,2022-05-17T11:28:18Z,@totaslife_222,Wow,0
TNX,4C7xGubTL90,2022-05-17T11:28:14Z,@risty1069,Mantulll,0
TNX,4C7xGubTL90,2022-05-17T11:28:14Z,@markleethegreatest7959,What’s wrong with the views ? The song is so catchy,0
TNX,4C7xGubTL90,2022-05-17T11:28:13Z,@putrilestari5328,Love this song🖤,0
TNX,4C7xGubTL90,2022-05-17T11:28:11Z,@risty1069,MANTAPP,0
TNX,4C7xGubTL90,2022-05-17T11:28:09Z,@saro7788,ชอบมากเลยยยยย ของให้ปังๆนะคะ รอเชียร์❤️,0
TNX,4C7xGubTL90,2022-05-17T11:28:05Z,@risty1069,Super duper kerennn,0
TNX,4C7xGubTL90,2022-05-17T11:27:58Z,@risty1069,Kerennnn,0
TNX,4C7xGubTL90,2022-05-17T11:27:56Z,@pams_cita,I LOVE THIS GROUP SO MUCH! CONGRATS FOR THEIR DEBUT!!,2
TNX,4C7xGubTL90,2022-05-17T11:27:51Z,@ttalgijae,"IM SO PROUD OF THEM, THIS IS SO CATCHY",0
TNX,4C7xGubTL90,2022-05-17T11:27:50Z,@artt091,I LOVE THAT,0
TNX,4C7xGubTL90,2022-05-17T11:27:45Z,@ap4020,"Finally they debut, I&#39;m so happy",0
TNX,4C7xGubTL90,2022-05-17T11:27:40Z,@iaddrianaaa,I LOVEEEE THE DEBUTTT SONGGG!!!,0
TNX,4C7xGubTL90,2022-05-17T11:27:37Z,@me-qq4jr,lolll,0
TNX,4C7xGubTL90,2022-05-17T11:27:30Z,@jane4vlogs,I Love it!!,0
TNX,4C7xGubTL90,2022-05-17T11:27:27Z,@youniz5271,БОЖЕ ВАУ КАК ЭТО ПРЕКРАСНО 😻🔥🔥,0
TNX,4C7xGubTL90,2022-05-17T11:27:24Z,@mongmong3151,Temazo. Por mi usuario ya saben que estilo de música me gusta . Y esto es total mi estiló,2
TNX,4C7xGubTL90,2022-05-17T11:27:22Z,@kanayanurilyasa8861,I&#39;m crying rn. Miss them so much. Now I could see them debut and show this masterpice to worldㅠㅠ,27
TNX,4C7xGubTL90,2022-05-17T11:27:19Z,@buu__ymk,デビューおめでとう！！この日を待ってたよ！ウンフィダンス上手くなりすぎて泣けた<br>みんなかっこよすぎる👏,9
TNX,4C7xGubTL90,2022-05-17T11:27:18Z,@daisynicole7843,WHAT A HELL OF A DEBUT!! They are so amazing!!!!,1
TNX,4C7xGubTL90,2022-05-17T11:27:09Z,@jxlmn8626,Why is no one talking about Hyunsoo here in the comment section?!?! He did so great here ma&#39;am and sir!!!,55
TNX,4C7xGubTL90,2022-05-17T11:27:04Z,@deee1189,Congrats on ur debut❤️,1
TNX,4C7xGubTL90,2022-05-17T11:26:56Z,@me-qq4jr,wwttttffffff,0
TNX,4C7xGubTL90,2022-05-17T11:26:50Z,@me-qq4jr,wwwoowwww,1
TNX,4C7xGubTL90,2022-05-17T11:26:45Z,@deevii9611,Sukaaa bgtttt😍,1
TNX,4C7xGubTL90,2022-05-17T11:26:44Z,@toey_ty9951,หล่ออะไรขนาดนี้เนี่ยยยยยย โดนตกเต็มๆ❤👑,2
TNX,4C7xGubTL90,2022-05-17T11:26:36Z,@BEELALA,The standard for a rookies!!,0
TNX,4C7xGubTL90,2022-05-17T11:26:32Z,@delilahdd,YOU WILL DOMINATE,2
TNX,4C7xGubTL90,2022-05-17T11:26:25Z,@mommabearstayskz4547,❤️‍🔥❤️‍🔥❤️‍🔥❤️‍🔥❤️‍🔥❤️‍🔥❤️‍🔥❤️‍🔥❤️‍🔥❤️‍🔥❤️‍🔥❤️‍🔥❤️‍🔥❤️‍🔥❤️‍🔥❤️‍🔥❤️‍🔥❤️‍🔥❤️‍🔥❤️‍🔥❤️‍🔥❤️‍🔥❤️‍🔥❤️‍🔥❤️‍🔥❤️‍🔥❤️‍🔥❤️‍🔥 Absolutely fantastic MV!  The song is a BOP &amp; a half!! So proud of you boys!! Congratulations on your debut!!! This album is AMAZING!! 🎉🎊🎉🎊🎉🎊🎉🎊🎉🎊🎉🎊🎉🎊,1
TNX,4C7xGubTL90,2022-05-17T11:26:24Z,@annikaahlstrom8946,DAMN.,0
TNX,4C7xGubTL90,2022-05-17T11:26:22Z,@chukwufumnanyanwaodor6058,The more I listen to it the more I fall in love with the song.,1
TNX,4C7xGubTL90,2022-05-17T11:26:14Z,@constanzaalvarez6071,"TEMAZOOOOO, LOS AMOOOO",0
TNX,4C7xGubTL90,2022-05-17T11:26:11Z,@sh.korkesh7740,❤❤❤❤,0
TNX,4C7xGubTL90,2022-05-17T11:26:05Z,@yejiii5822,eunhwi&#39;s rap skill is very lit!,1
TNX,4C7xGubTL90,2022-05-17T11:26:04Z,@harisenin2023,Suka,0
TNX,4C7xGubTL90,2022-05-17T11:26:02Z,@elleiah811,I think I found another group to stan. Wonder what their fandom name is. 😊😊,0
TNX,4C7xGubTL90,2022-05-17T11:25:56Z,@幸子大塚-q4j,今の、世論に意見しているようで、Niceです❤️頑張って下さい。,1
TNX,4C7xGubTL90,2022-05-17T11:25:55Z,@mrdeejayxxu_u8,45k likes but only 20+k vi3wsss???,2
TNX,4C7xGubTL90,2022-05-17T11:25:47Z,@melaniaraujo4571,STAN STAN,0
TNX,4C7xGubTL90,2022-05-17T11:25:43Z,@sumaun374,So prouddddddddd!!!!!!!,1
TNX,4C7xGubTL90,2022-05-17T11:25:42Z,@domonicdarrell7825,"Wow am a permanent stan. Very good lyrics,  beat is unique,  rap line is superb,  vocalist outstanding..",2
TNX,4C7xGubTL90,2022-05-17T11:25:39Z,@richdgo,THE LONG WAIT IS OVER! SO PROUD OF YOU BOYS. THIS IS IT &amp; KEEP WAYING UP!!!!! ❤️‍🔥❤️‍🔥❤️‍🔥,0
TNX,4C7xGubTL90,2022-05-17T11:25:33Z,@theharlowgirl9372,"Hello PNATION or PSY, can we get English Version too so i can play it in my family car because they banned me listen to kpop in the car.. yes poor me",0
TNX,4C7xGubTL90,2022-05-17T11:25:28Z,@geane.marques,"honestly the song is so generic, wasn&#39;t it for me, but I hope the boys gain popularity since this is the sound that is trendy right now",0
TNX,4C7xGubTL90,2022-05-17T11:25:26Z,@eldersnews1467,I am addicted to that move move line🥰🥰,0
TNX,4C7xGubTL90,2022-05-17T11:25:19Z,@soft8463,"Woww im so proud of themmm.The song is so catchyyy and excelent!<br>Everyone,Plz stream this mv~~i have a rly slow internet connection but ill try my best to stream!fighting everyone!!",7
TNX,4C7xGubTL90,2022-05-17T11:25:11Z,@ap4020,I&#39;m really looking forward to this,0
TNX,4C7xGubTL90,2022-05-17T11:25:10Z,@bikihbikutehh9544,Im so happy and proud they finally debuted but at the same time a little sad no Koki T.T,1
TNX,4C7xGubTL90,2022-05-17T11:25:06Z,@dk_indepndent_9377,Ці хлопці стануть надзвичайно успішними. Це був дуже сильний дебют.,1
TNX,4C7xGubTL90,2022-05-17T11:25:00Z,@arthurhamada9529,ily,0
TNX,4C7xGubTL90,2022-05-17T11:24:55Z,@kissme975,The Best debut ever ❤️❤️❤️❤️❤️,0
TNX,4C7xGubTL90,2022-05-17T11:24:54Z,@nepaard8864,I love you,0
TNX,4C7xGubTL90,2022-05-17T11:24:49Z,@zeeyeah1162,ooo,0
TNX,4C7xGubTL90,2022-05-17T11:24:49Z,@jane4vlogs,Guys.. be proud we are the first ones stan them;),1
TNX,4C7xGubTL90,2022-05-17T11:24:48Z,@meowooonie,Congratulations on your debut! I am very proud and happy to see you! I will always support you!,1
TNX,4C7xGubTL90,2022-05-17T11:24:48Z,@arthurhamada9529,keep str34minq,0
TNX,4C7xGubTL90,2022-05-17T11:24:47Z,@nepaard8864,Sayang kalian semua,0
TNX,4C7xGubTL90,2022-05-17T11:24:47Z,@eldersnews1467,Vocals from heaven.......amazing guys u all deserve so much love and attention.......congratulations for debut......❣💫💖,0
TNX,4C7xGubTL90,2022-05-17T11:24:38Z,@mohadese1778,So happy for them,0
TNX,4C7xGubTL90,2022-05-17T11:24:36Z,@queenlove2535,And that&#39;s how kings debutes,0
TNX,4C7xGubTL90,2022-05-17T11:24:35Z,@hyun0223,"WoW me mori , esto es tan pero tan genial , todo las voces son muy buenas el rap estuvo genial y la canción es arteeeee",1
TNX,4C7xGubTL90,2022-05-17T11:24:31Z,@nepaard8864,Ayang,0
TNX,4C7xGubTL90,2022-05-17T11:24:30Z,@sharicabanania1824,AAAAA I AM SO EXCITED FOR THIS!! GOOD JOB BOYS&lt;33,0
TNX,4C7xGubTL90,2022-05-17T11:24:29Z,@delilahdd,YESSS BOYSSS,0
TNX,4C7xGubTL90,2022-05-17T11:24:26Z,@181_apriliapratiwikirani6,"Bangga banget sama hwi, yg bsa mnyesuaikan 💗",1
TNX,4C7xGubTL90,2022-05-17T11:24:15Z,@only9938,"I have been watching them since LOUD and I am really happy to see them debuted. You guys made it TNX! Eunhwi rapped really well. Everyone did well, just I think they need to work on their lipsyncs to make it more synchronised with the song.",0
TNX,4C7xGubTL90,2022-05-17T11:24:08Z,@181_apriliapratiwikirani6,Salah satu lagu dbut bg terkeren mnurutku stelah ateez pirate king,1
TNX,4C7xGubTL90,2022-05-17T11:23:55Z,@yuneyune927,All Perfect,0
TNX,4C7xGubTL90,2022-05-17T11:23:49Z,@aera710,Ayo semangat streaming😿🔥,0
TNX,4C7xGubTL90,2022-05-17T11:23:43Z,@ap4020,OMG,0
TNX,4C7xGubTL90,2022-05-17T11:23:39Z,@kayleysmithmusic8914,Issa bop,0
TNX,4C7xGubTL90,2022-05-17T11:23:35Z,@nnajihah6330,"They slayed!! This is such an amazing song. The rap, dance, energy is amazing !!",12
TNX,4C7xGubTL90,2022-05-17T11:23:35Z,@181_apriliapratiwikirani6,DAEBAK KERENNN SKALIIII,0
TNX,4C7xGubTL90,2022-05-17T11:23:32Z,@foowsiyoxasan1925,Proud of you guys🥺💙,1
TNX,4C7xGubTL90,2022-05-17T11:23:31Z,@minyoongi_1550,OMGG THIS SONG AHHH I LOVE IT AND THE VOICES AHHHHH,5
TNX,4C7xGubTL90,2022-05-17T11:23:30Z,@mannu5891,&quot;We pnation&quot; legendary omg,1
TNX,4C7xGubTL90,2022-05-17T11:23:18Z,@geane.marques,HWIII OH MY GOOOOOD,0
TNX,4C7xGubTL90,2022-05-17T11:23:16Z,@CLAUDIA80410,Waoww mis spequeños que talentosos animó tnx,0
TNX,4C7xGubTL90,2022-05-17T11:23:15Z,@niharikaaaa0310,OMG This song is on another level!!! Super Catchy too!! EVERYTHING IS PERFECT✨️,2
TNX,4C7xGubTL90,2022-05-17T11:23:14Z,@thxfortnx3186,Me infront of my parents: Everyone get out of my way-,1
TNX,4C7xGubTL90,2022-05-17T11:23:12Z,@johnnromerr1231,Thanks <br>PSY!!!,0
TNX,4C7xGubTL90,2022-05-17T11:23:00Z,@__GRE,cooool. congrats!!! 🥳🥳,0
TNX,4C7xGubTL90,2022-05-17T11:22:58Z,@annisaak5302,Everybody lets get started......,0
TNX,4C7xGubTL90,2022-05-17T11:22:54Z,@a_s_h_l_e_a,I&#39;m crazy obsessed with this😍😍😍,0
TNX,4C7xGubTL90,2022-05-17T11:22:50Z,@eunhwiesss,Hip hop boy group 🔥🔥,0
TNX,4C7xGubTL90,2022-05-17T11:22:34Z,@richdgo,CONGRATULATIONS FOR DEBUTING PBOYS!!! ❤️‍🔥❤️‍🔥❤️‍🔥,0
TNX,4C7xGubTL90,2022-05-17T11:22:24Z,@kaya4689,&gt;_&lt;,0
TNX,4C7xGubTL90,2022-05-17T11:22:22Z,@МнРо,Спасибо за видео 👍🐼☺️☺️😍🥰😘😘💛,1
TNX,4C7xGubTL90,2022-05-17T11:22:17Z,@ann-bb9im,I&#39;m so proud of them&lt;3,0
TNX,4C7xGubTL90,2022-05-17T11:22:12Z,@이민영-w5e,드디어🙊❣️,0
TNX,4C7xGubTL90,2022-05-17T11:22:10Z,@tharapornheebthong3283,ดีมาก 🥰 ชอบมากๆ ❤️ และที่สำคัญ หล่อมาก!!!!,0
TNX,4C7xGubTL90,2022-05-17T11:22:00Z,@dee-chan1.034,🔥🔥🔥🔥❤❤❤❤,0
TNX,4C7xGubTL90,2022-05-17T11:21:57Z,@AnoYasin-jc2bi,Bye the views are frozen like look at the like and the views youtube are u drunk,0
TNX,4C7xGubTL90,2022-05-17T11:21:55Z,@Justi_ne,THE SONG IS SOOO GOOOD,0
TNX,4C7xGubTL90,2022-05-17T11:21:38Z,@arianaledesma5177,I don&#39;t know their names yet...<br>But I know It won&#39;t take me that long.<br>I&#39;m  flabbergasted 😳🔥😳🔥😳,0
TNX,4C7xGubTL90,2022-05-17T11:21:32Z,@KpopStan2009,"Congrats to your debut, it sounds great! 💙💙💙",0
TNX,4C7xGubTL90,2022-05-17T11:21:18Z,@afazautocolour,Noice &lt;3,1
TNX,4C7xGubTL90,2022-05-17T11:21:16Z,@ehinon,hwis dancing has improved so much wow,0
TNX,4C7xGubTL90,2022-05-17T11:21:11Z,@armyforlife8309,the views are still being counted dont worry and keep streaming!,0
TNX,4C7xGubTL90,2022-05-17T11:21:02Z,@sssssg3131,كلش يجنن يجننوو اصواتهم واشكالهم والرابب انا فخوره اني فان لهم,0
TNX,4C7xGubTL90,2022-05-17T11:21:01Z,@anjelicasoliz5810,Damn it!! Now I have another group to stan lol but I&#39;m so happy,0
TNX,4C7xGubTL90,2022-05-17T11:20:52Z,@marijoshnava7080,oh my god i love this,1
TNX,4C7xGubTL90,2022-05-17T11:20:48Z,@anaGarcia-dn8nw,Mi gusto su paso antes de laaaa,0
TNX,4C7xGubTL90,2022-05-17T11:20:44Z,@newjeans3483,"The vi3ws is now working, let&#39;s go stre@ming everyone&#39;s",0
TNX,4C7xGubTL90,2022-05-17T11:20:38Z,@adeskurnia,it&#39;s so perfect like a complete package,0
TNX,4C7xGubTL90,2022-05-17T11:20:37Z,@janaqtt,What a masterpiece!!!!,0
TNX,4C7xGubTL90,2022-05-17T11:20:30Z,@bangchan2168,Let&#39;ssssss gooooooo,0
TNX,4C7xGubTL90,2022-05-17T11:20:28Z,@alexxx1043,Stan TNX for clear skin,2
TNX,4C7xGubTL90,2022-05-17T11:20:19Z,@bangchan2168,My boyyyyssssss,0
TNX,4C7xGubTL90,2022-05-17T11:20:18Z,@lataralah,Looking forward to this group. Congrats to TNX. I have been following you since Feb. And congrats to P Nation for having their first ever boy group to finally debut. Wishing them all the best on their debut.❤️❤️❤️,0
TNX,4C7xGubTL90,2022-05-17T11:20:16Z,@asterdandelion,"I&#39;m very proud of TNX, I hope you guys become a big and famous boy group!!",5
TNX,4C7xGubTL90,2022-05-17T11:20:14Z,@rhmwt_0,대박🔥🔥,0
TNX,4C7xGubTL90,2022-05-17T11:20:09Z,@yoopir2894,"Wawwww debuttt selamat🎉🥳🥳👏, semangat teruss beb",0
TNX,4C7xGubTL90,2022-05-17T11:20:07Z,@ainaudrey,LET&#39;s STREAM for TNX,1
TNX,4C7xGubTL90,2022-05-17T11:19:59Z,@anyeonhaseyouwu3611,"AAAAAAA OMG LOS AMO TANTO, TODO ESTA INCREÍBLE",0
TNX,4C7xGubTL90,2022-05-17T11:19:57Z,@minyoongi_1550,OMG I LOVE IT,0
TNX,4C7xGubTL90,2022-05-17T11:19:55Z,@deaa9398,"It&#39;s like psy&#39;s song style, it&#39;s legit",0
TNX,4C7xGubTL90,2022-05-17T11:19:54Z,@alexxx1043,TAEHUN<br>KYEONGJUN<br>HYUNSOO<br>JUNHYEOK <br>EUNHWI<br>SUNGJUN<br><br>KOOKI,1
TNX,4C7xGubTL90,2022-05-17T11:19:52Z,@juliakim1-t2n,Woo kyung jun TT Justin woo,0
TNX,4C7xGubTL90,2022-05-17T11:19:39Z,@queenlove2535,"Slaying from debute, wish them success",0
TNX,4C7xGubTL90,2022-05-17T11:19:32Z,@dikshazelnut,This is such a bop wtf,0
TNX,4C7xGubTL90,2022-05-17T11:19:30Z,@futureperfect9858,بيلاتيرز احبكم 😭🫶💞,1
TNX,4C7xGubTL90,2022-05-17T11:19:30Z,@ericcascorner,I LOVE TNX😃,0
TNX,4C7xGubTL90,2022-05-17T11:19:29Z,@breannaclaireetang4741,kyungjun are you real,0
TNX,4C7xGubTL90,2022-05-17T11:19:14Z,@dohahabib2165,Woww😍🔥🔥🔥Amazing🔥❤❤❤,0
TNX,4C7xGubTL90,2022-05-17T11:19:09Z,@181_apriliapratiwikirani6,Finally,0
TNX,4C7xGubTL90,2022-05-17T11:19:08Z,@meowooonie,JUNHYEOKK,0
TNX,4C7xGubTL90,2022-05-17T11:19:08Z,@anaGarcia-dn8nw,Nuevo grupo mucho éxito ✨,0
TNX,4C7xGubTL90,2022-05-17T11:19:06Z,@nia4487,THE SONG SLAPS,0
TNX,4C7xGubTL90,2022-05-17T11:19:04Z,@181_apriliapratiwikirani6,Wahhhhhhhhhhhhhh,0
TNX,4C7xGubTL90,2022-05-17T11:19:03Z,@meowooonie,TAEHUNNN,0
TNX,4C7xGubTL90,2022-05-17T11:19:02Z,@acer5528,so proud of you boys. The song is really great and also the choreo is good too.,0
TNX,4C7xGubTL90,2022-05-17T11:19:00Z,@sadnothing7145,حبيت الرقصة والأغنية رهيبة😭😭🖤🖤🖤🖤,1
TNX,4C7xGubTL90,2022-05-17T11:19:00Z,@isarossi374,I&#39;M SO PROUD OF YOU GUYS,0
TNX,4C7xGubTL90,2022-05-17T11:19:00Z,@breannaclaireetang4741,Pnation&#39;s first boy group lezz goww,0
TNX,4C7xGubTL90,2022-05-17T11:18:59Z,@parmidamousavi9552,congrats to PSY to having this talneted guys as his first group,0
TNX,4C7xGubTL90,2022-05-17T11:18:56Z,@underthesameskyy,"they&#39;re finally hereeee! congratulations on debuting, tnx!",1
TNX,4C7xGubTL90,2022-05-17T11:18:55Z,@meowooonie,SUNGJUNN,0
TNX,4C7xGubTL90,2022-05-17T11:18:50Z,@meowooonie,KYUNGJUNNN,0
TNX,4C7xGubTL90,2022-05-17T11:18:46Z,@innah_,그들은 매우 재능이 있습니다 그들은 최고가 될 것입니다 내 말을 표시합니다 당신은 그들이 칠 것입니다 그리고 이 노래는 걸작입니다,0
TNX,4C7xGubTL90,2022-05-17T11:18:44Z,@anaGarcia-dn8nw,"Yo aquí a las <a href=""https://www.youtube.com/watch?v=4C7xGubTL90&amp;t=378"">6:18</a>",0
TNX,4C7xGubTL90,2022-05-17T11:18:38Z,@meowooonie,EUNHWIIIIII,0
TNX,4C7xGubTL90,2022-05-17T11:18:33Z,@bihass-hoe,OH SUNGJUN SO TRUEEE,1
TNX,4C7xGubTL90,2022-05-17T11:18:33Z,@meowooonie,HYUNSOOOOO,0
TNX,4C7xGubTL90,2022-05-17T11:18:31Z,@maryirishdato5724,Congrats guys!!!,0
TNX,4C7xGubTL90,2022-05-17T11:18:28Z,@meowooonie,YEAHHHHH TNX,0
TNX,4C7xGubTL90,2022-05-17T11:18:22Z,@jfarodalwausin7045,They will dominate kpop one day,1
TNX,4C7xGubTL90,2022-05-17T11:18:22Z,@parmidamousavi9552,everything was on point <br>rap<br>vocal<br>visual<br>mv<br>song<br>high nots<br><br>everything was just perfectttttt,0
TNX,4C7xGubTL90,2022-05-17T11:18:20Z,@ashkururugiyuya1556,What an iconic debut 🔥 Pnation never disapoint 👏,0
TNX,4C7xGubTL90,2022-05-17T11:18:10Z,@sude9736,WE P NATION <br>BOYS BE LOUD,0
TNX,4C7xGubTL90,2022-05-17T11:18:05Z,@cutemonth6008,wow,0
TNX,4C7xGubTL90,2022-05-17T11:18:04Z,@shaztmira,the song is a literally masterpiece💅,0
TNX,4C7xGubTL90,2022-05-17T11:18:02Z,@reellvfx,Beautiful 🤯🤯,0
TNX,4C7xGubTL90,2022-05-17T11:18:02Z,@breannaclaireetang4741,they finally debuted what a happy day,0
TNX,4C7xGubTL90,2022-05-17T11:18:00Z,@luvysbts2548,INCREDIBLE !!!!!,0
TNX,4C7xGubTL90,2022-05-17T11:18:00Z,@dearhyuck2578,BRO HWI AND KYUNGJUN&#39;S RAP SKKSKSLDKWLEKLWKLWWKEK BRO IVE BEEN WAITING SINCE LIKR EVER SINCE LOUD STARTED,0
TNX,4C7xGubTL90,2022-05-17T11:17:56Z,@renrabhmusic,"Everything Is Just soooooo good 😍<br>from Vocals To Beat, from Visuals to camera movements. This Group is my new Favorite on my list 💜💜💜",0
TNX,4C7xGubTL90,2022-05-17T11:17:51Z,@byulshinning,"This sounds like a comeback, no like their debut",0
TNX,4C7xGubTL90,2022-05-17T11:17:47Z,@rosirodriguez2271,Hace tanto que no me gustaba la cancion debut<br>Hasta ahora,0
TNX,4C7xGubTL90,2022-05-17T11:17:46Z,@imhere1344,FINALLY MY LIL BROSS,0
TNX,4C7xGubTL90,2022-05-17T11:17:45Z,@breannaclaireetang4741,this is LIT,0
TNX,4C7xGubTL90,2022-05-17T11:17:43Z,@reellvfx,Ohhhhh 🤯🤯🤯🤯🤯,0
TNX,4C7xGubTL90,2022-05-17T11:17:39Z,@taliaramlagan4708,new ringtone loading 🔊,0
TNX,4C7xGubTL90,2022-05-17T11:17:38Z,@valeriaquinonez8861,Wujuuuuu,0
TNX,4C7xGubTL90,2022-05-17T11:17:35Z,@rii7e904,CONGRATULATIONS ON YOUR DEBUT BB TNX. I&#39;M SO HAPPY TO SEE FROM THE START UNTIL NOW. SO PROUD OF MY BABY.,0
TNX,4C7xGubTL90,2022-05-17T11:17:35Z,@parmidamousavi9552,im so proud of you guys <br>go and burn the industry,0
TNX,4C7xGubTL90,2022-05-17T11:17:32Z,@alexxx1043,I&#39;m soooo proud of themmm,1
TNX,4C7xGubTL90,2022-05-17T11:17:18Z,@tulabingynah8171,AAAAAAAA THIS IS SO GOOD 😭😭😭 PLOUD BOYS NEVER DISAPPOINT 😭😭😭,0
TNX,4C7xGubTL90,2022-05-17T11:17:17Z,@mana_3497,"The song is really good, and they did so well!! It&#39;s very catchy.<br><br>Pd: the dance is insane!",3
TNX,4C7xGubTL90,2022-05-17T11:17:13Z,@septriwantisiahaan2722,Huaaa akhirnya😭❣🤍,0
TNX,4C7xGubTL90,2022-05-17T11:17:13Z,@parmidamousavi9552,pikara pikara my sons are hereeeee,0
TNX,4C7xGubTL90,2022-05-17T11:17:07Z,@tenzin4039,Looking forward,0
TNX,4C7xGubTL90,2022-05-17T11:17:02Z,@futureperfect9858,My boys finalyyy 😭😭🫶🫶,1
TNX,4C7xGubTL90,2022-05-17T11:17:00Z,@kunzangaroha543,May they grow a lot in the future. They&#39;ve a bright future. Talented 6 princes. Bless them. Congratulations on the comeback.,0
TNX,4C7xGubTL90,2022-05-17T11:16:59Z,@elleisamultifan,OH MY GODDDDD!! THE WAIT IS DEFINITELY WORTH IT!! GOOD LUCK AND LET&#39;S GO WAY UP TNX!!,0
TNX,4C7xGubTL90,2022-05-17T11:16:57Z,@parmidamousavi9552,im gonna cryyyyy they are so good omg,0
TNX,4C7xGubTL90,2022-05-17T11:16:47Z,@antoniadi7794,God 😀very god song,0
TNX,4C7xGubTL90,2022-05-17T11:16:46Z,@finnahaujanirsta7873,Congrats TNX....this is a good debut. Song is good,0
TNX,4C7xGubTL90,2022-05-17T11:16:40Z,@llorlvt2771,Okay so YouTube freezes the views right 🥲,2
TNX,4C7xGubTL90,2022-05-17T11:16:35Z,@silas_saga,this is fucking awesome ! great job ! it’s a rlly good song and y’all did amazing,0
TNX,4C7xGubTL90,2022-05-17T11:16:32Z,@richelyncatalvas2232,is this the official mv?,0
TNX,4C7xGubTL90,2022-05-17T11:16:30Z,@rii7e904,OMYGOD. EUNWHI,0
TNX,4C7xGubTL90,2022-05-17T11:16:30Z,@priyarajendran7467,awesome ... loved it,0
TNX,4C7xGubTL90,2022-05-17T11:16:15Z,@elif-pl6dx,I LOVE IT!!!,0
TNX,4C7xGubTL90,2022-05-17T11:16:15Z,@cathsadlife,omgggg this is soooo good,0
TNX,4C7xGubTL90,2022-05-17T11:16:03Z,@bingsunoo3371,"Love It!, Reminds me of old EXO days😭",0
TNX,4C7xGubTL90,2022-05-17T11:16:02Z,@merli5986,Amamos best debut,0
TNX,4C7xGubTL90,2022-05-17T11:15:58Z,@safrnrh_,🥺❣️💐🙆‍♀,0
TNX,4C7xGubTL90,2022-05-17T11:15:48Z,@saya_talgatkyzy1456,Оу күшті💌💓💓,0
TNX,4C7xGubTL90,2022-05-17T11:15:48Z,@nrinaaa4456,"와~ 정말 설렌다, 드디어 💯💥❤",0
TNX,4C7xGubTL90,2022-05-17T11:15:39Z,@니니-z6z,what&#39;s wrong with the numbers of likes with numbers of views? Youtube is something wrong?,1
TNX,4C7xGubTL90,2022-05-17T11:15:37Z,@scoobydooclaw7940,I know they will become more famous in the future go go boyssss,0
TNX,4C7xGubTL90,2022-05-17T11:15:35Z,@beangelessergianacorearoch7435,"i waiting for this, congratulations its a great song, i love it, the dance, the beat omg is amazing",2
TNX,4C7xGubTL90,2022-05-17T11:15:34Z,@gabi_js3673,Crazy debut 🔥🔥,0
TNX,4C7xGubTL90,2022-05-17T11:15:31Z,@strawberry-cs2oj,"Can&#39;t believe they&#39;re debut now!! Y&#39;all deserve this guyss,",0
TNX,4C7xGubTL90,2022-05-17T11:15:30Z,@sssssg3131,omgg I&#39;ve been waiting for this so long I really loved it,1
TNX,4C7xGubTL90,2022-05-17T11:15:21Z,@Theoneandonlybish,This is actually so fu2king goooooddddd,1
TNX,4C7xGubTL90,2022-05-17T11:15:20Z,@dino.nuggies2382,This is disgustingly good… I can’t get it out of my head bc I want it to stay in there lol,11
TNX,4C7xGubTL90,2022-05-17T11:15:17Z,@majogiraldoarboleda1818,They r so handsome,0
TNX,4C7xGubTL90,2022-05-17T11:15:08Z,@РукиятМагомедова-к6е,Welcome to the party 😂❤. Soo cool.,0
TNX,4C7xGubTL90,2022-05-17T11:15:05Z,@rewjiannyong,Luv hyunsoo &amp; Taehun,0
TNX,4C7xGubTL90,2022-05-17T11:14:50Z,@cha.chonne,Pecah,0
TNX,4C7xGubTL90,2022-05-17T11:14:39Z,@sangsangihmar4363,Congratulations boys. I&#39;m so proud you all🙆,0
TNX,4C7xGubTL90,2022-05-17T11:14:38Z,@JN_I8,เพลงปังมากแม่ ความปังรออยู่ ต้องปังขึ้นๆไปอีกแน่นอน 🇹🇭🇹🇭🇹🇭🇹🇭🇹🇭,1
TNX,4C7xGubTL90,2022-05-17T11:14:32Z,@kpoperskaren22,Hermoso divinos gracias gracias y Mucho éxito les deseo todo lo mejor me encantan 🥰🥰🥰😍😍😘😘‼️‼️‼️🇦🇷🇦🇷🇦🇷🇦🇷,0
TNX,4C7xGubTL90,2022-05-17T11:14:17Z,@Adovian_The_Planet,This is the best boy group debut...honestly EVER this why PNATION my fave label!,2
TNX,4C7xGubTL90,2022-05-17T11:14:11Z,@aedoaa902,GOING ON MY WAAAY,0
TNX,4C7xGubTL90,2022-05-17T11:14:08Z,@putriyanidewi6133,Uwuuuu,0
TNX,4C7xGubTL90,2022-05-17T11:13:54Z,@aedoaa902,IM NEVER FALLIINNGGG DOOWNNNN,0
TNX,4C7xGubTL90,2022-05-17T11:13:40Z,@faaaaaizah,WOHOOOOOO,0
TNX,4C7xGubTL90,2022-05-17T11:13:38Z,@latifasan8933,&quot;Kick It Back&quot; me encanta toda la canción!!!,13
TNX,4C7xGubTL90,2022-05-17T11:13:34Z,@bxby5754,SEMANGATTTT,0
TNX,4C7xGubTL90,2022-05-17T11:13:24Z,@ardimario594,TERKEREN,0
TNX,4C7xGubTL90,2022-05-17T11:13:21Z,@gidlequeen8572,Tnx best,0
TNX,4C7xGubTL90,2022-05-17T11:13:20Z,@ardimario594,BAGUS BANGET,0
TNX,4C7xGubTL90,2022-05-17T11:13:18Z,@soniamarthasalsabilla598,I&#39;M SO PROUD OF THEM OMG 😭✊,0
TNX,4C7xGubTL90,2022-05-17T11:13:18Z,@bxby5754,duh ngefreeze viewsnya yorobunn:(((,0
TNX,4C7xGubTL90,2022-05-17T11:13:12Z,@l.1020,So excited to see what PNation is going to do with their new group👏🏼👏🏼👏🏼,0
TNX,4C7xGubTL90,2022-05-17T11:13:11Z,@sozyarr_sherko,Aaaaa😍😍😍😍🥰💗💗💋❤️,0
TNX,4C7xGubTL90,2022-05-17T11:13:09Z,@felixiahenitakornelia3958,CONGRATS!!! I&#39;m so proud of you guys. The song is so catchy and perfect.,2
TNX,4C7xGubTL90,2022-05-17T11:13:08Z,@gidlequeen8572,Çok iyii,0
TNX,4C7xGubTL90,2022-05-17T11:13:05Z,@najmuna,that was actually so good whatt,0
TNX,4C7xGubTL90,2022-05-17T11:13:01Z,@rikawp7799,cakep cakep bgt woiiii mana lagunya enak,0
TNX,4C7xGubTL90,2022-05-17T11:13:00Z,@gidlequeen8572,Mukemmel,0
TNX,4C7xGubTL90,2022-05-17T11:12:56Z,@sozyarr_sherko,Omg,0
TNX,4C7xGubTL90,2022-05-17T11:12:51Z,@gianggiya4640,Im so proud of them! THEIR DEBUT IS SOOOOOOOOOO GOOD *cry,2
TNX,4C7xGubTL90,2022-05-17T11:12:51Z,@fireflytwnkle,I CANT BELIEVE I&#39;M REALLY HERE ON TIME FOR THEIR DEBUT😭🤩,0
TNX,4C7xGubTL90,2022-05-17T11:12:33Z,@nawreinnhkum317,love it,0
TNX,4C7xGubTL90,2022-05-17T11:12:32Z,@avenita5233,OMG!!! Arteeeee!!! :D se que tendrán mucho éxito.,1
TNX,4C7xGubTL90,2022-05-17T11:12:30Z,@yaaawwwnnn2401,This is just not good for my heart 😭❤️,0
TNX,4C7xGubTL90,2022-05-17T11:12:29Z,@ToonRoast26,So proud ❤️,0
TNX,4C7xGubTL90,2022-05-17T11:12:28Z,@natashakyle1999,Im so proud of them 👏👏👏 they did so good 🥰🥰,0
TNX,4C7xGubTL90,2022-05-17T11:12:22Z,@giftdechimo7223,Finally ༼;´༎ຶ ۝ ༎ຶ༽,0
TNX,4C7xGubTL90,2022-05-17T11:12:13Z,@is-marys,"The visuals, hap, DANCE, vocals… everything is just so good and catchy!!",3
TNX,4C7xGubTL90,2022-05-17T11:12:04Z,@KZ-ko2ko,"I AM BEYOND PROUD! THIS IS AMAZING, THEY KILLED IT! CONGRATS TO TNX AND PNATION THIS IS JUST PURE FIREEEEE",0
TNX,4C7xGubTL90,2022-05-17T11:11:57Z,@aiseakbay888,Genel olarak şarkı güzeldi bence.,1
TNX,4C7xGubTL90,2022-05-17T11:11:52Z,@raniafathi9291,What The hell 😱😱,0
TNX,4C7xGubTL90,2022-05-17T11:11:48Z,@farahana1755,"I LIKE THIS SONG SO MUCH, OMG IT IS SO GOOD<br>THE INTRO AND THE HIGHNOTE ❤️‍🔥",0
TNX,4C7xGubTL90,2022-05-17T11:11:46Z,@widiwidyastutiwardani7901,AAAAAAA🥰🥰🥰🥺🥺🥺,0
TNX,4C7xGubTL90,2022-05-17T11:11:44Z,@aiseakbay888,Izlenme neden bu kadar düşük?,1
TNX,4C7xGubTL90,2022-05-17T11:11:42Z,@imgonnabethestar,비겨,0
TNX,4C7xGubTL90,2022-05-17T11:11:34Z,@lyarsyd4204,Satu kata &quot;GANTENG&quot;,0
TNX,4C7xGubTL90,2022-05-17T11:11:34Z,@no05.z,عندي احساس بيصيرو شي كبير بالمستقبل اتمنى لهم النجاااح اخخ الاغنيه تجننن ليز قوووو بويز,2
TNX,4C7xGubTL90,2022-05-17T11:11:34Z,@etherealgirl394,"Hey yall so talented, congrats!! Hugs from Spain!",0
TNX,4C7xGubTL90,2022-05-17T11:11:30Z,@dwihartati9944,Let&#39;s streamingggg!!!!!,0
TNX,4C7xGubTL90,2022-05-17T11:11:29Z,@mr.___.k0z730,🔥🔥GOLD🔥🔥,0
TNX,4C7xGubTL90,2022-05-17T11:11:24Z,@aedoaa902,I LOVE YOU,0
TNX,4C7xGubTL90,2022-05-17T11:11:19Z,@mihikarow1994,"Absolute fire on all fronts. The<br> choreography,visuals, overall they are talented and awesome. THIS is how y&#39;all debut!",58
TNX,4C7xGubTL90,2022-05-17T11:11:19Z,@maedehradkt6500,That was Good . Fighting,0
TNX,4C7xGubTL90,2022-05-17T11:11:17Z,@АнараАбдырахманова-д9д,"Мне очень понравился их дэбют, особенно би-сайды классные",0
TNX,4C7xGubTL90,2022-05-17T11:11:08Z,@gabiellen3383,Perfeição 😍😍😍😍🇧🇷🇧🇷🇧🇷🤩🤩🤩,0
TNX,4C7xGubTL90,2022-05-17T11:11:01Z,@thinzarmoe6104,ငါ့ကလေးတေ မတရားတော်တာဟေး,0
TNX,4C7xGubTL90,2022-05-17T11:11:00Z,@ferielfifi8880,Wowwwww honestly,1
TNX,4C7xGubTL90,2022-05-17T11:10:57Z,@ardianamakin,💕,0
TNX,4C7xGubTL90,2022-05-17T11:10:55Z,@pauline1092,"I was ready for them to debut but I wasn&#39;t expected that, this is awesome, congrats boys",2
TNX,4C7xGubTL90,2022-05-17T11:10:54Z,@yaaawwwnnn2401,I guess I gotta move now arghhhaaaa 🤌🏻🔥🔥🔥,0
TNX,4C7xGubTL90,2022-05-17T11:10:53Z,@sernewchannel6004,support TNX always  !!!,0
TNX,4C7xGubTL90,2022-05-17T11:10:53Z,@deborahbb5439,This song is so gooddddddd!!! Keep going guys n congrats for the debut!!,0
TNX,4C7xGubTL90,2022-05-17T11:10:49Z,@sabrinarafaelinapolanco7957,Congrats guys!!,1
TNX,4C7xGubTL90,2022-05-17T11:10:35Z,@Augusten8,I likee thaat,0
TNX,4C7xGubTL90,2022-05-17T11:10:22Z,@no05.z,اخخخ يجنننوووو,0
TNX,4C7xGubTL90,2022-05-17T11:10:11Z,@imgonnabethestar,fightingggggggggggf,0
TNX,4C7xGubTL90,2022-05-17T11:10:00Z,@misa8764,👏👏,0
TNX,4C7xGubTL90,2022-05-17T11:09:58Z,@habibah1409,Keren 😍✨,0
TNX,4C7xGubTL90,2022-05-17T11:09:57Z,@sweetfever,ini ngefreeze kah,0
TNX,4C7xGubTL90,2022-05-17T11:09:53Z,@assafieyahkamarudin8254,Hebak hebak semua mantol belako🥲❤️,0
TNX,4C7xGubTL90,2022-05-17T11:09:47Z,@kmjhv8028,I’m not a fan but I’m here to support. The song is very gooood !!! All of them is attractive. I’m a Treasure Maker.,0
TNX,4C7xGubTL90,2022-05-17T11:09:45Z,@user-nt8pp4hx4q,They are really really talented.<br>I&#39;m amazed,2
TNX,4C7xGubTL90,2022-05-17T11:09:37Z,@m.meowkong,Youtube​ recommend this song on my feed. Thanks~<br>This song is so catchy.,1
TNX,4C7xGubTL90,2022-05-17T11:09:33Z,@ghinaratufauziah2134,suka banget sama mv nya😭😭,1
TNX,4C7xGubTL90,2022-05-17T11:09:30Z,@HemaLatha-vp3ne,Damn damn damnnn,1
TNX,4C7xGubTL90,2022-05-17T11:09:22Z,@biancafracaro6842,EU AMEI,1
TNX,4C7xGubTL90,2022-05-17T11:09:21Z,@raudah4299,The song is so amazing!!,1
TNX,4C7xGubTL90,2022-05-17T11:09:14Z,@inesines4777,I love it !!!!,1
TNX,4C7xGubTL90,2022-05-17T11:09:13Z,@Ropyydm,Omg that&#39;s so amazing🥺❤❤❤❤,1
TNX,4C7xGubTL90,2022-05-17T11:09:06Z,@najmuna,woahhh,1
TNX,4C7xGubTL90,2022-05-17T11:08:51Z,@aras_mjzr9,Dangg yesss!!!!!,1
TNX,4C7xGubTL90,2022-05-17T11:08:43Z,@iamenough9954,Woah! This group is strong!,2
TNX,4C7xGubTL90,2022-05-17T11:08:42Z,@adlihilfy5168,Not bad,1
TNX,4C7xGubTL90,2022-05-17T11:08:32Z,@mthld.a,They&#39;re so cool &lt;3,1
TNX,4C7xGubTL90,2022-05-17T11:08:31Z,@bbokari9500,"I&#39;m so happy, this debut was definitely fire. Taehun, Hwi, Sungjun, Hyunsoo, Kyungjun and Junhyeok have worked really hard for this, and we need to give them all the support we have!",75
TNX,4C7xGubTL90,2022-05-17T11:08:27Z,@hsjs-r1k,Im gonna stan these group,1
TNX,4C7xGubTL90,2022-05-17T11:08:26Z,@reun9669,I&#39;M SUOER PROUD OF THEM OMG FINALLY BOYS DEBUTED I HAVE BEEN THEIR FAN SINCE LOUD WISHING THEM LOTS OF GOOD LUCK IN THE FUTURE LOVE TGE DEBUT SONG!  THE RAP THE VOCALS EVERYTHING IS AMAZING YAAAA,0
TNX,4C7xGubTL90,2022-05-17T11:08:25Z,@Mev6,Oh Yassss. this was amazinggg. Hopefully they will be even better in the future. I do think that there facial expressions could have been a bit more tho but still i loved it and as their first mv i know they gonna give us more so I&#39;m excited for that!!!! I loved the rap tho and ahhh just so good. Keep going guys and good luck !!!!!!,0
TNX,4C7xGubTL90,2022-05-17T11:08:22Z,@bumblekoo,The rap part though was on fire,0
TNX,4C7xGubTL90,2022-05-17T11:08:19Z,@yazminmariela2933,Ameeee todo el mv la canción y el rap omg 🙈🙈🙈❤,1
TNX,4C7xGubTL90,2022-05-17T11:08:16Z,@mingi8170,I&#39;m so proud of these boys,0
TNX,4C7xGubTL90,2022-05-17T11:08:16Z,@alvitamarsandraputri1166,YOOO THIS IS SO COOL!!! Congrats for your debut boys!! &lt;33,0
TNX,4C7xGubTL90,2022-05-17T11:08:11Z,@luciaceperohernandez1219,OMG I&#39;M SO PROUD OF THEM &lt;3,2
TNX,4C7xGubTL90,2022-05-17T11:08:10Z,@nazaninizadpanah6681,Omg,0
TNX,4C7xGubTL90,2022-05-17T11:08:10Z,@pupu2060,yeah,0
TNX,4C7xGubTL90,2022-05-17T11:08:05Z,@nazaninizadpanah6681,🫶🏻🫶🏻🫶🏻🫶🏻,0
TNX,4C7xGubTL90,2022-05-17T11:08:05Z,@huscarmansr,I&#39;m waiting for this boysss🔥 &quot;make your dream move lourder&quot;,0
TNX,4C7xGubTL90,2022-05-17T11:07:59Z,@nazaninizadpanah6681,Omg,0
TNX,4C7xGubTL90,2022-05-17T11:07:41Z,@Ayezbp,"Me llamo la atención el cover que hicieron de ateez y ahora ando aquí viendo su debut, I liked",0
TNX,4C7xGubTL90,2022-05-17T11:07:40Z,@hongranghae3597,"teaser MV nya muncul terus di ads tiap buka youtube, jadi kepo liat versi full MV nya",2
TNX,4C7xGubTL90,2022-05-17T11:07:37Z,@gotibuprofen,"I was a bit disappointed with 180 seconds in the finale of LOUD, so I wasn&#39;t expenting much, but this SLAPS! I&#39;ve been waiting for their debut for so long and it&#39;s safe to say that I was NOT disappointed! Keep it up boys!",0
TNX,4C7xGubTL90,2022-05-17T11:07:35Z,@yellow_4for434,Aaarg tnx 😱💗,0
TNX,4C7xGubTL90,2022-05-17T11:07:32Z,@song4urself__,デビューおめでとう！！,0
TNX,4C7xGubTL90,2022-05-17T11:07:29Z,@allydiey3460,CONGRATS ON YOUR DEBUT GAESSSS😭,0
TNX,4C7xGubTL90,2022-05-17T11:07:27Z,@dior6103,What is our goal in 24hrs?,0
TNX,4C7xGubTL90,2022-05-17T11:07:13Z,@shaymaali863,مصصددددومه اهخخخخ رابر هوي مروره بحتغحزذ كل شييي جلوووو يكوتتتت,0
TNX,4C7xGubTL90,2022-05-17T11:07:08Z,@allydiey3460,SO PROUD 😭😭😭😭😭,0
TNX,4C7xGubTL90,2022-05-17T11:07:05Z,@nahalazizi1044,I&#39;m not crying🥺🥲🤍🤍🤍🤍🤍🤍🤍🤍🤍🇮🇷,0
TNX,4C7xGubTL90,2022-05-17T11:07:02Z,@Thechaotichic,"VISUAL, VOCAL, RAP, DANCE WHYY ARE THEY SOO GOOD AT EVERYTHINGGG",451
TNX,4C7xGubTL90,2022-05-17T11:07:02Z,@allhatersgotnojamsbye3987,BRAVO GUYS...SO IT&#39;S REALLY YOUR DEBUT SONG<br>WOW,0
TNX,4C7xGubTL90,2022-05-17T11:07:01Z,@ryalisstic,THIS IS SO NICE OMG,0
TNX,4C7xGubTL90,2022-05-17T11:07:01Z,@daryljohn5040,congrats loveeeee,0
TNX,4C7xGubTL90,2022-05-17T11:07:00Z,@oceanic_,"Proud of you, everything is perfect and your voices are more than wonderful.. I wish you success in your career. We will always be by your side 🥺❤️❤️",0
TNX,4C7xGubTL90,2022-05-17T11:06:54Z,@mily9198,"I&#39;m proud of you boys, I&#39;ll always be here supporting y&#39;all.",0
TNX,4C7xGubTL90,2022-05-17T11:06:51Z,@shaymaali863,عيالالل,0
TNX,4C7xGubTL90,2022-05-17T11:06:50Z,@JannKa,بيكوراا بيكيووو,0
TNX,4C7xGubTL90,2022-05-17T11:06:45Z,@juanaropero7940,Una buena canción debut . Felicidades 💐,1
TNX,4C7xGubTL90,2022-05-17T11:06:41Z,@eleonoracicalla5140,amazing,0
TNX,4C7xGubTL90,2022-05-17T11:06:31Z,@JannKa,junhyeok woww just wow,0
TNX,4C7xGubTL90,2022-05-17T11:06:25Z,@nahalazizi1044,They&#39;re voice...✨ It&#39;s perfect 🔥🔥🔥🔥🔥🔥🔥🔥,0
TNX,4C7xGubTL90,2022-05-17T11:06:22Z,@melinabellec9779,Super clip et belle chanson et belle ET super performance et chorégraphie ils dansent super bien j&#39;aime beaucoup leurs mouvements de danse,0
TNX,4C7xGubTL90,2022-05-17T11:06:19Z,@bright8270,Bop bop sucha bop,0
TNX,4C7xGubTL90,2022-05-17T11:06:19Z,@fangirlexoteez1201,"Honestly i&#39;m so addicted  to Taehyung &quot;Way Up, Way Up, Way Up&quot;  <br>But anyway everything is so perfect. Once again congrats to your debut boys",1
TNX,4C7xGubTL90,2022-05-17T11:06:18Z,@JannKa,I’m sooo proud,0
TNX,4C7xGubTL90,2022-05-17T11:06:16Z,@ryairnawati4466,So pround off themm 🥺🥺🥺🥺📸📸📸,1
TNX,4C7xGubTL90,2022-05-17T11:06:15Z,@lokitaagarwal5918,dudeeee.. everyone in p nation have a high level of swag and savageness which is fucking awesome.. TNX YOU ROCK!!!,1
TNX,4C7xGubTL90,2022-05-17T11:06:10Z,@alisyaumairah458,di dengar &#39; terus juga ngakk akan bosannn !!!,0
TNX,4C7xGubTL90,2022-05-17T11:06:09Z,@lips0712,呀仔，型。又一班乖仔。,0
TNX,4C7xGubTL90,2022-05-17T11:06:01Z,@cintaranayanika,I&#39;m interested to know them! Can someone guide me to the members?,0
TNX,4C7xGubTL90,2022-05-17T11:06:00Z,@marjoriebade5847,WHAT IN THE WORLDDDD!! emjeee this sound so good 😭🫶🏻🫶🏻🫶🏻,0
TNX,4C7xGubTL90,2022-05-17T11:05:57Z,@gustavexi8822,🔥🔥🔥🔥🔥🔥,0
TNX,4C7xGubTL90,2022-05-17T11:05:54Z,@fia2164,finally 😭,0
TNX,4C7xGubTL90,2022-05-17T11:05:54Z,@pijaam3842,why the no of view is so slow...no of liked is more than no of view??? why???,2
TNX,4C7xGubTL90,2022-05-17T11:05:46Z,@alisyaumairah458,canduuu bangett ya laguuu iniiii,0
TNX,4C7xGubTL90,2022-05-17T11:05:45Z,@kaiarch8879,Congratulationss 👏👏,0
TNX,4C7xGubTL90,2022-05-17T11:05:44Z,@vixxamnesia_aaaaa,"Everywhere You got it moving&#39; on, The next chapter, like whoa!!!!!!",1
TNX,4C7xGubTL90,2022-05-17T11:05:40Z,@diah_all3494,Bujang2 tampan 😭😭😍😍,0
TNX,4C7xGubTL90,2022-05-17T11:05:40Z,@irmayulia464,Oh my gooooood,0
TNX,4C7xGubTL90,2022-05-17T11:05:39Z,@JuleeKangPark,♥♥,0
TNX,4C7xGubTL90,2022-05-17T11:05:30Z,@alisyaumairah458,tnx emang terbaikkkk,0
TNX,4C7xGubTL90,2022-05-17T11:05:30Z,@chieerii,SO PROUD OF THEM&lt;3 THE SONGS CATCHY AS HELL,10
TNX,4C7xGubTL90,2022-05-17T11:05:26Z,@Sunnnwoozzz,GUYS JANGAN LUPA ATURAN2 STR34MING BIAR VI3WSNYA NGGAK STUCK😭🇮🇩,0
TNX,4C7xGubTL90,2022-05-17T11:05:23Z,@Thechaotichic,PNATION WE STAN,0
TNX,4C7xGubTL90,2022-05-17T11:05:21Z,@alisyaumairah458,bangga bangett sama kalian !!!!!,0
TNX,4C7xGubTL90,2022-05-17T11:05:19Z,@mysarahz,SLAYYY,0
TNX,4C7xGubTL90,2022-05-17T11:05:14Z,@gustavexi8822,👏👏👏👏👏,0
TNX,4C7xGubTL90,2022-05-17T11:05:12Z,@Thechaotichic,THE NEW BIG THING IN KPOP,0
TNX,4C7xGubTL90,2022-05-17T11:05:03Z,@pijaam3842,wow this is awesome and slay...good good good!!!,0
TNX,4C7xGubTL90,2022-05-17T11:05:00Z,@sxxxa1420,You gained a FAN. GREAT SONG !,0
TNX,4C7xGubTL90,2022-05-17T11:04:58Z,@hi-dle8440,I think Teahun is my bias,0
TNX,4C7xGubTL90,2022-05-17T11:04:52Z,@allhatersgotnojamsbye3987,Omg so that&#39;s the debut song??,0
TNX,4C7xGubTL90,2022-05-17T11:04:51Z,@aahinsty9714,"Congratulations on successful debut taehun,kyungjun,junhyeok,hyunsoo,sungjun <br>,hwi <br>Any plouders here??",1
TNX,4C7xGubTL90,2022-05-17T11:04:49Z,@juvileemarquita,otooookeeeee🤩,0
TNX,4C7xGubTL90,2022-05-17T11:04:49Z,@gaaneshkandasamy6112,Wuishh💥💥,0
TNX,4C7xGubTL90,2022-05-17T11:04:35Z,@Minaghzz,My feelings in 3 words:IM IN LOVE.,0
TNX,4C7xGubTL90,2022-05-17T11:04:35Z,@gama3202,Like 41k the the viewers only 8k?? YOUTUBE R U KIDDING ME?,2
TNX,4C7xGubTL90,2022-05-17T11:04:33Z,@nahalazizi1044,Legendary mv🤍🔥,0
TNX,4C7xGubTL90,2022-05-17T11:04:31Z,@jlov3y,CONGRATULATIONS TO ALL MEMBER ON YOUR DEBUTTTT 🫶🏻🫶🏻💞💞💕🫰🏻💞💖💗💓🥹🥹,0
TNX,4C7xGubTL90,2022-05-17T11:04:30Z,@nayxeon3892,DIOOOOOS ES DEMASIADO BUENA!!ESTOY SEGURA DE QUE LLEGARÁN LEJOS,0
TNX,4C7xGubTL90,2022-05-17T11:04:20Z,@anaaseran,Everybody get out of my way,0
TNX,4C7xGubTL90,2022-05-17T11:04:20Z,@yuna3592,THE BEAT IS HELLA INSANE,0
TNX,4C7xGubTL90,2022-05-17T11:04:19Z,@keyzi7631,WAHHH  I&#39;M SO PROUD OF YOU GUYS!!! YOU KILLED IT!!!! THIS SONG IS BEYOND AMAZING!!!! CONGRATS ON YOUR DEBUT!!!,4
TNX,4C7xGubTL90,2022-05-17T11:04:17Z,@shookysg3976,"HELLOOOOO WINA MY FRIEND~~ I&#39;VE WATCH THIS MV OKAAAY, GOOD GOOD",0
TNX,4C7xGubTL90,2022-05-17T11:04:17Z,@nahalazizi1044,Omg ....fighting tnx,0
TNX,4C7xGubTL90,2022-05-17T11:04:14Z,@rod6709,This song needs recognition this is so GOOD!!!,1
TNX,4C7xGubTL90,2022-05-17T11:04:06Z,@skyfie_3116,AAAA KETJEEEEH💗💗,0
TNX,4C7xGubTL90,2022-05-17T11:04:06Z,@Fara_AZZURA,"That&#39;s cool, huhu,,, cool<br>Handsome huwee",1
TNX,4C7xGubTL90,2022-05-17T11:04:05Z,@anaaseran,"Everybody, get out on my way",0
TNX,4C7xGubTL90,2022-05-17T11:04:04Z,@tiaraalr,GOO TNX GOOOOO!!!!!!!!!,0
TNX,4C7xGubTL90,2022-05-17T11:04:01Z,@jlov3y,YEAYYYYY 🫶🏻🫶🏻🫶🏻🫶🏻,0
TNX,4C7xGubTL90,2022-05-17T11:04:00Z,@nahalazizi1044,You are great🥲🤍🤍🤍🤍🤍,0
TNX,4C7xGubTL90,2022-05-17T11:03:58Z,@Thechaotichic,THE BEAT DROP IS SOOOOO GOOD....IM ADDICTED,0
TNX,4C7xGubTL90,2022-05-17T11:03:54Z,@micahhtteo,OMG MY SHY BOYYYYYYY,0
TNX,4C7xGubTL90,2022-05-17T11:03:54Z,@jeckestrada6398,love the song,0
TNX,4C7xGubTL90,2022-05-17T11:03:53Z,@arsfiy7991,FINALLYY,0
TNX,4C7xGubTL90,2022-05-17T11:03:51Z,@Atoki,Holy shiza!!!!!,0
TNX,4C7xGubTL90,2022-05-17T11:03:48Z,@salsabilapramudithaputri185,THIS SONG IS SO CATCHY!!,0
TNX,4C7xGubTL90,2022-05-17T11:03:43Z,@pillowislive.,💜🔥🎵,0
TNX,4C7xGubTL90,2022-05-17T11:03:42Z,@anaaseran,Let&#39;s go tnx,0
TNX,4C7xGubTL90,2022-05-17T11:03:41Z,@appleboy1501,THEY’RE SO COOL <br>IM GONNA STAN THEM🌟,9
TNX,4C7xGubTL90,2022-05-17T11:03:38Z,@allhatersgotnojamsbye3987,Wow these guys are so handsome,0
TNX,4C7xGubTL90,2022-05-17T11:03:36Z,@asridamaiyanti3758,Wow,0
TNX,4C7xGubTL90,2022-05-17T11:03:36Z,@AuntyWatanabe,Ka duh hlawm reuh lutuk😍🥰🥰,1
TNX,4C7xGubTL90,2022-05-17T11:03:35Z,@anaaseran,I&#39;m so proud of you eunhwi yaa,0
TNX,4C7xGubTL90,2022-05-17T11:03:32Z,@offciallyjw,first step of ROOKIE OF THE YEAR,0
TNX,4C7xGubTL90,2022-05-17T11:03:22Z,@Trinidad-f1q,AAAAAAHHHH DI KO NAABUTAN,0
TNX,4C7xGubTL90,2022-05-17T11:03:20Z,@offciallyjw,"AS A PRE-DEBUT STAN, I AM VERY PROUD OF YOUR TNX.",3
TNX,4C7xGubTL90,2022-05-17T11:03:10Z,@Mangidieo,🔥🔥,0
TNX,4C7xGubTL90,2022-05-17T11:03:08Z,@Moonn0813,Semangat terus buat kalian❤❤❤ sukses trs♡♡♡,0
TNX,4C7xGubTL90,2022-05-17T11:02:56Z,@isabellaalexandria692,PERFECT!!!!!!!!!!!!,0
TNX,4C7xGubTL90,2022-05-17T11:02:52Z,@allaboutbamlisa4791,There rappers are freaking good 🔥🔥🔥🔥,1
TNX,4C7xGubTL90,2022-05-17T11:02:50Z,@Sunnnwoozzz,Yang tadi nanya GC WA.... Ayo join!!!!😭😭😭,0
TNX,4C7xGubTL90,2022-05-17T11:02:35Z,@nayaoliveira896,"let&#39;s get it, boys!!!!",1
TNX,4C7xGubTL90,2022-05-17T11:02:35Z,@vickolaya,EL RAAAAAAAAP 😍😍😍,1
TNX,4C7xGubTL90,2022-05-17T11:02:32Z,@aseelAL11,Wowwwwww,1
TNX,4C7xGubTL90,2022-05-17T11:02:26Z,@nathankim2170,Honest thoughts:<br>It is boring. They need to add more spice on their songs. It is not good for a debut song.,1
TNX,4C7xGubTL90,2022-05-17T11:02:24Z,@camidamascena,JUST AMAZING I LOVED!!!!!!!,1
TNX,4C7xGubTL90,2022-05-17T11:02:23Z,@qkod7395,180초 for next mv?? orrr??? whattt??? aaaa cant waitt,1
TNX,4C7xGubTL90,2022-05-17T11:02:22Z,@allaboutbamlisa4791,WE P NATION 😭🔥🔥🔥🔥🔥🔥,1
TNX,4C7xGubTL90,2022-05-17T11:02:21Z,@norsyafiqaatiqa676,omg much love !! this song so catchy and i love it !! 😍❤️,1
TNX,4C7xGubTL90,2022-05-17T11:02:20Z,@norizzatiabdullah9122,WE LOVE YOU TNX,1
TNX,4C7xGubTL90,2022-05-17T11:02:19Z,@lalaland7663,No parece una canción de debut. Los felicito es realmente buena!!!,1
TNX,4C7xGubTL90,2022-05-17T11:02:15Z,@aliiiinaa,Достойный дебют😍😍😍🔥 мальчики молодцы!,1
TNX,4C7xGubTL90,2022-05-17T11:02:08Z,@NK-nn2yw,カッコいいにつきる‼️,0
TNX,4C7xGubTL90,2022-05-17T11:02:06Z,@arielbarbosa353,"MANO to na escola surtando aqui scr,tô tentando não parecer uma doida",0
TNX,4C7xGubTL90,2022-05-17T11:02:05Z,@jijampik2907,영혼💞😾,0
TNX,4C7xGubTL90,2022-05-17T11:02:04Z,@keroppi7087,ROTY!!!!😭✨,0
TNX,4C7xGubTL90,2022-05-17T11:01:52Z,@blackbərriəs,Omggg,0
TNX,4C7xGubTL90,2022-05-17T11:01:52Z,@vickolaya,AUDHYDSKJDLA TREMENDA CANCIÓN,0
TNX,4C7xGubTL90,2022-05-17T11:01:51Z,@2allguysiluvb418,So proud of my kids😭 very very congratulations for your debut. Hwi~ your dance skill improved so much I&#39;m gonna cry no I&#39;m crying 😭😭😭😭😭,0
TNX,4C7xGubTL90,2022-05-17T11:01:51Z,@rayyyyyyyyyyy2080,loveeeeeeeeeeee ittttttttt,0
TNX,4C7xGubTL90,2022-05-17T11:01:50Z,@m3andmyself,this is so cool i’m crying 😟🤘🏼🤘🏼🤘🏼🤘🏼🤘🏼,0
TNX,4C7xGubTL90,2022-05-17T11:01:47Z,@linaazita129,Sayang banget !,0
TNX,4C7xGubTL90,2022-05-17T11:01:44Z,@amiracle97,"Congratulations TNX on DEBUT.<br>Fighting TNX👍.<br>MV is so good with ALL MEMBERS being Charismatic ACE&#39;S &amp; in all aspects including visuals, choreography, lyrics, vocal, especially Hwi&#39;s rap is so good, music &amp; cleanliness of video edits.<br>I&#39;m Rooting For You Since LOUD.<br>All The Way Up.👍",0
TNX,4C7xGubTL90,2022-05-17T11:01:44Z,@tnx226,Wow!!!!!,0
TNX,4C7xGubTL90,2022-05-17T11:01:44Z,@farhasalah217,كل الدعم,0
TNX,4C7xGubTL90,2022-05-17T11:01:43Z,@aseelAL11,🤍🤍,0
TNX,4C7xGubTL90,2022-05-17T11:01:26Z,@zb1gnwk,How is it 8 thousand views but 40k likes?!?!?!?!,3
TNX,4C7xGubTL90,2022-05-17T11:01:26Z,@ghaiood,GO TNXX,1
TNX,4C7xGubTL90,2022-05-17T11:01:22Z,@SantiWahyudi17,Im so proud of them! 🥰🥰💪🏻💪🏻 finally they debuted!! So much love from Indonesiaa!!🎊🎊,0
TNX,4C7xGubTL90,2022-05-17T11:01:11Z,@cloudlightning8786,IN LOVEEEEEEE..LOVE WHEN HIPHOP /RNB LABEL PRODUCED THIS KIND OF SONG FOR THEIR FIRST BOY GROUPP🎉🎉,0
TNX,4C7xGubTL90,2022-05-17T11:01:08Z,@space325,🔥🔥🔥🔥🔥🔥👍👍👍👍👍👍,0
TNX,4C7xGubTL90,2022-05-17T11:01:08Z,@euni114,Welcome to idol world TNX. <br>Congratulations the debut,0
TNX,4C7xGubTL90,2022-05-17T11:01:01Z,@lalaland7663,La canción esta reeee bueenaaa y es unicaaaaa,0
TNX,4C7xGubTL90,2022-05-17T11:01:00Z,@diya.di1,Уууууу,0
TNX,4C7xGubTL90,2022-05-17T11:00:52Z,@linaazita129,Finally the day !!,0
TNX,4C7xGubTL90,2022-05-17T11:00:39Z,@newjeans3483,The vi3ws is stuck because everyone is really excited for TNX debut,1
TNX,4C7xGubTL90,2022-05-17T11:00:34Z,@sabo1834,デビューおめでとう✨✨<br>みんなビジュアル強い～！！！,0
TNX,4C7xGubTL90,2022-05-17T11:00:26Z,@kangsumin6323,this is lit,0
TNX,4C7xGubTL90,2022-05-17T11:00:25Z,@numami6302,Moiii,0
TNX,4C7xGubTL90,2022-05-17T11:00:18Z,@yutababe7846,❤️❤️❤️,0
TNX,4C7xGubTL90,2022-05-17T11:00:17Z,@littlekerendr,TNX ROOKIES OF THE YEAR,1
TNX,4C7xGubTL90,2022-05-17T11:00:13Z,@newjeans3483,Keep str@aming,0
TNX,4C7xGubTL90,2022-05-17T11:00:12Z,@handranaing7250,우리 애들이 너무 잘해서 대박이다,0
TNX,4C7xGubTL90,2022-05-17T11:00:12Z,@acloudatlas,the rap is everything,0
TNX,4C7xGubTL90,2022-05-17T11:00:11Z,@i7c2l.,wow i loved it,0
TNX,4C7xGubTL90,2022-05-17T11:00:08Z,@ปกามาศกั่วพานิช,So proud of you 🙌😍,0
TNX,4C7xGubTL90,2022-05-17T11:00:08Z,@megan.r5596,Give me oxygen RIGHT NOWWW,0
TNX,4C7xGubTL90,2022-05-17T11:00:06Z,@indahyeol7597,"Keren bnget,gk ngerti Lg dh gue",0
TNX,4C7xGubTL90,2022-05-17T10:59:58Z,@molikasim6842,Error view,0
TNX,4C7xGubTL90,2022-05-17T10:59:52Z,@juliantyna1990,Keren aaaaaaaa,0
TNX,4C7xGubTL90,2022-05-17T10:59:51Z,@mariavanessadaza908,Myyyyy babieeees,0
TNX,4C7xGubTL90,2022-05-17T10:59:50Z,@acloudatlas,MYYY GODDDD THEY&#39;RE SO GOOD,0
TNX,4C7xGubTL90,2022-05-17T10:59:48Z,@qkod7395,"PNATION TREAT THEM SO WELL!!! OMGG THANK YOU SO BIG OUR BELOVED CEO, PSY♡♡♡♡♡ AND ALSO ALL STAFF!!",0
TNX,4C7xGubTL90,2022-05-17T10:59:48Z,@martadelbb9657,I’ve fallen in love with the raps👌🏻,0
TNX,4C7xGubTL90,2022-05-17T10:59:40Z,@alkaaesthetic355,Congratulation All for debut...Hope u give us great perfomance  in future...,0
TNX,4C7xGubTL90,2022-05-17T10:59:37Z,@kiaramaldonado9567,Omggg they did amazing,0
TNX,4C7xGubTL90,2022-05-17T10:59:31Z,@avkk3019,They sound amazing,0
TNX,4C7xGubTL90,2022-05-17T10:59:31Z,@belovednsa,😍😍🔥🔥,0
TNX,4C7xGubTL90,2022-05-17T10:59:25Z,@intheeyesofrevin,Is this already their debut song?!,0
TNX,4C7xGubTL90,2022-05-17T10:59:23Z,@syarifahaqila543,Keren banget ayangg semangat,0
TNX,4C7xGubTL90,2022-05-17T10:59:14Z,@Devt02,Ni ngfrezzzz kh,0
TNX,4C7xGubTL90,2022-05-17T10:59:09Z,@るる-o2p7h,すごいいッ大好き❤️,1
TNX,4C7xGubTL90,2022-05-17T10:59:08Z,@qkod7395,TNX  화이팅팅팅팅!!!!,0
TNX,4C7xGubTL90,2022-05-17T10:59:04Z,@arutalasenja_,❤❤🔥🔥,0
TNX,4C7xGubTL90,2022-05-17T10:59:01Z,@mira3299,YAAAS BEEN WAITING FOR THIS! CONGRATS TNX! P NATION LEGGO!,0
TNX,4C7xGubTL90,2022-05-17T10:58:54Z,@widyakristani9893,Please trending,0
TNX,4C7xGubTL90,2022-05-17T10:58:54Z,@jesa_xoxo,This is so litttttt. !!!!,0
TNX,4C7xGubTL90,2022-05-17T10:58:53Z,@qkod7395,OMG 너무 좋아요!!!! 노레가 너무 좋아!!!!!!,0
TNX,4C7xGubTL90,2022-05-17T10:58:52Z,@daisydii_,So blessed and proud of them.I will support you guys as always♥,0
TNX,4C7xGubTL90,2022-05-17T10:58:50Z,@nguyenvanban6407,Psy MV 2012 2022 MV BTS hybe,0
TNX,4C7xGubTL90,2022-05-17T10:58:43Z,@geomgeomi6757,Proud pre-debut Stan here🥳,1
TNX,4C7xGubTL90,2022-05-17T10:58:41Z,@auraizaguirre9242,los amo muchisimo estoy muy orgullosa de ustedes,0
TNX,4C7xGubTL90,2022-05-17T10:58:37Z,@calljazdelulu,"feels good to be a pre-debut stan , great song",1
TNX,4C7xGubTL90,2022-05-17T10:58:36Z,@jesa_xoxo,Guys stre!!m,0
TNX,4C7xGubTL90,2022-05-17T10:58:35Z,@ysaablla24,Keren banget astagaaa,0
TNX,4C7xGubTL90,2022-05-17T10:58:33Z,@fsgheartbeat8837,"화이팅, 얘들아! 할 수 있어요",0
TNX,4C7xGubTL90,2022-05-17T10:58:27Z,@sebyas9175,Wow...I like literally everything. You are cool. I wish you success!!!,0
TNX,4C7xGubTL90,2022-05-17T10:58:22Z,@sude9736,will mark the industry... YOU ARE AMAZING.,0
TNX,4C7xGubTL90,2022-05-17T10:58:21Z,@Pedro_1.3,굿굿 데뷔 축하해 가고고 많이 좋아했어!!!!,0
TNX,4C7xGubTL90,2022-05-17T10:58:09Z,@_shne6557,"I THINK IT WOULD BE MORE POWERFUL WITH KOKI. BUT WITH OR WITHOUT HIM, IM BEYOND PROUD OF YOU BOYS.",1
TNX,4C7xGubTL90,2022-05-17T10:58:08Z,@luanapereira4106,"The music, the vocals, the rap, the MV, the clothes, everything is perfect.",299
TNX,4C7xGubTL90,2022-05-17T10:58:07Z,@nurfadzillah6618,Stream TNX🎉<br>I already got my bias🎉,0
TNX,4C7xGubTL90,2022-05-17T10:58:04Z,@its_shre_ya,Hay wait a min... whoever did the rap part i think he rap faster than straykidz changbin....,0
TNX,4C7xGubTL90,2022-05-17T10:58:00Z,@alex.lim_.6634,Sou o único brasileiro?,0
TNX,4C7xGubTL90,2022-05-17T10:57:56Z,@stayxstzchannie3231,I was Aka before they became famous,0
TNX,4C7xGubTL90,2022-05-17T10:57:50Z,@aiRbckwrds,Well done TNX! I&#39;m looking forward to your future promotions and projects.,0
TNX,4C7xGubTL90,2022-05-17T10:57:50Z,@meeeannddmeee315,Congratulations boyss<br>Noona so proud of you guyss<br>Stay healthy n be happy<br>The song is so cool<br>Keep it up boys<br>ALL THE WAY UP TnX!!!,0
TNX,4C7xGubTL90,2022-05-17T10:57:46Z,@seesaw09,Me encantó! Estos chicos viene con todo!!! Fighting!! 💞,0
TNX,4C7xGubTL90,2022-05-17T10:57:45Z,@anniiosr3527,ปังมาก👏 เพลงดี เอ็มวีดี หล่อทุกคน,0
TNX,4C7xGubTL90,2022-05-17T10:57:41Z,@Emanuel.s__,WOWWWWWWWW THIS IS AMAZING,0
TNX,4C7xGubTL90,2022-05-17T10:57:35Z,@めぇ-h2z,ウンフィくん♡♡♡♡,0
TNX,4C7xGubTL90,2022-05-17T10:57:31Z,@min_db93,와 데뷔전부터 팔로잉 하고있었는데 정말 축하드려요,0
TNX,4C7xGubTL90,2022-05-17T10:57:29Z,@vickih5423,"Great debut full of sass, attitude and confidence!  Congratulations boys!  Wishing you great things in your future!",0
TNX,4C7xGubTL90,2022-05-17T10:57:28Z,@bunnybh1332,More than As I expected !!,0
TNX,4C7xGubTL90,2022-05-17T10:57:25Z,@浅倉永久-j4m,待ちに待ったデビュー<br>おめでとうございます。<br>嬉しすぎて泣きそうです🥺<br>みんな本当にかっこいい！<br>全力で応援していきます！！,1
TNX,4C7xGubTL90,2022-05-17T10:57:08Z,@kiaaaats,Candu banget pliss,0
TNX,4C7xGubTL90,2022-05-17T10:57:07Z,@sanpaivaa,Ficou lindo,0
TNX,4C7xGubTL90,2022-05-17T10:57:00Z,@dheafrastika997,Junhyeok,2
TNX,4C7xGubTL90,2022-05-17T10:56:53Z,@dheafrastika997,Hwi,2
TNX,4C7xGubTL90,2022-05-17T10:56:51Z,@hasnoname.4654,Why&#39;s the likes higher than views ? 30k likes and 8k views,1
TNX,4C7xGubTL90,2022-05-17T10:56:48Z,@renisnothere,don’t be shy put it on spotify,1
TNX,4C7xGubTL90,2022-05-17T10:56:48Z,@dheafrastika997,Kyungjun,1
TNX,4C7xGubTL90,2022-05-17T10:56:48Z,@Lyzaaaaaaa,another group to stan♡♡,1
TNX,4C7xGubTL90,2022-05-17T10:56:43Z,@xiajunsbella2.033,Now this is a very powerful debut,1
TNX,4C7xGubTL90,2022-05-17T10:56:43Z,@Hilanii,Bagus bangetttt🔥🔥🔥🔥,1
TNX,4C7xGubTL90,2022-05-17T10:56:41Z,@lwin_min_khant_1,I love TNX song,0
TNX,4C7xGubTL90,2022-05-17T10:56:40Z,@dheafrastika997,Ges streaming ges,0
TNX,4C7xGubTL90,2022-05-17T10:56:40Z,@senbaenim,"i have so many loud thoughts in my head but as soon as i saw junhyeok <b>head empty, only junhyeok</b>",1
TNX,4C7xGubTL90,2022-05-17T10:56:36Z,@tomoon5776,YALL OUR PRE DEBUT ERA IS OVERRR,0
TNX,4C7xGubTL90,2022-05-17T10:56:27Z,@azkiyazahira2663,Lagunya catchy bangetttty,1
TNX,4C7xGubTL90,2022-05-17T10:56:25Z,@tomoon5776,SLAYED THROUGH THE WHOLE THE MV,0
TNX,4C7xGubTL90,2022-05-17T10:56:14Z,@wohjwoo9572,WOOIIIII HYUNSOOOO WOOIIII,0
TNX,4C7xGubTL90,2022-05-17T10:56:10Z,@eleanna123,Kok viewnya??,0
TNX,4C7xGubTL90,2022-05-17T10:56:05Z,@nana-sz3lq,"<a href=""https://www.youtube.com/watch?v=4C7xGubTL90&amp;t=140"">2:20</a> can anyone tell who this is? he has a very beautiful voice",3
TNX,4C7xGubTL90,2022-05-17T10:56:01Z,@sohee290,So proud of them everyone looks good and the song is too good.. I can&#39;t wait for their journey ahead,17
TNX,4C7xGubTL90,2022-05-17T10:55:59Z,@leonymarr,HUAAA KERENNNN,0
TNX,4C7xGubTL90,2022-05-17T10:55:53Z,@azkiyazahira2663,Selamat sayang2ku..... debut yg udh q tunggu2 dr jaman lulusan loud...akhirnya..... semangat buat kalian.... semoga kedepannya makin suksesss,0
TNX,4C7xGubTL90,2022-05-17T10:55:44Z,@Gettdox,"Espectacular, increíble tremendo ME RE ENCANTO NO SUELTO EL RAP DE EUNHWI 💗💗✨✨ FUE LO MEJOR D ELO MEJOR 💗💗💗✨✨✨",0
TNX,4C7xGubTL90,2022-05-17T10:55:41Z,@eliannymendoza9563,Estoy tan feliz y orgullosa de ustedes TuT,0
TNX,4C7xGubTL90,2022-05-17T10:55:40Z,@berryid7994,Ain&#39;t no WAYYY THIS IS A DEBUT they already look so professional,288
TNX,4C7xGubTL90,2022-05-17T10:55:31Z,@dheafrastika997,"Habis rap kyungjun, langsung di sambut rap hwi, di sambut junhyeok pls ga kuat triple kill",1
TNX,4C7xGubTL90,2022-05-17T10:55:30Z,@user-nw1rh3mm1l,デビューおめでとう😘💓💓<br>応援してます！がんばって🤗,0
TNX,4C7xGubTL90,2022-05-17T10:55:28Z,@simonarumenova4954,just smash repeat button 🥰🇧🇬,0
TNX,4C7xGubTL90,2022-05-17T10:55:09Z,@dianedelatorre7919,THE VIEWS ISNT JUST MAKING SENSE LIKE AUDBAIDIUA AM I THE ONLY ONE STREAMING OR WHAT,0
TNX,4C7xGubTL90,2022-05-17T10:55:06Z,@bunny.08.11,"<a href=""https://www.youtube.com/watch?v=4C7xGubTL90&amp;t=146"">2:26</a> this part it&#39;s my favorite",1
TNX,4C7xGubTL90,2022-05-17T10:55:02Z,@karenw2197,"CONGRATULATIONS on your debut TNX! 🥳🥳 I love this song, choreo, and visuals! Great debut song and performance!  Love all of you guys! 💗",0
TNX,4C7xGubTL90,2022-05-17T10:55:01Z,@monswes,mds que mv perfeito tudo perfeito sério mesmo parabéns meninos vocês arrasaram,0
TNX,4C7xGubTL90,2022-05-17T10:55:00Z,@chillvlsandfashion3455,Stan this group they work hard a lot to made a debut and this is it the&#39;re finally here,0
TNX,4C7xGubTL90,2022-05-17T10:54:57Z,@markleethegreatest7959,"Good luck boys for your debut<br>As expected, my Junghyuk, Vocal",0
TNX,4C7xGubTL90,2022-05-17T10:54:50Z,@inthanmelati2098,"Gilaa keren parahh lagunya enak banget dan Mv nya kerenn parahhh, membernya isinya visual semuaa",0
TNX,4C7xGubTL90,2022-05-17T10:54:46Z,@quinb2955,YES THIS IS SO GOOD! ABSOLUTELY LOVE THE SONG LUVS,5
TNX,4C7xGubTL90,2022-05-17T10:54:41Z,@maryamebrahimi1444,The intro is god,0
TNX,4C7xGubTL90,2022-05-17T10:54:39Z,@Miniyaaa_11,"Why the heck is the like count more than the view count bruh???!?!?!<br>.<br>.<br>. Anyhow, just wanna say that the mv is lit and the song? I&#39;m telling you it wasn&#39;t boring at all..(cos you know how most 4th gen groups&#39; debut songs be not that impactful to the fans or the listeners, but MOVE really has it together for me)  I find the song very catchy and good to listen to!💗 ** simply giving my pov<br> I hope people will get to know them more, give them all the deserve and support them!✊  *don&#39;t stop streaming!don&#39;t lose hope!✊💗",1
TNX,4C7xGubTL90,2022-05-17T10:54:34Z,@NurHalimah-gl9pi,Keep streaming 🔥🔥🔥,0
TNX,4C7xGubTL90,2022-05-17T10:54:32Z,@HippyNinjaSimmy,Heck yeah!!! Another bop from P Nation!!!!! LOVE THIS!!!!,0
TNX,4C7xGubTL90,2022-05-17T10:54:31Z,@Ccx_112,اخخخخخخخ تجننون🥹🥹🥹🥹,1
TNX,4C7xGubTL90,2022-05-17T10:54:30Z,@puttrikamallia1258,what&#39;s this? why is this so cool and luxurious i really like it so let&#39;s fight for tnx,0
TNX,4C7xGubTL90,2022-05-17T10:54:28Z,@nurulinayahramadhaniihsan,FINALLYYYYUY!!¡¡!,0
TNX,4C7xGubTL90,2022-05-17T10:54:28Z,@blackpinkloooove3452,"They give me some vibes,lets pave the way together <br>-pre debut fan",1
TNX,4C7xGubTL90,2022-05-17T10:54:19Z,@madangchild3833,"TNX Position (as for now)<br>Taehun - Leader, Vocalist, Main Dancer<br>Kyungjun - Rapper, Dancer, Visual<br>Hyunsoo - Vocalist, Dancer<br>JunHyeok - Main Vocalist, Rapper<br>Hwi - Main Rapper, Composer &amp; Producer of TNX<br>Sungjun - Vocalist, Dancer, Maknae",0
TNX,4C7xGubTL90,2022-05-17T10:54:19Z,@roseptals,STOP THE SONG IS SO GOOD. THE DEBUT SONG QIVSK IS CATCHY AND BEAUTIFUL. EVERYONE IS SO HANDSOME 😭💖,0
TNX,4C7xGubTL90,2022-05-17T10:54:17Z,@giulianagutierrez1382,Orgullosa de seguirlos desde loud 😭💕,0
TNX,4C7xGubTL90,2022-05-17T10:54:15Z,@sugashisname7737,Jujurly honestly i&#39;m so touch with this mv! Omg! I still can&#39;t believe guys. Are u sure is the start? u like big stars. I&#39;m still here and supporting you! 😭🤍💞,0
TNX,4C7xGubTL90,2022-05-17T10:54:12Z,@cellinediora8571,My precious boys all the way up on you,0
TNX,4C7xGubTL90,2022-05-17T10:54:11Z,@marinasantos6201,Brazil🌍❤❤👏,0
TNX,4C7xGubTL90,2022-05-17T10:54:10Z,@brilashy,"Felicidades por su debut!!<br>Los sigo desde Loud y estoy muy orgullosa de donde han llegado, les mando mucha fuerza, porque todavía queda un largo camino. Los amo mucho, manténganse saludables!! 🎉💗",0
TNX,4C7xGubTL90,2022-05-17T10:54:09Z,@maryamebrahimi1444,I can&#39;t stop,0
TNX,4C7xGubTL90,2022-05-17T10:54:08Z,@andichoe8721,"Anyone else got goosebumps the whole time? I loved every second of this MV and can&#39;t wait to see their debut stage performance &lt;3 so PROUD, they killed it!!!",10
TNX,4C7xGubTL90,2022-05-17T10:54:08Z,@carmenalmazan9146,Los amo,0
TNX,4C7xGubTL90,2022-05-17T10:54:01Z,@jieox_7392,Im still salty about koki not being here😭😭 but i know its the best for him since he is still so young STAN TNX YALL,0
TNX,4C7xGubTL90,2022-05-17T10:54:00Z,@brendakolquehuanca2441,GOOD GOOD GOOD,0
TNX,4C7xGubTL90,2022-05-17T10:54:00Z,@usamiakahiko1204,I can see they have a big future 🤭👏👏👏,0
TNX,4C7xGubTL90,2022-05-17T10:53:59Z,@dani-sd8ce,the song is god only that it sounds a bit like lisa&#39;s rap in one part😸,0
TNX,4C7xGubTL90,2022-05-17T10:53:56Z,@maryamebrahimi1444,Omg this is amazing,0
TNX,4C7xGubTL90,2022-05-17T10:53:56Z,@Anonimo-lx1xr,SLAYYY,0
TNX,4C7xGubTL90,2022-05-17T10:53:47Z,@NurHalimah-gl9pi,congrats on your first MV 🥳🥳🥳🥳,0
TNX,4C7xGubTL90,2022-05-17T10:53:43Z,@brithanny4065,"Es mi canción más personal, aunque no sé lo que dice",0
TNX,4C7xGubTL90,2022-05-17T10:53:36Z,@evelynnjun4331,OMG,0
TNX,4C7xGubTL90,2022-05-17T10:53:34Z,@maryamebrahimi1444,Best boys,0
TNX,4C7xGubTL90,2022-05-17T10:53:27Z,@maryamebrahimi1444,There amazing,0
TNX,4C7xGubTL90,2022-05-17T10:53:22Z,@gabrielledossantos3831,Finalmente!!!!! Atendeu todas as expectativas!!!! Não acredito que acompanhei desde o início!!!! Eles cresceram tanto!!!,1
TNX,4C7xGubTL90,2022-05-17T10:53:17Z,@aeffersirimongkon8702,🔥🔥🔥 ALL PERFECT 💕👍🏻,0
TNX,4C7xGubTL90,2022-05-17T10:53:14Z,@pimo_tnx,デビューおめでとうございます<br>これからもずっと応援します📣<br>みんなカッコいい👍,0
TNX,4C7xGubTL90,2022-05-17T10:53:13Z,@vzcn,خايسه,0
TNX,4C7xGubTL90,2022-05-17T10:53:13Z,@wysnsaiki7595,OMG,0
TNX,4C7xGubTL90,2022-05-17T10:53:12Z,@Shion_2521,This song is really perfect Its my first time knowing them and feels like I wil stan this group,16
TNX,4C7xGubTL90,2022-05-17T10:53:09Z,@ستانايو,يجننووون 😯😯💋,1
TNX,4C7xGubTL90,2022-05-17T10:53:08Z,@angel3477,Guys made it!!,0
TNX,4C7xGubTL90,2022-05-17T10:53:06Z,@nakumac8187,YAYYY THEY KILLED IT 😍🔥,1
TNX,4C7xGubTL90,2022-05-17T10:53:02Z,@neobokie,"totally slayed, love that for them",0
TNX,4C7xGubTL90,2022-05-17T10:52:57Z,@이지-z9s,세상에.. 어쩜 이렇게 멋있을 수가 있는거지💕 내 사랑들 최고로 멋있어 진짜 내가 많이 사랑해💙❤,0
TNX,4C7xGubTL90,2022-05-17T10:52:56Z,@judikaazharya833,CRYING.,1
TNX,4C7xGubTL90,2022-05-17T10:52:53Z,@carolinaperezgutierrez5620,Hace 1hr? AHHHHHHHHHHH,1
TNX,4C7xGubTL90,2022-05-17T10:52:44Z,@cellinediora8571,TNX if you guys didn&#39;t hit big at first i hope you all can get bigger and better slowly time by time. Still i wish you all the best LOVE!,0
TNX,4C7xGubTL90,2022-05-17T10:52:40Z,@rochelmartinez8337,Ong yessssss finally,0
TNX,4C7xGubTL90,2022-05-17T10:52:39Z,@farahinrodzi3921,LOVE LOVE LOVE THIS !,0
TNX,4C7xGubTL90,2022-05-17T10:52:37Z,@vjelly9814,Reminds me of txt magic,0
TNX,4C7xGubTL90,2022-05-17T10:52:34Z,@l_seorin1895,너무 좋네요!,0
TNX,4C7xGubTL90,2022-05-17T10:52:29Z,@hueningbahiyyih627,Wow the rap is so good especially the guy rapping about being the captain speaking to the passengers. I hope this group will hit big and bring some new things to the kpop industry,0
TNX,4C7xGubTL90,2022-05-17T10:52:28Z,@Jam-cs4th,"Please TNX’s stans, stream MV first!!! Thank you &lt;3",1
TNX,4C7xGubTL90,2022-05-17T10:52:25Z,@justsomeone5313,Rookies of the year!,0
TNX,4C7xGubTL90,2022-05-17T10:52:18Z,@Tttttttt_177,يازينهم وربي احلا امفي 😭😭😭,0
TNX,4C7xGubTL90,2022-05-17T10:52:16Z,@justamanda98,I&#39;M ROOTING FOR THIS GROUP!!!! 🙏 Everything about the music the dance etc are so perfect 😍💪,7
TNX,4C7xGubTL90,2022-05-17T10:52:16Z,@worldtime9754,cuy katanya pada bikin gc wa?,0
TNX,4C7xGubTL90,2022-05-17T10:52:16Z,@nixieshah04,THE VOCALSSSS,0
TNX,4C7xGubTL90,2022-05-17T10:52:15Z,@anji1004,I love them already ❤😭,0
TNX,4C7xGubTL90,2022-05-17T10:52:13Z,@sude9736,"The choreography, the song, the sounds and the clip are all very good. You can never call it a rookie group. It was professional. The group energy was high. Also the rap and vocals were killer hits. You did a great job guys.<br>FIGHTING TNX~~~",0
TNX,4C7xGubTL90,2022-05-17T10:52:07Z,@mylandexol7212,Wow that was amazing :),0
TNX,4C7xGubTL90,2022-05-17T10:52:03Z,@carolinaperezgutierrez5620,ME LO PERDÍ  AHHHH,1
TNX,4C7xGubTL90,2022-05-17T10:52:01Z,@ItsyourEvelyn,It&#39;s so cool~O M G... that&#39;s amazing! I&#39;m so proud of you guys:3,0
TNX,4C7xGubTL90,2022-05-17T10:51:44Z,@wauwo9962,THIS IS LIT OMGGGGG!!!,0
TNX,4C7xGubTL90,2022-05-17T10:51:41Z,@nuruln8309,"GOOD LUCK TNX, <br>The song was superb!<br><br>From Teume",0
TNX,4C7xGubTL90,2022-05-17T10:51:39Z,@SLOUTTS,THEY HAVE COME SO FAR😭🤎,0
TNX,4C7xGubTL90,2022-05-17T10:51:38Z,@charengoni3808,Mantap,0
TNX,4C7xGubTL90,2022-05-17T10:51:36Z,@mackyyluvs,"This debut is jaw dropping literally, I’m so happy they finally debut",53
TNX,4C7xGubTL90,2022-05-17T10:51:27Z,@nadhirahzaini7909,Braces guy❤️,0
TNX,4C7xGubTL90,2022-05-17T10:51:27Z,@Rsflame-g6g,"<a href=""https://www.youtube.com/watch?v=4C7xGubTL90&amp;t=80"">1:20</a> jumpscare for me ! Whhhhttt !! My introvert babyyy🥺💗 you growing now",0
TNX,4C7xGubTL90,2022-05-17T10:51:17Z,@mess6696,Eh the views is 8k but the likes is 38k?? But cool song tho rooting for your succes debut,0
TNX,4C7xGubTL90,2022-05-17T10:51:17Z,@somm_2793,This is only the beginning guys they will reach to the top and I&#39;m ready to witness their growth fighting TNX!,0
TNX,4C7xGubTL90,2022-05-17T10:51:16Z,@ivewonyluv,WOW,0
TNX,4C7xGubTL90,2022-05-17T10:51:05Z,@exo_lvu,رابر عجبني احتاج أسماءهم :&quot;),0
TNX,4C7xGubTL90,2022-05-17T10:50:59Z,@voundanin4241,Welcome,0
TNX,4C7xGubTL90,2022-05-17T10:50:58Z,@alya5805,FINALLY!!!!!!!! WAAAAAA CONGRATS YAKKK!!!!!!!!!!!!!!!!🥳🥳🥳🤍🤍🤍,0
TNX,4C7xGubTL90,2022-05-17T10:50:56Z,@hnibread,Recommended to me,1
TNX,4C7xGubTL90,2022-05-17T10:50:55Z,@lj9338,"I&#39;m happy to say I&#39;m here since their Debut. They&#39;re so talented! And let&#39;s talk about the song, it&#39;s stunning!",16
TNX,4C7xGubTL90,2022-05-17T10:50:44Z,@bavanft,Love you from 🇮🇷,0
TNX,4C7xGubTL90,2022-05-17T10:50:41Z,@ajdkvhsg639,YEYYYYYY,0
TNX,4C7xGubTL90,2022-05-17T10:50:41Z,@samdud00,YOOO THAT WAS COOL. TNX Let&#39;s go,0
TNX,4C7xGubTL90,2022-05-17T10:50:36Z,@clausuret1785,"Quitense todos porque allí viene Tnx,  wow esta buenisima la canción, todo está bién hecho, todo el éxito para estos talentosos chicos!!!  Fighting <a href=""http://www.youtube.com/results?search_query=%23tnx"">#TNX</a>",0
TNX,4C7xGubTL90,2022-05-17T10:50:30Z,@hihazel8802,Hwi 🥰❤,0
TNX,4C7xGubTL90,2022-05-17T10:50:27Z,@pipipi6755,Wooow,0
TNX,4C7xGubTL90,2022-05-17T10:50:24Z,@jiminsjam5239,This is called a debut,1
TNX,4C7xGubTL90,2022-05-17T10:50:12Z,@seemamagar5557,Omg tnx finally 🎉❤️❤️❤️,1
TNX,4C7xGubTL90,2022-05-17T10:50:12Z,@exo_lvu,"<a href=""https://www.youtube.com/watch?v=4C7xGubTL90&amp;t=109"">1:49</a>جاب آخرتي",0
TNX,4C7xGubTL90,2022-05-17T10:50:09Z,@Seldaaaa12,Keren bangettt,0
TNX,4C7xGubTL90,2022-05-17T10:50:08Z,@Mencaridiriyangdulu,tiktok brought me here.,0
TNX,4C7xGubTL90,2022-05-17T10:50:05Z,@bavanft,Amazing,0
TNX,4C7xGubTL90,2022-05-17T10:50:02Z,@bavanft,Omg,0
TNX,4C7xGubTL90,2022-05-17T10:50:00Z,@exo_lvu,"<a href=""https://www.youtube.com/watch?v=4C7xGubTL90&amp;t=109"">1:49</a>جاب آخرتي",0
TNX,4C7xGubTL90,2022-05-17T10:49:56Z,@reynampabloleon2394,Siempre esperé el debut de estos chicos ✨✨ un debut muy bueno ✨✨ Fighting TNX 💖,0
TNX,4C7xGubTL90,2022-05-17T10:49:54Z,@evermore5005,"Amo el concepto, las voces, el track, los peinados, vestuarios y a los chicos. P NATION nunca decepciona",0
TNX,4C7xGubTL90,2022-05-17T10:49:52Z,@napachick,THIS IS PERFECT!!!! I’m sad I’m in the middle of an airport or I’d be screaming my head off right now.  Fav release of the year so far!!!!,0
TNX,4C7xGubTL90,2022-05-17T10:49:47Z,@sylviaseo6376,❤️❤️❤️❤️❤️❤️❤️❤️❤️,0
TNX,4C7xGubTL90,2022-05-17T10:49:42Z,@jezamaetupong4340,"Eun Hwi&#39;s Rap,and Junhyeok&#39;s great facial expressions plus his vocal are the highlight but Kyungjun,Sungjun,Hyunsoo and Taehun also showed their powerful vocal and visual plus the explosive dance moves <br>Wah I&#39;m in love!!(づ｡◕‿‿◕｡)づ",0
TNX,4C7xGubTL90,2022-05-17T10:49:19Z,@dapittmckay,been a pre debut fan! i’m so proud of you all😭😭❤️❤️❤️,0
TNX,4C7xGubTL90,2022-05-17T10:49:16Z,@nina_ra31,Amazing! 5th gen leaders?!,1
TNX,4C7xGubTL90,2022-05-17T10:49:15Z,@saski-97,ini beneran masi 8k?,0
TNX,4C7xGubTL90,2022-05-17T10:49:13Z,@exo_lvu,حبيت الاغنيه,0
TNX,4C7xGubTL90,2022-05-17T10:49:11Z,@maryahmadi9228,we&#39;re P Nation <br>너무 완벽합니다.,0
TNX,4C7xGubTL90,2022-05-17T10:49:10Z,@noneyobizz3027,Yes!! What a debut!! They slayed.,1
TNX,4C7xGubTL90,2022-05-17T10:48:58Z,@Hxl_Manon,PEPITE,0
TNX,4C7xGubTL90,2022-05-17T10:48:55Z,@hyunnyyy143,Finally! Congratulations boys!!,0
TNX,4C7xGubTL90,2022-05-17T10:48:54Z,@yuna3592,FREEZE IT MEANS WE R TOO EXCITED,0
TNX,4C7xGubTL90,2022-05-17T10:48:50Z,@ayymayy0104,Amazing debut!,0
TNX,4C7xGubTL90,2022-05-17T10:48:50Z,@ansafi,CRYING RN 😭😭,0
TNX,4C7xGubTL90,2022-05-17T10:48:47Z,@PrOxima_cdt,"This debut is fabulous ✨🔥 Go on, guys, you’re cool",0
TNX,4C7xGubTL90,2022-05-17T10:48:42Z,@exo_lvu,اي عرب هنا يا ناس,0
TNX,4C7xGubTL90,2022-05-17T10:48:36Z,@Juyeonx341,Crying,0
TNX,4C7xGubTL90,2022-05-17T10:48:31Z,@rn_charing1386,"Superb wow, Love it, each one of you are shining, congratulations boys, you will go all the way up, fighting…we love you..",2
TNX,4C7xGubTL90,2022-05-17T10:48:30Z,@oziraper,피네이션 올해 대박이네..........................................<br>테넥스 노래도 좋다... 와..............................................................<br>다른 회사들 질투하겠는데........<br>케이주는 피네즈 안한거 후회할려나???????,1
TNX,4C7xGubTL90,2022-05-17T10:48:28Z,@cellinediora8571,It should be at least 50k now but anyway i really love this song,1
TNX,4C7xGubTL90,2022-05-17T10:48:27Z,@anaflaviafernandezsierra9523,"PSY has already eat the all debuts of this year and TNX is already best rookie group, this is SOOO GOOD",1
TNX,4C7xGubTL90,2022-05-17T10:48:25Z,@adeliarafanailah1219,"amaziiiinggg, keren bngtt sumpah. I&#39;m so proud of them. OMG &lt;3",0
TNX,4C7xGubTL90,2022-05-17T10:48:21Z,@evermore5005,MAKE IT LOUDER GUYS. Los amoooo,1
TNX,4C7xGubTL90,2022-05-17T10:48:21Z,@KatStawp,Can we all just appreciate how GOOD Hwi got at dancing after such a short time?!,28
TNX,4C7xGubTL90,2022-05-17T10:48:16Z,@kiahwith_h,magandaaaa,0
TNX,4C7xGubTL90,2022-05-17T10:48:08Z,@srutileenapatnaik2349,💥💥💥💥,1
TNX,4C7xGubTL90,2022-05-17T10:48:07Z,@exo_lvu,اسم الفاندوم؟,0
TNX,4C7xGubTL90,2022-05-17T10:48:07Z,@곰돌이누나,"TXN is a perfect package. Visual, Talent, Personality❤️‍🔥 Everything&#39;s PERFECT",26
TNX,4C7xGubTL90,2022-05-17T10:48:06Z,@_shne6557,I&#39;M BEYOND PROUD,1
TNX,4C7xGubTL90,2022-05-17T10:48:06Z,@Mariela03,Me encanta . They look like they&#39;re idols for a long time already.  I love them . Best of luck to you guys.!!!,7
TNX,4C7xGubTL90,2022-05-17T10:48:04Z,@hanrinni9340,КРУТО УМНИЧКИ ВААУУУ,0
TNX,4C7xGubTL90,2022-05-17T10:48:02Z,@anabelefamilynombreuse_fam9471,The best début i love ♥️❤️❤️❤️,2
TNX,4C7xGubTL90,2022-05-17T10:48:02Z,@sucinovelia5544,eunhwi aku padamuuu,0
TNX,4C7xGubTL90,2022-05-17T10:47:58Z,@juliethwang1538,wowwww i love them wth. this debut song is so good wtfff. the raps and the vocals AND the visuals..? they deserve more attention. this debut like omg wow it’s amazing.,7
TNX,4C7xGubTL90,2022-05-17T10:47:49Z,@criziayero3661,Move ♥️😘,0
TNX,4C7xGubTL90,2022-05-17T10:47:48Z,@hanrinni9340,АФІГЕННО,0
TNX,4C7xGubTL90,2022-05-17T10:47:48Z,@exo_lvu,في ترجمه عربيه,0
TNX,4C7xGubTL90,2022-05-17T10:47:47Z,@jaehoon5018,"like 37k<br>view 7,9k<br>youtube so funny haha",1
TNX,4C7xGubTL90,2022-05-17T10:47:47Z,@lavenderkkoch_,Aaaaaaa❤,0
TNX,4C7xGubTL90,2022-05-17T10:47:38Z,@Sweetsparkle2003,"TODAY IS MY BIRTHDAY <br>AND THEIR DEBUT IT IS HISTORICAL DAY FOR ME THEY ARE PERFECT THEIR VISUAL,VOCAL,RAP AND CHEROGRAPHY<br>THIS IS MASTERPIECE🖤🖤🖤🖤🖤🖤",50
TNX,4C7xGubTL90,2022-05-17T10:47:36Z,@parkchaeyoung6954,cool,0
TNX,4C7xGubTL90,2022-05-17T10:47:35Z,@sucinovelia5544,Favvv,0
TNX,4C7xGubTL90,2022-05-17T10:47:34Z,@arthurhamada9529,Sungjun!!!!,0
TNX,4C7xGubTL90,2022-05-17T10:47:33Z,@woopiromi,LOUD fans how are we feeling im crying,0
TNX,4C7xGubTL90,2022-05-17T10:47:27Z,@mimichhangte5367,Yessssssssssssss,1
TNX,4C7xGubTL90,2022-05-17T10:47:23Z,@8inu,What is with the view <br>YouTube is hiding views,0
TNX,4C7xGubTL90,2022-05-17T10:47:19Z,@milajeongwooakunbaru6376,Kece abiessssss anak&quot; gua,0
TNX,4C7xGubTL90,2022-05-17T10:47:15Z,@arthurhamada9529,BOYS BE LOUD!!!!! :&quot;)),0
TNX,4C7xGubTL90,2022-05-17T10:47:13Z,@paolacruz8328,Es muuuuy buenooo!!,0
TNX,4C7xGubTL90,2022-05-17T10:47:10Z,@woopiromi,SO PROUF OF THEM,0
TNX,4C7xGubTL90,2022-05-17T10:47:09Z,@mirianstela6321,Before signing the MV I knew I would love it but now... Now after watching it I&#39;m completely in love!  I lack words to describe how amazing this debut is!  PRIDE DEFINES ME!,0
TNX,4C7xGubTL90,2022-05-17T10:47:09Z,@이민욱-r6r,멋지다 ~~~뜬다 👍👍👍👍👍👍👍👍👍,0
TNX,4C7xGubTL90,2022-05-17T10:47:08Z,@mdeja-vu5004,"i am slapped by their visuals, their talents this song is so addictive with incredible energy.<br>the vocals the rap the choreography and the concept I fucking like this (jessi vibe) <br>they make their debut in an agency that pays attention to idols I&#39;m really happy",0
TNX,4C7xGubTL90,2022-05-17T10:47:05Z,@newjeans3483,Everything about this MV is so good,0
TNX,4C7xGubTL90,2022-05-17T10:47:02Z,@htetyadanarhlaing9218,"It&#39;s crazy, I&#39;m going to stan a good for them .",1
TNX,4C7xGubTL90,2022-05-17T10:47:01Z,@woopiromi,aaaaaaaaaAAAAAAAAAAAAAAAAAAAAAAAAAAAAAAAAAAAAAAAAAAAAAAAAAAAAAAAAAAAAAAAAAAAAAAAAAAAAAAAAAAAAAAAAAAAAAAAAAAAAAAAAAAAAAAAAAAAAAA,0
TNX,4C7xGubTL90,2022-05-17T10:46:57Z,@Goddess_Wanvisa,Tnx 🫶🏻🫶🏻,0
TNX,4C7xGubTL90,2022-05-17T10:46:55Z,@wella5923,Eun Hwi omgggjfjtjdjd,1
TNX,4C7xGubTL90,2022-05-17T10:46:55Z,@lisa_san7037,Anyone else here from the variety show ? Pre-debut fan,2
TNX,4C7xGubTL90,2022-05-17T10:46:54Z,@disxoforlife9211,Let&#39;s get It TNX!!!!!!!,1
TNX,4C7xGubTL90,2022-05-17T10:46:48Z,@arthurhamada9529,The choreography is so cool,0
TNX,4C7xGubTL90,2022-05-17T10:46:43Z,@Sans_diary,Boys be loud <br>Pnation loud boys finally debuted. Chughaye babies  💜<br>The new Six (TNX),0
TNX,4C7xGubTL90,2022-05-17T10:46:42Z,@CarissaEuginia,CONGRATS BOYSSSS 🎉,0
TNX,4C7xGubTL90,2022-05-17T10:46:41Z,@Luisa-qe2op,OS MELHORES,0
TNX,4C7xGubTL90,2022-05-17T10:46:41Z,@wella5923,Yes the visuals!!!,0
TNX,4C7xGubTL90,2022-05-17T10:46:39Z,@m..k..h.9149,This song is so powerful:)))))),1
TNX,4C7xGubTL90,2022-05-17T10:46:37Z,@nataliamurniyanti1204,TNX way 🆙🔥🔥🔥,0
TNX,4C7xGubTL90,2022-05-17T10:46:35Z,@정미경-n5v,오~~~^^,0
TNX,4C7xGubTL90,2022-05-17T10:46:29Z,@cooljihoon,THIS SCREAMS TALENTS!!! YES PLS SLAP ME W/ YO TALENTSSSS,0
TNX,4C7xGubTL90,2022-05-17T10:46:28Z,@rossl2237,"Feliz debut TNX!! ME ENCANTA EL MV, LA CANCIÓN, TODOO ♡",0
TNX,4C7xGubTL90,2022-05-17T10:46:27Z,@GoofyLlamaa,This is so good I’m in love with this so much🤌🤌🤌🤌🤌❤️❤️❤️,0
TNX,4C7xGubTL90,2022-05-17T10:46:24Z,@claynimnida8179,Stream harder,0
TNX,4C7xGubTL90,2022-05-17T10:46:23Z,@nurulauliaiswani7347,THIS IS AWESOME!!!,0
TNX,4C7xGubTL90,2022-05-17T10:46:16Z,@beatricee,here to support my boys 🫶🏻,0
TNX,4C7xGubTL90,2022-05-17T10:46:13Z,@cellinediora8571,Tbh i kinda confused with the views but i&#39;ll still play it tho,0
TNX,4C7xGubTL90,2022-05-17T10:46:06Z,@arthurhamada9529,"tiktok is a big help to promote this song, let&#39;s post some clips :&quot;))",0
TNX,4C7xGubTL90,2022-05-17T10:46:00Z,@Julie-rq1wz,Pnation squad letsssgoooo🔥,0
TNX,4C7xGubTL90,2022-05-17T10:45:59Z,@cayenakedrey6060,"Congratulation for the debut boys. FIGHTING!!! This is going to be so LIT, we&#39;re P NATION. Also shout out for THX, let&#39;s be a great fandom &gt;•&lt;",0
TNX,4C7xGubTL90,2022-05-17T10:45:54Z,@ronsalazar387,Can i join your company it&#39;s so cool!!!!,0
TNX,4C7xGubTL90,2022-05-17T10:45:54Z,@cooljihoon,Uwahhhhhhh!!!! Congrats boys!!!! You deserves all the love and support in the whole universe!!!!🤍🤍🤍,0
TNX,4C7xGubTL90,2022-05-17T10:45:50Z,@jenolee3521,good voice 💗,0
TNX,4C7xGubTL90,2022-05-17T10:45:50Z,@thethuggybae_4896,Everyone introducing you WOO KYUNGJUN! THE NEXT BIAS WRECKER!!,1
TNX,4C7xGubTL90,2022-05-17T10:45:39Z,@IDk-cs2fk,Yay,0
TNX,4C7xGubTL90,2022-05-17T10:45:38Z,@jenolee3521,tbh this so cool,0
TNX,4C7xGubTL90,2022-05-17T10:45:37Z,@amiefhira,Can&#39;t wait for the debut tht just only  few minutes soon,1
TNX,4C7xGubTL90,2022-05-17T10:45:34Z,@human9712,"<a href=""https://www.youtube.com/watch?v=4C7xGubTL90&amp;t=103"">1:43</a> this part give me asdsxdzbdg 😭",1
TNX,4C7xGubTL90,2022-05-17T10:45:25Z,@lobendinoroseannemella5507,Grabeeeeeeeee,0
TNX,4C7xGubTL90,2022-05-17T10:45:23Z,@meilyng246,yo ya estoy obsesionada gente,0
TNX,4C7xGubTL90,2022-05-17T10:45:20Z,@mojoenad,1st bg from pnation and they aint your typical &quot;new&quot; idols 🔥,1
TNX,4C7xGubTL90,2022-05-17T10:45:19Z,@miahockins6509,"I loved it, from today I will support them and I will continue hard. <br>I hope you give this group a chance and let&#39;s see if it grows, of each member. <br>Congratulations on the debut! :&#39;)",0
TNX,4C7xGubTL90,2022-05-17T10:45:17Z,@ronsalazar387,PNATION DID A GOOD JOB!!!,1
TNX,4C7xGubTL90,2022-05-17T10:45:16Z,@zayzay6967,Woww.. i&#39;m speechless,0
TNX,4C7xGubTL90,2022-05-17T10:45:08Z,@arthurhamada9529,"keep str34minq, don&#39;t forget to use 2-3 intervals.",0
TNX,4C7xGubTL90,2022-05-17T10:45:06Z,@ninahess7738,🔥🔥🔥🔥🔥🔥🔥😳,0
TNX,4C7xGubTL90,2022-05-17T10:45:03Z,@zuly_GNP05,"Tremenda joya, lo estuve esperan con ansias y me encantó. &lt;3",1
TNX,4C7xGubTL90,2022-05-17T10:45:00Z,@ronsalazar387,STANNNN!!,0
TNX,4C7xGubTL90,2022-05-17T10:45:00Z,@ayiird,"Omg, q debut tan mas increíble",1
TNX,4C7xGubTL90,2022-05-17T10:44:59Z,@wohjwoo9572,KERENN ABIEEZZZZ,0
TNX,4C7xGubTL90,2022-05-17T10:44:58Z,@cmhchue1061,Woohoo,0
TNX,4C7xGubTL90,2022-05-17T10:44:56Z,@augnalazy7661,congrats for debut🎉🎉❤️,0
TNX,4C7xGubTL90,2022-05-17T10:44:54Z,@ronsalazar387,Slayyyy!!,0
TNX,4C7xGubTL90,2022-05-17T10:44:52Z,@Slleepner,Me siento tan contenta que finalmente estén haciendo su debut 😭❤️,0
TNX,4C7xGubTL90,2022-05-17T10:44:51Z,@jezamaetupong4340,"&quot;Our goal is clear,we all the way up&quot;<br>Yeah, Let&#39;s go all the way up!Fighting!You&#39;ve done a good job in creating this song....Thank you    (っ.❛ ᴗ ❛.)っ",0
TNX,4C7xGubTL90,2022-05-17T10:44:51Z,@rizellearmas5204,You did a good job my babies,0
TNX,4C7xGubTL90,2022-05-17T10:44:47Z,@mwaqqa,CONGRATULATIONS ON YOUR DEBUT TNX!!!! I am so so happy for you. I have been waiting and counting down since I watched  LOUD. I will be rooting for you always. Can&#39;t wait to see you guys grow. I have seen how hard you guys have been working and it shows. I know you will be even better as time goes on. This song was mindblowing!! I am sure I will love the rest in the album too.,1
TNX,4C7xGubTL90,2022-05-17T10:44:41Z,@angelabolangeralonzo8152,WOW  me encanto estoy tan feliz despues de tanto tiempo la canción es adictiva los estare apoyando siempre TNX ❤,0
TNX,4C7xGubTL90,2022-05-17T10:44:39Z,@berries5400,LIT !!! PROUD OF THEM,0
TNX,4C7xGubTL90,2022-05-17T10:44:39Z,@thelsuyadanar9851,Love itttttt😍😍😍,0
TNX,4C7xGubTL90,2022-05-17T10:44:33Z,@z.e.l7670,Eunhwi dance skills improved so muchhh wow i didn&#39;t expect how good he is now for the short period of time just wow Eunwhi I&#39;m so proud of you!!!,0
TNX,4C7xGubTL90,2022-05-17T10:44:32Z,@cellinediora8571,Someone help me cuz i can&#39;t stop replaying this song,0
TNX,4C7xGubTL90,2022-05-17T10:44:32Z,@atehtine,"Good job, TNX! Another song to enjoy from PNation!!! Such a strong and great start for you guys! Congratulations!",0
TNX,4C7xGubTL90,2022-05-17T10:44:30Z,@l__teume4113,kobisa banyakan like nya daripada penontonnya ? 😃,0
TNX,4C7xGubTL90,2022-05-17T10:44:19Z,@gessymargareth1268,AAAAAAAA SUMPAH KETINGGALAN KARNA TADI RENANGG,0
TNX,4C7xGubTL90,2022-05-17T10:44:16Z,@maewu6148,"Not a fan but their debut song amaze me so much, so powerful and it&#39;s so good! Congratulations on your debut tnx.",0
TNX,4C7xGubTL90,2022-05-17T10:44:14Z,@Liss_rt,Acaso nos han robado vistas?,0
TNX,4C7xGubTL90,2022-05-17T10:43:58Z,@hurong5067,"Bài hát khá là bắt tai,biểu cảm của các anh cũng ấn tượng<br>Chúc mừng nhóm debut✨❤️",0
TNX,4C7xGubTL90,2022-05-17T10:43:58Z,@cnhetbz2369,i&#39;m so proud :( they did so well ! let&#39;s all do a good job at streaming and make our boys get a win &lt;33,6
TNX,4C7xGubTL90,2022-05-17T10:43:48Z,@soumistharoy,Is koki not there,0
TNX,4C7xGubTL90,2022-05-17T10:43:42Z,@m_papaya2344,OH MY GOD THAT WAS AMAZING 👏  I&#39;M SO PROUD OF THEIR DEBUT!!,3
TNX,4C7xGubTL90,2022-05-17T10:43:37Z,@imgone7,"What a perfect debut, i love them. They are gonna be SO big one day.",8
TNX,4C7xGubTL90,2022-05-17T10:43:36Z,@donghyeonnie7098,TNX debut,0
TNX,4C7xGubTL90,2022-05-17T10:43:35Z,@lucyheartfilia5530,It&#39;s really good,0
TNX,4C7xGubTL90,2022-05-17T10:43:26Z,@vithikaray444,TNX,0
TNX,4C7xGubTL90,2022-05-17T10:43:23Z,@olya.kolom1ec,"Мені сподобалася пісня, вона не мила і її стиль мені подобається 🔥 Сподіваюся вони будуть популярні",0
TNX,4C7xGubTL90,2022-05-17T10:43:20Z,@fatimaricano1125,Wow,1
TNX,4C7xGubTL90,2022-05-17T10:43:18Z,@je_ssi9621,I love this song ❤️❤️❤️❤️,2
TNX,4C7xGubTL90,2022-05-17T10:43:17Z,@emosye,STRESSS GUE MAU NANGISSS LO SEMUA CKEP GITU KEREN GITU SADAR GACKKKK MAU MRHHHHHH,0
TNX,4C7xGubTL90,2022-05-17T10:43:16Z,@cellinediora8571,JUST GET ROOKIE AWARD 2022 ALREADY YOU GUYS DESERVED IT!!,1
TNX,4C7xGubTL90,2022-05-17T10:43:16Z,@aslikll5263,Love And Support from Turkey / U guys did a good job 축하합니다 😎👏,2
TNX,4C7xGubTL90,2022-05-17T10:43:14Z,@youshida7381,Stan tnx,1
TNX,4C7xGubTL90,2022-05-17T10:43:11Z,@claynimnida8179,Finally huhu,0
TNX,4C7xGubTL90,2022-05-17T10:43:08Z,@zacky679,FLOP,0
TNX,4C7xGubTL90,2022-05-17T10:43:04Z,@claynimnida8179,Let&#39;s go boyyssss,0
TNX,4C7xGubTL90,2022-05-17T10:42:52Z,@Ais-chn,Akkhirnyaas,0
TNX,4C7xGubTL90,2022-05-17T10:42:50Z,@l__teume4113,hwi rap 😍,1
TNX,4C7xGubTL90,2022-05-17T10:42:44Z,@qkod7395,"CONGRATULATION FOR YOUR DEBUT BOYS!!!!<br>OMG THIS SONG IS SOOOOOOOOOOOOOOO AMAZINGG!!!<br>LETS GEURRRRRR 2022 ROTY!!!!!<br><br>they&#39;re vocal are improve, and! hwi&#39;s dance IS IMPROVEE SOOOO BIG!!!! kyungjun&#39;s rap is wowwww on fire!!!<br>slow down hyunsoo&#39;s vocal is something!!!!!!!!!<br>HAAAAA YOU GUYS SOOO AMAZING TODAY!!!!! FIGHTING!!!",1
TNX,4C7xGubTL90,2022-05-17T10:42:41Z,@Ais-chn,Woow,0
TNX,4C7xGubTL90,2022-05-17T10:42:40Z,@yunaxx5850,I loveeeeee !!!,0
TNX,4C7xGubTL90,2022-05-17T10:42:39Z,@justthere5354,This song is so damn good! I’m glad to be a pre debut fan of TNX. Congratulations to the members on their debut!,19
TNX,4C7xGubTL90,2022-05-17T10:42:37Z,@Julie-ew5rs,Add me to the fan club 🙋🏻‍♀️! This is so freaking fire 🔥!,1
TNX,4C7xGubTL90,2022-05-17T10:42:37Z,@fg_b,Demorou mais chegou! <br>Parabéns meninos pelo Debute! <br>👏❤️😍,2
TNX,4C7xGubTL90,2022-05-17T10:42:37Z,@mana.tiana12,U DID WELL OMG,1
TNX,4C7xGubTL90,2022-05-17T10:42:32Z,@pjeongwoosburp1755,My babies😍,2
TNX,4C7xGubTL90,2022-05-17T10:42:29Z,@shabor2006,SLAYEDDDDD. this makes me feel so powerful!! This is my new bad bitch anthem,7
TNX,4C7xGubTL90,2022-05-17T10:42:27Z,@sangkim2522,I miss Koki..Congrats TNX on your debut!!..,0
TNX,4C7xGubTL90,2022-05-17T10:42:25Z,@zeptoprah7377,❤❤❤❤❤❤❤❤❤,0
TNX,4C7xGubTL90,2022-05-17T10:42:21Z,@rain._bowpurple,"A sincronia,a performance em si,os vocais,raps,figurinos,está tudo tão perfeito,obrigada por isso amores",0
TNX,4C7xGubTL90,2022-05-17T10:42:17Z,@UbiTumbuk,Ahhh anak2 dah debut 🥺😍,1
TNX,4C7xGubTL90,2022-05-17T10:42:12Z,@kardetikurnia3458,proud of u guys,0
TNX,4C7xGubTL90,2022-05-17T10:42:09Z,@nadyanurafra5737,OMG I LIKE IT♡,0
TNX,4C7xGubTL90,2022-05-17T10:42:06Z,@lifeliho7078,"The MV is like a MOVIE, I like it!",0
TNX,4C7xGubTL90,2022-05-17T10:42:03Z,@saren7830,おめでとう～❤,0
TNX,4C7xGubTL90,2022-05-17T10:41:55Z,@afiaamoako6179,P-Powerful,0
TNX,4C7xGubTL90,2022-05-17T10:41:50Z,@yansquareed,EYYY THIS IS LIT!!,0
TNX,4C7xGubTL90,2022-05-17T10:41:45Z,@hannahdowgiallo,TNX DEBUT AHHHHHHHHHHH,1
TNX,4C7xGubTL90,2022-05-17T10:41:44Z,@ARCELIA-q4y,New fan woow amazing i like them!!,0
TNX,4C7xGubTL90,2022-05-17T10:41:42Z,@lindakeban406,"Gilaa, pembukaan penampilan yang sukses. Ditambah ekspresi Junhyuk yang keren abis😍 Sukses terus TNX",2
TNX,4C7xGubTL90,2022-05-17T10:41:35Z,@zelia8161,Who are your biaşs?,0
TNX,4C7xGubTL90,2022-05-17T10:41:35Z,@hannahdowgiallo,THEY DID THAT !!!!!!!!! AHHHHHHHH TNX BEST BOYS WOW WOW WOW THEY REALLY POPPED OFF MY BOYS WENT OFF WE LOVE TO SEE IT !!!!!!!!!!!!!!!!!,0
TNX,4C7xGubTL90,2022-05-17T10:41:33Z,@yellowc_a_r_dstories1180,Hwi’s rap part make me insane 🫠😭💓,1
TNX,4C7xGubTL90,2022-05-17T10:41:31Z,@liaamalia666,OMG!!<br>Congratulations for your debut!!😭❤️‍🔥,0
TNX,4C7xGubTL90,2022-05-17T10:41:28Z,@roo9642,Good job! It&#39;s good,0
TNX,4C7xGubTL90,2022-05-17T10:41:25Z,@angelisbeltran9339,OMGGGGGGGGGGGG✨🔥🔥💥,0
TNX,4C7xGubTL90,2022-05-17T10:41:23Z,@jynllc,اخيرا,0
TNX,4C7xGubTL90,2022-05-17T10:41:20Z,@rain._bowpurple,QUERO MORAR NESSE EMIVI PARA SEMPRE,0
TNX,4C7xGubTL90,2022-05-17T10:41:20Z,@lalelilolu8986,"Sinceramente estoy sin palabras, les tenía las expectativas altas y las han cumplido totalmente. Un maravilloso debut de un fantástico grupo, enhorabuena chicos 🤍",0
TNX,4C7xGubTL90,2022-05-17T10:41:19Z,@bom_c13,デビューおめでとう！！<br>最高にかっこいいです！,2
TNX,4C7xGubTL90,2022-05-17T10:41:19Z,@soumistharoy,Fnlly,0
TNX,4C7xGubTL90,2022-05-17T10:41:19Z,@mikaelamartillo406,Basta😭😭😭 está muy buena la canción 😭😭♥️♥️♥️ espere mucho para esto 😊,0
TNX,4C7xGubTL90,2022-05-17T10:41:17Z,@rkivejk931,"oh my god I loved it, really, I&#39;m going to show it to my friends, I&#39;m sure she&#39;ll love it as much as I loved it &lt;3",6
TNX,4C7xGubTL90,2022-05-17T10:41:14Z,@boochan8361,I love you❤️❤️❤️❤️❤️❤️,1
TNX,4C7xGubTL90,2022-05-17T10:41:14Z,@Skzoos.1,Congratulations boys I&#39;m so proud of you guys,1
TNX,4C7xGubTL90,2022-05-17T10:41:12Z,@peace6070,"This is Captivating , P nation never disappoints",0
TNX,4C7xGubTL90,2022-05-17T10:41:11Z,@zelia8161,Which country do you support,0
TNX,4C7xGubTL90,2022-05-17T10:41:10Z,@mirianstela6321,"I just wanted to say that happiness describes me right now, it&#39;s nothing more than happiness!  I have really looked forward to this day and it has finally arrived!  So Viewns in Way Up",1
TNX,4C7xGubTL90,2022-05-17T10:41:07Z,@yutodayy2176,OMGGGG MY BOYS FINALLY DEBUT 😭😭😭😭,0
TNX,4C7xGubTL90,2022-05-17T10:41:07Z,@pjeongwoosburp1755,I love you boys!!,1
TNX,4C7xGubTL90,2022-05-17T10:41:06Z,@pamirka2503,💫⭐🥇🔝🔥🔥🔥🔥🔥🔥,0
TNX,4C7xGubTL90,2022-05-17T10:41:04Z,@rafaelacardoso2655,EUNHWI CENTER É O MOTIVO DO MEU COLAPSO DOUTOR,0
TNX,4C7xGubTL90,2022-05-17T10:41:03Z,@iakoiako5665,great debut! well done p nation and tnx &lt;3 support them &lt;3,1
TNX,4C7xGubTL90,2022-05-17T10:40:57Z,@pamirka2503,😎😎😎😎😎😎😎,0
TNX,4C7xGubTL90,2022-05-17T10:40:56Z,@heyshayyl0l906,Okay but fire assss song. Everything was great vocals🔥the rap line 🔥 the choreograph 🔥 the lyrics everything !!! Great Job 👏🏽,0
TNX,4C7xGubTL90,2022-05-17T10:40:56Z,@menicvrs,CONGRATULATIONS FOR YOUR DEBUT!! <br>난 네가 너무 자랑스러워!!! 화이팅!,0
TNX,4C7xGubTL90,2022-05-17T10:40:54Z,@jwsbrns4162,IM SO PROUD OF U GUYS CONGRATS ON UR DEBUT MY BOYS,6
TNX,4C7xGubTL90,2022-05-17T10:40:53Z,@zelia8161,Cok guzel,0
TNX,4C7xGubTL90,2022-05-17T10:40:47Z,@zelia8161,Amazing,0
TNX,4C7xGubTL90,2022-05-17T10:40:46Z,@kaisendbd,TNX es el próximo BTS pero MEJOR,0
TNX,4C7xGubTL90,2022-05-17T10:40:42Z,@phu5357,Omg! Hwi&#39;s rap part is on another level<br>I think hwi should get more rap part. his rap is so fine 😩🖐🏻,0
TNX,4C7xGubTL90,2022-05-17T10:40:38Z,@vithu5134,"OMG THIS SONG IS SO GOOD !! Their dancing, vocals and raps are on point ! Makes me proud to say that I am a predebut fan",57
TNX,4C7xGubTL90,2022-05-17T10:40:36Z,@byunyunji,YEEEEE FINALLY!!! ❤❤❤❤❤❤,1
TNX,4C7xGubTL90,2022-05-17T10:40:36Z,@kaisendbd,TNX is the next BTS but BETTER,3
TNX,4C7xGubTL90,2022-05-17T10:40:29Z,@pjeongwoosburp1755,So proud!🥰💖,2
TNX,4C7xGubTL90,2022-05-17T10:40:26Z,@rafaelacardoso2655,AAAAAAAAAAAAAAAAAAAAAAAAAAAAAAAAAAAAAAAAAA,0
TNX,4C7xGubTL90,2022-05-17T10:40:26Z,@Hantock,I&#39;m so happy for them !<br>This debut is everything I needed.<br>I hope them the best.<br>Long live TNX ❤,14
TNX,4C7xGubTL90,2022-05-17T10:40:25Z,@Aysoo7,اوووووه ماااای فاکینگ گاااااد <br>خیلی خووووب بوووود واییییییییییی اشکام😭😭,0
TNX,4C7xGubTL90,2022-05-17T10:40:14Z,@Edson5229,"O début ficou maravilhoso, muito orgulho dos meus bbs, só senti falta do Koki",0
TNX,4C7xGubTL90,2022-05-17T10:40:11Z,@khadijahsapuan2432,congrats our boys!!,0
TNX,4C7xGubTL90,2022-05-17T10:40:10Z,@ninahess7738,I’m obsessed with this aghhhh😍😍😍😍😭😭,1
TNX,4C7xGubTL90,2022-05-17T10:40:08Z,@meilyng246,"que puedo decir? esto me dejó sin palabras AAAAAAAHHH simplemente increíble!! amé todo, el mv es increíble, la canción es increíble, la actuación de los chicos es increíble, todo es completamente increíble &lt;33 estoy demasiado orgullosa de estos chicos, desde verlos pasar por un programa de supervivencia a por fin verlos debutar, es como si este día nunca fuera a llegar pero aquí estamos hoy, y no puedo estar más que feliz. en serio espero que el mundo aprecie el talento y el valor que tienen mis 6 chicos, porque tienen demasiado potencial y se merecen mucho reconocimiento, así que les deseo lo mejor de lo mejor, mucha suerte en este nuevo viaje, que estoy segura que compartiremos juntos hasta el final &lt;3 los amo muchísimo!!",0
TNX,4C7xGubTL90,2022-05-17T10:40:03Z,@byeol85,Up,0
TNX,4C7xGubTL90,2022-05-17T10:39:59Z,@nafeesah8340,How is this a debut group because it doesn&#39;t look or sound anything like a debut song. Damnn,3
TNX,4C7xGubTL90,2022-05-17T10:39:56Z,@sangchanluvr,"ngl one of the best boy group debut for a long time ! stanned them since loud , i just hope for the best ! 🫶🏻🫶🏻🫶🏻",0
TNX,4C7xGubTL90,2022-05-17T10:39:54Z,@macta5183,terbikyeo bikyeo 👍,1
TNX,4C7xGubTL90,2022-05-17T10:39:49Z,@user-oq9lx8pm9e,nice,0
TNX,4C7xGubTL90,2022-05-17T10:39:48Z,@hanadfuad7417,best debut ever,0
TNX,4C7xGubTL90,2022-05-17T10:39:44Z,@jelitahidayati751,Finally my boys ^^,0
TNX,4C7xGubTL90,2022-05-17T10:39:44Z,@__jyc609,"give more love and support to their song, they have real talents!",0
TNX,4C7xGubTL90,2022-05-17T10:39:43Z,@ferryferry1152,🤟🏻🤟🏻🤟🏻🤟🏻🤟🏻🤟🏻🔥🔥🔥🔥🔥🔥🔥,0
TNX,4C7xGubTL90,2022-05-17T10:39:43Z,@nasywaadita6433,"this is so cool, no regrets waiting for you guys",1
TNX,4C7xGubTL90,2022-05-17T10:39:35Z,@kurniapp,Yang ditunggu-tunggu akhirnya 😭,0
TNX,4C7xGubTL90,2022-05-17T10:39:35Z,@marinaishak1310,wow... exceed my expectations,0
TNX,4C7xGubTL90,2022-05-17T10:39:31Z,@soondoongdori7978,"I can&#39;t believe the day has finally came!! Congratulations on your debut🥳 this whole album is a masterpiece. As expected, our pnation boys! Cross fingers on your next journey. I&#39;ll always be here rooting for you fightinggg 🤜🏻🤛🏻❣️",0
TNX,4C7xGubTL90,2022-05-17T10:39:28Z,@dv6430,Song so good,0
TNX,4C7xGubTL90,2022-05-17T10:39:26Z,@patarm05,STAN TNX Y&#39;ALL !!!!!,0
TNX,4C7xGubTL90,2022-05-17T10:39:23Z,@hebeshino8909,The rap in on another level,0
TNX,4C7xGubTL90,2022-05-17T10:39:20Z,@Christine-vk4ox,Yeyeyeyeyyeyeyeye,0
TNX,4C7xGubTL90,2022-05-17T10:39:14Z,@jezamaetupong4340,T-Rexes!!!!!!Guyssss If our babies ever have a basher or hater on their way to their dream<br>Let&#39;s sing this song to those immas okay??? This will be such a great counter attack＼(^o^)／,0
TNX,4C7xGubTL90,2022-05-17T10:39:11Z,@Zahra-azz,"As I commented on Instagram, it was cool,everything was in a right situation; I mean coreography,moves,music production and so on beside such talented and unique boys,I mean every thing was good,well done every one,but there is sth else that I don&#39;t know why but st melody and music reminded me of &quot;Domino&quot; by SKZ.Any way it was good and I hope you guys shiny days and future and accomplishments 🌻🤘🏻",0
TNX,4C7xGubTL90,2022-05-17T10:39:09Z,@BBubblegum-ou5wq,Great song :),0
TNX,4C7xGubTL90,2022-05-17T10:39:00Z,@mayyamonephoo4461,Deserve waiting,0
TNX,4C7xGubTL90,2022-05-17T10:38:59Z,@akariayala1987,Joya que es 🔥🔥,0
TNX,4C7xGubTL90,2022-05-17T10:38:54Z,@arditisarasati7474,Congratulations for your debut,0
TNX,4C7xGubTL90,2022-05-17T10:38:53Z,@akariayala1987,Me encanta 🔥🔥🔥,0
TNX,4C7xGubTL90,2022-05-17T10:38:50Z,@ulfiatunnasiha2812,Keren bgt kalian nak T_T,0
TNX,4C7xGubTL90,2022-05-17T10:38:41Z,@untilzh,moveeee!,0
TNX,4C7xGubTL90,2022-05-17T10:38:34Z,@AlizSanthisiri,ดี,1
TNX,4C7xGubTL90,2022-05-17T10:38:27Z,@satcheltallula8771,SO PROUD OF YOU BOYS,0
TNX,4C7xGubTL90,2022-05-17T10:38:25Z,@mariagabriela2457,congratulations on the debut 🥳,0
TNX,4C7xGubTL90,2022-05-17T10:38:21Z,@Mati_ell,Omfg <br>I just love it :) <br>been waiting so long for them and it totally worth it,0
TNX,4C7xGubTL90,2022-05-17T10:38:18Z,@cbg01,Congratulations on your debut ❤️,0
TNX,4C7xGubTL90,2022-05-17T10:38:17Z,@divewithcharlene,its SO FREAKING GOOD!!!! the beat is so intense and crazy and i died within the first 10 secs JUNHYEOK IS SO FREAKING CHARISMATIC T_T when junhyeok said &quot;비켜라 비켜&quot; literally on fire!!!!!!!!!!!!!!,0
TNX,4C7xGubTL90,2022-05-17T10:38:14Z,@peace6070,YAYYYY FINALLYYY <br>MOVE,0
TNX,4C7xGubTL90,2022-05-17T10:38:11Z,@itaakkneolaka7479,omggddd terharu sekali,0
TNX,4C7xGubTL90,2022-05-17T10:38:08Z,@shabor2006,TNX DEBUT LET‘S GOOO 💖💖,0
TNX,4C7xGubTL90,2022-05-17T10:38:07Z,@rain._bowpurple,O DEBUTE DO ANO,0
TNX,4C7xGubTL90,2022-05-17T10:37:57Z,@vianandadwsf7917,Finally🥰🥰,0
TNX,4C7xGubTL90,2022-05-17T10:37:55Z,@rain._bowpurple,mds e lançou o hino,0
TNX,4C7xGubTL90,2022-05-17T10:37:53Z,@mariagabriela2457,Tá tudo muito perfeito,0
TNX,4C7xGubTL90,2022-05-17T10:37:48Z,@minovansong6317,sabi ko YGA&amp;SMA na lang ang isstan ko eh🥲,0
TNX,4C7xGubTL90,2022-05-17T10:37:47Z,@さち-s7t,これは傑作です！デビュー作おめでとうございますTNX ！私は成功を願っています 。おめでとうございます ！,1
TNX,4C7xGubTL90,2022-05-17T10:37:43Z,@mariagabriela2457,Wooou incrível,0
TNX,4C7xGubTL90,2022-05-17T10:37:41Z,@lizeeth_1.hannie715,Esto es Arte 💓Grandioso Debut,0
TNX,4C7xGubTL90,2022-05-17T10:37:40Z,@polina5649,"полностью оправдали ожидания! клип потрясающий, песня тоже, альбом буду заслушивать до дыр! уверена, они станут очень популярными !!!!",0
TNX,4C7xGubTL90,2022-05-17T10:37:35Z,@istanexo1485,"Tnx : Shhh, get out my way.",0
TNX,4C7xGubTL90,2022-05-17T10:37:30Z,@htunkaythweaung285,I&#39;m so proud of you guys <br>I&#39;m really happy to see your success,0
TNX,4C7xGubTL90,2022-05-17T10:37:26Z,@ericaaguirre7617,Me encantó!!! Espero que crezcan mucho como grupo♡♡♡♡♡♡,0
TNX,4C7xGubTL90,2022-05-17T10:37:24Z,@mina-qw7yc,You are the best,0
TNX,4C7xGubTL90,2022-05-17T10:37:16Z,@chocolatecomorangos,"p nation creating legends yes!<br>what to talk about tnx, the 6 boys have a lot of talent, their vocals, dance, rap the look everything about them draws attention, I&#39;m sure they will be a great 4th generation k-pop group, and I&#39;ll be following them from the beginning 🥺 I already love you guys so much, contain me for everything 💗✨<br><br>(ps: a tnx fan from brazil 🇧🇷 )",28
TNX,4C7xGubTL90,2022-05-17T10:37:14Z,@nursalsabila6743,Akhirnya yg ku tunggu² 😭😭my kyung jun🤧🤧,0
TNX,4C7xGubTL90,2022-05-17T10:37:13Z,@k0bsessed,"The looks, their voices, the dance moves🔥🔥🔥🔥",6
TNX,4C7xGubTL90,2022-05-17T10:37:10Z,@Jess-ds5xy,Congratulations for your debut!!!! I&#39;m so proud of you guys. I really like the song. It&#39;s really addicting. And the mv is so eye-catching and of course you guys are really awesome!! Thank youuu for your hardwork guys!! Saranghaeeeee S2,0
TNX,4C7xGubTL90,2022-05-17T10:37:04Z,@callistaeugene5617,Selamat atas debut kalian ❤️😍🥰,0
TNX,4C7xGubTL90,2022-05-17T10:37:02Z,@poyta2030,"Congratulations TNX for a Successful debut💕<br>I miss Koki, I hope he joins the team someday when he&#39;s ready 🙏",0
TNX,4C7xGubTL90,2022-05-17T10:37:02Z,@ela1989,데뷔 축하해,0
TNX,4C7xGubTL90,2022-05-17T10:37:00Z,@cuz_im_a_1076,This debut is insanely good,1
TNX,4C7xGubTL90,2022-05-17T10:36:58Z,@xuxiiilucass,slayed,0
TNX,4C7xGubTL90,2022-05-17T10:36:47Z,@eekadil1401,"Dangggggggggg!...when  junhyeok said “Sshhh...get out of my way&quot; is literally me sayaing Ssh..get out of my way cause I&#39;m rooting for this group😎...<br><br>I felt every member is the center, I mean...they so goooooddddd... They were unique... expression, singing, rapping, dancing, visual?? Gosh..every member is on point! <br>I love every members🥰<br><br><br>The song lyrics also for me motivated...🤭..<br><br>Happy debuttttt TNX!!! We gotta make it lauder everyone 🤣",11
TNX,4C7xGubTL90,2022-05-17T10:36:39Z,@veysean,"Welcome to the world my boys, lets walk in the flower path.. <br>TNX world domination, fighting",0
TNX,4C7xGubTL90,2022-05-17T10:36:38Z,@abril3866,LOS AMOOO,0
TNX,4C7xGubTL90,2022-05-17T10:36:37Z,@ravzaaslan4096,Başarılar,0
TNX,4C7xGubTL90,2022-05-17T10:36:30Z,@nouvalsabili7972,BUTT THE VIEWERS WHY SO FREEZE😭,2
TNX,4C7xGubTL90,2022-05-17T10:36:23Z,@ateezateez6261,This is DOPE,0
TNX,4C7xGubTL90,2022-05-17T10:36:17Z,@deeweeboyzbtopink9725,This is just the start…I am so happy and will support tnx forever!Fighting TNX,0
TNX,4C7xGubTL90,2022-05-17T10:36:11Z,@nouvalsabili7972,잘한다!!!,1
TNX,4C7xGubTL90,2022-05-17T10:36:08Z,@aureliarusly740,congrats on your debut TNX!!!,0
TNX,4C7xGubTL90,2022-05-17T10:36:08Z,@paulpamr,"AKHIRNYA DEBUT JUGA PARA BUJANGKU INI, SEMOGA SUKSES&lt;3",1
TNX,4C7xGubTL90,2022-05-17T10:36:08Z,@wayup3136,It&#39;s BOP🤑☺😊,0
TNX,4C7xGubTL90,2022-05-17T10:36:07Z,@brisagalean77,Omg son geniales!!!,0
TNX,4C7xGubTL90,2022-05-17T10:36:03Z,@nelvi_7,Felicidades por tu debut TNX!!!!,0
TNX,4C7xGubTL90,2022-05-17T10:35:57Z,@moonmaysll172,"TNX kill all rookies perfect MV, rap, vocals, visual  congratulations 👏❤️❤️",0
TNX,4C7xGubTL90,2022-05-17T10:35:55Z,@reasilva8062,STREAMMMMMM MOVE AND MY FAV LINE THAT GOT ME HOOKED &quot;bikyeora bikyeo&quot; AHH YEZZZ LEZGO TNX,0
TNX,4C7xGubTL90,2022-05-17T10:35:50Z,@ncyamelia8986,Keren woee😭❤️❤️,0
TNX,4C7xGubTL90,2022-05-17T10:35:49Z,@nunaa1124,"So excited... Finally, after waiting so long. Love you guys from Bali Indonesia",0
TNX,4C7xGubTL90,2022-05-17T10:35:48Z,@xhulixhani,"I can see psy really loves ateez, this song reminds me so much of ateez style and adding p nation, I really love this.<br>Cheon Junhyeok&#39;s vocals reminds me so much stray kids IN&#39;s vocals.<br>The song is very addicting.<br>I was waiting for their debut and I can say this didn&#39;t disappoint me.<br>Let&#39;s go TNX",0
TNX,4C7xGubTL90,2022-05-17T10:35:47Z,@alexandra.silvariquez,"Amo, se que llegarán lejos",0
TNX,4C7xGubTL90,2022-05-17T10:35:43Z,@philolatte,"Congratulations TNX for your first step, excellent debuted 🥳🎉❤️ This song is very very cool 💯 Loved it!",0
TNX,4C7xGubTL90,2022-05-17T10:35:42Z,@teamojeongin,Vamoos,1
TNX,4C7xGubTL90,2022-05-17T10:35:37Z,@millo9085,Noice,0
TNX,4C7xGubTL90,2022-05-17T10:35:35Z,@midzyatiny6435,The beginning of new legends! The new six!!!!,0
TNX,4C7xGubTL90,2022-05-17T10:35:31Z,@aureliarusly740,Let&#39;s go TNX!!!,0
TNX,4C7xGubTL90,2022-05-17T10:35:20Z,@justfine6610,just how can this mv get more likes than views? we should stream this mv guysss🔥,1
TNX,4C7xGubTL90,2022-05-17T10:35:19Z,@euphori_cc,This is FIRE 🔥. Gives me STRAY KIDS vibe.,0
TNX,4C7xGubTL90,2022-05-17T10:35:17Z,@alexandra.silvariquez,.,0
TNX,4C7xGubTL90,2022-05-17T10:35:15Z,@karmila9055,waaaa my babies finally debuttt im a happy and proud online sister ㅠ_ㅠ,0
TNX,4C7xGubTL90,2022-05-17T10:35:11Z,@myunook1,louders -&gt; ploud -&gt; their fandom name,0
TNX,4C7xGubTL90,2022-05-17T10:35:09Z,@cookiefile,"Congratulation on your debut, TNX!!! The song is very cacthy especially the chorus! Liked it soo much ❤",0
TNX,4C7xGubTL90,2022-05-17T10:35:08Z,@cloudmae,🔥🔥🔥,0
TNX,4C7xGubTL90,2022-05-17T10:35:04Z,@i.m3541,beautiful,0
TNX,4C7xGubTL90,2022-05-17T10:35:04Z,@Shreyaa-v9b,excusee meee? best debut ever 🔥,1
TNX,4C7xGubTL90,2022-05-17T10:35:02Z,@abiimurillo3094,Puedo decir que los sigo desde predebut y ahora que debutaron estoy realmente  feliz  me mataron  con tremendo  debut mis amores arte ameee❤❤❤❤❤❤❤ aqui apoyarlos siempre,1
TNX,4C7xGubTL90,2022-05-17T10:34:55Z,@romanticpia,they finally did it! Oh my gosh! Move!!!!,0
TNX,4C7xGubTL90,2022-05-17T10:34:52Z,@karenaragon740,La canción es muy buena es 100% adictiva  el rap increíble y la coreografía está a otro nivel perfecta si duda TXN desborda talento está rola es debut ahora se imaginan las próximas uffff🔥🔥🔥🔥,2
TNX,4C7xGubTL90,2022-05-17T10:34:51Z,@cynthiapheonix1509,congratulations on your debut !!!!<br>been waiting for this day since so longgg<br>so proud of all of youu!!♡,0
TNX,4C7xGubTL90,2022-05-17T10:34:46Z,@s_nrl,i came because it&#39;s shows in my home and oh wow i am impressed and amazed! you are all so good! congratulation on your debut!,0
TNX,4C7xGubTL90,2022-05-17T10:34:42Z,@belle132,"Love this!! As usual, P Nation artists didn’t disappoint! All the best to TNX!!!",13
TNX,4C7xGubTL90,2022-05-17T10:34:38Z,@uswatun_hasanah8810,pnation vibes,1
TNX,4C7xGubTL90,2022-05-17T10:34:36Z,@kytoo78,"Excellent début!!!👏👏👏👏 Ce titre semble toutefous résonner à mes oreilles comme un mélange de SKZ et ATEEZ...je déplore ce manque d&#39;originalité, mais sinon, je valide!",0
TNX,4C7xGubTL90,2022-05-17T10:34:35Z,@sqnlv,ARE THE VIEWS STUCK????!!!!,3
TNX,4C7xGubTL90,2022-05-17T10:34:34Z,@myatthwekhine5855,"WoW WoW Wow!!!<br>What an amazing debut song? This is such an unique  debut mv. Their visuals,charisma,talent,vocal and raps, everything are so so perfect. I&#39;m so proud of you. Congrats for your debut. Fighting TNX. I&#39;ll support you.",6
TNX,4C7xGubTL90,2022-05-17T10:34:31Z,@neepnyyp,Congrats on debuting TNX!!!,2
TNX,4C7xGubTL90,2022-05-17T10:34:31Z,@risqiashauma,와ㅏㅏㅏㅏㅏ 넘 좋다ㅏㅏㅏㅏ ㅠㅠ,2
TNX,4C7xGubTL90,2022-05-17T10:34:31Z,@zawlynnhtoo3030,TNX is on Fireee<br>PNATION the best,1
TNX,4C7xGubTL90,2022-05-17T10:34:29Z,@htunkaythweaung285,my babies are finally debuted,1
TNX,4C7xGubTL90,2022-05-17T10:34:22Z,@yeahhigherthanskytree3042,loudって単語入ってるだけで愛,2
TNX,4C7xGubTL90,2022-05-17T10:34:21Z,@Amalia-r2f,I’ve nothing to say. Its really perfect!!!ㅠㅠ,4
TNX,4C7xGubTL90,2022-05-17T10:34:20Z,@martu5226,"You don&#39;t know how much I waited for this debut, I loved it, everything is perfect. EUNHWI I LOVE YOU",20
TNX,4C7xGubTL90,2022-05-17T10:34:19Z,@princyleitanthem1322,Hwi&#39;s rap is on another level!!! Congratulations for your debut TNX....,7
TNX,4C7xGubTL90,2022-05-17T10:34:09Z,@rosieposie4203,AAAA THIS SOOO GOOD BRO,1
TNX,4C7xGubTL90,2022-05-17T10:34:08Z,@urmn_,Suka banget,1
TNX,4C7xGubTL90,2022-05-17T10:33:54Z,@vinherlhal9497,Wow lo hicieron genial chicos.,1
TNX,4C7xGubTL90,2022-05-17T10:33:53Z,@risqiashauma,와... 진짜 짱이야~~ 애들아ㅏㅏㅏ 많이 수고했어 잘했어유ㅜㅜㅜ 데뷔를 축하해~ 난 항상 응원할께!,8
TNX,4C7xGubTL90,2022-05-17T10:33:53Z,@armyforlife8309,LETS KEEP STREAMING FAM,1
TNX,4C7xGubTL90,2022-05-17T10:33:47Z,@hebeshino8909,This is so good !!!,1
TNX,4C7xGubTL90,2022-05-17T10:33:34Z,@mariastyles4594,this is so good they are so talented,3
TNX,4C7xGubTL90,2022-05-17T10:33:32Z,@Francescapesenti,Bomb,2
TNX,4C7xGubTL90,2022-05-17T10:33:26Z,@mellgutierrez1867,"la canción y el MV son tan buenas, y la parte del rap es muy adictivo, amo esto!!!",5
TNX,4C7xGubTL90,2022-05-17T10:33:24Z,@qqaini8067,Congrasttttttt!!!,1
TNX,4C7xGubTL90,2022-05-17T10:33:24Z,@sorato5737,おめでとう〜！！<br>待ってたよ！！<br>長かったね。人生色んなことがあるけど、今がすべて。頑張ったね。<br>自信持って立ち止まらず進め〜😉✨<br>応援してます。<br>日本🇯🇵のTV番組にも出てね〜！！,2
TNX,4C7xGubTL90,2022-05-17T10:33:21Z,@cutietaeil5473,ANJIR KEREN BANGETTTT WOII AHDJAJSKSK SEMANGAT YA GAISSSS,2
TNX,4C7xGubTL90,2022-05-17T10:33:16Z,@ferenycca15,GO GO GO!,2
TNX,4C7xGubTL90,2022-05-17T10:33:09Z,@chapeaudeplumes,"this is soooooooo sick, these are gonna make a real louder sound🤚🏻",1
TNX,4C7xGubTL90,2022-05-17T10:33:03Z,@จ๋องจ๋อย-บ4ฮ,อู้ววววววววว ดีงามมากน้ำตาจะไหลเดสักที🤘🤞🤟❤️💜🤍💙,3
TNX,4C7xGubTL90,2022-05-17T10:33:00Z,@mennaamr6821,So good,0
TNX,4C7xGubTL90,2022-05-17T10:33:00Z,@memaiavila3337,HWI 🥺,0
TNX,4C7xGubTL90,2022-05-17T10:32:50Z,@lili.pinkbp,&lt;333,0
TNX,4C7xGubTL90,2022-05-17T10:32:49Z,@dew.dewiasti,ASOY BENER LAGUNYA 😍😍😍,0
TNX,4C7xGubTL90,2022-05-17T10:32:47Z,@LázaraGonzález-i8j,Im so happy for them 🎉🔥🎉,0
TNX,4C7xGubTL90,2022-05-17T10:32:44Z,@lisamniezt,aaaaaaa gilaaaa,1
TNX,4C7xGubTL90,2022-05-17T10:32:42Z,@shamma5236,Everything about this video is perfect.,0
TNX,4C7xGubTL90,2022-05-17T10:32:41Z,@shhtt_treasure8545,Asli dah mereka grup ke 2 yg ku ikutin mulai dari survival sampe debut,2
TNX,4C7xGubTL90,2022-05-17T10:32:39Z,@rizkywahyudiana,WAH GILA KEREN BANGET DEMI APAPUN😭,1
TNX,4C7xGubTL90,2022-05-17T10:32:38Z,@sakujensoo,Good song 🎶,1
TNX,4C7xGubTL90,2022-05-17T10:32:38Z,@joharanascimento6731,Everything is PERFECT!!!!!!! congratulations boys ❤️,2
TNX,4C7xGubTL90,2022-05-17T10:32:37Z,@Jewelmalquisto,WOW! are yall sure this is a rookie? new boy group? why they look so damn powerfull? their expression despite their young age? the presence?! woww. the fact their voices also compliment to each other. sync &amp; chemistry? OKAYY BIGGEST BOY GROUP IN THE MAKING!,18
TNX,4C7xGubTL90,2022-05-17T10:32:33Z,@elidannn9469,Its super debut song . No words,0
TNX,4C7xGubTL90,2022-05-17T10:32:31Z,@sabrinaelias3389,Too good to be true!,0
TNX,4C7xGubTL90,2022-05-17T10:32:24Z,@histarmya9899,Essa música vai ser um hit,0
TNX,4C7xGubTL90,2022-05-17T10:32:23Z,@shunflwrs,Bruh the rap 🔥🔥🔥🔥🔥,0
TNX,4C7xGubTL90,2022-05-17T10:32:14Z,@rubychongneihhoih4297,Wowowowow. Congratulations my boys on your debut u guys have a long way to go .❤️❤️❤️❣️💖 Fighting 💪,0
TNX,4C7xGubTL90,2022-05-17T10:32:08Z,@rubasabir1507,Ommmmg I Looove itttt so much😩❤️❤️❤️❤️❤️❤️❤️,0
TNX,4C7xGubTL90,2022-05-17T10:32:06Z,@daehyunnn,Yeayyyyyy congratulations🎉👏,0
TNX,4C7xGubTL90,2022-05-17T10:32:01Z,@shhtt_treasure8545,Congratulations TNK,0
TNX,4C7xGubTL90,2022-05-17T10:31:59Z,@angelinasone,kyungjun!!!!!!!!!!!!!,0
TNX,4C7xGubTL90,2022-05-17T10:31:58Z,@حورعلي-ظ7ن,اسطووووره❤😭,0
TNX,4C7xGubTL90,2022-05-17T10:31:56Z,@leihnkim265,와우 내 생일에 데뷔한다😁🥰🥰🥰나는 이 노래를 정말 사랑하고 이것을 반복해서 본다.😁🥰,1
TNX,4C7xGubTL90,2022-05-17T10:31:49Z,@rosystone4340,Need to stan talent ❤️‍🔥,1
TNX,4C7xGubTL90,2022-05-17T10:31:47Z,@hoonssoulmate446,Oh wow this song is a bop and a swag at the same time. I guess another group to stan,2
TNX,4C7xGubTL90,2022-05-17T10:31:44Z,@oddball.99,Shy Boy  you impress me so well OMG 😭😭😭😭😭,2
TNX,4C7xGubTL90,2022-05-17T10:31:39Z,@ishmahsaamiah2369,TNX MANTEPPPPP,0
TNX,4C7xGubTL90,2022-05-17T10:31:39Z,@mellgutierrez1867,"WOW!!!! esto es realmente adictivo, me encanta.. el MV es asombroso ,sus voces son tan perfectas .",14
TNX,4C7xGubTL90,2022-05-17T10:31:38Z,@stankazhua4807,Bikyora bikyo🔥,1
TNX,4C7xGubTL90,2022-05-17T10:31:37Z,@shunflwrs,JUNHYEOK PART IM IN LOVEEEEE😭😭😭😭😭😭😭😭😭😭,1
TNX,4C7xGubTL90,2022-05-17T10:31:35Z,@annie6875,opa ta wena la cancion 😋,1
TNX,4C7xGubTL90,2022-05-17T10:31:31Z,@soumyatak4402,"I love it so muchh<br>This showcases their talent and can&#39;t wait for them to be more polished than they already are at debut, Hwi&#39;s rap was out standing and we&#39;ll Jun hyeok is just too good as always, every member shone equally so I like it a lot.<br><br><br><br><br><br><br><br><br><br><br>Particularly Eun Hwi&#39;s rap was too good for a rookie, idk just my opinion",9
TNX,4C7xGubTL90,2022-05-17T10:31:30Z,@je_ssi9621,wooooo ❤️🔥🔥🔥 I love it,0
TNX,4C7xGubTL90,2022-05-17T10:31:25Z,@nusaibahfatih7385,DAAAAAAEEEEEBAAAAAAAAAK,0
TNX,4C7xGubTL90,2022-05-17T10:31:22Z,@ferenycca15,"<a href=""http://www.youtube.com/results?search_query=%23trending"">#TRENDING</a> 1",2
TNX,4C7xGubTL90,2022-05-17T10:31:09Z,@sofiarestrepo9967,AMOOOOOO 😍😍😍,1
TNX,4C7xGubTL90,2022-05-17T10:31:05Z,@lauramonteiro1042,Debut de milhões,2
TNX,4C7xGubTL90,2022-05-17T10:31:05Z,@brigita_dw,So we already get 34k likes and only 7k views :&quot;) youtube is freezing skskskks,2
TNX,4C7xGubTL90,2022-05-17T10:31:01Z,@shhtt_treasure8545,Ini maksud nya gimana show case nya udah 12 rb ini belum segitu,1
TNX,4C7xGubTL90,2022-05-17T10:31:00Z,@histarmya9899,"Essa música é tão viciante,os meninos são super talentosos merecem tudo!",1
TNX,4C7xGubTL90,2022-05-17T10:31:00Z,@scaarndhope.4171,meus menininhos vão chegar bem longe ainda (✿ ♡‿♡),1
TNX,4C7xGubTL90,2022-05-17T10:30:55Z,@ferenycca15,"<a href=""http://www.youtube.com/results?search_query=%23trending"">#TRENDING</a> 1",2
TNX,4C7xGubTL90,2022-05-17T10:30:53Z,@shunflwrs,THIS DEBUT SONG IS SOO AAAAAAAA im addicted,2
TNX,4C7xGubTL90,2022-05-17T10:30:50Z,@herom5645,Amazing,2
TNX,4C7xGubTL90,2022-05-17T10:30:48Z,@oddball.99,Left no crumbs seriously 😭😭🥵🔥❤️🏁,2
TNX,4C7xGubTL90,2022-05-17T10:30:47Z,@user-tt1ys6mg3e,Congrats!!! 💙💙,1
TNX,4C7xGubTL90,2022-05-17T10:30:45Z,@ahamli0805,If u need something just go and listen TNX <br>Stan TNX for better life,1
TNX,4C7xGubTL90,2022-05-17T10:30:41Z,@zulaika5209,MAAF OOT TAPI POWER MEREKA. POWER HYBE BANGET 🙏😭,2
TNX,4C7xGubTL90,2022-05-17T10:30:40Z,@bunumgr6926,Such a great song for debut<br>Hope TNX will rock with their music in future too,8
TNX,4C7xGubTL90,2022-05-17T10:30:38Z,@brisa2437,I&#39;m going to listen to this song yes or yes! 😌💗,2
TNX,4C7xGubTL90,2022-05-17T10:30:34Z,@krystalg02,"Hwi, I love you",0
TNX,4C7xGubTL90,2022-05-17T10:30:26Z,@nanachannel5304,Let&#39;s go my boy&#39;s 🔥🔥🔥,0
TNX,4C7xGubTL90,2022-05-17T10:30:24Z,@marzih3604,😘😘,0
TNX,4C7xGubTL90,2022-05-17T10:30:18Z,@krystalg02,Amazing,0
TNX,4C7xGubTL90,2022-05-17T10:30:18Z,@devjim13,Wawwwww daebak..,0
TNX,4C7xGubTL90,2022-05-17T10:30:14Z,@dandan61121,Going on my way,0
TNX,4C7xGubTL90,2022-05-17T10:30:11Z,@keksiyoko4296,wow I hope you all get famous as soon as possible!💗,0
TNX,4C7xGubTL90,2022-05-17T10:30:09Z,@dindaangellyna8280,congrats on your debut👏🏻I&#39;m so proud of all of you 💗,0
TNX,4C7xGubTL90,2022-05-17T10:30:08Z,@shunflwrs,I HAVE SUCH HIGH EXPECTATIONS FOR THEM AAAA this is one of the most powerful debut song 🔥🔥🔥🔥,13
TNX,4C7xGubTL90,2022-05-17T10:29:57Z,@scaarndhope.4171,"BOY, EU ESPEREI TANTO POR ISSO, MISERICÓRDIA, QUE LACRE É ESSE??? MITOU MUITO!!!!",0
TNX,4C7xGubTL90,2022-05-17T10:29:56Z,@lindakeban406,Luv you all❤,1
TNX,4C7xGubTL90,2022-05-17T10:29:54Z,@dandan61121,Out of my way,0
TNX,4C7xGubTL90,2022-05-17T10:29:42Z,@crom194,Mi piace un casino! Congratulazioni per il debutto!!!,1
TNX,4C7xGubTL90,2022-05-17T10:29:41Z,@lindakeban406,Congratsss TNX❤❤❤❤❤❤🎉,2
TNX,4C7xGubTL90,2022-05-17T10:29:39Z,@ぽぽ-e8z6k,はぁ…もう泣いてる😭<br>やっとだ😭どんだけ待たせんだ😭<br>売れた頃にはもう兵役😭<br>ほんとに泣く😭<br>長く練習生をしてきた子たち、たくさん期待させられてきた子たちがこのあっという間のアイドル人生をこれからも健やかに過ごせます様に😭愛してる😭,1
TNX,4C7xGubTL90,2022-05-17T10:29:38Z,@taynara5315,This is a great debut,1
TNX,4C7xGubTL90,2022-05-17T10:29:36Z,@dududu1405,"YALL THIS IS VERYVVEYR GOOD SHARE THIS, SUPPORT TNX 🙏",2
TNX,4C7xGubTL90,2022-05-17T10:29:34Z,@itsmeyedu1573,It&#39;s so cool <br>I Love it so much ♡,1
TNX,4C7xGubTL90,2022-05-17T10:29:32Z,@leechanluvvv,YAAAAAAAAYYYY TNX DEBUTTTTT,1
TNX,4C7xGubTL90,2022-05-17T10:29:31Z,@zlabtorry,"My Son&#39;s finally debut, i&#39;m proud of you",0
TNX,4C7xGubTL90,2022-05-17T10:29:20Z,@jierasam9829,OMGGG FREAKING LIT YALL 🔥🔥🔥,0
TNX,4C7xGubTL90,2022-05-17T10:29:16Z,@taynara5315,This song is so good,0
TNX,4C7xGubTL90,2022-05-17T10:29:14Z,@pome-k4c,すきです,1
TNX,4C7xGubTL90,2022-05-17T10:29:14Z,@mahathirbarachielarcebuche1330,The rap verses wowwwww,0
TNX,4C7xGubTL90,2022-05-17T10:29:08Z,@stankazhua4807,Hwaiting boys wishing you guys a bright future in this k-pop industry,0
TNX,4C7xGubTL90,2022-05-17T10:29:07Z,@ferenycca15,BANGGA BANGETT AKHIRNYA!!,1
TNX,4C7xGubTL90,2022-05-17T10:28:57Z,@putrirasya4057,HWI RAP OMG,0
TNX,4C7xGubTL90,2022-05-17T10:28:56Z,@arkhanatsabita7433,"Our boys are going BAD....  really enjoy this MV.  Voice,  visual,  area everything they have.",1
TNX,4C7xGubTL90,2022-05-17T10:28:49Z,@patarm05,eahkiutnamatey,0
TNX,4C7xGubTL90,2022-05-17T10:28:49Z,@Blueeexlight,This is Dope!!! (◍•ᴗ•◍)✧*,1
TNX,4C7xGubTL90,2022-05-17T10:28:45Z,@조조-n5r,몇년뒤에 백퍼 방탄 능가한다..,0
TNX,4C7xGubTL90,2022-05-17T10:28:37Z,@OhMyLanguage,노래 좋은데????,0
TNX,4C7xGubTL90,2022-05-17T10:28:35Z,@parkchaeeun9931,So proud of our boys,0
TNX,4C7xGubTL90,2022-05-17T10:28:33Z,@newjeans3483,"The best debut song, facts",1
TNX,4C7xGubTL90,2022-05-17T10:28:30Z,@7g_02_aishanurulazqia6,"KENAPA LAGUNYA CANDU? visuals, vocals, dance, facial expressions SO PERFECT this is the first time I&#39;m a group from the beginning!! SUCCESS ALWAYS TNX!!♡♡♡",1
TNX,4C7xGubTL90,2022-05-17T10:28:30Z,@yallstanday6treasurexh598,WAAAAHHH HAPPY DEBUT DAYYY,0
TNX,4C7xGubTL90,2022-05-17T10:28:24Z,@きじムーミン,これがデビュー曲とは思えないくらいのクオリティーで最高すぎます‼️音が一回聴いただけでもすごく記憶に残って最高しか言葉が出ないです🥰後みんなビジュ良すぎ！さすがpnation！！,13
TNX,4C7xGubTL90,2022-05-17T10:28:18Z,@hyunjinnieeee7866,🔥🔥🔥🔥🔥🔥,0
TNX,4C7xGubTL90,2022-05-17T10:28:17Z,@apolloniakageaki1711,Niiiiiiice (ﾉ&gt;ω&lt;)ﾉ,0
TNX,4C7xGubTL90,2022-05-17T10:28:13Z,@hanyoon5602,Hwi,0
TNX,4C7xGubTL90,2022-05-17T10:28:09Z,@hannasara4080,"The song is so catchy , especially the rap part 🔥<br>Congratulations TNX on your brand new debut 👏",4
TNX,4C7xGubTL90,2022-05-17T10:28:05Z,@nninipaninii,HWI&#39;S RAP PART IS SO ADDICTIVE,0
TNX,4C7xGubTL90,2022-05-17T10:28:05Z,@yardniea176,the best Debut MV ever,2
TNX,4C7xGubTL90,2022-05-17T10:28:01Z,@simpforkpop4371,A BOP!<br><br><br>Y&#39;all streammmmm,0
TNX,4C7xGubTL90,2022-05-17T10:28:00Z,@nachie7572,"omggg the visual, vocal, rap, choreography, facial expression, energy, outfits and everything on this mv just amazingly makes me amaze",101
TNX,4C7xGubTL90,2022-05-17T10:27:58Z,@shafirafsim4770,"FINALLY YOU GUYS DEBUT, CONGRATS!! THE SONG IS SO CATCHY &amp; THE CHOREOGRAPHY IS SO 🔥🔥 BIKYEORA BIKYEO TNX COMING Y&#39;ALL",40
TNX,4C7xGubTL90,2022-05-17T10:27:54Z,@thuanyketillen2707,"Arrasaram ❤️👏 amei a música, está tudo perfeito 😍😍",1
TNX,4C7xGubTL90,2022-05-17T10:27:53Z,@mollysilk7331,LET&#39;S GO TNX !!,1
TNX,4C7xGubTL90,2022-05-17T10:27:50Z,@nninipaninii,they literally killed it.,0
TNX,4C7xGubTL90,2022-05-17T10:27:43Z,@setayesh_18a,Yessss best voice best video bast dance best boys,0
TNX,4C7xGubTL90,2022-05-17T10:27:43Z,@Ruta_rr,Amazing ♥️😎,0
TNX,4C7xGubTL90,2022-05-17T10:27:42Z,@armymum1286,yay... congrats TNX good job....,0
TNX,4C7xGubTL90,2022-05-17T10:27:38Z,@esteffy795,WE ARE PNATION <br>HITS DIFFERENT<br>CONGRATS GUYS <br>YOU KILLED IT,1
TNX,4C7xGubTL90,2022-05-17T10:27:35Z,@camilagarcia3936,bay,0
TNX,4C7xGubTL90,2022-05-17T10:27:35Z,@paltu342,For me .. everything is perfect 🌼... Lots love from north east..best wishes 🙏,1
TNX,4C7xGubTL90,2022-05-17T10:27:34Z,@jim6363,THIS SONG....<br><br>IS SO.. SO GOOD<br><br>actually is my favorite 2022 song so far.,0
TNX,4C7xGubTL90,2022-05-17T10:27:32Z,@brendanviistudio,Is this their debut song? It&#39;s fire!!,0
TNX,4C7xGubTL90,2022-05-17T10:27:29Z,@kanika8069,Las vistas están congeladas :/,0
TNX,4C7xGubTL90,2022-05-17T10:27:27Z,@camilagarcia3936,me voy a clases con mi himno a partir de hoy,0
TNX,4C7xGubTL90,2022-05-17T10:27:25Z,@alesita9099,Finally 🙌🏻🥳🥳🥳🥳🥳🥳 <br>Still sad that Goki I not with them but gotta respect the decision and be patient till we get to see him debut 🙏🏼,0
TNX,4C7xGubTL90,2022-05-17T10:27:19Z,@phoopyaepyaeko7441,Wooowwwwww so powerful 😫❤️❤️ i rly likeee ittt,0
TNX,4C7xGubTL90,2022-05-17T10:27:17Z,@newjeans3483,Keep stre@ming the views is stuck everyone,1
TNX,4C7xGubTL90,2022-05-17T10:27:17Z,@Nomowinie,مو مصدقه,0
TNX,4C7xGubTL90,2022-05-17T10:27:16Z,@anavinjahan2305,Cool,0
TNX,4C7xGubTL90,2022-05-17T10:27:12Z,@camilagarcia3936,bueno los amo a todos,0
TNX,4C7xGubTL90,2022-05-17T10:27:11Z,@Nomowinie,احبكم,0
TNX,4C7xGubTL90,2022-05-17T10:27:08Z,@mirani57,💗💗💗💗💗💗,0
TNX,4C7xGubTL90,2022-05-17T10:27:06Z,@justinwoo3912,"I LOVE YOU, MY BABIES!! LET&#39;S STAY TOGETHER FOREVER &lt;3333",0
TNX,4C7xGubTL90,2022-05-17T10:27:05Z,@newjeans3483,The vi3ws is stuck,1
TNX,4C7xGubTL90,2022-05-17T10:27:03Z,@camilagarcia3936,staneenlo porfa,0
TNX,4C7xGubTL90,2022-05-17T10:26:57Z,@lluuceu,Lets get started !!,0
TNX,4C7xGubTL90,2022-05-17T10:26:51Z,@lluuceu,Love it !!,0
TNX,4C7xGubTL90,2022-05-17T10:26:49Z,@jabitify,Stream for 1st Win with Debut Song 🔥🔥<br>비켜라 비켜ㅠㅠㅠㅠ,0
TNX,4C7xGubTL90,2022-05-17T10:26:46Z,@shelielpina8988,congratulations boyss♡,0
TNX,4C7xGubTL90,2022-05-17T10:26:39Z,@pronunciacionestomoonis,"Rap, baile y vocal todo increiblemnte hermosos",1
TNX,4C7xGubTL90,2022-05-17T10:26:32Z,@dianedelatorre7919,YALL IM SOO CONFUSED WHY DID THE VIEWS FREEZE OR SMTHIN likie their showcase is already like 11k and the mv is stil 7k????<br>EXPLAIN YOSELF YT,1
TNX,4C7xGubTL90,2022-05-17T10:26:27Z,@wynnawyn,finally my boys!! 🙌🏻💗,0
TNX,4C7xGubTL90,2022-05-17T10:26:22Z,@ningningmylove574,YouTube is so drunk 32K likes and only 7.2K views LOL,3
TNX,4C7xGubTL90,2022-05-17T10:26:22Z,@하윤-h2b,Everything is perfect ❤️TNX slayed<br>I always support you and I wish you to get a big success and rewards because of your big effort.항상 곁에 있을게요😘😘,0
TNX,4C7xGubTL90,2022-05-17T10:26:20Z,@zari4090,비겨라 비겨ㅕㅕ🕶️,0
TNX,4C7xGubTL90,2022-05-17T10:26:10Z,@anadaae,WOWWW,0
TNX,4C7xGubTL90,2022-05-17T10:26:08Z,@jeonsflirt,"They slayed!! This is such an amazing song. The rap, dance, energy is amazing ♡♡♡♡",17
TNX,4C7xGubTL90,2022-05-17T10:26:03Z,@anatasyakembie9474,CONGRATULATIONS FOR YOUR DEBUT P NATION BOY🤟,0
TNX,4C7xGubTL90,2022-05-17T10:26:02Z,@blah-st8sv,Damnnnn,0
TNX,4C7xGubTL90,2022-05-17T10:25:55Z,@yeniy5221,OMG so kill me today,1
TNX,4C7xGubTL90,2022-05-17T10:25:51Z,@TNXMademedoit,No me juzguen por ser TNX Stan. Nací por mi madre y moriré por TNX,1
TNX,4C7xGubTL90,2022-05-17T10:25:40Z,@하윤-h2b,Congratulations on your debut🎉🎉<br>I like your debut song a lot.<br>Perfect choreography<br>Perfect MV<br>Perfect song<br>Perfect Rap<br>Perfect vocal<br>Everything is perfect ❤️TNX slayed<br>I always support you and I wish you to get a big success and rewards because of your big effort.항상 곁에 있을게요😘😘,2
TNX,4C7xGubTL90,2022-05-17T10:25:40Z,@bibi-dy6vx,PERFECT!!!!,2
TNX,4C7xGubTL90,2022-05-17T10:25:39Z,@앤이-l1p,Best song of years,1
TNX,4C7xGubTL90,2022-05-17T10:25:34Z,@ayeshanoor3176,Way up wow it would be a master piece 😵🔥,2
TNX,4C7xGubTL90,2022-05-17T10:25:22Z,@chihiro6668,WOAH THIS IS SO GOODD AJBSISSN,1
TNX,4C7xGubTL90,2022-05-17T10:25:21Z,@lisaluong6532,GET IT KAHSHDJSH,1
TNX,4C7xGubTL90,2022-05-17T10:25:15Z,@TNXMademedoit,Mi madre me dio la vida pero TNX las ganas de vivirla,1
TNX,4C7xGubTL90,2022-05-17T10:25:05Z,@imnotenglish9838,"<a href=""https://www.youtube.com/watch?v=4C7xGubTL90&amp;t=1"">0:01</a> why did I thought squid game lol😭<br><br>Anyway it&#39;s a BANGER congratulations oml 💃🏻💃🏻💃🏻",18
TNX,4C7xGubTL90,2022-05-17T10:25:03Z,@lunabtxt,"This is so good GUYS lets please stream this well!!!!<br>also, the showcase is gonna start in 40mins",5
TNX,4C7xGubTL90,2022-05-17T10:24:55Z,@nursyazwani3182,Nice TNX,2
TNX,4C7xGubTL90,2022-05-17T10:24:48Z,@sera9960,비켜라 비켜 멋있네 ㅜㅜ 피네이션,1
TNX,4C7xGubTL90,2022-05-17T10:24:46Z,@suleitun8885,Congratulations boys 🎉🎉🎉🎉🎉🎉 Songs are so fantastic 💕,2
TNX,4C7xGubTL90,2022-05-17T10:24:44Z,@megan7461,Junhyeok ON FIRE!!!!!,1
TNX,4C7xGubTL90,2022-05-17T10:24:44Z,@hterwrr711,omfg kyungjun&#39;s and eunwhi&#39;s rap part........🥵🥵,3
TNX,4C7xGubTL90,2022-05-17T10:24:38Z,@Julyyuly539,Goodluck and congratulations..TNX fighting 👋👋👋🥳🥳💪,1
TNX,4C7xGubTL90,2022-05-17T10:24:33Z,@mintchoco_s,I&#39;m so proud of you boys,1
TNX,4C7xGubTL90,2022-05-17T10:24:32Z,@frkzaaa2461,Succes 4 this song,0
TNX,4C7xGubTL90,2022-05-17T10:24:32Z,@lunabtxt,NOO I LOVE IT SO MUCH T-T,1
TNX,4C7xGubTL90,2022-05-17T10:24:31Z,@ngamkhawwangjen3598,Koki is being missed 🥺🥺🥺,0
TNX,4C7xGubTL90,2022-05-17T10:24:28Z,@517thx,진짜 대박이다ㅠㅠㅠㅠㅠ!!!!!!!! 노래 왜케 좋아ㅠㅠㅠㅠㅠ!!!!!!!데뷔 너무 축하해요!!!ㅠㅠ💕💕<br>비켜 대박나겠다아아아아아!!!!!!!!!!!!!!😍😍😍😍,2
TNX,4C7xGubTL90,2022-05-17T10:24:28Z,@Wangmoo0,Wowowoowowowow,0
TNX,4C7xGubTL90,2022-05-17T10:24:24Z,@leekyori-hiruyori-somi,I like style singing p-nation,1
TNX,4C7xGubTL90,2022-05-17T10:24:20Z,@yusraahendricks3482,This is your sign to START STANNING!!!,0
TNX,4C7xGubTL90,2022-05-17T10:24:12Z,@frkzaaa2461,Hiiii im your fans from indonesia,0
TNX,4C7xGubTL90,2022-05-17T10:24:00Z,@glowitss399,damn I really hoped their debut will be more unique. maybe some of their bsides will be different,0
TNX,4C7xGubTL90,2022-05-17T10:23:57Z,@ppungie,CONGRATULATIONS ON YOU&#39;RE DEBUT BOOOYYSS 😭😭😭❤️✨🔥🔥,0
TNX,4C7xGubTL90,2022-05-17T10:23:47Z,@anasakura4849,Speechless...so insane so addict i don&#39;t know to say something about them,7
TNX,4C7xGubTL90,2022-05-17T10:23:41Z,@Mikkan777,Congrats on your debut!,0
TNX,4C7xGubTL90,2022-05-17T10:23:37Z,@skyentertainment5710,Hi TNX i love you,0
TNX,4C7xGubTL90,2022-05-17T10:23:31Z,@irambhat1834,Amazing👍👍,0
TNX,4C7xGubTL90,2022-05-17T10:23:23Z,@deeteearmy2610,Omg omg omg… was waiting for you since LOUD. This is lit!! Yeah move out of the way errone… my boys are here!!!!,0
TNX,4C7xGubTL90,2022-05-17T10:23:20Z,@svnshne1415,"You guys made it… you debuted… TT<br><br>The song is so addictive, I love it",13
TNX,4C7xGubTL90,2022-05-17T10:23:14Z,@ARMAK-vd4zk,MOVE OUT OF THEiR WAY 🌟🙇,0
TNX,4C7xGubTL90,2022-05-17T10:23:13Z,@najwanazirah3781,Let&#39;s streaminggg!!!!!!,1
TNX,4C7xGubTL90,2022-05-17T10:23:10Z,@elenaviktorovna4391,Мне зашло!!,1
TNX,4C7xGubTL90,2022-05-17T10:23:10Z,@Omo-iq7pt,Waited for a long time !!!!,0
TNX,4C7xGubTL90,2022-05-17T10:23:09Z,@damc,デビューおめでとう！！<br>ずっと待ってました😭❤️❤️,0
TNX,4C7xGubTL90,2022-05-17T10:23:06Z,@dina.6499,💖💖💖💖💖💖💖💖💖💖💖💖💖💖💖💖💖💖💖💖💖💖💖💖💖💖💖💖💖💖💖💖💖💖💖💖💖💖💖💖💖💖💖💖💖💖💖💖💖💖💖💖💖💖💖💖💖💖💖💖💖💖💖💖💖💖💖💖💖💖💖💖💖💖💖💖💖💖💖💖💖💖💖💖💖💖💖💖💖💖💖💖💖💖💖💖💖💖💖💖💖💖💖💖💖💖💖💖💖💖💖💖💖💖💖💖💖💖💖💖💖💖💖💖💖💖💖💖💖💖💖💖💖💖💖💖💖💖💖💖💖💖💖💖💖💖💖💖💖💖💖💖💖💖💖💖💖💖💖💖💖💖💖💖💖💖💖💖💖💖💖💖💖💖💖💖💖💖💖💖💖💖💖💖💖💖💖💖💖💖💖💖💖💖💖💖💖💖💖💖💖💖💖💖💖💖💖💖💖💖💖💖💖💖💖💖💖💖💖💖💖💖💖💖💖💖💖💖💖💖💖💖💖💖💖💖💖💖💖💖💖💖💖💖💖💖💖💖💖💖💖💖💖💖💖💖💖💖💖💖💖💖💖💖💖💖💖💖💖💖💖💖💖💖💖💖💖💖💖💖💖💖💖💖💖💖💖💖💖💖💖💖💖💖💖💖💖💖💖💖💖💖💖💖💖💖💖💖💖💖💖💖💖💖💖💖💖💖💖💖💖💖💖💖💖💖💖💖💖💖💖💖💖💖💖💖💖💖💖💖💖💖💖💖💖💖💖💖💖💖💖💖💖💖💖💖💖💖💖💖💖💖💖💖💖💖💖💖💖💖💖💖💖💖💖💖💖💖💖💖💖💖💖💖💖💖💖💖💖💖💖💖💖💖💖💖💖💖💖💖💖💖💖💖💖💖💖💖💖💖💖💖💖💖💖💖💖💖💖💖💖💖💖💖💖💖💖💖💖💖💖💖💖💖💖💖💖💖💖💖💖💖💖💖💖💖💖💖💖💖💖💖💖💖💖💖💖💖💖💖💖💖💖💖💖💖💖💖💖💖💖💖💖💖💖💖💖💖💖💖💖💖💖💖💖💖💖💖💖💖💖💖💖💖💖💖💖💖💖💖💖💖💖💖💖💖💖💖💖💖💖💖💖💖💖💖💖💖💖💖💖💖💖💖💖💖💖💖💖💖💖💖💖💖💖💖💖💖💖💖💖💖💖💖💖💖💖💖💖💖💖💖💖💖💖💖💖💖💖💖💖💖💖💖💖💖💖💖💖💖💖💖💖💖💖💖💖💖💖💖💖💖💖💖💖💖💖💖💖💖💖💖💖💖💖💖💖💖💖💖💖💖💖💖💖💖💖💖💖💖💖💖💖💖💖💖💖💖💖💖💖💖💖💖💖💖💖💖💖💖💖💖💖💖💖💖💖💖💖💖💖💖💖💖💖💖💖💖💖💖💖💖💖💖💖💖💖💖💖💖💖💖💖💖💖💖💖💖💖💖💖💖💖💖💖💖💖💖💖💖💖💖💖💖💖💖💖💖💖💖💖💖💖💖💖💖💖💖💖💖💖💖💖💖💖💖💖💖💖💖💖💖💖💖💖💖💖💖💖💖💖💖💖💖💖💖💖💖💖💖💖💖💖💖💖💖💖💖💖💖💖💖💖💖💖💖💖💖💖💖💖💖💖💖💖💖💖💖💖💖💖💖💖💖💖💖💖💖💖💖💖💖💖💖💖💖💖💖💖💖💖💖💖💖💖💖💖💖💖💖💖💖💖💖💖💖💖💖💖💖💖💖💖💖💖💖💖💖💖💖💖💖💖💖💖💖💖💖💖💖💖💖💖💖💖💖💖💖💖💖💖💖💖💖💖💖💖💖💖💖💖💖💖💖💖💖💖💖💖💖💖💖💖💖💖💖💖💖💖💖💖💖💖💖💖💖💖💖💖💖💖💖💖💖💖💖💖💖💖💖💖💖💖💖💖💖💖💖💖💖💖💖💖💖💖💖💖💖💖💖💖💖💖💖💖💖💖💖💖💖💖💖💖💖💖💖💖💖💖💖💖💖💖💖💖💖💖💖💖💖💖💖💖💖💖💖💖💖💖💖💖💖💖💖💖💖💖💖💖💖💖💖💖💖💖💖💖💖💖💖💖💖💖💖💖💖💖💖💖💖💖💖💖💖💖💖💖💖💖💖💖💖💖💖💖💖💖💖💖💖💖💖💖💖💖💖💖💖💖💖💖💖💖💖💖💖💖💖💖💖💖💖💖💖💖💖💖💖💖💖💖💖💖💖💖💖💖💖💖💖💖💖💖💖💖💖💖💖💖💖💖💖💖💖💖💖💖💖💖💖💖💖💖💖💖💖💖💖💖💖💖💖💖💖💖💖💖💖💖💖💖💖💖💖💖💖💖💖💖💖💖💖💖💖💖💖💖💖💖💖💖💖💖💖💖💖💖💖💖💖💖💖💖💖💖💖💖💖💖💖💖💖💖💖💖💖💖💖💖💖💖💖💖💖💖💖💖💖💖💖💖💖💖💖💖💖💖💖💖💖💖💖💖💖💖💖💖💖💖💖💖💖💖💖💖💖💖💖💖💖💖💖💖💖💖💖💖💖💖💖💖💖💖💖💖💖💖💖💖💖💖💖💖💖💖💖💖💖💖💖💖💖💖💖💖💖💖💖💖💖💖💖💖💖💖💖💖💖💖💖💖💖💖💖💖💖💖💖💖💖💖💖💖💖💖💖💖💖💖💖💖💖💖💖💖💖💖💖💖💖💖💖💖💖💖💖💖💖💖💖💖💖💖💖💖💖💖💖💖💖💖💖💖💖💖💖💖💖💖💖💖💖💖💖💖💖💖💖💖💖💖💖💖💖💖💖💖💖💖💖💖💖💖💖💖💖💖💖💖💖💖💖💖💖💖💖💖💖💖💖💖💖💖💖💖💖💖💖💖💖💖💖💖💖💖💖💖💖💖💖💖💖💖💖💖💖💖💖💖💖💖💖💖💖💖💖💖💖💖💖💖💖💖💖💖💖💖💖💖💖💖💖💖💖💖💖💖💖💖💖💖💖💖💖💖💖💖💖💖💖💖💖💖💖💖💖💖💖💖💖💖💖💖💖💖💖💖💖💖💖💖💖💖💖💖💖💖💖💖💖💖💖💖💖💖💖💖💖💖💖💖💖💖💖💖💖💖💖💖💖💖💖💖💖💖💖💖💖💖💖💖💖💖💖💖💖💖💖💖💖💖💖💖💖💖💖💖💖💖💖💖💖💖💖💖💖💖💖💖💖💖💖💖💖💖💖💖💖💖💖💖💖💖💖💖💖💖💖💖💖💖💖💖💖💖💖💖💖💖💖💖💖💖💖💖💖💖💖💖💖💖💖💖💖💖💖💖💖💖💖💖💖💖💖💖💖💖💖💖💖💖💖💖💖💖💖💖💖💖💖💖💖💖💖💖💖💖💖💖💖💖💖💖💖💖💖💖💖💖💖💖💖💖💖💖💖💖💖💖💖💖💖💖💖💖💖💖💖💖💖💖💖💖💖💖💖💖💖💖💖💖💖💖💖💖💖💖💖💖💖💖💖💖💖💖💖💖💖💖💖💖💖💖💖💖💖💖💖💖💖💖💖💖💖💖💖💖💖💖💖💖💖💖💖💖💖💖💖💖💖💖💖💖💖💖💖💖💖💖💖💖💖💖💖💖💖💖💖💖💖💖💖💖💖💖💖💖💖💖💖💖💖💖💖💖💖💖💖💖💖💖💖💖💖💖💖💖💖💖💖💖💖💖💖💖💖💖💖💖💖💖💖💖💖💖💖💖💖💖💖💖💖💖💖💖💖💖💖💖💖💖💖💖💖💖💖💖💖💖💖💖💖💖💖💖💖💖💖💖💖💖💖💖💖💖💖💖💖💖💖💖💖💖💖💖💖💖💖💖💖💖💖💖💖💖💖💖💖💖💖💖💖💖💖💖💖💖💖💖💖💖💖💖💖💖💖💖💖💖💖💖💖💖💖💖💖💖💖💖💖💖💖💖💖💖💖💖💖💖💖💖💖💖💖💖💖💖💖💖💖💖💖💖💖💖💖💖💖💖💖💖💖💖💖💖💖💖💖💖💖💖💖💖💖💖💖💖💖💖💖💖💖💖💖💖💖💖💖💖💖💖💖💖💖💖💖💖💖💖💖💖💖💖💖💖💖💖💖💖💖💖💖💖💖💖💖💖💖💖💖💖💖💖💖💖💖💖💖💖💖💖💖💖💖💖💖💖💖💖💖💖💖💖💖💖💖💖💖💖💖💖💖💖💖💖💖💖💖💖💖💖💖💖💖💖💖💖💖💖💖💖💖💖💖💖💖💖💖💖💖💖💖💖💖💖💖💖💖💖💖💖💖💖💖💖💖💖💖💖💖💖💖💖💖💖💖💖💖💖💖💖💖💖💖💖💖💖💖💖💖💖💖💖💖💖💖💖💖💖💖💖💖💖💖💖💖💖💖💖💖💖💖💖💖💖💖💖💖💖💖💖💖💖💖💖💖💖💖💖💖💖💖💖💖💖💖💖💖💖💖💖💖💖💖💖💖💖💖💖💖💖💖💖💖💖💖💖💖💖💖💖💖💖💖💖💖💖💖💖💖💖💖💖💖💖💖💖💖💖💖💖💖💖💖💖💖💖💖💖💖💖💖💖💖💖💖💖💖💖💖💖💖💖💖💖💖💖💖💖💖💖💖💖💖💖💖💖💖💖💖💖💖💖💖💖💖💖💖💖💖💖💖💖💖💖💖💖💖💖💖💖💖💖💖💖💖💖💖💖💖💖💖💖💖💖💖💖💖💖💖💖💖💖💖💖💖💖💖💖💖💖💖💖💖💖💖💖💖💖💖💖💖💖💖,0
TNX,4C7xGubTL90,2022-05-17T10:23:04Z,@irem8485,SO GOOD OMG!,0
TNX,4C7xGubTL90,2022-05-17T10:23:02Z,@millenalen,tudo lindo nesse mv mds mds,0
TNX,4C7xGubTL90,2022-05-17T10:23:01Z,@lexiee.j,CONGRATS ON THE DEBUT,1
TNX,4C7xGubTL90,2022-05-17T10:22:56Z,@jisahilyrics0829,Keren banget gilaaaa😭🔥🔥🔥🔥<br>Congrats debutnya boys💗💗💗,0
TNX,4C7xGubTL90,2022-05-17T10:22:52Z,@AngelAngel-ns9ft,the views are freezing 😭 Ho can their dance showcase be 11k already and tge mv still at 7k views,1
TNX,4C7xGubTL90,2022-05-17T10:22:51Z,@lexiee.j,WOAHHHH,0
TNX,4C7xGubTL90,2022-05-17T10:22:46Z,@daisymay7685,Amazing...,0
TNX,4C7xGubTL90,2022-05-17T10:22:46Z,@kimtaehyung-xu7pe,Very beautiful😍😍😍,0
TNX,4C7xGubTL90,2022-05-17T10:22:44Z,@amliaindiaaart,Congratulations TNX🎉❤❤❤,0
TNX,4C7xGubTL90,2022-05-17T10:22:41Z,@millenalen,"ISSO TA TÃO INCRÍVEL, O ÁLBUM INTEIRO É SIMPLESMENTE MAGNÍFICO",0
TNX,4C7xGubTL90,2022-05-17T10:22:37Z,@Sanskriti_mishra09,Yeah get out of their way! Its TNX!!,0
TNX,4C7xGubTL90,2022-05-17T10:22:36Z,@adehehadeheh5471,TNX Fighting,0
TNX,4C7xGubTL90,2022-05-17T10:22:36Z,@krmiru_0240,WADAWW,0
TNX,4C7xGubTL90,2022-05-17T10:22:33Z,@alwaysyourami,TNX WE LOVE YOU,0
TNX,4C7xGubTL90,2022-05-17T10:22:29Z,@log_ela,"I waited them since the survive program “LOUD”, they’re really amazing!! This is so amazing, I love the vocals, their dance skills, their new hair colors, of course they didn’t disappoint us!❣️",23
TNX,4C7xGubTL90,2022-05-17T10:22:28Z,@swamdoc,"The song, lyrics, concept of the video, and the cinematography, all is so good, amazing. Its masterpiece! 👍 Keep it up, boys 🥳",8
TNX,4C7xGubTL90,2022-05-17T10:22:26Z,@Shinee12,축하해 애들아 꽃길만 걷자❤️🥹,0
TNX,4C7xGubTL90,2022-05-17T10:22:26Z,@Sunghanbin24,It&#39;s the best debut song,1
TNX,4C7xGubTL90,2022-05-17T10:22:20Z,@cosmicinsomniarmy2806,"The facial expressions, energy and performance is really good. This is only their debut, can&#39;t wait to see how they progress from here. Wish you a successful debut and career.",0
TNX,4C7xGubTL90,2022-05-17T10:22:17Z,@mrlately,This MV is so good! Really talented guys,9
TNX,4C7xGubTL90,2022-05-17T10:22:15Z,@cynthiarivana,ANJRIT BAGUS BANGET LAGU DEBUTNYA,1
TNX,4C7xGubTL90,2022-05-17T10:22:08Z,@Angelina-gq2ex,Omo²,0
TNX,4C7xGubTL90,2022-05-17T10:22:06Z,@ilove_neoct3940,IM PROUD OF THEM,0
TNX,4C7xGubTL90,2022-05-17T10:22:05Z,@NggTeresa7,Congratulations on your debut .<br>Lets go TNX !!!,0
TNX,4C7xGubTL90,2022-05-17T10:22:03Z,@porshiahabib,I&#39;m a fan!!!!!!! Awesome 😎,1
TNX,4C7xGubTL90,2022-05-17T10:22:02Z,@armegina,"They&#39;re so sharp! the move, the song, the voice...it&#39;s all well prepared🔥",10
TNX,4C7xGubTL90,2022-05-17T10:21:57Z,@ilove_neoct3940,kyungjun finally debut,0
TNX,4C7xGubTL90,2022-05-17T10:21:55Z,@yexalenkinnerethmedinamoli5560,Me encanto&lt;3,0
TNX,4C7xGubTL90,2022-05-17T10:21:43Z,@asiannvddles,SO PROUD OF THIS DEBUT watching you guys since day 1 and now FINALLY! KILLING IT!,24
TNX,4C7xGubTL90,2022-05-17T10:21:41Z,@rinalynrias6014,"Not a fan but this song is fire, a bop indeed",0
TNX,4C7xGubTL90,2022-05-17T10:21:35Z,@yexalenkinnerethmedinamoli5560,Wow,0
TNX,4C7xGubTL90,2022-05-17T10:21:29Z,@chikaayu.a,JUNHYEOKKKKKKK YOU ARE MY BIAS,0
TNX,4C7xGubTL90,2022-05-17T10:21:28Z,@isaiditsrie,New kpop group congratulations 🎉❤️,0
TNX,4C7xGubTL90,2022-05-17T10:21:18Z,@oojakos2779,TNX,0
TNX,4C7xGubTL90,2022-05-17T10:21:17Z,@isaiditsrie,New kpop group congratulations 🎉❤️,0
TNX,4C7xGubTL90,2022-05-17T10:21:16Z,@toii_32611,WAY UP! 🙌🔥🙌,1
TNX,4C7xGubTL90,2022-05-17T10:21:13Z,@mingyeong110,내가 진ㄴ짜 잘해줄게🥺 <br>이대로만 가면 내가 많은 멸치 중 한 마리가 될 수 있어… 수고해줘 무대를 만들어주께ㅔ!!,0
TNX,4C7xGubTL90,2022-05-17T10:21:10Z,@hvnnah.b,I will never leave this Group🤧,1
TNX,4C7xGubTL90,2022-05-17T10:21:06Z,@秋山心響,it’s so good,0
TNX,4C7xGubTL90,2022-05-17T10:21:06Z,@ameneh_rezaei,Great 👍🏻,0
TNX,4C7xGubTL90,2022-05-17T10:21:06Z,@Eliza-vg8rs,YESS SLAY,0
TNX,4C7xGubTL90,2022-05-17T10:20:59Z,@aedenno,Rapper liner 😀✨,0
TNX,4C7xGubTL90,2022-05-17T10:20:59Z,@alfichoirulumah1500,"Let&#39;s stream!!! They deserve all the best for their debut!! <br>.<br>Congratulation for your debut, TNX ♥️",4
TNX,4C7xGubTL90,2022-05-17T10:20:50Z,@moonz9793,OMG!! I love this song❤❤,0
TNX,4C7xGubTL90,2022-05-17T10:20:46Z,@shelbyschaffer4133,Rookies of the year!,0
TNX,4C7xGubTL90,2022-05-17T10:20:43Z,@innekehabsari,Eun hwi 🥰🥰,1
TNX,4C7xGubTL90,2022-05-17T10:20:34Z,@melodyblue6918,Lets goooo 😍 been waiting for you guys for so long I&#39;m on cloud 9 right now 😍😍😍,0
TNX,4C7xGubTL90,2022-05-17T10:20:33Z,@yukkkiii-d8x,待ってたよー！,0
TNX,4C7xGubTL90,2022-05-17T10:20:26Z,@マルさん-l6f,ずっとずっとデビュー待ってました🇯🇵<br>おめでとうございます😍💕<br>最高にかっこいいです✨,0
TNX,4C7xGubTL90,2022-05-17T10:20:15Z,@snassha,"APA NIH KEREN BANGETTT, SEMANGAT STREAMINGNYA GUYS!!!",0
TNX,4C7xGubTL90,2022-05-17T10:20:06Z,@defe9881,Cool,0
TNX,4C7xGubTL90,2022-05-17T10:20:03Z,@evelyneaustines,So happy finally debut day💗💗,0
TNX,4C7xGubTL90,2022-05-17T10:19:51Z,@osae1984,デビューおめでとう。<br>TNXが長く愛されるグループになりますように。,11
TNX,4C7xGubTL90,2022-05-17T10:19:49Z,@evelyneaustines,My boys soooo coooolllll😭😭😭💗💗✨✨,0
TNX,4C7xGubTL90,2022-05-17T10:19:45Z,@yunksqr48,this is DOPE,0
TNX,4C7xGubTL90,2022-05-17T10:19:43Z,@hanipa_1221,Keren bgt adek2 selamat atas debutnya ya,0
TNX,4C7xGubTL90,2022-05-17T10:19:36Z,@Kikinsadikin14,❤️‍🔥❤️‍🔥❤️‍🔥❤️‍🔥❤️‍🔥,0
TNX,4C7xGubTL90,2022-05-17T10:19:34Z,@raflibaware,Congrats for debut day ❤️,0
TNX,4C7xGubTL90,2022-05-17T10:19:32Z,@Familyismyworld9363,I love the song it is amazing 😁😁💗😎,0
TNX,4C7xGubTL90,2022-05-17T10:19:28Z,@aliaaliaa5288,they are gonna claim the tittle &#39; rookie of the year &#39;,0
TNX,4C7xGubTL90,2022-05-17T10:19:27Z,@nadyakhairiyah_,Kyaaaaaaaaaaaaa,0
TNX,4C7xGubTL90,2022-05-17T10:19:22Z,@Łeaovr,قبل العشر الاف !! بصررررخخخخخخ اخيريرررراااااااااا ما اصددددددقدددقددددد😭😭😭😭😭😭,1
TNX,4C7xGubTL90,2022-05-17T10:19:20Z,@AsliKLLKRTR,천준혁 😎,1
TNX,4C7xGubTL90,2022-05-17T10:19:13Z,@luloooo8,yes i like them,0
TNX,4C7xGubTL90,2022-05-17T10:19:06Z,@Hana_hc,WOWWWWWWWWWWWWWWWWWWW🥺😘❤,0
TNX,4C7xGubTL90,2022-05-17T10:19:05Z,@parkjimin1629,PROUD OF YOU ALL!! ❤️❤️,0
TNX,4C7xGubTL90,2022-05-17T10:19:02Z,@adel-fo9ne,SLAYY,0
TNX,4C7xGubTL90,2022-05-17T10:18:59Z,@fortnx1894,i am speechless the song is fire!!!!!!!!,0
TNX,4C7xGubTL90,2022-05-17T10:18:58Z,@Jenniferzaw1794,Going on my way!!!!!,0
TNX,4C7xGubTL90,2022-05-17T10:18:55Z,@nathasyads93,Aaaaaaa gue merinding :(((,0
TNX,4C7xGubTL90,2022-05-17T10:18:51Z,@tyarapriyanidya9105,Our Boyssssss ✨✨✨,0
TNX,4C7xGubTL90,2022-05-17T10:18:48Z,@shishi4783,"I AM HERE BEFORE IT REACHES 1M VIEWS ~ <br>MANIFESTING &lt;3 LET&#39;S KEEP STREAMING, GUYS!!",3
TNX,4C7xGubTL90,2022-05-17T10:18:45Z,@agathaabreu3201,I smell success! congratulations TNX on Debut!,0
TNX,4C7xGubTL90,2022-05-17T10:18:42Z,@rosieosabutey1448,Congratulations on your debut kings,0
TNX,4C7xGubTL90,2022-05-17T10:18:39Z,@navanaaa,Aaaa bagus banget,0
TNX,4C7xGubTL90,2022-05-17T10:18:38Z,@eunhwiesss,OMGG SLAYEDD 🔥🔥🔥,0
TNX,4C7xGubTL90,2022-05-17T10:18:36Z,@jiminie8198,월클무대다👍👍👍💜,0
TNX,4C7xGubTL90,2022-05-17T10:18:27Z,@shinatakumi6639,Omg they should do an interview with Edward,1
TNX,4C7xGubTL90,2022-05-17T10:18:18Z,@frances0799,cool,0
TNX,4C7xGubTL90,2022-05-17T10:18:17Z,@an5317,selamat zee akhirnya bias kmu debut,0
TNX,4C7xGubTL90,2022-05-17T10:18:16Z,@brennayoungina1106,Isso é fogo!,0
TNX,4C7xGubTL90,2022-05-17T10:18:15Z,@suciayhu6617,Yuhuyyyyyy🥳🥳🥳🥳🥳,0
TNX,4C7xGubTL90,2022-05-17T10:18:12Z,@kyuumine7940,Terngiang-ngiang~♡,1
TNX,4C7xGubTL90,2022-05-17T10:18:10Z,@typicallwoman,안녕하세요 인도에서<br>CONGRATULATION TNX ON YOUR DEBUT<br><br>and we are already seeing the shining stars gonna blow up this generation..<br>i am happy to support from the start..<br>GIVE US THE FANDOM NAME ALREADY JEABAL!!<br><br>SARANGHAE TNX <br>SARANGHAE P NATION,0
TNX,4C7xGubTL90,2022-05-17T10:18:06Z,@kristopher3366,These raps are eating more than 50% of the raps in kpop✨ impressive🔥,0
TNX,4C7xGubTL90,2022-05-17T10:18:06Z,@iirc_3153,اول اغنية ترسيم تعجبني,0
TNX,4C7xGubTL90,2022-05-17T10:18:05Z,@dianedelatorre7919,LETS CONTINUE ON STREAMIING GUYYS WE CAN DO IT,0
TNX,4C7xGubTL90,2022-05-17T10:18:04Z,@nadaarta3982,we p nation😎,0
TNX,4C7xGubTL90,2022-05-17T10:18:04Z,@Anniexo19,They r gonna fly high 💗,1
TNX,4C7xGubTL90,2022-05-17T10:18:04Z,@vanessapriatna1468,"OMG, CONGRATULATIONS BOYS!!",0
TNX,4C7xGubTL90,2022-05-17T10:18:04Z,@philippinedelapeyriere1840,"The song and dance is just amazing!!!❤️ You really killed this guy!!!! 🔥 I&#39;m so proud of you! !!! Congratulations! ! 🎂 Plus your visual is no joke in this group, like you all look so good!!! 😳😩🤩 Please stay healthy and stay happy, and remember it&#39;s ok to not be ok! We will be there for you!!!❤️❤️ I hope one day you will come to France 🇫🇷 I love you all😊",0
TNX,4C7xGubTL90,2022-05-17T10:18:00Z,@momokeira1287,Stream harder!,0
TNX,4C7xGubTL90,2022-05-17T10:17:58Z,@everywhereigoee6449,Damn the beat,0
TNX,4C7xGubTL90,2022-05-17T10:17:54Z,@choinkyu8648,옆으로 울립니다. 사랑해,1
TNX,4C7xGubTL90,2022-05-17T10:17:52Z,@unknow8550,Get out on my way (hbit had nwita),0
TNX,4C7xGubTL90,2022-05-17T10:17:50Z,@chipo3889,凄くかっこいいよ！！,0
TNX,4C7xGubTL90,2022-05-17T10:17:49Z,@leetamin48,I hope a lot of streaming,0
TNX,4C7xGubTL90,2022-05-17T10:17:47Z,@ruveydayigit50,this thing is already addicted,0
TNX,4C7xGubTL90,2022-05-17T10:17:47Z,@seventeenforever6282,"I don&#39;t have any words ,perfect .🙂❤️",1
TNX,4C7xGubTL90,2022-05-17T10:17:47Z,@insyirahj9802,"Congrats on your debut TNX 🥳🥳🥳 PROUD OF YOU ALL!!! The moment gets a notification of move&#39;s mv is out I&#39;m screaming 🙌🙌 the song, the choreography, the lyrics just 💯💯💯💯",0
TNX,4C7xGubTL90,2022-05-17T10:17:46Z,@paolaalba2587,Oh my god this is amazing this is really what being an idol means is having fun and mixing beats without having company limits you know I loved the line of (out of my way 😍😍😍) this group,8
TNX,4C7xGubTL90,2022-05-17T10:17:40Z,@fauzianrizkydinulloh728,Keren bgtt sih lagunya,0
TNX,4C7xGubTL90,2022-05-17T10:17:36Z,@blessingluaivatuufagatu335,LETS GOOOOOOOOOOOOOOOOOOOOOOOOOOOOOOOOOOOOOOOOOOOOOOOOOOOOOOOOOOOOOOOOOOOOOOOOOOOOOOOOOOOOOOOOOOO<br>❤‍🔥❤‍🔥❤‍🔥❤‍🔥❤‍🔥❤‍🔥❤‍🔥❤‍🔥❤‍🔥❤‍🔥❤‍🔥❤‍🔥❤‍🔥❤‍🔥❤‍🔥❤‍🔥❤‍🔥❤‍🔥❤‍🔥❤‍🔥❤‍🔥❤‍🔥❤‍🔥❤‍🔥❤‍🔥❤‍🔥❤‍🔥,0
TNX,4C7xGubTL90,2022-05-17T10:17:35Z,@arthapurba8287,🔥🔥,0
TNX,4C7xGubTL90,2022-05-17T10:17:34Z,@adilasefia8992,LUVVVVVVVVv😍😍😍💜💜,0
TNX,4C7xGubTL90,2022-05-17T10:17:32Z,@itshantara,yoo,0
TNX,4C7xGubTL90,2022-05-17T10:17:30Z,@wfun6356,So good !!! Proud of them!!!,1
TNX,4C7xGubTL90,2022-05-17T10:17:30Z,@getontheroadagain,Dang! 🔥🔥🔥🔥🔥🔥🔥,0
TNX,4C7xGubTL90,2022-05-17T10:17:27Z,@adamaribravo3386,Wtf the best debut,0
TNX,4C7xGubTL90,2022-05-17T10:17:26Z,@asiannvddles,SO CLEAN SO GOOD!!,0
TNX,4C7xGubTL90,2022-05-17T10:17:24Z,@iirc_3153,woooow i just love it!,0
TNX,4C7xGubTL90,2022-05-17T10:17:23Z,@ziannisa-z17,very proud of you guys🥺💗,0
TNX,4C7xGubTL90,2022-05-17T10:17:22Z,@Paauzz_,Keren banget,0
TNX,4C7xGubTL90,2022-05-17T10:17:20Z,@IAM-ni6hq,"Its like a mix of Stray kids and Ateez, and I really like it, good job boys!!",0
TNX,4C7xGubTL90,2022-05-17T10:17:20Z,@Im_Charizzma_boss_baby_Ricky,"Is it just me that can’t seem to find their spotify? If you have their spotify, please share the link!",0
TNX,4C7xGubTL90,2022-05-17T10:17:17Z,@christinatreesye9528,YES FINALLY DEBUTTTTTT GOOO,0
TNX,4C7xGubTL90,2022-05-17T10:17:12Z,@ssera025,ate,0
TNX,4C7xGubTL90,2022-05-17T10:17:06Z,@kookiesbananamilk1719,STAN TNX,0
TNX,4C7xGubTL90,2022-05-17T10:17:02Z,@Fagnerpark,New rockies,0
TNX,4C7xGubTL90,2022-05-17T10:17:01Z,@zlermerlq6662,😍😍😍😍😍😍,0
TNX,4C7xGubTL90,2022-05-17T10:17:01Z,@thaenuooh519,I like this🔥🔥<br>Btw why doesn&#39;t Oh sungjun get line😌,0
TNX,4C7xGubTL90,2022-05-17T10:17:01Z,@ssera025,OMG SLAY,0
TNX,4C7xGubTL90,2022-05-17T10:17:01Z,@choinkyu8648,사랑해요 여러분,1
TNX,4C7xGubTL90,2022-05-17T10:17:00Z,@aigoasssa2703,❤️,0
TNX,4C7xGubTL90,2022-05-17T10:16:58Z,@cexb_919,Kings ♡♡♡,0
TNX,4C7xGubTL90,2022-05-17T10:16:54Z,@kcin4739,i. stan.,0
TNX,4C7xGubTL90,2022-05-17T10:16:53Z,@AsliKLLKRTR,비겨 ❤️‍🔥,1
TNX,4C7xGubTL90,2022-05-17T10:16:51Z,@bhilpayal91payal68,"Everything is perfect and every member did so well,😍I feel so proud of them",6
TNX,4C7xGubTL90,2022-05-17T10:16:49Z,@앤이-l1p,"Wow , good song",0
TNX,4C7xGubTL90,2022-05-17T10:16:48Z,@nuralisha1206,🫶🏻🫶🏻🤍🤍🤍,0
TNX,4C7xGubTL90,2022-05-17T10:16:42Z,@leihnkim265,나의 잘생긴 왕자님의 노래는 최고입니다🎊😁🥰축하해요tnx<br>모두 사랑해😍,0
TNX,4C7xGubTL90,2022-05-17T10:16:41Z,@nuralisha1206,SO PROUD,0
TNX,4C7xGubTL90,2022-05-17T10:16:37Z,@JUNGKOOKxxjk,WHAT A GREAT DEBUT I ALREADY LIKE IT WHAT A GREAT DEBUT I ALREADY LIKE IT 😍😍😍😍😍❤️❤️❤️❤️❤️,0
TNX,4C7xGubTL90,2022-05-17T10:16:30Z,@unknow8550,The Rap made my mind up,0
TNX,4C7xGubTL90,2022-05-17T10:16:28Z,@blanchemagie4010,일본의 팬입니다.<br>데뷔 축하합니다.<br>CD 예약했습니다.<br>도착하는 것이 기대됩니다.<br>앞으로 모두의 성장과 활약을 응원하고 있습니다 ‼ ︎파이트‼ ︎<br><br>I&#39;m a Japanese fan.<br>Congratulations on your debut.<br>I made a CD reservation.<br>I&#39;m looking forward to it.<br>We support everyone&#39;s growth and success in the future! ︎ Fight‼ ︎,0
TNX,4C7xGubTL90,2022-05-17T10:16:25Z,@choinkyu8648,tnx님 데뷔 축하합니다,1
TNX,4C7xGubTL90,2022-05-17T10:16:25Z,@ไซกิ_22,ไม่รู้จะอธิบายยังไงสมกับที่รอคอยมาตลอดตื้นตันอ่ะมันดีมันเริ่ดทุกๆอย่าง ทัชใจสุดๆ  ෆෆ ʟᴏᴠᴇ 🆃🅽🆇 ʟᴏᴠᴇ 🅿🆂🆈 ෆෆ,0
TNX,4C7xGubTL90,2022-05-17T10:16:23Z,@haneoy6358,Go go 5M,1
TNX,4C7xGubTL90,2022-05-17T10:16:15Z,@cexb_919,Omgggg,0
TNX,4C7xGubTL90,2022-05-17T10:16:15Z,@7g_02_aishanurulazqia6,CONGRATULATIONS FOR THE DEBUT TNX !! I&#39;m so proud of you guys Keep up the good work!! I ALWAYS SUPPORT YOU  ♡♡,6
TNX,4C7xGubTL90,2022-05-17T10:16:14Z,@offciallyjw,"TNX STANS, follow this!<br><br>how to stream properly on yt:<br><br>— don&#39;t skip ads<br>— don&#39;t fast forward<br>— don&#39;t pause or skip<br>— don&#39;t watch on loop<br>—don&#39;t clear history<br>— don&#39;t mute, keep the volume at 50% <br>— watch in 480p+<br>— watch 2-3 videos in btwn",1
TNX,4C7xGubTL90,2022-05-17T10:16:12Z,@deoonlyb8270,finaly they debuted!!,0
TNX,4C7xGubTL90,2022-05-17T10:16:07Z,@ema9139,Congrats on your debut!!!<br>Best performance ever😭,1
TNX,4C7xGubTL90,2022-05-17T10:16:05Z,@Paauzz_,Kyungjun cakep banget,1
TNX,4C7xGubTL90,2022-05-17T10:16:03Z,@mejelajah9064,i am so proud of this group...,1
TNX,4C7xGubTL90,2022-05-17T10:16:01Z,@bonmata7427,드디어!!ㅠㅠ,1
TNX,4C7xGubTL90,2022-05-17T10:15:59Z,@leetamin48,I hope you shine even more,0
TNX,4C7xGubTL90,2022-05-17T10:15:55Z,@taasia1882,WAAAAAA NAPAKAAAAAAGANDAAAAAAA,0
TNX,4C7xGubTL90,2022-05-17T10:15:55Z,@Paauzz_,Akhirnya,0
TNX,4C7xGubTL90,2022-05-17T10:15:53Z,@sabrinaelias3389,TXT you do all!!!!,1
TNX,4C7xGubTL90,2022-05-17T10:15:52Z,@fatemeahmadi6882,I love this song sooo much😍,1
TNX,4C7xGubTL90,2022-05-17T10:15:47Z,@영주-k5v,와우 진짜 넘 멋지네요   애들아   축하해   ♡♡♡❤❤❤,2
TNX,4C7xGubTL90,2022-05-17T10:15:45Z,@fionanatalia5332,make it louder boys!!!!,1
TNX,4C7xGubTL90,2022-05-17T10:15:41Z,@uno728,gogogogogo!!!!,1
TNX,4C7xGubTL90,2022-05-17T10:15:40Z,@sabrinaelias3389,I&#39;m so proud!!!!!,1
TNX,4C7xGubTL90,2022-05-17T10:15:39Z,@wydshin,Yes let’s get it,1
TNX,4C7xGubTL90,2022-05-17T10:15:33Z,@AsliKLLKRTR,이거 보야 😍😍,2
TNX,4C7xGubTL90,2022-05-17T10:15:33Z,@kaylsvanniekerk5590,"honestly this is was soooo good CHOREOGRAPH KILLED AND RAP these boy are bringing new taste,vibe and excitement with them&lt;&lt;333 <br>THIS IS PATION WE LOVE IT<br>THE BEATSSSS 😍",13
TNX,4C7xGubTL90,2022-05-17T10:15:32Z,@kanokwanpainit5329,perfect,1
TNX,4C7xGubTL90,2022-05-17T10:15:31Z,@YMSCenter,Just bye life:))) Its like... I have nothing to say it was perfect:)) after a big break between LOUD and debut... maybe fo fandom this is like a prize for waiting for the band:) And we do not forget Koki :) I hope he succeeds and lives the best way. &lt;3,2
TNX,4C7xGubTL90,2022-05-17T10:15:27Z,@pakolmh2151,Omg🔥🔥🔥🔥,1
TNX,4C7xGubTL90,2022-05-17T10:15:16Z,@sparklycrackle3616,Wwwaaaaaah! 12seconds in 😏🔥🔥🔥🔥🔥💖,0
TNX,4C7xGubTL90,2022-05-17T10:15:06Z,@leihnkim265,이것은 최고의 노래입니다🥰좋은 노래 사랑해🤭사랑에 빠지게 해주세요 하하하🤗😜🥰,0
TNX,4C7xGubTL90,2022-05-17T10:15:05Z,@Yzzzzz01,"Congratulation for your debut gaes,, let&#39;s go Billboard ✨✨",0
TNX,4C7xGubTL90,2022-05-17T10:15:05Z,@fran5314,Me encanto!!!!!,0
TNX,4C7xGubTL90,2022-05-17T10:14:59Z,@ghjhh9156,TNX,0
TNX,4C7xGubTL90,2022-05-17T10:14:59Z,@nelvi_7,I love this song!,1
TNX,4C7xGubTL90,2022-05-17T10:14:59Z,@leetamin48,Amazing amazing really cool,1
TNX,4C7xGubTL90,2022-05-17T10:14:55Z,@lialfns3435,woah lovin&#39; the rap and choreography,0
TNX,4C7xGubTL90,2022-05-17T10:14:53Z,@cheipao,"Temon<br>Es muy pegadizo el rap, me encanta! / u \",0
TNX,4C7xGubTL90,2022-05-17T10:14:48Z,@cyntiatjong4604,ANJAYYYY🔥🔥❤️🔥❤️🔥❤️🔥❤️,0
TNX,4C7xGubTL90,2022-05-17T10:14:46Z,@mary3939,Woooow,0
TNX,4C7xGubTL90,2022-05-17T10:14:45Z,@miannakim830,O my f good it&#39;s too good.....,0
TNX,4C7xGubTL90,2022-05-17T10:14:40Z,@khiningyin,They are so amazing. I hope their debut will be successful,0
TNX,4C7xGubTL90,2022-05-17T10:14:36Z,@sofeanwr,Literally debut of the year 😭😭😭,0
TNX,4C7xGubTL90,2022-05-17T10:14:28Z,@Yzzzzz01,That so AMAZING ✨✨,0
TNX,4C7xGubTL90,2022-05-17T10:14:20Z,@pj4244,CONGRATS!!! They will definitely be more successful in the future.  i am a fan of TNX,45
TNX,4C7xGubTL90,2022-05-17T10:14:16Z,@gaurilama2430,More and more love 💛💛💜💚♥️,0
TNX,4C7xGubTL90,2022-05-17T10:14:16Z,@pariandangelsharma1145,I’m happy that im  with them on their debut and real excited and happy to witness this moment yeahhhhhh I oath to myself to never leave their fan base and be their fan forever,0
TNX,4C7xGubTL90,2022-05-17T10:14:11Z,@melgaaskarimaekasaputri7512,Ganteng banget,0
TNX,4C7xGubTL90,2022-05-17T10:14:10Z,@dreamlured,Congrats boys ;-; the rap was insane AH &lt;3,0
TNX,4C7xGubTL90,2022-05-17T10:14:07Z,@alessaernst9664,they are so good &lt;3 i am proud of you all!!!,0
TNX,4C7xGubTL90,2022-05-17T10:14:06Z,@tuinuifam1150,I&#39;m in love with this song and Taehun:),0
TNX,4C7xGubTL90,2022-05-17T10:14:06Z,@armydance283,very good i waited a lot it was worth the wait you guys are amazing i hope you win an award with this debut,0
TNX,4C7xGubTL90,2022-05-17T10:14:03Z,@claudiahfc,I loved!!<br>I wish the group much success and bring joy to many people around the world.,0
TNX,4C7xGubTL90,2022-05-17T10:14:03Z,@miracle1130,What is up with views?,0
TNX,4C7xGubTL90,2022-05-17T10:14:01Z,@sofiaksl001,I&#39;m so proud of you guys😭💓,0
TNX,4C7xGubTL90,2022-05-17T10:13:58Z,@melgaaskarimaekasaputri7512,Keren,0
TNX,4C7xGubTL90,2022-05-17T10:13:55Z,@angiez08,THIS IS SO GOOD! So addictive 🤩👏,0
TNX,4C7xGubTL90,2022-05-17T10:13:53Z,@khrsmssi4221,Ayangg akhirnya debut huhuuuu,1
TNX,4C7xGubTL90,2022-05-17T10:13:52Z,@chillichilla_,아아아아아 드디어,0
TNX,4C7xGubTL90,2022-05-17T10:13:50Z,@DALAVERECİKAPLUMBANINMANİTİ,Tek kelimeyle mükenmel,1
TNX,4C7xGubTL90,2022-05-17T10:13:49Z,@goricyan,俺めっちゃ好きやわ,0
TNX,4C7xGubTL90,2022-05-17T10:13:47Z,@awna2178,CONGRATSSSS GUYSSS,0
TNX,4C7xGubTL90,2022-05-17T10:13:44Z,@iraafea,데뷔 축하해 !! &lt;3,0
TNX,4C7xGubTL90,2022-05-17T10:13:41Z,@rainbowstay,I knew TNX wouldn&#39;t disappoint! WONDERFUL SONG! PERFECT DEBUT! FIGHTING! ❤️,0
TNX,4C7xGubTL90,2022-05-17T10:13:36Z,@cyxz8334,Sumpah keren Bangat,0
TNX,4C7xGubTL90,2022-05-17T10:13:34Z,@ericaninouh,Wow wonderful song of kpop,0
TNX,4C7xGubTL90,2022-05-17T10:13:28Z,@yunisaoctaviani5501,"Aaaaaaaa bagus banget, sukses terus buat kalian, sekali lagi congratulation,♥️♥️",1
TNX,4C7xGubTL90,2022-05-17T10:13:19Z,@loeyunsim1527,I am so proud with all of you,0
TNX,4C7xGubTL90,2022-05-17T10:13:19Z,@theonkaydenlin1761,"TNX It&#39;s pretty perfect but with Koki, it would be more complete😮‍💨❤️‍🔥I miss koki",0
TNX,4C7xGubTL90,2022-05-17T10:13:15Z,@riyaaanti30,Gilaa keren banget,0
TNX,4C7xGubTL90,2022-05-17T10:13:14Z,@TNXMademedoit,Tremenda felicidad que siento por mis chicos 💖,0
TNX,4C7xGubTL90,2022-05-17T10:13:11Z,@cristopher_bv1607,Buena canción me gustó :),0
TNX,4C7xGubTL90,2022-05-17T10:13:11Z,@Yeolri,Evetything just ✨chef&#39;s kiss✨🥰,0
TNX,4C7xGubTL90,2022-05-17T10:13:09Z,@sararafizadeh4963,Rap <br>Vocal <br>Dance ...<br>You guys make me exited,0
TNX,4C7xGubTL90,2022-05-17T10:13:08Z,@Mちゃん-m2g,デビュー、チュカヘ！,0
TNX,4C7xGubTL90,2022-05-17T10:12:53Z,@ay-fi2su,semangat streaming nya trex,0
TNX,4C7xGubTL90,2022-05-17T10:12:52Z,@Evfiqahkjy,The  비겨 part is just satisfying :),0
TNX,4C7xGubTL90,2022-05-17T10:12:52Z,@kuroneko5466,Estuve aquí,0
TNX,4C7xGubTL90,2022-05-17T10:12:51Z,@thedroppedcheesecake,"I love everything about this… the visuals are on point, the choreography is enticing, the vocals 🤯, the rap (especially hwi’s) were just amazing, the lyrics are super cool and the melody is catchy… PSY really made a perfect debut for them",78
TNX,4C7xGubTL90,2022-05-17T10:12:51Z,@meliyadestiara5700,I wanna stay with you Forever♡♡♡,1
TNX,4C7xGubTL90,2022-05-17T10:12:48Z,@zeinababdalla9696,the boy who says &quot;move move&quot; his voice is so dam deep and anesthetic,0
TNX,4C7xGubTL90,2022-05-17T10:12:47Z,@itzjenellezz,why is the views so low this mv deserve alot of attention cause it&#39;s good 💕✨,0
TNX,4C7xGubTL90,2022-05-17T10:12:47Z,@jessicajanejustin,The power 🔥🔥🔥,1
TNX,4C7xGubTL90,2022-05-17T10:12:47Z,@khinkhinkyaw4342,😊😊😊😊,0
TNX,4C7xGubTL90,2022-05-17T10:12:36Z,@hyhhwng,AAAAAAAAAAAAAAAAAAA,0
TNX,4C7xGubTL90,2022-05-17T10:12:34Z,@Hanaa_lee,Woww.. lagunya buat nagih bgt ❤️❤️❤️❤️❤️❤️,0
TNX,4C7xGubTL90,2022-05-17T10:12:34Z,@Fagnerpark,"Os visuais, o som, a coreografia, faz me parecer que estou em um filme, cara parece que eles reviveram a franquia Star Wars, eu adorei~",0
TNX,4C7xGubTL90,2022-05-17T10:12:32Z,@reacchhe,Everything is so perfect 😭 the vocal and raps are on the high 🤧 facial expression was the best! anyway congratulations on your debut ❤❤❤,6
TNX,4C7xGubTL90,2022-05-17T10:12:28Z,@kylegang,damn wtf penomeco,1
TNX,4C7xGubTL90,2022-05-17T10:12:28Z,@forwayv5687,a new era has established,0
TNX,4C7xGubTL90,2022-05-17T10:12:25Z,@sariika5585,"hwi.. akhrinya debut juga, selamat TNX",0
TNX,4C7xGubTL90,2022-05-17T10:12:22Z,@SarochaPhimwong,ดือมากกกกกก ฉันรักพวกเธออออ,0
TNX,4C7xGubTL90,2022-05-17T10:12:13Z,@itzjenellezz,kyungjun❤️,0
TNX,4C7xGubTL90,2022-05-17T10:12:11Z,@_gissyy,LET&#39;S GO STREAMING!!!!!!! 🔥🔥,0
TNX,4C7xGubTL90,2022-05-17T10:12:10Z,@maggiemM18,"Congras: Taehun, Kyungjun, Hyunsoo, Junhyeok, Hwi and Sungjun for your debut. you all deserve. Nice song also.",36
TNX,4C7xGubTL90,2022-05-17T10:12:08Z,@maloislonglosthairpin1693,str3am harder.,0
TNX,4C7xGubTL90,2022-05-17T10:12:05Z,@fanifadilah2740,❤🔥🔥🔥🔥🔥,0
TNX,4C7xGubTL90,2022-05-17T10:12:05Z,@_bloomoon_,You can clearly tell they are from P NATION<br>High quality EVERYTHING,0
TNX,4C7xGubTL90,2022-05-17T10:12:01Z,@itzjenellezz,❤️❤️❤️,0
TNX,4C7xGubTL90,2022-05-17T10:12:01Z,@hiryz3983,everything is perfect,0
TNX,4C7xGubTL90,2022-05-17T10:12:00Z,@nisajeng,Congrats for your debut TNX!,0
TNX,4C7xGubTL90,2022-05-17T10:11:54Z,@marthaa8668,모두 수고했어!,0
TNX,4C7xGubTL90,2022-05-17T10:11:53Z,@sararafizadeh4963,You guys are so amazing,0
TNX,4C7xGubTL90,2022-05-17T10:11:46Z,@dwista1640,"Im waiting for this, good job TNX ❣",0
TNX,4C7xGubTL90,2022-05-17T10:11:45Z,@Зарина-н4ш,Почему это так шикарно? А?,0
TNX,4C7xGubTL90,2022-05-17T10:11:43Z,@nakamotoyuta5666,Eita glória ❤️❤️❤️❤️❤️👏❤️👏❤️,1
TNX,4C7xGubTL90,2022-05-17T10:11:41Z,@cherryskates1225,Has yt messed up the views? The likes are literally 29k or something and the views only 7.1k??,0
TNX,4C7xGubTL90,2022-05-17T10:11:39Z,@Jxsmineyew,Not bad,0
TNX,4C7xGubTL90,2022-05-17T10:11:38Z,@0_base1,"My mouth was open the whole time, this is so good. PNATION IS INSANE WATCH OUT!!!!!!!",0
TNX,4C7xGubTL90,2022-05-17T10:11:38Z,@riyaaanti30,Kerennn,0
TNX,4C7xGubTL90,2022-05-17T10:11:35Z,@chacaarv27,bikyeora bikyeo lalalalalalalala,0
TNX,4C7xGubTL90,2022-05-17T10:11:28Z,@cloud8518,From now on me : pikyora pikyo,0
TNX,4C7xGubTL90,2022-05-17T10:11:26Z,@SriWahyuningsih-rv4fg,WOW,0
TNX,4C7xGubTL90,2022-05-17T10:11:23Z,@kokipangz,Congratulation,0
TNX,4C7xGubTL90,2022-05-17T10:11:20Z,@eduardamaysa532,PERFEITOS,0
TNX,4C7xGubTL90,2022-05-17T10:11:19Z,@chacaarv27,bikyeora bikyeo lalalalalalalala,0
TNX,4C7xGubTL90,2022-05-17T10:11:13Z,@uri_rachel3971,Way up boys.Fighting.Kyunjun english intro in song is amazing,0
TNX,4C7xGubTL90,2022-05-17T10:11:09Z,@shiho_babe4730,I can see a bit of YG style 🧐😎<br>No wonder their PD is PSY former YG artist 😍<br>Congrats on ur Debut finally !🎉,1
TNX,4C7xGubTL90,2022-05-17T10:11:04Z,@beafeto7029,Congratulations,0
TNX,4C7xGubTL90,2022-05-17T10:11:03Z,@waishnavya9499,MASTERPIECE,0
TNX,4C7xGubTL90,2022-05-17T10:10:57Z,@user-rl2vh8nj8s,데뷔곡인데 컨셉이 너무별로다...<br>우경준이랑 천준혁 얼굴좀 제대로 살리지.....<br>그리고 성준이는 안그래도 작은키 자꾸 <br>더 작아보이게하는 코디는 왜인지 이해가안됨...<br>이렇게 데뷔곡 흔해빠진 컨셉할거엿으면<br>차라리 고키 끼우고 더 유니크한 느낌이면<br>재밌었을것 같다는 아쉬움이 남네여,0
TNX,4C7xGubTL90,2022-05-17T10:10:57Z,@lovx_sxmy,wowww tnx you&#39;re going to go far I know you have enormous talent &lt;3,0
TNX,4C7xGubTL90,2022-05-17T10:10:55Z,@nataliagultom8835,omg omg keren bgt,0
TNX,4C7xGubTL90,2022-05-17T10:10:50Z,@はる-r2n2q,デビューおめでとう〜！！！,0
TNX,4C7xGubTL90,2022-05-17T10:10:46Z,@Nini_mini_26,TNX= <br>T= TOTALLY DANGEROUS BUT <br>N= NEVER BAD CUZ WE R <br>X= XTRAORDINARY  TNX <br>TOGETHER TNX FOREVER 1&amp; ONLY,0
TNX,4C7xGubTL90,2022-05-17T10:10:46Z,@sunli6ht,"Proud of you always!!!!!!!!! Long Live, TNX! FIGHTINGGGGGGGGGGGGG",0
TNX,4C7xGubTL90,2022-05-17T10:10:46Z,@frkzaaa2461,This is amazing,0
TNX,4C7xGubTL90,2022-05-17T10:10:34Z,@larpy,Slay ! So powerful,0
TNX,4C7xGubTL90,2022-05-17T10:10:34Z,@JanasButterflyEffect,Finally the day we’ve been waiting for has arrived 🙌🏼 adding the whole album to my playlist 🥰 congrats on you debut and I can’t wait to see TNXs journey! 👏🏼,21
TNX,4C7xGubTL90,2022-05-17T10:10:30Z,@autumnriver479,"this HITS HARD<br><br>kyungjun&#39;s intro, I was so stunned by his visual<br>cheon junhyeok, ace, periodt. <br>hwi&#39;s rap?!?! literally on fire<br>hyunsoo&amp;taehun&#39;s vocall damn<br>and sungjunnn is the hidden ace tbh",329
TNX,4C7xGubTL90,2022-05-17T10:10:30Z,@frkzaaa2461,We love you all,0
TNX,4C7xGubTL90,2022-05-17T10:10:30Z,@bbtzzu5933,الإيقاع والازياء والاصوات الجميلة كل شي مثالي ورائع,0
TNX,4C7xGubTL90,2022-05-17T10:10:24Z,@d0eska,OMG BOYS❤️,0
TNX,4C7xGubTL90,2022-05-17T10:10:20Z,@frkzaaa2461,Congratulations for your debut,0
TNX,4C7xGubTL90,2022-05-17T10:10:15Z,@ladyblanche2695,I watched it in 2160p no regrets,0
TNX,4C7xGubTL90,2022-05-17T10:10:14Z,@su8095,우리 티엔엑스 데뷔 축하합니다!!!! 🥳❤️,0
TNX,4C7xGubTL90,2022-05-17T10:10:13Z,@soft__lonely8007,"Ayuda, me enamoré de sus visuales y su canción debut",0
TNX,4C7xGubTL90,2022-05-17T10:10:13Z,@waishnavya9499,You guys are SO COOL,0
TNX,4C7xGubTL90,2022-05-17T10:10:11Z,@auliyasafitri3041,suka banget,0
TNX,4C7xGubTL90,2022-05-17T10:10:06Z,@riskajuliananasution1764,Congratulation 🥰,0
TNX,4C7xGubTL90,2022-05-17T10:10:05Z,@AndyVilVas,Esperaba mucho y aun así me sorprendieron,0
TNX,4C7xGubTL90,2022-05-17T10:10:05Z,@0_base1,NAH PNATION I’M JOINING,0
TNX,4C7xGubTL90,2022-05-17T10:10:01Z,@butterfliesd,their voices😭😭😭,0
TNX,4C7xGubTL90,2022-05-17T10:09:57Z,@vickyfransa1407,Desde sus comienzos🤩🇦🇷,1
TNX,4C7xGubTL90,2022-05-17T10:09:55Z,@Fagnerpark,Esse final AAAAAA,0
TNX,4C7xGubTL90,2022-05-17T10:09:54Z,@0_base1,THIS IS SO GOOD,0
TNX,4C7xGubTL90,2022-05-17T10:09:54Z,@yoganshkhurana3141,AYY I WAS WAITING,0
TNX,4C7xGubTL90,2022-05-17T10:09:52Z,@kcin4739,THE WAY HE SAID &quot;GET OUT OF MY WAY&quot; WAS AMAZING,21
TNX,4C7xGubTL90,2022-05-17T10:09:51Z,@bilqisnajwa3135,KECEEEEEE😭,0
TNX,4C7xGubTL90,2022-05-17T10:09:45Z,@hannahhaghnejad5304,Yeahhhhhhh let&#39;s go boys(๑♡⌓♡๑),0
TNX,4C7xGubTL90,2022-05-17T10:09:43Z,@skyuzuu,Congratulations on your debut TNX!<br>I really love the vibes of this song,0
TNX,4C7xGubTL90,2022-05-17T10:09:41Z,@offciallyjw,"TNX WILL BE BIG SOMEDAY, MARK WAY WORDS",0
TNX,4C7xGubTL90,2022-05-17T10:09:35Z,@chia8532,"OMG, he esperado este día por mucho tiempo. Me faltan palabras para expresar lo que siento. Estoy tan orgullosa de cada uno de ustedes.<br>LOS AMO &lt;3&lt;3",0
TNX,4C7xGubTL90,2022-05-17T10:09:30Z,@offciallyjw,"they slayed the dance, the rap, the vocal, the performance. can’t wake to see them performs this on stage— it’ll be fire!",45
TNX,4C7xGubTL90,2022-05-17T10:09:27Z,@loeyunsim1527,FIGHTING TNX!,0
TNX,4C7xGubTL90,2022-05-17T10:09:26Z,@Imyour_Zii,Kece abisssss,0
TNX,4C7xGubTL90,2022-05-17T10:09:22Z,@sharm1tha,❤️❤️❤️,0
TNX,4C7xGubTL90,2022-05-17T10:09:21Z,@mello_olyrics7082,Ok i like it,0
TNX,4C7xGubTL90,2022-05-17T10:09:21Z,@giwtakotlida5364,That&#39;s way to good for debut 😍,0
TNX,4C7xGubTL90,2022-05-17T10:09:20Z,@Fagnerpark,"We go again, multifamily",0
TNX,4C7xGubTL90,2022-05-17T10:09:18Z,@vvintagesoul,FIREEEEEEEEE,0
TNX,4C7xGubTL90,2022-05-17T10:09:18Z,@lei9844,Should I Stan them now 😭?,0
TNX,4C7xGubTL90,2022-05-17T10:09:16Z,@0_base1,My jaw is on the floor,0
TNX,4C7xGubTL90,2022-05-17T10:09:13Z,@sharm1tha,OMGGSIOSIW,0
TNX,4C7xGubTL90,2022-05-17T10:09:12Z,@РозаннаАдамова-ю2в,😭😭😭❤️❤️❤️,0
TNX,4C7xGubTL90,2022-05-17T10:09:09Z,@neomulonely4896,dangggg!!!! on my way to everyday playlist cause why not! congrats boys!!!! a lifetime carat &amp; proud loud era fans!!!,0
TNX,4C7xGubTL90,2022-05-17T10:09:08Z,@kcin4739,DUDE IM 10 SECS IN AND I CANT HANDLE IT,0
TNX,4C7xGubTL90,2022-05-17T10:09:08Z,@qistlyna5172,🔥🔥🔥🔥,0
TNX,4C7xGubTL90,2022-05-17T10:09:04Z,@mymeenicha,They deserve to be part of rookie of the year! Im gonna stan for them.,40
TNX,4C7xGubTL90,2022-05-17T10:09:04Z,@AngelAngel-ns9ft,we should stream harder y&#39;all,0
TNX,4C7xGubTL90,2022-05-17T10:09:03Z,@majito7590,"Q? Pónganse a hacer stream por favor, hagamos des este un debut exitoso",0
TNX,4C7xGubTL90,2022-05-17T10:08:59Z,@nisanisa6145,BEST SONG EVERRR,0
TNX,4C7xGubTL90,2022-05-17T10:08:54Z,@lei9844,They&#39;re so cute here pls 😭,0
TNX,4C7xGubTL90,2022-05-17T10:08:53Z,@yatigyu4145,Talented boys,0
TNX,4C7xGubTL90,2022-05-17T10:08:53Z,@me_dhienyyy,"As a big fan since the &quot;LOUD&quot; era, I&#39;m so proud of my boys! they are so adorable, talented, beautiful and dedicated &lt;3 they deserve the world ♡♡ I&#39;m sure they are very happy and proud of their debut (my too) LET&#39;S GOOOOOO TNX &lt;3",51
TNX,4C7xGubTL90,2022-05-17T10:08:47Z,@offciallyjw,TNX NEVER DISAPPOINTS,0
TNX,4C7xGubTL90,2022-05-17T10:08:46Z,@calliespencer2222,AHHHH TNX WITH THE BEST DEBUT SONG EVER,0
TNX,4C7xGubTL90,2022-05-17T10:08:37Z,@stuff8090,Its already 1 hour but still just 7k views even tho likes are 28k,0
TNX,4C7xGubTL90,2022-05-17T10:08:36Z,@TeuKonicID,Citieich 🤟,0
TNX,4C7xGubTL90,2022-05-17T10:08:34Z,@putrirahayu4022,Selamat debut bujangku 🥰❤️,1
TNX,4C7xGubTL90,2022-05-17T10:08:33Z,@calliespencer2222,AMAZING DEBUT,1
TNX,4C7xGubTL90,2022-05-17T10:08:29Z,@Fagnerpark,THIS SOUND ON MY WAY ON MY WAY,1
TNX,4C7xGubTL90,2022-05-17T10:08:27Z,@julliaescalona8708,"Congratulation on your debut TNX! I&#39;ve been a fan since your LOUD survival show. Everything is perfect, from vocal,performance to rap.",4
TNX,4C7xGubTL90,2022-05-17T10:08:26Z,@katsey346,"they’ve grown so much since LOUD, fightingggg!!!🥹💪🏾❤️",0
TNX,4C7xGubTL90,2022-05-17T10:08:25Z,@hopeshinearts5738,"The dance, rap and vocals are all top tier.. they are gonna be BIG",0
TNX,4C7xGubTL90,2022-05-17T10:08:24Z,@fififorgetmenot03,I LOVE IT.,0
TNX,4C7xGubTL90,2022-05-17T10:08:24Z,@dellaarenata,you guys are so great,0
TNX,4C7xGubTL90,2022-05-17T10:08:23Z,@pinatishalaya837,OMG so amazing,0
TNX,4C7xGubTL90,2022-05-17T10:08:23Z,@andromeda_momo,かっこいいいいいい🥺💓💓<br>デビュー本当におめでとう🎉<br>これからもずっと大好き❤,0
TNX,4C7xGubTL90,2022-05-17T10:08:22Z,@purpleee45,Debut congratulations❤️‍🔥❤️‍🔥❤️‍🔥<br>Hwi’s rap is so coool🤍,0
TNX,4C7xGubTL90,2022-05-17T10:08:21Z,@rubilynpantonial8802,Myghad finallly! Congrats on your debut 🙃❤️,0
TNX,4C7xGubTL90,2022-05-17T10:08:21Z,@dorianWtnb,CONGRATULATIONS FOR YOUR DEBUT &lt;3,0
TNX,4C7xGubTL90,2022-05-17T10:08:20Z,@doyoungkim6909,THANK YOU FOR THIS WONDERFUL BIRTHDAY GIFT &lt;&lt;333,0
TNX,4C7xGubTL90,2022-05-17T10:08:20Z,@kpopkdrama5505,PNATION on POINT✨<br>The boys are on FIRE🔥,4
TNX,4C7xGubTL90,2022-05-17T10:08:18Z,@ksjisvsjiwi5321,TNX MOVE,0
TNX,4C7xGubTL90,2022-05-17T10:08:18Z,@shanwazrajpot1387,Woah they are on point already pros i really loved it,0
TNX,4C7xGubTL90,2022-05-17T10:08:12Z,@veronicahalu8364,"Congratulations on his debut, it&#39;s a great start let&#39;s fight together",1
TNX,4C7xGubTL90,2022-05-17T10:08:10Z,@poulomimallick1922,This is just🔥🔥 more people should watch it. I really like it❤❤❤❤,0
TNX,4C7xGubTL90,2022-05-17T10:08:08Z,@sunice1979,TNX 🔥,0
TNX,4C7xGubTL90,2022-05-17T10:08:07Z,@nisrinaratuu,Kyungjun Masyaallah sekali,1
TNX,4C7xGubTL90,2022-05-17T10:08:02Z,@urhoe9230,LET&#39;S STREAM,0
TNX,4C7xGubTL90,2022-05-17T10:08:01Z,@odetteca47,"That&#39;s an awesome FIRST MV, guys you sound and see so awesome, great job! I&#39;m beyond proud ✨✨✨",0
TNX,4C7xGubTL90,2022-05-17T10:07:59Z,@Anonimo-lx1xr,HWI&#39;S RAPPP,0
TNX,4C7xGubTL90,2022-05-17T10:07:58Z,@tresiearenzie8799,"nah kan grup baru aja di dzolimi YouTube, woi YouTube balikin view nya /nangis",0
TNX,4C7xGubTL90,2022-05-17T10:07:54Z,@mattdearest,"ngl i was kinda scared this song will be just &quot;noise music&quot; after hearing the heavy hook in teasers BUT TODAY I GOT PLEASANTLY SURPRISED 🔥🔥🔥 love the verses, and the whole song is such a great debut track! let&#39;s go TNX &amp; P Nation🔥🙌",1
TNX,4C7xGubTL90,2022-05-17T10:07:54Z,@kaykhine9424,너무 멋져,0
TNX,4C7xGubTL90,2022-05-17T10:07:51Z,@directorkang7592,Congrats for your debut TNX and TNX stan. What fandom name?,0
TNX,4C7xGubTL90,2022-05-17T10:07:51Z,@TeuKonicID,너희들은 너무 멋져🔥🔥🤩,0
TNX,4C7xGubTL90,2022-05-17T10:07:50Z,@keijusan,jujurly ini bagus bgtttttt melebihi ekspetasiku,0
TNX,4C7xGubTL90,2022-05-17T10:07:50Z,@estachiafrancis9925,"Hwi rapping&#39;s gonna kill me<br>Visual overall &quot;out of this world&quot;<br>Move away,TNX is here",0
TNX,4C7xGubTL90,2022-05-17T10:07:45Z,@tantrierviansyahutami8350,😌🤧🤗,0
TNX,4C7xGubTL90,2022-05-17T10:07:44Z,@taspialam7386,"Im a fan since LOUD came out, and i Will be a fan to the end!!!!!!!! I love you guys",0
TNX,4C7xGubTL90,2022-05-17T10:07:39Z,@Fagnerpark,Choreography is killing me,1
TNX,4C7xGubTL90,2022-05-17T10:07:36Z,@badrolkopling,Geecep bgttt ㅠㅠ,1
TNX,4C7xGubTL90,2022-05-17T10:07:36Z,@atheajhane,YESSSS,1
TNX,4C7xGubTL90,2022-05-17T10:07:34Z,@rayajyotika9458,"akhirnya debut, selamat tnx!!",2
TNX,4C7xGubTL90,2022-05-17T10:07:31Z,@fidaamina5145,Kyung Jun is just tooooo gooooood❤️❤️❤️❤️❤️❤️,1
TNX,4C7xGubTL90,2022-05-17T10:07:28Z,@nishinico,HWI&lt;333,1
TNX,4C7xGubTL90,2022-05-17T10:07:24Z,@nisrinaratuu,Selamat debut hUaaa,1
TNX,4C7xGubTL90,2022-05-17T10:07:23Z,@tiaraaudina1541,"BOOOOOOOM. Keren lagunya, seperti bukan lagu debut. Kalian tu kayak udah sunbae2 gtu lagunya keren banget.",1
TNX,4C7xGubTL90,2022-05-17T10:07:17Z,@wisuhsjsisid,Damn....the visuals are just🤌🙌......,0
TNX,4C7xGubTL90,2022-05-17T10:07:11Z,@cyreal3699,I AM SO INLOVE WITH THIS DEBUT! TNX you have a long way to go but we will be with you always!!,18
TNX,4C7xGubTL90,2022-05-17T10:07:06Z,@valentintalosig5173,Super catchy.  CONGRATS TNX.. Love from the Philippines.,1
TNX,4C7xGubTL90,2022-05-17T10:07:06Z,@nisrinaratuu,Rap hwi so lit,1
TNX,4C7xGubTL90,2022-05-17T10:07:05Z,@kikinora6799,Nice haha monsta x vibes haha i like it ❤️‍🔥❤️‍🔥❤️‍🔥❤️‍🔥❤️‍🔥🇲🇾,2
TNX,4C7xGubTL90,2022-05-17T10:07:02Z,@Carol.26,Congratulations on your debut!!!,1
TNX,4C7xGubTL90,2022-05-17T10:07:01Z,@becstephcait,wow really loved this song cant wait to hear more from them....already downloaded their album from apple music :),7
TNX,4C7xGubTL90,2022-05-17T10:07:01Z,@shakituy,"GANTENG BANGET CUYYYY, btw congrast for your debut 😔😔😔😔 THE SONG NAHSHSYSGWUWHUWUW ILOVEYOU SM GUYSSSSS",1
TNX,4C7xGubTL90,2022-05-17T10:06:59Z,@warriorforever4030,They can everything,0
TNX,4C7xGubTL90,2022-05-17T10:06:59Z,@bangchanspokemon,Congratulations for your debut guys!!! i was so excited throughout the whole ...finally our ot6 debuted....... i really really hope you reach really high heights,1
TNX,4C7xGubTL90,2022-05-17T10:06:54Z,@asiannvddles,WE P NATION!!! BEST DEBUT BOYS!!!!!,0
TNX,4C7xGubTL90,2022-05-17T10:06:47Z,@សាវឿនភិមដឿន,❤️❤️❤️❤️,0
TNX,4C7xGubTL90,2022-05-17T10:06:47Z,@Justin-ys8dt,Beginning of <b>The New Six</b> <br><br>Boys gonna make history 🔥🔥🔥,1
TNX,4C7xGubTL90,2022-05-17T10:06:47Z,@nisrinaratuu,Best debut song ever,0
TNX,4C7xGubTL90,2022-05-17T10:06:45Z,@warriorforever4030,Choreography is the best,0
TNX,4C7xGubTL90,2022-05-17T10:06:41Z,@verrerdive_joy,This is amazing( ◜‿◝ )♡,1
TNX,4C7xGubTL90,2022-05-17T10:06:30Z,@sinzzbiee,AJHIRNYAA DEBUTT💋💋🤍🤍,0
TNX,4C7xGubTL90,2022-05-17T10:06:30Z,@ayanitabashka4091,I was fan 2month waiting their song yay they killed ❤❤😍😍🤗😘😘😘😘,0
TNX,4C7xGubTL90,2022-05-17T10:06:22Z,@forxingxing7079,wow ! this is another level!!!,0
TNX,4C7xGubTL90,2022-05-17T10:06:21Z,@warriorforever4030,Мне очень нравится эта песня и эта атмосфера,0
TNX,4C7xGubTL90,2022-05-17T10:06:20Z,@tacaimut5828,mntaap,0
TNX,4C7xGubTL90,2022-05-17T10:06:17Z,@nalaseaaz,congrats on your debut 😍,0
TNX,4C7xGubTL90,2022-05-17T10:06:15Z,@cypher006,total skz vibes &lt;3,1
TNX,4C7xGubTL90,2022-05-17T10:06:11Z,@biancamaedevera5146,I&#39;M SO PROUD TO WITNESS FROM PLOUD TIL UR DEBUT!!! CONGRATS GUYSSS 🤍🤍🤍,0
TNX,4C7xGubTL90,2022-05-17T10:06:11Z,@edyeem2276,where is goki?,0
TNX,4C7xGubTL90,2022-05-17T10:06:07Z,@manduu2058,SO PROUD OF YOU MY BOYSSSS,1
TNX,4C7xGubTL90,2022-05-17T10:06:05Z,@putrieka9415,Akhirnya kelean officially debut TNX  💕,0
TNX,4C7xGubTL90,2022-05-17T10:06:03Z,@zxoxoy,عرفت بس جونهيوك,0
TNX,4C7xGubTL90,2022-05-17T10:06:01Z,@livingforchoisan306,Kereeeeeeeeeeeeeen banget... Wah saya harus mencari bias baru nih,1
TNX,4C7xGubTL90,2022-05-17T10:06:01Z,@myhilin,AAAAHHH,0
TNX,4C7xGubTL90,2022-05-17T10:05:59Z,@xxshxx,THEY. FINALLLLYYYYY. DEBUTED????!!!!!!!!!!!!!!!,0
TNX,4C7xGubTL90,2022-05-17T10:05:54Z,@Nfr_zana,Finally after almost 1 year tnx are debut. Im so proud of being fans from loud show start  ;),0
TNX,4C7xGubTL90,2022-05-17T10:05:53Z,@eternallyjaems,CONGRATS ON YOUR DEBUT!!,1
TNX,4C7xGubTL90,2022-05-17T10:05:51Z,@littlemonster5034,Ohh i like them,1
TNX,4C7xGubTL90,2022-05-17T10:05:49Z,@Carol.26,Really amazing! A great debut song!!!! A proud pre-debut Stan here!!!,1
TNX,4C7xGubTL90,2022-05-17T10:05:48Z,@strngrrr_3125,Akhirnyaaa debut 🥲 aku sukaaa ini luar biasa 😍,1
TNX,4C7xGubTL90,2022-05-17T10:05:43Z,@eternallyjaems,OMG I LOVE IT,2
TNX,4C7xGubTL90,2022-05-17T10:05:43Z,@whoskrisg,i have a good feeling about this group&#39;s future,2
TNX,4C7xGubTL90,2022-05-17T10:05:40Z,@cottonwoonvy9559,คยองจุนหล่อมากกก หล่อจนหมัมหมีหายใจไม่ทัน❤,1
TNX,4C7xGubTL90,2022-05-17T10:05:39Z,@florencefernandez1125,Finally!!!! Proud of you boys!!!,1
TNX,4C7xGubTL90,2022-05-17T10:05:36Z,@nobooo1681,"Congrats boys, y&#39;all had a great joob, I&#39;m trust on you. GUYS YOU DID IT",6
TNX,4C7xGubTL90,2022-05-17T10:05:31Z,@Casspoh,"Que canción tan buenaaa! Estoy hipnotizada, no puedo dejar de cantar. <br>Sabia que este grupo prometía mucho ✨✨✨",1
TNX,4C7xGubTL90,2022-05-17T10:05:30Z,@tnx_sia8727,THE PLEDGEEEEEE SCREAMSSSS POWERFULLLL,1
TNX,4C7xGubTL90,2022-05-17T10:05:28Z,@manduu2058,Hdkshffksjsjsvd,0
TNX,4C7xGubTL90,2022-05-17T10:05:25Z,@itzme7321,congratulations on debute ❤️,2
TNX,4C7xGubTL90,2022-05-17T10:05:25Z,@hiromiadrea1266,OMG FINALLY THEY DEBUT❤️🔥❤️🔥❤️🔥❤️🔥❤️🔥❤️,0
TNX,4C7xGubTL90,2022-05-17T10:05:24Z,@syikinll2592,Nice and catchy song.. luv it 🤗,0
TNX,4C7xGubTL90,2022-05-17T10:05:24Z,@kimkyukyu8301,Aa keren banget kalian,0
TNX,4C7xGubTL90,2022-05-17T10:05:22Z,@moanstah,first time hearing their music now im ready to stan,19
TNX,4C7xGubTL90,2022-05-17T10:05:22Z,@TanyaAntonyLOVESYOU,I came here because I was intrigued by the trailer - didn&#39;t even know this was a debut group and this song and its choreo is so good!,64
TNX,4C7xGubTL90,2022-05-17T10:05:16Z,@estachiafrancis9925,Finally 😍😍😍,0
TNX,4C7xGubTL90,2022-05-17T10:05:12Z,@littlemonster5034,Congrats on your debut,0
TNX,4C7xGubTL90,2022-05-17T10:05:11Z,@sy.mindie3893,TNX IS HEEEERREE<br><br><br><br><br><br><br><br><br><br><br><br>UPDATE 05/17/23: Happy Anniversary Everyone,0
TNX,4C7xGubTL90,2022-05-17T10:05:08Z,@Asahiverse,"YES FINALLY TNX DEBUT IS HERE, CONGRADULATIONS👏💖<br>TNX didn&#39;t disappoint me, They deserve the love and attention, TNX FIGHTING 💪💯",1
TNX,4C7xGubTL90,2022-05-17T10:05:01Z,@MsDucklingBangtan,OMG love it.<br> Guys let&#39;s stream as much as we can for our boys,1
TNX,4C7xGubTL90,2022-05-17T10:05:00Z,@putrimeciislamiah9388,Benar benar keren sih ini,2
TNX,4C7xGubTL90,2022-05-17T10:04:57Z,@rujjeong,"Congratulations for your debut boys. You&#39;ve waited so long, you&#39;ve worked so hard. Congratsss!",2
TNX,4C7xGubTL90,2022-05-17T10:04:55Z,@kyungsoosoowin6321,Love you all,1
TNX,4C7xGubTL90,2022-05-17T10:04:52Z,@sayrawrr,it has been only an hour but i&#39;m obsessed with this song already!,15
TNX,4C7xGubTL90,2022-05-17T10:04:51Z,@myhilin,THIS WHOLE SONG IS SO GOOD,4
TNX,4C7xGubTL90,2022-05-17T10:04:50Z,@mellesso,THEY ALL WRECKED ME!!!!,0
TNX,4C7xGubTL90,2022-05-17T10:04:48Z,@lyan.luvhoon738,Ayo kencengin streaming kalian TNX stan!!!,2
TNX,4C7xGubTL90,2022-05-17T10:04:47Z,@sunlight42,I didn&#39;t like the song but the choreography is on point,1
TNX,4C7xGubTL90,2022-05-17T10:04:43Z,@HtetHtet-co1ed,congratulations TNX let&#39;s go baby,0
TNX,4C7xGubTL90,2022-05-17T10:04:42Z,@putrimeciislamiah9388,Visual semua,0
TNX,4C7xGubTL90,2022-05-17T10:04:36Z,@godzoro1149,"sooooo good, didnt disappoint",1
TNX,4C7xGubTL90,2022-05-17T10:04:32Z,@user-iu5su9iq3s,이날을 기다렸어요! 데뷔 축하해!일본에서 계속 응원하고 있어! TNX화이팅!!!,1
TNX,4C7xGubTL90,2022-05-17T10:04:31Z,@osha2738,pnation&#39;s 1st bg yall,1
TNX,4C7xGubTL90,2022-05-17T10:04:27Z,@kpop-girl5854,Ommg sooooooo nice!!!! i am in love!!!!💗💖🔥💕♥💘💘💞,1
TNX,4C7xGubTL90,2022-05-17T10:04:27Z,@__khansa,congratulations for debut today!,0
TNX,4C7xGubTL90,2022-05-17T10:04:25Z,@wiwi2794,Finally D day😭❤,0
TNX,4C7xGubTL90,2022-05-17T10:04:21Z,@juyomi3493,this is pnation! wow,0
TNX,4C7xGubTL90,2022-05-17T10:04:17Z,@MaximumKin,"Woah woah woah... This group is screaming experience, I can&#39;t just keep liking new groups c&#39;mon man wth. Imma give them a second comeback before joining the fandom and giving them full props but this debut is beyond everything. They&#39;re also screaming some 2015-2018ish kpop sound, I fucking love it. <br><br>This is how you make a debut, they&#39;re full of confidence and their going in with p nation rep too??? I&#39;m looking forward to them. <br><br>Someone give me some info and also do listen to their album. It&#39;s fire🔥 their album touched some old Kpop dna within me.<br><br>(Edit: Ok someone give me their names the more I listen to their album they keep impressing me)",1
TNX,4C7xGubTL90,2022-05-17T10:04:15Z,@verrerdive_joy,TNX Move┌(・。・)┘♪,2
TNX,4C7xGubTL90,2022-05-17T10:04:12Z,@pfft2u,Yey,1
TNX,4C7xGubTL90,2022-05-17T10:04:09Z,@rossg7936,"DIOS QUE CANCIÓN TAN GENIAL, AMÉ EL MV, LOS OUTFITS, LA ESCENOGRAFIA COMO SIEMPRE PNATION Y TNX LUCIENDOSE!!",0
TNX,4C7xGubTL90,2022-05-17T10:04:07Z,@ceye27,D-Day,1
TNX,4C7xGubTL90,2022-05-17T10:04:06Z,@anandaprabawati6015,TNX ganteng ganteng nya,1
TNX,4C7xGubTL90,2022-05-17T10:04:06Z,@ulyaulya4451,Congratulations Boys🖤🖤🖤🖤🖤🖤✨,0
TNX,4C7xGubTL90,2022-05-17T10:04:01Z,@camilagarcia3936,uuuh,0
TNX,4C7xGubTL90,2022-05-17T10:03:57Z,@rujjeong,"I can feel it, they&#39;re the 2022 rookie of the yearr",1
TNX,4C7xGubTL90,2022-05-17T10:03:55Z,@madangchild3833,"TNX (THE NEW SIX) <br>Hwi -  🐿 Chic Squirrel /Tallest Giant Squirrel <br>JunHyeok - Sexy Baby Duck /strong on the outside and soft on the inside <br>Hyunsoo - 👻 Jjangsoo : Potential Prince /Sharp Puppy<br>Taehun - 🍑 Cat, Peach : Sweet Boss <br>Kyungjun - First Love Memory Manipulator / The Sweet Cool City Guy<br>Sungjun - Cute Tough Man",0
TNX,4C7xGubTL90,2022-05-17T10:03:51Z,@lhiranol,Omgggggg,0
TNX,4C7xGubTL90,2022-05-17T10:03:50Z,@katsey346,AHHHHHHH OUR BOYS,0
TNX,4C7xGubTL90,2022-05-17T10:03:49Z,@cantiknyahaechan9919,Aaaaaaaaaaa keren bangetttttt💜💜💜💜💜💜💜💜💜💜,0
TNX,4C7xGubTL90,2022-05-17T10:03:45Z,@camilagarcia3936,uuuh,0
TNX,4C7xGubTL90,2022-05-17T10:03:42Z,@indahrahmawati4369,"huaa akhirnyaaa, bela&quot;in belom mandi cuma buat liat MV merekaa",2
TNX,4C7xGubTL90,2022-05-17T10:03:39Z,@camilagarcia3936,support,0
TNX,4C7xGubTL90,2022-05-17T10:03:38Z,@user-ys5dh8on1m,I remebered bts show up the first time!! it&#39;s nice beet and passion🔥<br>I love it! Good luck with TNX! <br>You yourself and for big baby koki!,1
TNX,4C7xGubTL90,2022-05-17T10:03:36Z,@bb.ungaaa,❤️❤️❤️❤️❤️,0
TNX,4C7xGubTL90,2022-05-17T10:03:32Z,@chayennediallo1012,HWI AND CHEON !!!!!!!! OMG so proud,1
TNX,4C7xGubTL90,2022-05-17T10:03:25Z,@bm.o465,Figthing ❤️😭🔥🔥🔥😎🔥❤️❤️❤️❤️❤️❤️❤️❤️❤️❤️❤️❤️❤️❤️❤️❤️❤️,1
TNX,4C7xGubTL90,2022-05-17T10:03:25Z,@joeunnie,Oh... love this song! Honestly it&#39;s so addicted,4
TNX,4C7xGubTL90,2022-05-17T10:03:23Z,@peekaboo4521,TNX MEMBER IS HOT. I REPEAT HOT !!,0
TNX,4C7xGubTL90,2022-05-17T10:03:18Z,@veiviseren1381,i&#39;m so proud of you guys,0
TNX,4C7xGubTL90,2022-05-17T10:03:17Z,@rujjeong,Sound like song of the year omg,0
TNX,4C7xGubTL90,2022-05-17T10:03:15Z,@polina5649,ROTY!!!!!!!!!!!!,0
TNX,4C7xGubTL90,2022-05-17T10:03:08Z,@najwanazirah3781,Keren woyy mv nyaaaa!!!!,1
TNX,4C7xGubTL90,2022-05-17T10:03:06Z,@joeyellw,GILA GUE NUNGGUIN LO SEMUA DEBUTT,0
TNX,4C7xGubTL90,2022-05-17T10:03:04Z,@Lulula.__,Ayyyyy no que hermosos mis bebé,0
TNX,4C7xGubTL90,2022-05-17T10:03:01Z,@inezruby2526,The number of views and likes are different!! What the hell is wrong with YouTube 💀🙄,1
TNX,4C7xGubTL90,2022-05-17T10:03:00Z,@peekaboo4521,this is masterpiece !,0
TNX,4C7xGubTL90,2022-05-17T10:02:51Z,@anggiinofis,KEREN BANGEEETTTTTTTTTT😭🔥🔥,0
TNX,4C7xGubTL90,2022-05-17T10:02:51Z,@imcariemae,"I am sure that TNX will climb their way up with their overflowing talent. You&#39;ll get there boys!!! <a href=""UCkszU2WH9gy1mb0dV-11UJg/JAJ1XpGpJYnW8wTupZu4Cw""></a>",58
TNX,4C7xGubTL90,2022-05-17T10:02:49Z,@ainurkilah3101,Finally!! T_T,0
TNX,4C7xGubTL90,2022-05-17T10:02:45Z,@vanyaaratuu1898,Love you<br>I&#39;m from Indonesia,2
TNX,4C7xGubTL90,2022-05-17T10:02:41Z,@yoshitajuniarti9153,finally debut.. congrats guys ♡,1
TNX,4C7xGubTL90,2022-05-17T10:02:38Z,@pokerface4848,"I like its consistent energy, it&#39;s never monotonous or steady, but never too underwhelming or oversaturated with noise.<br><br>However, the brass horn sounds generic and similar to other groups. There&#39;s nothing new or outstanding to the song, but it does its job. <br><br>The &quot;on my way&quot; part and the theatrical approach, however, remimds me of ATEEZ&#39;s Wonderland era tho",0
TNX,4C7xGubTL90,2022-05-17T10:02:37Z,@kyubeiji2069,EUNHWI&#39;S IMPROVEMENT IS INSANE?! PLUS THEIR VISUALS GOT EMPHASIZED IN THIS MV! AND THE SONG SOUNDS LIKE THE ONE EUNHWI PRODUCED ON THE SURVIVAL SHOW?,3
TNX,4C7xGubTL90,2022-05-17T10:02:35Z,@y2ker46,This hits so hard!!,0
TNX,4C7xGubTL90,2022-05-17T10:02:33Z,@vanyaaratuu1898,So proud,1
TNX,4C7xGubTL90,2022-05-17T10:02:29Z,@rujjeong,Proud of you guys T_____T,0
TNX,4C7xGubTL90,2022-05-17T10:02:23Z,@semi17,This is my first time stanning a kpop group from their beginning🥰<br>I&#39;m soo happy with this song and as a ATEEZ and Stray Kids stan I&#39;m soo happy because TNX give me the same vibes like them❤,3
TNX,4C7xGubTL90,2022-05-17T10:02:22Z,@OfficialFalkenherz,"YouTube suggested it to me because ONEUS &#39;Bring it on&#39; came out at the same time. I was curious and yes, it&#39;s really nice &lt;3",1
TNX,4C7xGubTL90,2022-05-17T10:02:18Z,@l.o.v.e7195,I can&#39;t Stop Listening 🎧🎧,0
TNX,4C7xGubTL90,2022-05-17T10:02:12Z,@hannahjanefortich1300,woot woot this is so addicting congrats on your debut,6
TNX,4C7xGubTL90,2022-05-17T10:02:10Z,@jiminbarks13,SO PROUD OF YOU BOYS!!!!!!!,1
TNX,4C7xGubTL90,2022-05-17T10:02:01Z,@TREAGKATS,HWI <br>You is so good!!!!!!!!!!,1
TNX,4C7xGubTL90,2022-05-17T10:01:56Z,@chanie_s,aaaaaa so good!! 😽❤️‍🔥,0
TNX,4C7xGubTL90,2022-05-17T10:01:50Z,@byunbaekhyun1541,TNX MOVE,0
TNX,4C7xGubTL90,2022-05-17T10:01:49Z,@seungcheol2089,"So proud of them, really, I&#39;m literally crying rn cuz I&#39;m happy for them. GO TNX!",24
TNX,4C7xGubTL90,2022-05-17T10:01:31Z,@cece6519,PLS SECANDU INIII,0
TNX,4C7xGubTL90,2022-05-17T10:01:27Z,@JAXG_4553,PNATION TNX ILOVE,0
TNX,4C7xGubTL90,2022-05-17T10:01:25Z,@bm.o465,Figthing ❤️🔥🔥😭😭🔥❤️😭😭🎉🎉❤️😭😭❤️❤️❤️❤️❤️❤️❤️😎😎❤️❤️❤️❤️❤️❤️❤️❤️,1
TNX,4C7xGubTL90,2022-05-17T10:01:24Z,@taginnabum4336,O gosh i gonna die d vocals and d rap...and thier visuals... we p nation,0
TNX,4C7xGubTL90,2022-05-17T10:01:20Z,@stigma2334,Finally 🔥🔥🔥🔥,0
TNX,4C7xGubTL90,2022-05-17T10:01:15Z,@louisamaeacosta6072,WAHHHH TNX,0
TNX,4C7xGubTL90,2022-05-17T10:01:10Z,@ggbt_4682,ayang&quot;bru🥰,1
TNX,4C7xGubTL90,2022-05-17T10:01:08Z,@crstalitez,Happy debut day! Looking forward to seeing more of you 🥰,0
TNX,4C7xGubTL90,2022-05-17T10:01:07Z,@Valen-sd6xc,Fua,0
TNX,4C7xGubTL90,2022-05-17T10:00:58Z,@alfinaditya1153,Finally congratulations for your debut🎠 💕🎊,0
TNX,4C7xGubTL90,2022-05-17T10:00:57Z,@andreikabigting,❤️,0
TNX,4C7xGubTL90,2022-05-17T10:00:54Z,@hadanuada8871,where are the others subscriber?,0
TNX,4C7xGubTL90,2022-05-17T10:00:54Z,@xophinee,It&#39;s definitely addictive,0
TNX,4C7xGubTL90,2022-05-17T10:00:51Z,@twiceislove2800,Finally yayyyy,0
TNX,4C7xGubTL90,2022-05-17T10:00:50Z,@kyrasj,They are finally here! Proud to stay that I’ve been a stan since loud days. Congratulations on officially debuting! I’m so proud of you my boys💗,8
TNX,4C7xGubTL90,2022-05-17T10:00:49Z,@CheerToYouth,They are really good.,0
TNX,4C7xGubTL90,2022-05-17T10:00:49Z,@zone7566,CONGRATULATION TNX🎉🎉 THIS SONG IS GOOD U GUYS DID GOOD❤,0
TNX,4C7xGubTL90,2022-05-17T10:00:47Z,@ruby-nx8xw,I found a new group to stan y&#39;all SLAYYEEDDD😩💥💥,0
TNX,4C7xGubTL90,2022-05-17T10:00:46Z,@ashlee4470,this hit hol up now..,0
TNX,4C7xGubTL90,2022-05-17T10:00:45Z,@kirti8251,The music is so good ✨,0
TNX,4C7xGubTL90,2022-05-17T10:00:41Z,@xophinee,I loved it 🥰🥰🥰,0
TNX,4C7xGubTL90,2022-05-17T10:00:39Z,@handayanirose7968,Waaah....Kyungjun bagus baget. Keren abis,0
TNX,4C7xGubTL90,2022-05-17T10:00:30Z,@jecintapachuau,Taehun visual tho🔥🔥🔥🔥❤️❤️❤️❤️❤️🖤,0
TNX,4C7xGubTL90,2022-05-17T10:00:29Z,@lvrxto,SLAYED,0
TNX,4C7xGubTL90,2022-05-17T10:00:28Z,@chis_oo_6,the long waitt was worth it 😭😭😭,0
TNX,4C7xGubTL90,2022-05-17T10:00:22Z,@meijiarada7033,Soooooo good😻🤩🤟🏻,0
TNX,4C7xGubTL90,2022-05-17T10:00:22Z,@najwaizzatynasir4378,amazing🫶🏻,0
TNX,4C7xGubTL90,2022-05-17T10:00:22Z,@key7358,"CONGRATULATIONS ON THE DEBUT MY DEAR, HOPE YOU WILL BE MORE SUCCESSFUL AND BE THE FIRST BOYBAND PNATION IS PROUD OF. LOVE YOU EVERYONE ❤️❤️❤️",22
TNX,4C7xGubTL90,2022-05-17T10:00:21Z,@mikeymike9346,"You guys are so talented. I love the song, the outfit, the concept, everthing about this song. I really love it. Hope can see your more live performance soon, fighting! Anyways. Kids, congratulations for your officially debut!",7
TNX,4C7xGubTL90,2022-05-17T10:00:19Z,@minimauve,we pnation!!,0
TNX,4C7xGubTL90,2022-05-17T10:00:11Z,@flaneury2814,MV NYA KEREN BANGETTT WOYYY,0
TNX,4C7xGubTL90,2022-05-17T10:00:10Z,@aa-s6h,この時をまってた！！<br>MV最高にかっこいい！<br>ずっと応援するよ〜〜🔥🔥,1
TNX,4C7xGubTL90,2022-05-17T10:00:10Z,@_YUNISAOCTAVIANI,"Congrattssss, aaaa terharu",0
TNX,4C7xGubTL90,2022-05-17T10:00:09Z,@huwaidaalmanisa7317,Stan tnx ampe sukses🥰,0
TNX,4C7xGubTL90,2022-05-17T10:00:08Z,@boatsonema4366,형들이 예뻐서요.데뷔 축하해 🎉,0
TNX,4C7xGubTL90,2022-05-17T10:00:07Z,@enhypenlovebr2147,"Parabéns, sucesso para o grupo, e que tenham muitos fãs e recebam muito amor💖💖💖💖💖💖💖",0
TNX,4C7xGubTL90,2022-05-17T10:00:04Z,@markpjyapit911,🎉🎉🎉,0
TNX,4C7xGubTL90,2022-05-17T10:00:03Z,@kylajylev.ysulat8157,Congrats on ur debut boys !!!,0
TNX,4C7xGubTL90,2022-05-17T10:00:03Z,@supernaturalvilen,lagu sedap dah tapi entah i think theres something missing out,0
TNX,4C7xGubTL90,2022-05-17T10:00:01Z,@lismayanti6009,Like this song...,0
TNX,4C7xGubTL90,2022-05-17T10:00:00Z,@ima_starrrrr,Ok ... Is better then I thought 👁️👄👁️,0
TNX,4C7xGubTL90,2022-05-17T09:59:55Z,@natisilva8989,🇵🇹make it louder!   Powerful debut...you re unstoppable 🤩,0
TNX,4C7xGubTL90,2022-05-17T09:59:54Z,@Rizalong,im addicted to this..,0
TNX,4C7xGubTL90,2022-05-17T09:59:52Z,@2015K-n9n,kokiがいないと物足りないな😭,0
TNX,4C7xGubTL90,2022-05-17T09:59:49Z,@anagabrielagomespato6764,"my babies did a amazing job,their debut is incredible. The song is perfect and just show how talented they are........i&#39;m in love",31
TNX,4C7xGubTL90,2022-05-17T09:59:48Z,@huwaidaalmanisa7317,Wehhhhh bucil bucil kuhhhhhh. Stan tnx laa,0
TNX,4C7xGubTL90,2022-05-17T09:59:43Z,@rizalynpayong4661,shemayyyy ang gandaaaa,0
TNX,4C7xGubTL90,2022-05-17T09:59:39Z,@Nurulhid7,"it&#39;s an honor to be able to follow you from survival loud when it first aired.  I still can&#39;t believe today is your debut, let&#39;s keep the spirit!  I&#39;m sure you will be successful, thank you for persisting until now.  I will always be here to support you",5
TNX,4C7xGubTL90,2022-05-17T09:59:38Z,@--fathima__,THIS IS SOOOOO GOOD!!!!!,0
TNX,4C7xGubTL90,2022-05-17T09:59:38Z,@zkdlinpt.2,Congratulations for debut TNX❤️🔥,0
TNX,4C7xGubTL90,2022-05-17T09:59:36Z,@sellll8369,Come on,0
TNX,4C7xGubTL90,2022-05-17T09:59:33Z,@redrosesforexo,congratulations for your debut TNX,0
TNX,4C7xGubTL90,2022-05-17T09:59:31Z,@MohdAzam-jz1zb,They&#39;ll  be big . This debut is amazing.,0
TNX,4C7xGubTL90,2022-05-17T09:59:30Z,@einyyy3572,Amazing debut,0
TNX,4C7xGubTL90,2022-05-17T09:59:21Z,@janells7928,SENDING SO MUCH LOVES,0
TNX,4C7xGubTL90,2022-05-17T09:59:16Z,@straightfacts5090,It&#39;s like some old song from NCT DREAM and I loved it.,0
TNX,4C7xGubTL90,2022-05-17T09:59:16Z,@famlzee,Rapp issss gooodddd,0
TNX,4C7xGubTL90,2022-05-17T09:59:12Z,@janells7928,I LOVE YALL SM,0
TNX,4C7xGubTL90,2022-05-17T09:59:10Z,@Forever-mb3yy,Another lab concept hmmm inspired???,0
TNX,4C7xGubTL90,2022-05-17T09:59:08Z,@sellll8369,OMG......,0
TNX,4C7xGubTL90,2022-05-17T09:59:06Z,@Devt02,Win ROTY of the year,1
TNX,4C7xGubTL90,2022-05-17T09:59:02Z,@bingwu8157,整整等待了一年，宝贝们总算出道了。表现不错。期待未来的表现。,0
TNX,4C7xGubTL90,2022-05-17T09:59:02Z,@mhai12345,I’m crying !!,0
TNX,4C7xGubTL90,2022-05-17T09:59:01Z,@Rtiil_2007,البارتات ولا غلط والاغنيه ولا اروع وكلشي في الامفي مثالي وعاطين جو مره يهبل احس ببكي احبهم,1
TNX,4C7xGubTL90,2022-05-17T09:59:00Z,@redrosesforexo,im cryinggggg,0
TNX,4C7xGubTL90,2022-05-17T09:58:56Z,@lil3968,Gooooo my boyyys,0
TNX,4C7xGubTL90,2022-05-17T09:58:55Z,@nopisantiani9723,"OMG!! Soo good,baby monster😍",1
TNX,4C7xGubTL90,2022-05-17T09:58:54Z,@yannie4574,IM INLOVE WTF,0
TNX,4C7xGubTL90,2022-05-17T09:58:46Z,@빅뱅-o7h,يماامييي يجننونننن بصييح انهرتت,1
TNX,4C7xGubTL90,2022-05-17T09:58:42Z,@indahrahmawati4369,akhirnya yang di tunggu&quot; T_T<br>really doesn&#39;t disappoint.,1
TNX,4C7xGubTL90,2022-05-17T09:58:41Z,@jessicanaomipane6350,EEEEYYY FINALLYYYY,0
TNX,4C7xGubTL90,2022-05-17T09:58:41Z,@cierlim4893,Go babyyyy,0
TNX,4C7xGubTL90,2022-05-17T09:58:37Z,@nicolejuaneza8612,tnx cutie,0
TNX,4C7xGubTL90,2022-05-17T09:58:35Z,@Jkook79,انا الوحيده عربيه هنا 😏 احبكم بتوفيق 💗,1
TNX,4C7xGubTL90,2022-05-17T09:58:30Z,@teeera2104,congratulations on your debut tnx!! 🎉🤍,0
TNX,4C7xGubTL90,2022-05-17T09:58:24Z,@Rtiil_2007,قيم بالله مدري ايش اقول مثالليينن,0
TNX,4C7xGubTL90,2022-05-17T09:58:21Z,@sueanin,omg🤍❤,0
TNX,4C7xGubTL90,2022-05-17T09:58:18Z,@td8_queenbees375,"I&#39;m proud of you guys Can debut, I hope you will become more and more idols, let&#39;s meet in Indonesia💓💓💓💓💓💓💓💓💓💓",0
TNX,4C7xGubTL90,2022-05-17T09:58:17Z,@Valentina-io6zn,LOVE EVERY SEC OF IT!,0
TNX,4C7xGubTL90,2022-05-17T09:58:15Z,@efieba1091,FINALLYYYYY!!!!!!!!…..<br>They are came out BIG as expected and the only WAY for them now is UP and HIGHER.,0
TNX,4C7xGubTL90,2022-05-17T09:58:13Z,@gen6840,JUST DA INTRO IT&#39;S ALREADY CATCHY,0
TNX,4C7xGubTL90,2022-05-17T09:58:12Z,@flo.ofcl.official,This looks so great! I gotta check them out and learn their names!!<br>They have such a great energy!,9
TNX,4C7xGubTL90,2022-05-17T09:58:12Z,@pattawinnie6779,Go Go Go TNX 🎉🎉❤️❤️❤️❤️❤️,0
TNX,4C7xGubTL90,2022-05-17T09:58:11Z,@annbaekhxiu6291,I hope you always happy chinguyaa,0
TNX,4C7xGubTL90,2022-05-17T09:58:10Z,@andikasman3786,INDONESIA sendiri nihh🙃🙃eun hwi punyakuuu,0
TNX,4C7xGubTL90,2022-05-17T09:58:10Z,@Rtiil_2007,عذي بس البدايه وفجرتونا,1
TNX,4C7xGubTL90,2022-05-17T09:58:07Z,@nikennirwestinugrahini5540,Plisplisssss,0
TNX,4C7xGubTL90,2022-05-17T09:58:02Z,@nikennirwestinugrahini5540,Taehoon  can&#39;t take my eyes off!!!,0
TNX,4C7xGubTL90,2022-05-17T09:57:59Z,@nadiyaazzahra9608,WOYYYYYYYY KEREN BGT GA BISA SO COOLLL YU NO GA SI KEK GILAAAAAA,0
TNX,4C7xGubTL90,2022-05-17T09:57:58Z,@Rtiil_2007,قوه عيالي ببكي احبهم,0
TNX,4C7xGubTL90,2022-05-17T09:57:56Z,@ell5206,idk know them but yt recommend so i give it a try. good song tho and the concept is amazing!! But the last part reminds of glitch mode by nct dream,1
TNX,4C7xGubTL90,2022-05-17T09:57:56Z,@ipurpleu6104,There future will be so bright ❣️ they are i in the best company these lucky dudes,0
TNX,4C7xGubTL90,2022-05-17T09:57:52Z,@remyp.7374,This song is really good!!,0
TNX,4C7xGubTL90,2022-05-17T09:57:48Z,@sarvinarmy6184,Can I die for this wonderful mv ? They&#39;re so cool,0
TNX,4C7xGubTL90,2022-05-17T09:57:47Z,@kmbtindo8610,SO PROUD OF YOU ALL,0
TNX,4C7xGubTL90,2022-05-17T09:57:43Z,@nikennirwestinugrahini5540,OMG,0
TNX,4C7xGubTL90,2022-05-17T09:57:40Z,@hwiiseven2464,"AAAYOOO LESGOOO GET OUT OF MII WAAAY,,,, anw they still dont hav spotify? or i cant just find it",0
TNX,4C7xGubTL90,2022-05-17T09:57:36Z,@seevoraa,"Sst, minggir lo minggir!!!!",0
TNX,4C7xGubTL90,2022-05-17T09:57:34Z,@rrose2004,wow cool,0
TNX,4C7xGubTL90,2022-05-17T09:57:34Z,@urikichan,I&#39;M SO PROUD OF YOU GUYS,0
TNX,4C7xGubTL90,2022-05-17T09:57:33Z,@subtlesummers,NEW GROUP,1
TNX,4C7xGubTL90,2022-05-17T09:57:31Z,@jition,너네야 말로 비켜라,0
TNX,4C7xGubTL90,2022-05-17T09:57:31Z,@jordyyy2504,I say Monster rookies!!,0
TNX,4C7xGubTL90,2022-05-17T09:57:28Z,@chingkhiugonmei4050,Can&#39;t believe thos is so amazing,1
TNX,4C7xGubTL90,2022-05-17T09:57:24Z,@vaxdv4150,Muy grandes,0
TNX,4C7xGubTL90,2022-05-17T09:57:17Z,@gen6840,<b>ADDS TO ONE OF THE BEST DEBUT FOR ME</b>,0
TNX,4C7xGubTL90,2022-05-17T09:57:13Z,@이영서-adp5,Debut de muito tempo que eu tava esperando Maravilhoso!!,0
TNX,4C7xGubTL90,2022-05-17T09:57:10Z,@byunlar82,TNX congratulations for your debut guys 😭😭😭😭💕💕💕💕💕💕👍🏻,0
TNX,4C7xGubTL90,2022-05-17T09:57:07Z,@asa_wayup_tnx1769,キレキレダンスでもう格好いいとしか言いようがない,1
TNX,4C7xGubTL90,2022-05-17T09:57:03Z,@nanaa._.,우경준 와...,0
TNX,4C7xGubTL90,2022-05-17T09:57:03Z,@valley_of_lilies,"First, The rap is just a chef&#39;s kiss. <br>Second, The choreography is just on another level. <br>Third, The members charisma is no joke. <br>and Lastly P Nation&#39;s songs are always the best. <br>Congratulations on your debut PLoud boys <br>Stan TNX",1979
TNX,4C7xGubTL90,2022-05-17T09:57:01Z,@benazyasin507,Aaaaaaaassaaaaaaaaaa omggggggg ❤️❤️❤️❤️❤️❤️❤️❤️😃❤️❤️😃😍😍😍😍😍😍❤️❤️❤️❤️❤️❤️,0
TNX,4C7xGubTL90,2022-05-17T09:56:57Z,@midztiny98,Popular opinion: This is a BOP,1
TNX,4C7xGubTL90,2022-05-17T09:56:53Z,@say_woo,YESS,0
TNX,4C7xGubTL90,2022-05-17T09:56:50Z,@chingkhiugonmei4050,Oh my tnx💜💜💜💜💜💜💙💙💙💙💙💙💙💙,1
TNX,4C7xGubTL90,2022-05-17T09:56:49Z,@nabiuwu00,"NOOOO, VINIERON CON TODO <br>Se merecen todo por traer esta obra de arte.<br>Tremenda coreografía, tremendo todo.",0
TNX,4C7xGubTL90,2022-05-17T09:56:44Z,@lihallo1662,수고했어,0
TNX,4C7xGubTL90,2022-05-17T09:56:42Z,@hawadeeve3161,Just give me their names already! must stan em,0
TNX,4C7xGubTL90,2022-05-17T09:56:42Z,@Daydream_9401,Aaa.... Gila banget lagunya 😭😭❤️❤️,0
TNX,4C7xGubTL90,2022-05-17T09:56:41Z,@alyssa04670,Wow! I absolutely love this song! They sound amazing! Great job guys! 💕,0
TNX,4C7xGubTL90,2022-05-17T09:56:39Z,@xiaozhan1443,Wow. 😍🎊🎉,0
TNX,4C7xGubTL90,2022-05-17T09:56:39Z,@qiviryanna2417,Been waiting for their debut. I shed some tears after their song end. I feel like a proud mom seeing my boys going out to the world to do many amazing things! Love you guys!!! ❤💚💜🧡💛💙,22
TNX,4C7xGubTL90,2022-05-17T09:56:38Z,@beatrizasuncion7376,bat ang tagal usad ng views e 2⁵k nmn,0
TNX,4C7xGubTL90,2022-05-17T09:56:38Z,@yesiammaui,&quot;Everybody let&#39;s get started~~&quot;<br><br>CONGRATULATIONS TNX FOR A SUCCESSFUL DEBUT🥳❤️ I LOVE YOU TO THE MOON AND BACK❤️,131
TNX,4C7xGubTL90,2022-05-17T09:56:36Z,@naomiwang9513,Puro arte los amo bebes,0
TNX,4C7xGubTL90,2022-05-17T09:56:34Z,@MH_0624,"Congrats on tnx&#39;s debut🎉🎉🎉and as expected did not disappoint, hoping for more success for these 6 talented boys in the future 💕<br>+Please continue to stream and send them lots of love and support 💕💕💕",0
TNX,4C7xGubTL90,2022-05-17T09:56:33Z,@nianggrenii,🖤🖤🖤🖤🖤🖤🖤🖤🖤🖤,0
TNX,4C7xGubTL90,2022-05-17T09:56:32Z,@lihallo1662,너무 좋아ㅏㅏㅏㅏㅐㅐ,0
TNX,4C7xGubTL90,2022-05-17T09:56:29Z,@princess-bb2qw,GEMPAK!!!!!!!!!!!!!!!!!!!!!!!!!!!!!!!!,0
TNX,4C7xGubTL90,2022-05-17T09:56:27Z,@huwaidaalmanisa7317,Our boyse,0
TNX,4C7xGubTL90,2022-05-17T09:56:26Z,@rrrusmi2299,INI KEREN BANGETTTTTT,0
TNX,4C7xGubTL90,2022-05-17T09:56:25Z,@purple_rytaa2511,Kyungjun OMG😩😩,0
TNX,4C7xGubTL90,2022-05-17T09:56:24Z,@urmn_,Terbikyeooo bikyeoo,0
TNX,4C7xGubTL90,2022-05-17T09:56:16Z,@fairytaleu555,Lit!!,0
TNX,4C7xGubTL90,2022-05-17T09:56:16Z,@KateeLovesTxT,DIOS ESTO ES MUY BUENO!,0
TNX,4C7xGubTL90,2022-05-17T09:56:13Z,@beatrizasuncion7376,so proud of u boys,0
TNX,4C7xGubTL90,2022-05-17T09:56:10Z,@rin4192,yes,0
TNX,4C7xGubTL90,2022-05-17T09:56:09Z,@ast_smiling2825,"Ini terlalu kerenn, bikin candu parahh <br>Mood:bikyeora bikyeobikyeora bikyeobikyeora bikyeobikyeora bikyeobikyeora bikyeobikyeora bikyeobikyeora bikyeobikyeora bikyeobikyeora bikyeobikyeora bikyeobikyeora bikyeobikyeora bikyeobikyeora bikyeobikyeora bikyeobikyeora bikyeobikyeora bikyeobikyeora bikyeobikyeora bikyeobikyeora bikyeobikyeora bikyeobikyeora bikyeobikyeora bikyeobikyeora bikyeobikyeora bikyeobikyeora bikyeobikyeora bikyeobikyeora bikyeobikyeora bikyeobikyeora bikyeobikyeora bikyeobikyeora bikyeobikyeora bikyeobikyeora bikyeobikyeora bikyeobikyeora bikyeobikyeora bikyeobikyeora bikyeobikyeora bikyeobikyeora bikyeobikyeora bikyeobikyeora bikyeobikyeora bikyeobikyeora bikyeobikyeora bikyeobikyeora bikyeobikyeora bikyeobikyeora bikyeobikyeora bikyeobikyeora bikyeobikyeora bikyeobikyeora bikyeobikyeora bikyeobikyeora bikyeobikyeora bikyeobikyeora bikyeobikyeora bikyeobikyeora bikyeobikyeora bikyeobikyeora bikyeobikyeora bikyeobikyeora bikyeobikyeora bikyeobikyeora bikyeobikyeora bikyeobikyeora bikyeobikyeora bikyeobikyeora bikyeobikyeora bikyeobikyeora bikyeobikyeora bikyeobikyeora bikyeobikyeora bikyeobikyeora bikyeobikyeora bikyeobikyeora bikyeobikyeora bikyeobikyeora bikyeobikyeora bikyeobikyeora bikyeobikyeora bikyeobikyeora bikyeobikyeora bikyeobikyeora bikyeobikyeora bikyeobikyeora bikyeobikyeora bikyeobikyeora bikyeobikyeora bikyeobikyeora bikyeobikyeora bikyeobikyeora bikyeobikyeora bikyeobikyeora bikyeobikyeora bikyeobikyeora bikyeobikyeora bikyeobikyeora bikyeobikyeora bikyeobikyeora bikyeobikyeora bikyeobikyeora bikyeobikyeora bikyeobikyeora bikyeobikyeora bikyeobikyeora bikyeobikyeora bikyeobikyeora bikyeobikyeora bikyeobikyeora bikyeobikyeora bikyeobikyeora bikyeobikyeora bikyeobikyeora bikyeobikyeora bikyeobikyeora bikyeobikyeora bikyeobikyeora bikyeobikyeora bikyeobikyeora bikyeobikyeora bikyeobikyeora bikyeobikyeora bikyeobikyeora bikyeobikyeora bikyeobikyeora bikyeobikyeora bikyeobikyeora bikyeobikyeora bikyeobikyeora bikyeobikyeora bikyeobikyeora bikyeobikyeora bikyeobikyeora bikyeobikyeora bikyeobikyeora bikyeobikyeora bikyeobikyeora bikyeobikyeora bikyeobikyeora bikyeobikyeora bikyeobikyeora bikyeobikyeora bikyeobikyeora bikyeobikyeora bikyeobikyeora bikyeobikyeora bikyeobikyeora bikyeobikyeora bikyeobikyeora bikyeobikyeora bikyeobikyeora bikyeobikyeora bikyeobikyeora bikyeobikyeora bikyeobikyeora bikyeobikyeora bikyeobikyeora bikyeobikyeora bikyeobikyeora bikyeobikyeora bikyeobikyeora bikyeobikyeora bikyeobikyeora bikyeobikyeora bikyeobikyeora bikyeobikyeora bikyeobikyeora bikyeobikyeora bikyeobikyeora bikyeobikyeora bikyeobikyeora bikyeobikyeora bikyeobikyeora bikyeobikyeora bikyeobikyeora bikyeobikyeora bikyeobikyeora bikyeobikyeora bikyeobikyeora bikyeobikyeora bikyeobikyeora bikyeobikyeora bikyeobikyeora bikyeobikyeora bikyeobikyeora bikyeobikyeora bikyeobikyeora bikyeobikyeora bikyeobikyeora bikyeobikyeora bikyeobikyeora bikyeobikyeora bikyeobikyeora bikyeobikyeora bikyeobikyeora bikyeobikyeora bikyeobikyeora bikyeobikyeora bikyeobikyeora bikyeobikyeora bikyeobikyeora bikyeobikyeora bikyeobikyeora bikyeobikyeora bikyeobikyeora bikyeobikyeora bikyeobikyeora bikyeobikyeora bikyeobikyeora bikyeobikyeora bikyeo",0
TNX,4C7xGubTL90,2022-05-17T09:56:08Z,@kakousi6856,TNX,0
TNX,4C7xGubTL90,2022-05-17T09:56:07Z,@beatrizasuncion7376,omggg angg gandaaa,0
TNX,4C7xGubTL90,2022-05-17T09:56:07Z,@resonance5211,This is such an addicting song. Congratulations on your debut,0
TNX,4C7xGubTL90,2022-05-17T09:56:06Z,@maybe5413,This was so gooood 🔥🔥,0
TNX,4C7xGubTL90,2022-05-17T09:56:05Z,@Anouda48,Love youuu,0
TNX,4C7xGubTL90,2022-05-17T09:56:02Z,@hyunim8005,Kenapa keren banget T∆T mo nangis,0
TNX,4C7xGubTL90,2022-05-17T09:56:01Z,@user-cl7ez7cn6s,SEMPURNA,0
TNX,4C7xGubTL90,2022-05-17T09:56:00Z,@vishalthakur4610,Nice going booiiiisssssss 😶😶😶😶,0
TNX,4C7xGubTL90,2022-05-17T09:55:59Z,@Anouda48,We are so proud of you guys😢😢😢😢,0
TNX,4C7xGubTL90,2022-05-17T09:55:59Z,@Splasbsi,Who&#39;s the one with the line &quot;hey don&#39;t stop bump into it&quot; I&#39;m love with him,0
TNX,4C7xGubTL90,2022-05-17T09:55:58Z,@mydearhanu9929,"I&#39;M NOT CRYING, YOU ARE :&#39;(",0
TNX,4C7xGubTL90,2022-05-17T09:55:56Z,@kidolsyndrom5057,JUST HAD THE CHANCE TO WATCH THIS MASTERPIECE OMG,5
TNX,4C7xGubTL90,2022-05-17T09:55:48Z,@chiocrespo8939,"Waooo que obra maestra, tio Psy.. Te luciste y ni que decir los niños lo hicieron fantastico....",1
TNX,4C7xGubTL90,2022-05-17T09:55:41Z,@NAXVERofficial,"Lagu nya bagus banget, saya sangat suka, sangat candu tentu😍🥰",1
TNX,4C7xGubTL90,2022-05-17T09:55:39Z,@yeji4743,SLAYY,0
TNX,4C7xGubTL90,2022-05-17T09:55:38Z,@more-gangtofoo6983,I love this song. And I want the light and color of MV feel agrressive more than this. Give me more.,0
TNX,4C7xGubTL90,2022-05-17T09:55:36Z,@laiaa0548,Wow that&#39;s so amazing. I love it. You guys work so hard and I appreciate so much.,1
TNX,4C7xGubTL90,2022-05-17T09:55:33Z,@KateeLovesTxT,"THE VISUALS, THEY&#39;RE GREAT!",0
TNX,4C7xGubTL90,2022-05-17T09:55:26Z,@aliffatullaeila1537,finally tnx debut😭💗,0
TNX,4C7xGubTL90,2022-05-17T09:55:20Z,@hy.n6772,They kill it ! Congrats on debuting boys!!,0
TNX,4C7xGubTL90,2022-05-17T09:55:15Z,@alyy_sanie,Dayum,0
TNX,4C7xGubTL90,2022-05-17T09:55:15Z,@yosienatalia1995,"Bikyeora bikyeo 🔥🔥🔥🔥🔥<br>Finally...congratulation TNX, P Nation",0
TNX,4C7xGubTL90,2022-05-17T09:55:12Z,@modygene1621,Can&#39;t wait for stage performance. Hwi really fast growing,0
TNX,4C7xGubTL90,2022-05-17T09:55:10Z,@KateeLovesTxT,GOD THIS IS VERY GOOD!,0
TNX,4C7xGubTL90,2022-05-17T09:55:10Z,@Red-te6xx,Why I&#39;m crying?,0
TNX,4C7xGubTL90,2022-05-17T09:55:10Z,@bonobonoya9628,aku kesini karena kepo,0
TNX,4C7xGubTL90,2022-05-17T09:55:08Z,@mrittikarajvasu5818,Kyungjun deep voice  ;)) visual too <br>Eunhwi rapp !!<br>Taehun expression<br>Seungjun danggg &lt;3 <br>Hyunsoo orange hairr<br>Junhyeok voice Killin it :))))<br>Happy debut TNX. Gonna support u guysss more !! Excited and expecting a lot from these guysss !! They are just like professional &lt;333 . Congratulations !!  <br><br><br><br>PS: hope JYP loud boy group soon  !!,0
TNX,4C7xGubTL90,2022-05-17T09:55:08Z,@madangchild3833,TNX GONNA DOMINATE THE CHARTS,0
TNX,4C7xGubTL90,2022-05-17T09:55:04Z,@mydearhanu9929,Str3am harder !!!!,1
TNX,4C7xGubTL90,2022-05-17T09:55:01Z,@merylnyein4625,Let&#39;s STREAMMMMM!!!!!,1
TNX,4C7xGubTL90,2022-05-17T09:54:59Z,@alexafire8171,"Definitely can feel some stray kids vibes here. That just proves that skz already has an impact in the industry and the antis always deny that 😂<br><br>TNX seems like a promising group, I&#39;ll keep my eyes on them 👀",0
TNX,4C7xGubTL90,2022-05-17T09:54:56Z,@minibae5222,Imagine this didn&#39;t get nominated for the best new artist,0
TNX,4C7xGubTL90,2022-05-17T09:54:56Z,@aerihwannie,"congratulations on your debut, TNX!!",0
TNX,4C7xGubTL90,2022-05-17T09:54:56Z,@chescaaldea2449,Ace Junhyeok. Pogi mo asawahin na kita HAHAHAHA,0
TNX,4C7xGubTL90,2022-05-17T09:54:55Z,@madangchild3833,GOOD LUCK,0
TNX,4C7xGubTL90,2022-05-17T09:54:49Z,@madangchild3833,DOPE,0
TNX,4C7xGubTL90,2022-05-17T09:54:48Z,@nadyarastiani3550,THIS SONG ARE AOAMSUSNDHENDHDBDB,0
TNX,4C7xGubTL90,2022-05-17T09:54:47Z,@bbypr1041,Finally ❤🎉,0
TNX,4C7xGubTL90,2022-05-17T09:54:47Z,@myrarestu3817,I really love this.......,0
TNX,4C7xGubTL90,2022-05-17T09:54:47Z,@gwiyeowo_mai,💜💜💜💜,0
TNX,4C7xGubTL90,2022-05-17T09:54:44Z,@madangchild3833,dope,0
TNX,4C7xGubTL90,2022-05-17T09:54:41Z,@danytm9,"OMGGG, está increíble&lt;33",0
TNX,4C7xGubTL90,2022-05-17T09:54:39Z,@0oOmytt,Лучшие,1
TNX,4C7xGubTL90,2022-05-17T09:54:38Z,@meisyasurya2443,LOVE U TNX❤️‍🔥❤️‍🔥❤️‍🔥❤️‍🔥❤️‍🔥,0
TNX,4C7xGubTL90,2022-05-17T09:54:36Z,@desnazhr,Finally TNX debut!! 화이팅!! 🖤,0
TNX,4C7xGubTL90,2022-05-17T09:54:34Z,@alsujung937,это ахуенно псай гений,0
TNX,4C7xGubTL90,2022-05-17T09:54:29Z,@enfantquirit,damn,0
TNX,4C7xGubTL90,2022-05-17T09:54:29Z,@cpinx2750,Hoping for their success 😇 congrats boys,0
TNX,4C7xGubTL90,2022-05-17T09:54:26Z,@meisyasurya2443,SOO COOL!!!!❤️❤️❤️❤️,0
TNX,4C7xGubTL90,2022-05-17T09:54:23Z,@imnotbetcha,THIS SONG IS ADDICTINGㅠㅠ,0
TNX,4C7xGubTL90,2022-05-17T09:54:19Z,@meisyasurya2443,WOOOOOOO❤️❤️❤️❤️,0
TNX,4C7xGubTL90,2022-05-17T09:54:18Z,@munitalove362,It&#39;s on fire love it TNX I&#39;m wishing you guys more success and bright future I can&#39;t wait to listen more of your music it&#39;s amazing love you.,1
TNX,4C7xGubTL90,2022-05-17T09:54:16Z,@knana2669,"In case you’re wondering<br>Woo KyungJun <a href=""https://www.youtube.com/watch?v=4C7xGubTL90&amp;t=4"">0:04</a><br>Cheon JunHyeok <a href=""https://www.youtube.com/watch?v=4C7xGubTL90&amp;t=12"">0:12</a><br>Jang HyunSoo <a href=""https://www.youtube.com/watch?v=4C7xGubTL90&amp;t=26"">0:26</a><br>EunHwi <a href=""https://www.youtube.com/watch?v=4C7xGubTL90&amp;t=32"">0:32</a><br>Oh SungJun <a href=""https://www.youtube.com/watch?v=4C7xGubTL90&amp;t=43"">0:43</a><br>Choi TaeHun <a href=""https://www.youtube.com/watch?v=4C7xGubTL90&amp;t=48"">0:48</a>",2
TNX,4C7xGubTL90,2022-05-17T09:54:13Z,@emilythaw8700,우리 애기들 데뷔 축하해! 너무 멋지고 진짜 잘  나와요! 너무 자랑스럽다 우리 애기들! 많이 수고했어!!!!! 더 밝게 빛나자 🥳🎊💓,0
TNX,4C7xGubTL90,2022-05-17T09:54:13Z,@nursabrinamohdsaleh9837,SLAYYYY,0
TNX,4C7xGubTL90,2022-05-17T09:54:10Z,@shirleymacedoof,Parabéns pelo o debut meus amorzinhos desejo que vocês tenham muito sucesso e cheguem muito longe 🇧🇷❤️🥰👏🏽,0
TNX,4C7xGubTL90,2022-05-17T09:54:08Z,@jaysvibea8992,YEAH TNX SO COOL!,0
TNX,4C7xGubTL90,2022-05-17T09:54:03Z,@robertadccb,"MUITO KINGOS, OS MAIORES",0
TNX,4C7xGubTL90,2022-05-17T09:54:00Z,@debimayasari4316,KJDHDJGDIDH LOVE YOU ALLL BOYYYYYYYSS,0
TNX,4C7xGubTL90,2022-05-17T09:53:59Z,@limabiswas4541,They did NOT disappoint,0
TNX,4C7xGubTL90,2022-05-17T09:53:52Z,@Sunnnwoozzz,"Honestly, who here is borrowing mom, dad, sister &amp; brother&#39;s cell phones just for streaming",0
TNX,4C7xGubTL90,2022-05-17T09:53:52Z,@melreynswan6751,"I’m so proud of them! What a fantastic song, video, everything! Really hope this gets the attention it deserves.",13
TNX,4C7xGubTL90,2022-05-17T09:53:49Z,@han31_72,Congratulations on your debut 🎉🔥😍🤩,0
TNX,4C7xGubTL90,2022-05-17T09:53:45Z,@mrkgfd,"the sound is just addictive, their clothes, the rap, the vocal line, the dance. <br>We support TNX!! I can&#39;t wait to see in what their gonna become in the future 🔥🔥🔥",54
TNX,4C7xGubTL90,2022-05-17T09:53:36Z,@nanjetlahkumlahpai7436,Wow,0
TNX,4C7xGubTL90,2022-05-17T09:53:34Z,@warriorforever4030,Move,0
TNX,4C7xGubTL90,2022-05-17T09:53:31Z,@bridgiebrigita2616,Congratulations TNX on your debut!!!<br>2022 ROOKIE OF THE YEAR,8
TNX,4C7xGubTL90,2022-05-17T09:53:28Z,@warriorforever4030,I love you,0
TNX,4C7xGubTL90,2022-05-17T09:53:25Z,@ssei1280,ياحلوكمم,0
TNX,4C7xGubTL90,2022-05-17T09:53:25Z,@sugaringmind,KINGS,0
TNX,4C7xGubTL90,2022-05-17T09:53:24Z,@dhienyyy7683,Let&#39;s goooooo TNX ♡ I&#39;m so proud of you guys &lt;3 Fighting ~~♡♡,1
TNX,4C7xGubTL90,2022-05-17T09:53:22Z,@warriorforever4030,Давайте поддержим их,0
TNX,4C7xGubTL90,2022-05-17T09:53:21Z,@athirahtrah,"Okay now I can’t wait for their variety show, live, mubank, inkigayo, weekly idol n n n n n n moreee",0
TNX,4C7xGubTL90,2022-05-17T09:53:21Z,@annbaekhxiu6291,Aaaa bujang²kuuu,0
TNX,4C7xGubTL90,2022-05-17T09:53:18Z,@vlogbekkout7833,Congratulations TNX,0
TNX,4C7xGubTL90,2022-05-17T09:53:16Z,@hagridlemonhead611,"I am at lost for words. This can’t  be your debut, too good. My mind is blown, you guys went beyond and above my imagination. I can stop watching this!!! 🔥❤️❤️❤️❤️❤️❤️❤️❤️🔥🔥🔥🔥🔥🔥🔥🔥🔥🔥🔥 Congradulations!!!!",0
TNX,4C7xGubTL90,2022-05-17T09:53:15Z,@amandagoncalves56,"SÉRIO, QUE PERFEITO",0
TNX,4C7xGubTL90,2022-05-17T09:53:14Z,@ruveydayigit50,Waaaoooww its crazy,0
TNX,4C7xGubTL90,2022-05-17T09:53:13Z,@warriorforever4030,Ееееееееееееее,0
TNX,4C7xGubTL90,2022-05-17T09:53:08Z,@tsl_xii,THIS IS MY TYPE OMGGGGT,0
TNX,4C7xGubTL90,2022-05-17T09:53:07Z,@raschellsanchez1234,Felicidades chicos ❤️,0
TNX,4C7xGubTL90,2022-05-17T09:53:05Z,@ssei1280,ياخي ايش ذا الإبداع ما شاء الله بسس,0
TNX,4C7xGubTL90,2022-05-17T09:52:50Z,@Blah-Blah-Blah143,"Fabulous debut, great song, great MV, great performance and choreo. Well done guys! They are so evenly matched but each have their own charisma. I predict they will go far. But please Psy these guys don&#39;t need the auto-tune vocal FX in parts. Let them shine their own notes, the song don&#39;t need it and they have the chops.",0
TNX,4C7xGubTL90,2022-05-17T09:52:50Z,@staylouder2004,QUE TEMAZOOOOO,0
TNX,4C7xGubTL90,2022-05-17T09:52:47Z,@Bontlenawa,"For a debut its really good. They will find their sound sooner or later cos right now they sound like a mixture of 2 or 3 groups already in existence. But a debut is a 1st step in the music world, lookinh foward to their evolution",0
TNX,4C7xGubTL90,2022-05-17T09:52:47Z,@heey5281,AHHHHHHHH IM SO EXCITEDDDDDDDD,1
TNX,4C7xGubTL90,2022-05-17T09:52:44Z,@serena5293,This is what we lack in the 4th gen kpop industry rn like urgg u guys SLAYYYY ♡♡♡ keep on going!,1
TNX,4C7xGubTL90,2022-05-17T09:52:43Z,@armyforever3324,Wow.... 🤩🤩,1
TNX,4C7xGubTL90,2022-05-17T09:52:40Z,@nanobek2077,its addictive now its my new drug,0
TNX,4C7xGubTL90,2022-05-17T09:52:33Z,@Staythx,Don’t get me wrong this gives me skz vibes and I really like it one of the best debut song ever the whole album is amazing <br>TNX fighting ! &lt;3,1
TNX,4C7xGubTL90,2022-05-17T09:52:32Z,@ayesharaza2111,Most awaited comeback    tnx debut song  rock  performance,1
TNX,4C7xGubTL90,2022-05-17T09:52:26Z,@itsyourboiskinnypenis7120,Der Beat hat mich absolut zerrissen,0
TNX,4C7xGubTL90,2022-05-17T09:52:26Z,@yndliu,mind: BLOWN,0
TNX,4C7xGubTL90,2022-05-17T09:52:25Z,@Cutie_Dimples,so addictinggggggggg.. I LOVE THISSS,0
TNX,4C7xGubTL90,2022-05-17T09:52:21Z,@AuraMoment_444,I think you all is always come in Grammy Award and I can&#39;t wait to this movement❤❤❤,0
TNX,4C7xGubTL90,2022-05-17T09:52:19Z,@serlytriyana4631,Lha kok viwers nya cuma 6 ribu,0
TNX,4C7xGubTL90,2022-05-17T09:52:16Z,@xuchozz958,I’m so proud of them!!,0
TNX,4C7xGubTL90,2022-05-17T09:52:14Z,@ajdkvhsg639,i won&#39;t stop strm1ng,0
TNX,4C7xGubTL90,2022-05-17T09:52:14Z,@momoaskook7561,We P Nation😉,0
TNX,4C7xGubTL90,2022-05-17T09:52:04Z,@kpopsang3620,"Muy bien el concepto, los estilisimos, la música...me suenan así como algún que otro grupo con el mismo tipo de concepto, pero realmente amo este estili así que UN 10.",0
TNX,4C7xGubTL90,2022-05-17T09:52:04Z,@loki_doki_yo,"I JUST, CAN&#39;T CLOSE MY MOUTH. OH MY GOD",0
TNX,4C7xGubTL90,2022-05-17T09:52:03Z,@oktariprastika5384,CONGRATS FOR TNX DEBUTT🔥🔥🥰😍😍😍😍,0
TNX,4C7xGubTL90,2022-05-17T09:52:00Z,@kll1_167,Proud!!,0
TNX,4C7xGubTL90,2022-05-17T09:52:00Z,@sristi1536,This was such a BOP!! Loved it from the beginning to the end!! So proud of ya&#39;ll.. this was worth all the wait!! TNX hwaitinggg!!!✨✨,4
TNX,4C7xGubTL90,2022-05-17T09:52:00Z,@jxsin._moves,Rap &amp; vocals on point,0
TNX,4C7xGubTL90,2022-05-17T09:51:55Z,@indurani4603,Speechless ✨ they are so dope boys they rocked it ✨✨✨ 💜,0
TNX,4C7xGubTL90,2022-05-17T09:51:51Z,@kia9510,"Come on everyoneeee, we can definitely reach 1M like the previous teaser",0
TNX,4C7xGubTL90,2022-05-17T09:51:51Z,@TheNart1234,"All of them look so stunning! (Junhyeok, Kyungjun, Sungjun, Hwi , Hyunsoo and Taehun)",0
TNX,4C7xGubTL90,2022-05-17T09:51:50Z,@sayali_li_li_,😍❤️,0
TNX,4C7xGubTL90,2022-05-17T09:51:48Z,@wawa_wa3154,"Muncul di beranda, dan enak bgt, salam kenal semuaa",0
TNX,4C7xGubTL90,2022-05-17T09:51:48Z,@taev9118,Ah i love it!!!,0
TNX,4C7xGubTL90,2022-05-17T09:51:39Z,@widissi7,WOAH the energy they radiate is so astronomical. Actually been noticing since That That challenge. Fighting!,0
TNX,4C7xGubTL90,2022-05-17T09:51:38Z,@kholifatulfitriyani8152,I&#39;m not okay right now this song so amazing,1
TNX,4C7xGubTL90,2022-05-17T09:51:36Z,@terezamatys4489,WOW! Hard to believe that this is a debut! Congratulations!,1
TNX,4C7xGubTL90,2022-05-17T09:51:32Z,@finazz,the vocal rap choreography visual synchronize all perfect,0
TNX,4C7xGubTL90,2022-05-17T09:51:30Z,@nelvi_7,Sigamos reproduciendo!. Vamos por esos 3M o más en 24hrs!!!,0
TNX,4C7xGubTL90,2022-05-17T09:51:30Z,@TheHalionx,&lt;3,0
TNX,4C7xGubTL90,2022-05-17T09:51:28Z,@woniewonie8531,omg I might be their fan from now,0
TNX,4C7xGubTL90,2022-05-17T09:51:28Z,@ardakarmanova9223,🔥🎶❣️,0
TNX,4C7xGubTL90,2022-05-17T09:51:23Z,@yoohniczxehorvejkul,I&#39;M SO PROUD OF THEM!!!!,0
TNX,4C7xGubTL90,2022-05-17T09:51:23Z,@aacyx0,Congratulations on your debut!<br>One of the best debut song. I&#39;m gonna vibe and dance on this everyday.,0
TNX,4C7xGubTL90,2022-05-17T09:51:22Z,@nyomet4546,🔥🔥,0
TNX,4C7xGubTL90,2022-05-17T09:51:19Z,@jxsin._moves,"Wow , the beats 😭",1
TNX,4C7xGubTL90,2022-05-17T09:51:16Z,@loki_doki_yo,THIS IS TOTALLY MY TYPE! AAACVVVVVKKKKK NEW FAVE GAGOOOO,1
TNX,4C7xGubTL90,2022-05-17T09:51:15Z,@mikarin4430,데뷔 축하해 ❣너무 멋있다😆💕,1
TNX,4C7xGubTL90,2022-05-17T09:51:14Z,@factsonly673,I&#39;m gonna cry...finally! Thank you p nation,2
TNX,4C7xGubTL90,2022-05-17T09:51:12Z,@ateezz2986,❤️❤️❤️❤️❤️,0
TNX,4C7xGubTL90,2022-05-17T09:51:10Z,@justfine6610,the choreography is hella satisfying🔥🔥,1
TNX,4C7xGubTL90,2022-05-17T09:51:09Z,@hanaapf,"WAAAAWW, THIS WAS SOOOO AMAZINGGGGG",5
TNX,4C7xGubTL90,2022-05-17T09:51:07Z,@tutukkarunia2564,"Lagunya, penampilan, tarian, semuanya sangat keren, ini benar-benar keren, aku akan menontonnya berkali-kali dan mencoba menghafal lagunya walaupun itu akan sangat susah ❤️❤️❤️",2
TNX,4C7xGubTL90,2022-05-17T09:51:04Z,@ssuminniee,Keep streaming everyone!,0
TNX,4C7xGubTL90,2022-05-17T09:50:59Z,@eminemin7769,"<a href=""https://www.youtube.com/watch?v=4C7xGubTL90&amp;t=41"">0:41</a> sungjun<br><a href=""https://www.youtube.com/watch?v=4C7xGubTL90&amp;t=72"">1:12</a> taehun<br><a href=""https://www.youtube.com/watch?v=4C7xGubTL90&amp;t=32"">0:32</a> eunhwi<br><a href=""https://www.youtube.com/watch?v=4C7xGubTL90&amp;t=25"">0:25</a> hyunsoo<br><a href=""https://www.youtube.com/watch?v=4C7xGubTL90&amp;t=5"">0:05</a> kyungjun<br><a href=""https://www.youtube.com/watch?v=4C7xGubTL90&amp;t=12"">0:12</a> junhyeok",3
TNX,4C7xGubTL90,2022-05-17T09:50:57Z,@tiyo7984,&quot;비 켜&quot;,0
TNX,4C7xGubTL90,2022-05-17T09:50:55Z,@madoskee,"I&#39;m proudest for Eunhwi here. Vast improvement from his Loud days. From a non dancer then, he dances like a pro now.",1
TNX,4C7xGubTL90,2022-05-17T09:50:49Z,@fatoomjk2483,"You have performed amazing,I wish you success in your new life,I will support you forever&lt;3",1
TNX,4C7xGubTL90,2022-05-17T09:50:48Z,@peachy_drink,Congrats on your debut ^^,0
TNX,4C7xGubTL90,2022-05-17T09:50:44Z,@trensage,woah !! they r gonna turn the tables!!!!!!,0
TNX,4C7xGubTL90,2022-05-17T09:50:43Z,@ssuminniee,This song will be stuck in my head for months,0
TNX,4C7xGubTL90,2022-05-17T09:50:42Z,@karlamoreno1129,🤩🤩🤩🫶🏻🫶🏻🫶🏻👏🏼👏🏼👏🏼👏🏼,0
TNX,4C7xGubTL90,2022-05-17T09:50:39Z,@yoonpyaepyaeyoon1252,TNX,0
TNX,4C7xGubTL90,2022-05-17T09:50:39Z,@yumasdiary,Congratulations to your debut guys,0
TNX,4C7xGubTL90,2022-05-17T09:50:39Z,@aerihwannie,"aaaaa they are finally debuted!!! proud of you, TNX!!",0
TNX,4C7xGubTL90,2022-05-17T09:50:34Z,@finazz,way up way up way up,0
TNX,4C7xGubTL90,2022-05-17T09:50:32Z,@maymyatnoethu9808,"Omg, that&#39;s soooo cool 😭비겨 Let&#39;s go 🔥",0
TNX,4C7xGubTL90,2022-05-17T09:50:30Z,@kholifatulfitriyani8152,This song so cool,1
TNX,4C7xGubTL90,2022-05-17T09:50:29Z,@maeshieltaganahan3549,&quot;Everyone watch our entrance in silence.&quot;🤯,0
TNX,4C7xGubTL90,2022-05-17T09:50:24Z,@cheonjunhyeok1838,Chero is so attractive,0
TNX,4C7xGubTL90,2022-05-17T09:50:23Z,@simunhon,بكبكبكبكببيييييي,0
TNX,4C7xGubTL90,2022-05-17T09:50:23Z,@allyy8568,ahhhh Icant believe thiss 😭😭😭😭😭😭😭😭🎉🎉🎉🎉🎉🌹🌹🌹,0
TNX,4C7xGubTL90,2022-05-17T09:50:17Z,@abexxy9732,Candu bangett bikyeora bikyeo..,0
TNX,4C7xGubTL90,2022-05-17T09:50:16Z,@loki_doki_yo,AAACVVVVVKKKKK I&#39;M STANNING OMGGGGHH,0
TNX,4C7xGubTL90,2022-05-17T09:50:16Z,@christinanataliadahemat9552,"TNX is here, please move y&#39;all",0
TNX,4C7xGubTL90,2022-05-17T09:50:16Z,@selviacathrine1203,The MV is sooo goood,0
TNX,4C7xGubTL90,2022-05-17T09:50:10Z,@leslieannmalicdem6764,proud pre debut fan here!!!,0
TNX,4C7xGubTL90,2022-05-17T09:50:10Z,@ajdkvhsg639,song of the year goes to MOVE,0
TNX,4C7xGubTL90,2022-05-17T09:50:09Z,@ajdkvhsg639,song of the year goes to MOVE,0
TNX,4C7xGubTL90,2022-05-17T09:50:09Z,@kghbnvhb3028,ดีมากกก,0
TNX,4C7xGubTL90,2022-05-17T09:50:08Z,@cheonjunhyeok1838,Going on my way on my way on my way,0
TNX,4C7xGubTL90,2022-05-17T09:50:08Z,@mrittikarajvasu5818,Somehow giving me SuperM vibes uwuwuuwu !!!!,0
TNX,4C7xGubTL90,2022-05-17T09:50:01Z,@factsonly673,Now that&#39;s a megahitfabulousKINGshit DEBUT! <br>Slay kings!,2
TNX,4C7xGubTL90,2022-05-17T09:50:01Z,@sheen5224,CONGRATULATIONS TNX!!,0
TNX,4C7xGubTL90,2022-05-17T09:49:59Z,@onzaligayary3675,Hope they are successful in the future ✨🤍,1
TNX,4C7xGubTL90,2022-05-17T09:49:58Z,@SunhaJae,This is such a bopp,0
TNX,4C7xGubTL90,2022-05-17T09:49:54Z,@jasonjessiepchi2275,ITS PRETTY OMGGG !!,0
TNX,4C7xGubTL90,2022-05-17T09:49:53Z,@loki_doki_yo,OMG THIS IS A MASTERPIECE!!! WOW,0
TNX,4C7xGubTL90,2022-05-17T09:49:53Z,@christinanataliadahemat9552,Finally you guys did it!!!!!!!,0
TNX,4C7xGubTL90,2022-05-17T09:49:53Z,@abm3091,This is soo good,0
TNX,4C7xGubTL90,2022-05-17T09:49:53Z,@beabaenbyu,Minggir yuk minggir,0
TNX,4C7xGubTL90,2022-05-17T09:49:52Z,@kia9510,stan tnx for clear skinƪ(˘⌣˘)ʃ,0
TNX,4C7xGubTL90,2022-05-17T09:49:51Z,@rizkialysa,Kece parah😵😵😵😵,0
TNX,4C7xGubTL90,2022-05-17T09:49:47Z,@Voxcoee,لطيفففين🇮🇶🇮🇶,0
TNX,4C7xGubTL90,2022-05-17T09:49:47Z,@simunhon,I&#39;m not well,0
TNX,4C7xGubTL90,2022-05-17T09:49:46Z,@millagiron2784,I LOVED THIS SO MUCHHHHHH❤,0
TNX,4C7xGubTL90,2022-05-17T09:49:46Z,@purple_rytaa2511,Waaaaaaaaaaa!!!! CONGRATULATIONS ON YOUR DEBUT!!!,0
TNX,4C7xGubTL90,2022-05-17T09:49:45Z,@atiny_swaggg5925,This song is addictive God I love it,0
TNX,4C7xGubTL90,2022-05-17T09:49:44Z,@zmzmgarnet5128,pnation is putting a statement rn,0
TNX,4C7xGubTL90,2022-05-17T09:49:38Z,@TheBellanabilla,Wow,0
TNX,4C7xGubTL90,2022-05-17T09:49:36Z,@pikkibubu701,Handsome 👍 your voice 😭😭😭 Very very good aaaaaa sungjunnnnnn ❤️❤️,0
TNX,4C7xGubTL90,2022-05-17T09:49:33Z,@millagiron2784,&quot;비켜 비켜&quot; this part its just -- 😳,0
TNX,4C7xGubTL90,2022-05-17T09:49:32Z,@agustinleonita551,pecaaaaaah.. keren kece parah TNX 😍,0
TNX,4C7xGubTL90,2022-05-17T09:49:32Z,@hidayahsabtu,Yas yas yas. I&#39;m here because i support PSY. Go go PNation,0
TNX,4C7xGubTL90,2022-05-17T09:49:32Z,@nurfitriinsyirah5024,Let&#39;s support this new boy group 🥰,0
TNX,4C7xGubTL90,2022-05-17T09:49:26Z,@ТвойСемпай-в8л,Надеюсь вы станете всемирно известными &lt;3,0
TNX,4C7xGubTL90,2022-05-17T09:49:24Z,@genesisgordon4558,"Amazing debut tnx more talented , visual , rapping etc",0
TNX,4C7xGubTL90,2022-05-17T09:49:21Z,@karlapacalioga,CONGRATULATIONS TNX!!!!,0
TNX,4C7xGubTL90,2022-05-17T09:49:17Z,@zadzuzone907,The song is so possitive vibes and TNX is best packaging,0
TNX,4C7xGubTL90,2022-05-17T09:49:15Z,@niki1dvu,"WOW WOW WOW, THIS SOOO OMG",0
TNX,4C7xGubTL90,2022-05-17T09:49:14Z,@Bubbles7321,"This choreography is fireee, the song is so catchy and the mv itself is so pretty and I didn’t find myself becoming board at any point- the member’s fit the concept well, TNX FIGHTING!!!!",19
TNX,4C7xGubTL90,2022-05-17T09:49:12Z,@enhypenstan1080,TNX bestttt... <br>Visuals<br>Dancing<br>Singing<br>Performance.<br>Everything is on point iam so exited hwaiting TNX.....,1
TNX,4C7xGubTL90,2022-05-17T09:49:11Z,@quroatinabila6882,"really crazy, like heating up to fly🔥🔥🔥🔥",0
TNX,4C7xGubTL90,2022-05-17T09:49:05Z,@sequoia4643,Waaa DAEBAK!!! THIS IS SO DOPE!! 🔥🔥 PNation group is really worth to wait....,0
TNX,4C7xGubTL90,2022-05-17T09:49:03Z,@novaalfionita9008,kereeeeen👏🏻 congrats for debut❤️,0
TNX,4C7xGubTL90,2022-05-17T09:48:58Z,@keyshalle,CONGRATULATIONS MY BOYS!!🤍🤍,0
TNX,4C7xGubTL90,2022-05-17T09:48:58Z,@kll1_167,TNX FIGHTING!!!,0
TNX,4C7xGubTL90,2022-05-17T09:48:58Z,@simunhon,انا ميت,0
TNX,4C7xGubTL90,2022-05-17T09:48:57Z,@Sunnnwoozzz,"Honestly, Hwi has a charm that I don&#39;t know what charm it is but made me believe in him since LOUD until now.",1
TNX,4C7xGubTL90,2022-05-17T09:48:54Z,@ur_sunshine,"they’re the next big thing, mark my words",0
TNX,4C7xGubTL90,2022-05-17T09:48:53Z,@ayslinaa,OMG OMG WOW,0
TNX,4C7xGubTL90,2022-05-17T09:48:48Z,@selena1830,"<a href=""https://www.youtube.com/watch?v=4C7xGubTL90&amp;t=62"">1:02</a> the vocals are killing me-",32
TNX,4C7xGubTL90,2022-05-17T09:48:40Z,@harshadagaonkar9978,Oh my God this was such a surprise for me 😳 they are killing it.,0
TNX,4C7xGubTL90,2022-05-17T09:48:39Z,@saldinspace,AAAA KEREEENNN 😭😭😭😭😭😭😭👏👏👏👏👏👏,0
TNX,4C7xGubTL90,2022-05-17T09:48:38Z,@iffahizzati7213,yall lets streamm,0
TNX,4C7xGubTL90,2022-05-17T09:48:37Z,@zbonecore,AAAA INI KEREN BANGET PARAH,0
TNX,4C7xGubTL90,2022-05-17T09:48:34Z,@lilymizbiz,this totally slays they have a bright future.,0
TNX,4C7xGubTL90,2022-05-17T09:48:29Z,@pikkibubu701,Junhyeok 😭😭😭😭 why you !!!!,0
TNX,4C7xGubTL90,2022-05-17T09:48:26Z,@user-ym6ds9gt6p,"congratulations on your debut, boysssss",0
TNX,4C7xGubTL90,2022-05-17T09:48:25Z,@jerobehh,LOUDER THIS IS PNATION🔥❤️,0
TNX,4C7xGubTL90,2022-05-17T09:48:24Z,@EndiFeng,so proud of them boys! GO TNX!,0
TNX,4C7xGubTL90,2022-05-17T09:48:24Z,@하나-리아,Mh...something is missing...or maybe there are too many vocal effects I don&#39;t know. <br>I&#39;ll get an opinion on their second MV,0
TNX,4C7xGubTL90,2022-05-17T09:48:19Z,@Jacaranda_LineDance,TNX 데뷔 축하해~~~♡ 멋지고 멋지며 대견하고 대견하다~~~!! 너희 앞을 가로막는건 아무것도 없어~ 다 비키라그래~~~!!  정상을 위해 이제 첫발 내디뎠다. TNX 가좌~!!,1
TNX,4C7xGubTL90,2022-05-17T09:48:18Z,@user-ym6ds9gt6p,HEY,0
TNX,4C7xGubTL90,2022-05-17T09:48:17Z,@wnastarlight,"<a href=""https://www.youtube.com/watch?v=4C7xGubTL90&amp;t=34"">0:34</a> this reminds me of skz domino",4
TNX,4C7xGubTL90,2022-05-17T09:48:16Z,@keyshalle,I REALLY LOVE THIS SONG,0
TNX,4C7xGubTL90,2022-05-17T09:48:15Z,@popstannn,Stannnnnnnn🔥🔥🔥🔥,0
TNX,4C7xGubTL90,2022-05-17T09:48:15Z,@rosieareblack,Im so proud of them😭,0
TNX,4C7xGubTL90,2022-05-17T09:48:14Z,@DewieRindu,Whaooo so good,0
TNX,4C7xGubTL90,2022-05-17T09:48:14Z,@sefa8528,"<a href=""https://www.youtube.com/watch?v=4C7xGubTL90&amp;t=41"">0:41</a> sungjun<br><a href=""https://www.youtube.com/watch?v=4C7xGubTL90&amp;t=72"">1:12</a> taehun<br><a href=""https://www.youtube.com/watch?v=4C7xGubTL90&amp;t=32"">0:32</a> eunhwi<br><a href=""https://www.youtube.com/watch?v=4C7xGubTL90&amp;t=25"">0:25</a> hyunsoo<br><a href=""https://www.youtube.com/watch?v=4C7xGubTL90&amp;t=5"">0:05</a> kyungjun<br><a href=""https://www.youtube.com/watch?v=4C7xGubTL90&amp;t=12"">0:12</a> junhyeok",1
TNX,4C7xGubTL90,2022-05-17T09:48:07Z,@moth3265,Oh wow im in awe of their talent,0
TNX,4C7xGubTL90,2022-05-17T09:48:06Z,@heey5281,FIGHTING!!!!!!!!!!,1
TNX,4C7xGubTL90,2022-05-17T09:48:06Z,@rikmawati5806,Akhirnya yang di tunggu-tunggu😍🥰,0
TNX,4C7xGubTL90,2022-05-17T09:48:03Z,@iamlidya944,akhirnyaaaaaaaa,0
TNX,4C7xGubTL90,2022-05-17T09:48:02Z,@inp1963,CONGRATS ON YOUR DEBUT TNX !!!,0
TNX,4C7xGubTL90,2022-05-17T09:47:59Z,@cutesomex,WOWWW!!,0
TNX,4C7xGubTL90,2022-05-17T09:47:58Z,@huguettethioliere9101,❤❤❤❤❤🥳🥳🥳,0
TNX,4C7xGubTL90,2022-05-17T09:47:57Z,@gigicrys,WE P NATION!,0
TNX,4C7xGubTL90,2022-05-17T09:47:56Z,@eirinikocheila4778,GOD DAMN,0
TNX,4C7xGubTL90,2022-05-17T09:47:54Z,@imexolhzt7131,Jloud : tnx sunbaenim:&quot;),1
TNX,4C7xGubTL90,2022-05-17T09:47:51Z,@nurulhasanah7593,"Psst! Minggirlah, minggirlah<br>Whoaaa setelah penantian yuhuu congratulations",0
TNX,4C7xGubTL90,2022-05-17T09:47:51Z,@harzareckhst,I&#39;m not really into boy group but this song is really good! They need to become big!,4
TNX,4C7xGubTL90,2022-05-17T09:47:49Z,@lia_renjunsorange6088,"Too good to be a debut song, the boys slayed",1
TNX,4C7xGubTL90,2022-05-17T09:47:44Z,@katherinelisbethescobarpol9043,Aaaaa esto si es bello señores😗🤟🤟,0
TNX,4C7xGubTL90,2022-05-17T09:47:44Z,@Aurie_d,Uhmmmm.... Okay. Hello there 😌😊💕💕,0
TNX,4C7xGubTL90,2022-05-17T09:47:41Z,@hibear8446,TNX famous!!,0
TNX,4C7xGubTL90,2022-05-17T09:47:37Z,@mahdise.s6902,جونننننننن,1
TNX,4C7xGubTL90,2022-05-17T09:47:36Z,@StayZ_8,I’M IN LOVE WITH THIS SONG,15
TNX,4C7xGubTL90,2022-05-17T09:47:36Z,@imexolhzt7131,Semangat sungjunku,2
TNX,4C7xGubTL90,2022-05-17T09:47:34Z,@creamysr,SERIUS GUE BANGGA BANGETTT AMA KLEN,1
TNX,4C7xGubTL90,2022-05-17T09:47:28Z,@andreamayala215,One of the best debut I’ve ever seen !!!! Congratulations!!!,1
TNX,4C7xGubTL90,2022-05-17T09:47:27Z,@mahdise.s6902,شوهراممممممم,0
TNX,4C7xGubTL90,2022-05-17T09:47:25Z,@StayZ_8,One of the best debuts in kpop,2
TNX,4C7xGubTL90,2022-05-17T09:47:23Z,@nongsanthimaichaipo2843,พึ่งเจอน้องๆเมื่อวานนี้ในรายการ เลยตัดสินใจตามเลย แบบอมกกก อึ้งมากทั้งไลน์เต้นทั้งเสียง ควรคู่กับความแมสมากๆๆๆ🥹🫶🏻,0
TNX,4C7xGubTL90,2022-05-17T09:47:20Z,@eny.ruto1872,OMGGGGGG THEY ARE SO ADORABLE &lt;3 I LOVE YOU GUYS ♡♡ FIGHTING P NATION AND LET&#39;S GOOOOOOOOO TNX  :)),4
TNX,4C7xGubTL90,2022-05-17T09:47:19Z,@biatmr,THIS DEBUT😭❤️,0
TNX,4C7xGubTL90,2022-05-17T09:47:14Z,@moonyari,MY BOYSSSS IM SO PROUD OF THEM!!! &lt;333,0
TNX,4C7xGubTL90,2022-05-17T09:47:11Z,@Hiikahere,OMG they nail it 🔥🔥🔥🔥🔥,0
TNX,4C7xGubTL90,2022-05-17T09:47:11Z,@ennattwn,GIVE WAY. PNATION BOYS ARE HEREEEEEE,0
TNX,4C7xGubTL90,2022-05-17T09:46:59Z,@sunniasih___,Omg eunhwi&#39;s rap so good 😍😍 👏👏👏,2
TNX,4C7xGubTL90,2022-05-17T09:46:58Z,@tanishaarathore27,"okay, i love it.",0
TNX,4C7xGubTL90,2022-05-17T09:46:58Z,@dior6103,I hope they will receive a trophy in this debut on music show🥺 I hope the LOUD fans still active in voting🥺🤍,1
TNX,4C7xGubTL90,2022-05-17T09:46:54Z,@orinsapin1186,Kfkgieogkfir-<br>I&#39;m stanning asap-<br><br>P.s-- can we talk about how much Kyungjun looks like Jinnie fron Nmixx?-,1
TNX,4C7xGubTL90,2022-05-17T09:46:51Z,@angela_5860,Congrats on your debut guys!  WE P NATION! YOU&#39;RE KILLING IT!,0
TNX,4C7xGubTL90,2022-05-17T09:46:45Z,@sunxallo,❤️❤️,0
TNX,4C7xGubTL90,2022-05-17T09:46:45Z,@inp1963,ROTY,0
TNX,4C7xGubTL90,2022-05-17T09:46:43Z,@itsmaya7885,"Love u boys, we support u 😍❤",0
TNX,4C7xGubTL90,2022-05-17T09:46:42Z,@urmn_,Cakep bener si!,1
TNX,4C7xGubTL90,2022-05-17T09:46:41Z,@happy1384,I just repeat again and again ❤️ really love it,0
TNX,4C7xGubTL90,2022-05-17T09:46:40Z,@byhwi3086,best debut !,0
TNX,4C7xGubTL90,2022-05-17T09:46:40Z,@Laufeyxo,"They are going to popular, i can feel it",0
TNX,4C7xGubTL90,2022-05-17T09:46:38Z,@htethtet354,LUSM,0
TNX,4C7xGubTL90,2022-05-17T09:46:36Z,@madangchild3833,KEEP STREAMING YOROBUNNN,0
TNX,4C7xGubTL90,2022-05-17T09:46:34Z,@nadaabwzr,wow..,0
TNX,4C7xGubTL90,2022-05-17T09:46:31Z,@pseudonym8723,The beat though🔥,0
TNX,4C7xGubTL90,2022-05-17T09:46:28Z,@serendipityj3786,"I know TNX for 2 days, but i already liked them! I&#39;m happy i&#39;m here for their debut!",0
TNX,4C7xGubTL90,2022-05-17T09:46:26Z,@isawithbefore,I loved it the first time I heard this,0
TNX,4C7xGubTL90,2022-05-17T09:46:26Z,@sungwoonh9892,CONGRATS BOYYY,0
TNX,4C7xGubTL90,2022-05-17T09:46:26Z,@OPXLITESBARBIE,THE BEAT 😌👌🏻😌👌🏻😌👌🏻,0
TNX,4C7xGubTL90,2022-05-17T09:46:18Z,@theblackdisk4394,I don&#39;t know why I&#39;m seeing that it&#39;s like the set of squid game 😅😅,1
TNX,4C7xGubTL90,2022-05-17T09:46:15Z,@FireFox-vk9is,Omg,0
TNX,4C7xGubTL90,2022-05-17T09:46:15Z,@hi9373,ييمهههه يييججنوننن وربيي مبدعيننن واوو راحح يكسيرونن العالم هاي بس اغنيةةة ترسيمهم هيجييي ااووححححح😫😫😫💗💗💗💗💗,0
TNX,4C7xGubTL90,2022-05-17T09:46:13Z,@dior6103,OMGG,0
TNX,4C7xGubTL90,2022-05-17T09:46:13Z,@putrisnhm94,Finally! Love it 😍😍,0
TNX,4C7xGubTL90,2022-05-17T09:46:09Z,@jennyxu7827,"Hwi has improved soooooo much!!<a href=""UCkszU2WH9gy1mb0dV-11UJg/8gF1Xp_zK8jk8gSDrI2wCw""></a>😭",1
TNX,4C7xGubTL90,2022-05-17T09:46:09Z,@helia6487,❤️❤️❤️,0
TNX,4C7xGubTL90,2022-05-17T09:46:07Z,@syazwani3623,love it !!!,0
TNX,4C7xGubTL90,2022-05-17T09:46:05Z,@runyi_1605,HAPPY DEBUT❤❤❤❤❤❤❤,0
TNX,4C7xGubTL90,2022-05-17T09:46:03Z,@lovelove-ts7mc,😲 WOW... LOVE IT SO MUCH 💕💕💕,0
TNX,4C7xGubTL90,2022-05-17T09:46:01Z,@sriputri8159,Daebak vocal,0
TNX,4C7xGubTL90,2022-05-17T09:45:56Z,@itaamel3874,AYANG IST OUT😭,0
TNX,4C7xGubTL90,2022-05-17T09:45:55Z,@ainitialwords_,AAKKKKKKK FINALLY!!!!!!!<br>CONGRATS FOR YOUR DEBUT BABYS!,0
TNX,4C7xGubTL90,2022-05-17T09:45:52Z,@k-pop6953,Omg!! I like it. 😍😍,1
TNX,4C7xGubTL90,2022-05-17T09:45:50Z,@zahrakiani4515,😎🙌🏻,0
TNX,4C7xGubTL90,2022-05-17T09:45:46Z,@febidwinanda1786,HYUNSOOO,0
TNX,4C7xGubTL90,2022-05-17T09:45:42Z,@pekipekpeki8564,❤️❤️❤️❤️❤️❤️❤️❤️❤️,0
TNX,4C7xGubTL90,2022-05-17T09:45:42Z,@idyllic8372,dans ve şarki mukemmel,0
TNX,4C7xGubTL90,2022-05-17T09:45:36Z,@onyour_chaaa3,Keren😭❤️❤️❤️,0
TNX,4C7xGubTL90,2022-05-17T09:45:35Z,@leticiastyles7087,I&#39;M SO SO SO SO PROUD OF MY BOYS 😍😍😍😍😍😍,0
TNX,4C7xGubTL90,2022-05-17T09:45:35Z,@princessjazminesil,Omggggggggggg!!❤,0
TNX,4C7xGubTL90,2022-05-17T09:45:34Z,@bestiemakassar1264,I LOVE IT💓😍😢,0
TNX,4C7xGubTL90,2022-05-17T09:45:32Z,@zahrakiani4515,Omgg kill mee,0
TNX,4C7xGubTL90,2022-05-17T09:45:32Z,@idyllic8372,vocallerde harika,0
TNX,4C7xGubTL90,2022-05-17T09:45:32Z,@pronunciacionestomoonis,Impresionante todo FIGHTING,2
TNX,4C7xGubTL90,2022-05-17T09:45:30Z,@DOnim-il5xo,Way up,0
TNX,4C7xGubTL90,2022-05-17T09:45:30Z,@harukyuu5582,It&#39;s really awesome for their debut!,0
TNX,4C7xGubTL90,2022-05-17T09:45:28Z,@kimdoyoung3387,I&#39;m shock for this MV,0
TNX,4C7xGubTL90,2022-05-17T09:45:26Z,@lyan.luvhoon738,"Rap nya Kyungjun ama Hwi gilaaa keren banget, merinding",0
TNX,4C7xGubTL90,2022-05-17T09:45:26Z,@zari4090,اشک شوق 😭😭,0
TNX,4C7xGubTL90,2022-05-17T09:45:25Z,@julis._.6558,"Pls I got their trailer to this mv as an ad, and the only thing that I can say is: I&#39;ve never been more glad for an ad...<br>Thx yt &lt;3",1
TNX,4C7xGubTL90,2022-05-17T09:45:23Z,@idyllic8372,rapperlar baya iyi,0
TNX,4C7xGubTL90,2022-05-17T09:45:18Z,@asya1093,HWI LOOOOO GANTENG BANGET,0
TNX,4C7xGubTL90,2022-05-17T09:45:17Z,@redita573,Fighting!!,0
TNX,4C7xGubTL90,2022-05-17T09:45:15Z,@zahrakiani4515,TNX 😎💙,0
TNX,4C7xGubTL90,2022-05-17T09:45:14Z,@reafilms823,🤍🤍,0
TNX,4C7xGubTL90,2022-05-17T09:45:13Z,@doyoungkim6909,Congratulations!!!<br>I&#39;m so proud of you all,0
TNX,4C7xGubTL90,2022-05-17T09:45:12Z,@elaine6643,💙💙💙💙💙💙💙,0
TNX,4C7xGubTL90,2022-05-17T09:45:10Z,@idyllic8372,goodd,0
TNX,4C7xGubTL90,2022-05-17T09:45:09Z,@GreenBaldrick,Why watch this if you can watch Bring It On by ONEUS,0
TNX,4C7xGubTL90,2022-05-17T09:45:06Z,@kimdoyoung3387,Fighting TNX,0
TNX,4C7xGubTL90,2022-05-17T09:45:03Z,@claudycp,Y&#39;ALL DID IT GREAT DAMNN,0
TNX,4C7xGubTL90,2022-05-17T09:45:03Z,@Aironblue,"Congratulations for your debut! I am sure you will go very far, you have a lot of talent and a great future ahead of you <br>The music is amazing  💗💗💗😍😍🔥🔥",0
TNX,4C7xGubTL90,2022-05-17T09:45:00Z,@beom4778,AAA KECEEEE POLLLLLL,0
TNX,4C7xGubTL90,2022-05-17T09:44:59Z,@idyllic8372,new six,0
TNX,4C7xGubTL90,2022-05-17T09:44:57Z,@zahrakiani4515,Happy debut 😍🥺,0
TNX,4C7xGubTL90,2022-05-17T09:44:57Z,@xcctraazzz,SO EXCITED,0
TNX,4C7xGubTL90,2022-05-17T09:44:57Z,@illusion3724,Everyone MOVE<br>Leader of 4 gen is coming TNX!!!,1
TNX,4C7xGubTL90,2022-05-17T09:44:56Z,@motitokii4227,Cool...We are P nation👍👍💯,0
TNX,4C7xGubTL90,2022-05-17T09:44:55Z,@kimdoyoung3387,Going to the Powerful,0
TNX,4C7xGubTL90,2022-05-17T09:44:55Z,@roannepadilla5858,Nooo wayy!! The way junhyeok sing &quot;Cuz no I&#39;m never falling down&quot; 😩💗💗 I&#39;m falling omg,1
TNX,4C7xGubTL90,2022-05-17T09:44:50Z,@Zero__0.0,"Finally it&#39;s out. It was worth the wait, I&#39;m so glad. Great song. I&#39;m proud of you guys.",2
TNX,4C7xGubTL90,2022-05-17T09:44:49Z,@idyllic8372,FİGHTİNG TNXX,0
TNX,4C7xGubTL90,2022-05-17T09:44:48Z,@hanyoon3934,TNX,0
TNX,4C7xGubTL90,2022-05-17T09:44:46Z,@frishanajwa,"WTTTTHHH GUYSSS ???? THIS SONGS REALLY ADDICTED THOOOO !!! THISS SONGSSS SERIOUSLYYYY POWERFULLLL !!! HWIII PARTSSS SERIOUSLYYY GOD IM SPEECHLESS !!! JUNHYEOKKK VOCALLL IM OBSSESSEEDDDDD AND ALSO TEEHUUNNN OURRR LOVELYYY LEADERRR !!! HYUNSOOOO , SUNGJUNNN VOCALLL SERIOUSLYYY AMAZINGGG !!! ANDD LASTT KYUNGJUNNN SOOO HANDSOMEEE AS MAIN CHARACTER !!! WAITT I CANTTT MOVEE ONNN FROM THIS SONGSSS !!! OKAY FIGHTING BOYS &gt;.&lt; ♡",0
TNX,4C7xGubTL90,2022-05-17T09:44:45Z,@serendipityj3786,This song is so catchy! It gets better everytime i listen to!,0
TNX,4C7xGubTL90,2022-05-17T09:44:45Z,@itazzinitaf803,너무 좋다!!!!!,0
TNX,4C7xGubTL90,2022-05-17T09:44:44Z,@naeiyo,"TNX gived us the best debut of the industry, everything is so perfect thank you for debuting i love you so much and i am so thankful 😭",4
TNX,4C7xGubTL90,2022-05-17T09:44:43Z,@yawnhee,Slay🔥🔥👊🏻,0
TNX,4C7xGubTL90,2022-05-17T09:44:42Z,@taeseul_st,차세대 아이콘 가수가 될것같다...<br><br>미리 성지순례 하고 갑니다<br><br>잘되게해주세오~_~,0
TNX,4C7xGubTL90,2022-05-17T09:44:42Z,@centersangwon,congratulations on your debut!!,0
TNX,4C7xGubTL90,2022-05-17T09:44:42Z,@트12,CONGRATULATIONS MY BOYS 🎉👑 WE ARE SO PROUD OF YOU GUYS!!!💖 LOVE YOUUU ALL!!! ❤️YOU GUYS DID VERY WELL!!!👍,0
TNX,4C7xGubTL90,2022-05-17T09:44:41Z,@idyllic8372,FİGHTİNG İ LİKE İT SO GOOD,0
TNX,4C7xGubTL90,2022-05-17T09:44:39Z,@jzkimmy,Congratulations 🎉🎉😭,0
TNX,4C7xGubTL90,2022-05-17T09:44:38Z,@WittyWynn,🎉🎉🎉🎉🎉<br>กรี๊สสสสสส สุดยอด สุดๆไปเลย<br>❤❤❤❤❤❤,0
TNX,4C7xGubTL90,2022-05-17T09:44:37Z,@xcctraazzz,SO PROUD😭😭😭🥰🥰🥰❤️‍🔥❤️‍🔥❤️‍🔥🫶🫶🫶,0
TNX,4C7xGubTL90,2022-05-17T09:44:33Z,@zahrakiani4515,Omggggggg,1
TNX,4C7xGubTL90,2022-05-17T09:44:32Z,@KIKIDOYOULOVEME954,fighting!!!!!!,0
TNX,4C7xGubTL90,2022-05-17T09:44:30Z,@idyllic8372,ı loveyou,0
TNX,4C7xGubTL90,2022-05-17T09:44:29Z,@nourshehade5944,So proud of you boys,0
TNX,4C7xGubTL90,2022-05-17T09:44:29Z,@saku8952,TNXの曲がたくさんの人の心に届きますように！,0
TNX,4C7xGubTL90,2022-05-17T09:44:28Z,@AYE-rz3qz,"finally the long wait is done, tnx never dissapoint us. the choreo, the vocals, the rap, and of course the visuals. thank you for the hardworks. i hope that this will be the sucessful debut.",19
TNX,4C7xGubTL90,2022-05-17T09:44:23Z,@idyllic8372,FİGHTİNGGG,0
TNX,4C7xGubTL90,2022-05-17T09:44:20Z,@xcctraazzz,Aaaaa bangga bngeutttt😭😭😭🫶🫶🫶,0
TNX,4C7xGubTL90,2022-05-17T09:44:17Z,@xt11n.c,"Literally crying rn😭, im so proud of you guys! Congratulations on ur debut!🔥❤️",3
TNX,4C7xGubTL90,2022-05-17T09:44:16Z,@idyllic8372,24saat icinde 20 bin izlenme yapabilirz,0
TNX,4C7xGubTL90,2022-05-17T09:44:16Z,@arabcjh5462,junhyeok&#39;s high notes never disappoints,0
TNX,4C7xGubTL90,2022-05-17T09:44:16Z,@dindaathia9177,AAAAAAAAAAAA KECEE BANGET PACAR PACAR AKUUU,0
TNX,4C7xGubTL90,2022-05-17T09:44:12Z,@simpisod,i know only txt… who is it?,1
TNX,4C7xGubTL90,2022-05-17T09:44:08Z,@its103.percent,剛剛忙著刷MV忘記來留言了ㅠㅠ<br>孩子們也都表現得太好了嗚嗚( ≧Д≦)<br>感覺有好好的展現出各自的魅力樣貌!<br>現在真的出道了 超沒有實感的啊~~<br>真的是很讓人上癮的歌!!<br>希望可以大發~走花路吧,0
TNX,4C7xGubTL90,2022-05-17T09:44:07Z,@asayil483,Wow Perfect 🔥🔥🔥🔥🔥🔥❤️,0
TNX,4C7xGubTL90,2022-05-17T09:44:06Z,@uricutiehyung5481,"Omg this debut song is just so good, they never disappoint!😭🔥",5
TNX,4C7xGubTL90,2022-05-17T09:44:04Z,@didikipachuau851,Tot- in like rawh tia🥱🤧,0
TNX,4C7xGubTL90,2022-05-17T09:44:02Z,@landq4927,Strong Team spirit and impactful MV.  We expect this high potential team to WAY UP.,0
TNX,4C7xGubTL90,2022-05-17T09:43:55Z,@zee6924,Day 1,0
TNX,4C7xGubTL90,2022-05-17T09:43:54Z,@ytprms2649,Evrything about this MV is so on point. Support our babies,0
TNX,4C7xGubTL90,2022-05-17T09:43:53Z,@eunyeuny6984,This is so crazy!! It is a movie like The Avengers🥰🥰🥰,0
TNX,4C7xGubTL90,2022-05-17T09:43:53Z,@bee3as,デビューおめでとうー！！！！,0
TNX,4C7xGubTL90,2022-05-17T09:43:51Z,@yjchoi8829,EVERYBODY LETS GET STARTED,0
TNX,4C7xGubTL90,2022-05-17T09:43:51Z,@fantasy4215,Congratulations TNX!!!!!!<br>the best MV as a debut idol group🎉,0
TNX,4C7xGubTL90,2022-05-17T09:43:50Z,@eunhwiiipogiii6052,Pikyora pikyo,1
TNX,4C7xGubTL90,2022-05-17T09:43:49Z,@idyllic8372,WE P NATİON,0
TNX,4C7xGubTL90,2022-05-17T09:43:47Z,@jinverse6840,Wow,1
TNX,4C7xGubTL90,2022-05-17T09:43:43Z,@imacupofteapot,AAAAAAH i have been looking forward to pnation team and now they are debuting as tnx i&#39;ll definitely be having my eyes on them,0
TNX,4C7xGubTL90,2022-05-17T09:43:42Z,@missa-k8j,❤️‍🔥❤️‍🔥❤️‍🔥,1
TNX,4C7xGubTL90,2022-05-17T09:43:41Z,@kBOPS_online,ATEEZ X Stray Kids fusion in terms of beat. I don&#39;t know that&#39;s exactly what I hear even if I&#39;m not viewing the music videos. Goodluck P NATION boys make  daddy PSY proud!!,0
TNX,4C7xGubTL90,2022-05-17T09:43:41Z,@Ily.xun08,Valio la pena enfermarme a la madrugada para ver esto,0
TNX,4C7xGubTL90,2022-05-17T09:43:40Z,@WintBear95,Mantap lah ada sub Indonesia nya 👍😂😂,1
TNX,4C7xGubTL90,2022-05-17T09:43:40Z,@01_sasha,IT&#39;S SO GOOD !!!!,0
TNX,4C7xGubTL90,2022-05-17T09:43:39Z,@amlxia4077,BIKYEORA BIKYEO TRERNENGRENFENDG,1
TNX,4C7xGubTL90,2022-05-17T09:43:37Z,@serendipityj3786,Congratulations on your debut! You did great!,0
TNX,4C7xGubTL90,2022-05-17T09:43:35Z,@여름-u1r,와 감탄스럽다👍👍👍👍👍❤💜💗💖,0
TNX,4C7xGubTL90,2022-05-17T09:43:30Z,@friedrichalexander6970,Everybody out of the way!<br>TNX We&#39;re coming!!<br>모두 길을 비켜라!<br>TNX 우리가 간다!!,1
TNX,4C7xGubTL90,2022-05-17T09:43:29Z,@kaori7357,Heyyyyy this song is so good🔥🔥🔥🔥🔥🔥🔥🔥🔥🔥,0
TNX,4C7xGubTL90,2022-05-17T09:43:29Z,@善____0,라우드 때부터 팬이었어요!! 이게 첫곡이라니...! 첫곡이라고 안믿겨져요! 마치 데뷔한지 오래된 베태랑 같아요❤❤ 다들 너무 멋져요~,0
TNX,4C7xGubTL90,2022-05-17T09:43:27Z,@sooyejun,eita já começaram arrasando!!,0
TNX,4C7xGubTL90,2022-05-17T09:43:27Z,@lilpeach_,kerennnn,0
TNX,4C7xGubTL90,2022-05-17T09:43:26Z,@hayadwinabila7437,Kerennnnnnnnnn,0
TNX,4C7xGubTL90,2022-05-17T09:43:26Z,@psy2612,"As expected of Penomeco, the song is lit. P Nation fam be killing it these days 💯🙌🏻✨",1
TNX,4C7xGubTL90,2022-05-17T09:43:24Z,@darkest_star,I love you🥲🥲💖,0
TNX,4C7xGubTL90,2022-05-17T09:43:23Z,@fatmademirbas4197,Are you kidding...<br>Im in loveeeee these boys 😍,1
TNX,4C7xGubTL90,2022-05-17T09:43:20Z,@alinewoni,CONGRATULATIONS FOR YOUR DEBUT! I LOVE IT!!,0
TNX,4C7xGubTL90,2022-05-17T09:43:19Z,@milenamarkovic6342,They are true P NATION all rounders!Looking forward for the journey we will go through together 🥰  Best debut,51
TNX,4C7xGubTL90,2022-05-17T09:43:17Z,@darkest_star,I&#39;m so happy wkbqiabwiwbs🥲,0
TNX,4C7xGubTL90,2022-05-17T09:43:16Z,@warriorforever4030,They are so cool and talented,0
TNX,4C7xGubTL90,2022-05-17T09:43:14Z,@JenPop1206,I love this line &#39;We Pnation&#39;,0
TNX,4C7xGubTL90,2022-05-17T09:43:12Z,@rina9765,Omg yesss,0
TNX,4C7xGubTL90,2022-05-17T09:43:07Z,@Elhmrhm,The song is SO addicting and perfect! I&#39;ve waited so long for their debut and I&#39;m so happy now! THIS IS THE BEST! 😍,23
TNX,4C7xGubTL90,2022-05-17T09:43:06Z,@taelyyhyung,i love your music keep it up 🙏🏼🥰,1
TNX,4C7xGubTL90,2022-05-17T09:43:04Z,@sahicahisa8274,ANAKKU SUNGJUN AKHIRNYA KAMU DEBUT NAK 😭 MAMA BANGGA😭,0
TNX,4C7xGubTL90,2022-05-17T09:42:56Z,@sharonwilson8576,Congratulations on your debut TNX🥳🥳 keep up the good work....hwaiting 💪,0
TNX,4C7xGubTL90,2022-05-17T09:42:53Z,@nazwanaysilla4329,BUSET KEREN BNGET,0
TNX,4C7xGubTL90,2022-05-17T09:42:53Z,@rerevivi6002,Gw oleng ke kyungjun sm sungjun,0
TNX,4C7xGubTL90,2022-05-17T09:42:51Z,@warriorforever4030,Sunjun,0
TNX,4C7xGubTL90,2022-05-17T09:42:46Z,@inha7553,omg,0
TNX,4C7xGubTL90,2022-05-17T09:42:44Z,@muteber6908,"<a href=""https://www.youtube.com/watch?v=4C7xGubTL90&amp;t=72"">1:12</a> taehun",7
TNX,4C7xGubTL90,2022-05-17T09:42:44Z,@nelvi_7,TNX ROTY!!!!,0
TNX,4C7xGubTL90,2022-05-17T09:42:44Z,@rerevivi6002,Hwi my love,0
TNX,4C7xGubTL90,2022-05-17T09:42:43Z,@warriorforever4030,On my way,0
TNX,4C7xGubTL90,2022-05-17T09:42:39Z,@thinandungane2279,This is toooooo gooodddd,0
TNX,4C7xGubTL90,2022-05-17T09:42:38Z,@rerevivi6002,Keren banget pacar akohhh,0
TNX,4C7xGubTL90,2022-05-17T09:42:36Z,@veronicavlasova5768,"woooow!! i like this song so much!! congrats with debut, TNX!!",0
TNX,4C7xGubTL90,2022-05-17T09:42:35Z,@warriorforever4030,We pnation,0
TNX,4C7xGubTL90,2022-05-17T09:42:33Z,@fangirlexoteez1201,Congrats guys&lt;3 finally. Love you so much guys. <br><br><br>This song is so addicting.,0
TNX,4C7xGubTL90,2022-05-17T09:42:26Z,@rrpon,やばい､､こういうのを待ってたしLOUDから待ってたから本当に嬉しい､､💟💟💟💟TOPを歩こう！！TNX💗💗💗,0
TNX,4C7xGubTL90,2022-05-17T09:42:26Z,@thinandungane2279,Love from South Africa💗💗,0
TNX,4C7xGubTL90,2022-05-17T09:42:22Z,@kim_min_kou,이래서 피네이션이 세계 최고야!!!🔥🔥,1
TNX,4C7xGubTL90,2022-05-17T09:42:22Z,@selena1830,literal chills,0
TNX,4C7xGubTL90,2022-05-17T09:42:20Z,@claudycp,AAAAA,0
TNX,4C7xGubTL90,2022-05-17T09:42:19Z,@gitchyy,IM SO HAPPY,0
TNX,4C7xGubTL90,2022-05-17T09:42:18Z,@HaruHaruto,"The song is banger!<br>The visuals,vocals dance and production proving.<br>&quot;Make it louder,We P Nation&quot;<br>~A new Iconic line",0
TNX,4C7xGubTL90,2022-05-17T09:42:17Z,@_.plbakt_,"Tremendo talento tienen, además del largo camino que les queda. Esta canción es muy pegadiza ㅠㅠ ♡ Les deseo lo mejor TNX estuve en sus comienzos y estaré hasta el final con uds. Los quiero chicos 💕",18
TNX,4C7xGubTL90,2022-05-17T09:42:15Z,@lovelyn_131,wow this is so amazing. These great boys are debuting really well. I followed them when I was on LOUD. I&#39;m so proud that they finally grew up to be the future generation. I Love You TNX... You guys are great...,3
TNX,4C7xGubTL90,2022-05-17T09:42:14Z,@ydmbang8820,ganteng ganteng banget woe,0
TNX,4C7xGubTL90,2022-05-17T09:42:14Z,@dkssdfpxd7333,와.. 잘했어요 우리의 TNX!,1
TNX,4C7xGubTL90,2022-05-17T09:42:14Z,@dksoonuna7268,"I can&#39;t stop crying.  saw them for the first time from the LOUD audition, waited a long time and finally they debuted with an amazing song.  I&#39;m proud of you boy",0
TNX,4C7xGubTL90,2022-05-17T09:42:11Z,@Ruby-rc5ol,THERE IS NO WAY THIS IS A DEBUT WTF THIS IS SO GOOD,0
TNX,4C7xGubTL90,2022-05-17T09:42:10Z,@shion---830,ヒョンス最高~~~！！,0
TNX,4C7xGubTL90,2022-05-17T09:42:07Z,@muteber6908,"<a href=""https://www.youtube.com/watch?v=4C7xGubTL90&amp;t=41"">0:41</a> sungjun",19
TNX,4C7xGubTL90,2022-05-17T09:42:07Z,@aitijya2186,The song is highly addictive.,14
TNX,4C7xGubTL90,2022-05-17T09:42:06Z,@_.larkspur._1262,Aah can&#39;t believe the time I was so excited for since last September finally came!! <br>I&#39;m really proud of you guys and mosty highly admire you guys! <br>The group is full of charms and talents.<br>You&#39;ll surely represent the 4th gen kpop idols✊❣❣❣<br>TNX FIGHTING!!!!!,0
TNX,4C7xGubTL90,2022-05-17T09:42:04Z,@Rara-iy8qo,WOIIIII EPICCCCC BENER,0
TNX,4C7xGubTL90,2022-05-17T09:41:59Z,@kyumi_ph7873,we are so proud of all you Tnx.......congratulations......,0
TNX,4C7xGubTL90,2022-05-17T09:41:58Z,@yaroslavkpop,Я ждал их дебюта. Дебют прекрасный и клип тоже.,1
TNX,4C7xGubTL90,2022-05-17T09:41:58Z,@sam-ve9wh,Congratulations on your debut TNX!!,0
TNX,4C7xGubTL90,2022-05-17T09:41:57Z,@Jessica-fy6ts,"Kyungjun&#39;s voice at <a href=""https://www.youtube.com/watch?v=4C7xGubTL90&amp;t=173"">2:53</a> is soo good",28
TNX,4C7xGubTL90,2022-05-17T09:41:56Z,@sheinley5849,&quot;We P-NATION&quot;,0
TNX,4C7xGubTL90,2022-05-17T09:41:55Z,@mm9416,🦊💙🦊💙,0
TNX,4C7xGubTL90,2022-05-17T09:41:52Z,@Elaisa.rosales1134,"Yehey!! I almost forgot that TNX debut today, congratulations TNX on your debut, your song is great, it&#39;s so beautiful and it&#39;s arrogant .. latest first group of P-NATION 🔥",0
TNX,4C7xGubTL90,2022-05-17T09:41:51Z,@bregomc7020,This is a piece of cake haha lol,0
TNX,4C7xGubTL90,2022-05-17T09:41:44Z,@훈남이소희,미친!!!!!!!!,0
TNX,4C7xGubTL90,2022-05-17T09:41:42Z,@yultry8913,Kenapa syepi banget heeemmm,0
TNX,4C7xGubTL90,2022-05-17T09:41:41Z,@muteber6908,"<a href=""https://www.youtube.com/watch?v=4C7xGubTL90&amp;t=32"">0:32</a> eunhwi",2
TNX,4C7xGubTL90,2022-05-17T09:41:40Z,@na_ags7929,Congratulations for your debut boys. <br>They are going to be successful!!!,1
TNX,4C7xGubTL90,2022-05-17T09:41:39Z,@butterflyfishfish5400,Loud Move,0
TNX,4C7xGubTL90,2022-05-17T09:41:36Z,@Jessica-fy6ts,I feel like this group will be big in the future. They have a lot of potential! <br>And the dance ? It&#39;s soo cool! <br>I&#39;m so proud that I&#39;m a pre-debut fan!,70
TNX,4C7xGubTL90,2022-05-17T09:41:36Z,@amalanwar00,GSJSHSKSHSKSJSJJDJS LEGGOOOOO,0
TNX,4C7xGubTL90,2022-05-17T09:41:36Z,@hwandamgom,CONGRATULATIONS ON YOUR DEBUT TNX !!,0
TNX,4C7xGubTL90,2022-05-17T09:41:35Z,@camilagarcia3936,chau,0
TNX,4C7xGubTL90,2022-05-17T09:41:33Z,@KhinHtetHtetNaingBorahaeBTS,"the vocals, rap &amp; the choreo! wowwwwww",1
TNX,4C7xGubTL90,2022-05-17T09:41:32Z,@리사돈나,"The song is so amazing to hear repeatedly, the visuals, the vocals, the rap i’m so amazed, and i’m so happy with it, we the fans are so lucky to have them, they are finally debuted,woah keep it up way up boys 파이팅!!",48
TNX,4C7xGubTL90,2022-05-17T09:41:29Z,@camilagarcia3936,bekio ra biokyo,0
TNX,4C7xGubTL90,2022-05-17T09:41:28Z,@alphawoelfin60,"As a stay I checked out Loud and honestly I have to say that I liked the guys from P Nation better than the JYP guys😉. I&#39;m proud of you guys and wish you the best of luck with your debut. This song is awesome  . As a stay I will support you, fighting guys 👏👏👏 Greetings from Germany 👋",0
TNX,4C7xGubTL90,2022-05-17T09:41:27Z,@lexiloujalagat2982,I&#39;m crying😭❤,0
TNX,4C7xGubTL90,2022-05-17T09:41:26Z,@feely1853,this their debut right,0
TNX,4C7xGubTL90,2022-05-17T09:41:25Z,@zhar9260,Keep streaming!!!!!!!,0
TNX,4C7xGubTL90,2022-05-17T09:41:25Z,@NNatsh_,........i.......wow,0
TNX,4C7xGubTL90,2022-05-17T09:41:23Z,@binnoougets5,THIS SONG IS SO POWERFUL SLAYYY,0
TNX,4C7xGubTL90,2022-05-17T09:41:22Z,@pc.nghaki1263,Them P Nation,0
TNX,4C7xGubTL90,2022-05-17T09:41:20Z,@채채-o5v,🫶🏼,1
TNX,4C7xGubTL90,2022-05-17T09:41:17Z,@camilagarcia3936,otra vez,0
TNX,4C7xGubTL90,2022-05-17T09:41:16Z,@hwandamgom,OMG WAITTTTTT,0
TNX,4C7xGubTL90,2022-05-17T09:41:14Z,@sonhwe8534,Стэнить что ли начинать....,0
TNX,4C7xGubTL90,2022-05-17T09:41:10Z,@thawtar4960,Uwuuuuuu,0
TNX,4C7xGubTL90,2022-05-17T09:41:09Z,@batnaana,THEY DID IT!!! TNX FINALLY DEBUTEDDD. i&#39;m so happy from the bottom of my heart that they did. I&#39;ve been waiting ever since sbsLOUD and i&#39;m really glad their debut turned out to be so great. i&#39;m sure there&#39;s more to come in the future,0
TNX,4C7xGubTL90,2022-05-17T09:41:09Z,@melinasalsa_,uwaaaaaaaaaaaaa❤️,0
TNX,4C7xGubTL90,2022-05-17T09:41:08Z,@zema975,"Got to know abt them yesterday and today this , Woooaaahh !!",0
TNX,4C7xGubTL90,2022-05-17T09:41:07Z,@kelaba8335,Yass were p nation!!!!!!,0
TNX,4C7xGubTL90,2022-05-17T09:41:05Z,@thinkfel82,They really never disappoint 😍🔥🔥. After waiting 8 months...I can sleep well now.  Please support TNX always.<br>I really can&#39;t wait to see them set the stage on fire with their amazing performance.  really looking forward to their stage,7
TNX,4C7xGubTL90,2022-05-17T09:41:05Z,@qkiooq,"Oh theyre gonna be successful, i can feel it",0
TNX,4C7xGubTL90,2022-05-17T09:40:55Z,@mimi-uj7yw,Aaaaaaaaaaaaaaa!!!!!!!!!!!!!!!,0
TNX,4C7xGubTL90,2022-05-17T09:40:54Z,@noraliafarhana8859,They&#39;ve done their best all the way to this day and can&#39;t be more proud of them &lt;3 This song deserve a high praise!,0
TNX,4C7xGubTL90,2022-05-17T09:40:54Z,@muteber6908,"<a href=""https://www.youtube.com/watch?v=4C7xGubTL90&amp;t=25"">0:25</a> hyunsoo",12
TNX,4C7xGubTL90,2022-05-17T09:40:51Z,@minajdm4343,"Omg woww Hyun soo is KILLING THIS with his cool presense singing rapping he really cut my eyes sm🔥🔥🔥🔥🔥 Jun hyeok is just amaziiing, kyung Jun was woww. Hwi our amaziiing rapper, SungJun wow, Taehun ofc everyyybodyy are just on firee.. but wow that LAST part <a href=""https://www.youtube.com/watch?v=4C7xGubTL90&amp;t=174"">2:54</a> to the end was SOOOOOO GOOD, This song deserves soo much attention",41
TNX,4C7xGubTL90,2022-05-17T09:40:49Z,@miahjm5422,"Dear,TNX <br> We will always love and support you all ❤️",0
TNX,4C7xGubTL90,2022-05-17T09:40:49Z,@sselviaa,Wahh gila kerenn parahh iniiii 😭😭☝🏻,1
TNX,4C7xGubTL90,2022-05-17T09:40:45Z,@melyyy22,Aaaa me encantó 🥳🥰🥰🥰🥰🥰,0
TNX,4C7xGubTL90,2022-05-17T09:40:41Z,@shelemiah_joy,KYUNG JUN AND HWI&#39;S RAP PART THO !!,0
TNX,4C7xGubTL90,2022-05-17T09:40:37Z,@k1432,"as a pre-debut fan since &quot;LOUD&quot; era, I&#39;ve witnessed their growth and their hardworks, and now finally after a long time of waiting they officially debuted, CONGRATULATIONS TNX ON YOUR DEBUT, YOU ALL DESERVE TO GET THE ROTY AWARD!!!♡♡♡",30
TNX,4C7xGubTL90,2022-05-17T09:40:32Z,@E4rth-W0rmm,The wait is over finally! I love the debut!,0
TNX,4C7xGubTL90,2022-05-17T09:40:31Z,@fifi9840,비켜라 비켜,0
TNX,4C7xGubTL90,2022-05-17T09:40:30Z,@riezelcantor4469,CONGRATS ON YOUR DEBUT BOYS!!!,0
TNX,4C7xGubTL90,2022-05-17T09:40:29Z,@52hzyellowheart_28,Good Job boys 🤍,0
TNX,4C7xGubTL90,2022-05-17T09:40:24Z,@lilmeowmeow7247,I can proudly say I stan them from the beginning....,1
TNX,4C7xGubTL90,2022-05-17T09:40:18Z,@roannepadilla5858,Ahhh this song is so addicting ilove their voice 😩💗,3
TNX,4C7xGubTL90,2022-05-17T09:40:14Z,@jkmyuniverse,Lets stream,0
TNX,4C7xGubTL90,2022-05-17T09:40:12Z,@jules6217,"i don&#39;t know them yet, but i love the mixture of vocals and rap so much!",0
TNX,4C7xGubTL90,2022-05-17T09:40:08Z,@Mingyumangohao17,"Yesss! Get it!!! This song is already so catchy, I&#39;ll be singing it while trying to get past people at school I&#39;ll be like &quot;비겨, 비겨&quot; They&#39;re so cool, their visuals are everything and I love their outfits in the MV!!! Happy Debut TNX!!! 🎉🎉🎉",28
TNX,4C7xGubTL90,2022-05-17T09:40:07Z,@chloebvr,Amazing debut!,0
TNX,4C7xGubTL90,2022-05-17T09:40:07Z,@twilight14tiamo,Finally!They debuted! I follow you guys since the beginning :) So proud ! The mv is amazing ! :),0
TNX,4C7xGubTL90,2022-05-17T09:40:06Z,@Lulu-cr8zw,FINALLY,0
TNX,4C7xGubTL90,2022-05-17T09:40:05Z,@a.s6851,yeah junhyeok definitely best 4th gen vocalist for bgs,0
TNX,4C7xGubTL90,2022-05-17T09:40:04Z,@ai_vilo,IM CRYING😭😭😭 so proud of them!❤ congrats to PSY &amp; Pnation too fr their 1st bg🥰,0
TNX,4C7xGubTL90,2022-05-17T09:40:03Z,@sejjes8666,"the drop is so catchy and the choreography is so good! kudos to PNation, TNX, and the dancers and choreographers!",15
TNX,4C7xGubTL90,2022-05-17T09:40:02Z,@muteber6908,"<a href=""https://www.youtube.com/watch?v=4C7xGubTL90&amp;t=11"">0:11</a> junhyeok",0
TNX,4C7xGubTL90,2022-05-17T09:40:02Z,@윤지-x7p,진짜 좋다 다들 미쳣다,0
TNX,4C7xGubTL90,2022-05-17T09:40:01Z,@riezelcantor4469,WOW SUPER GALING NILANG LAHAT!!!,1
TNX,4C7xGubTL90,2022-05-17T09:40:00Z,@indiyuliastari9702,Gila keren bgt,0
TNX,4C7xGubTL90,2022-05-17T09:39:53Z,@yjchoi8829,YESSSSSSS,0
TNX,4C7xGubTL90,2022-05-17T09:39:49Z,@beebeeblogger5987,Bruh the rap line is insaaaane !!!!   🔥💯,0
TNX,4C7xGubTL90,2022-05-17T09:39:47Z,@friedrichalexander6970,Congratulations on the successful debut of TNX.🎊,1
TNX,4C7xGubTL90,2022-05-17T09:39:47Z,@윤승현-d7j,너무멋있어TT응원합니다🙂🙂🙂,0
TNX,4C7xGubTL90,2022-05-17T09:39:47Z,@harshali.makhijani6860,Wooowww debut,0
TNX,4C7xGubTL90,2022-05-17T09:39:43Z,@Lulu-cr8zw,OMGGG,0
TNX,4C7xGubTL90,2022-05-17T09:39:34Z,@chimmeysjams9103,Honey the rap the vocals the acting the visuals the  dance moves literally EVERYTHING IS SO GOOD especially the droppppp <b>bikeo Ra bikeo</b> I am addicted--,0
TNX,4C7xGubTL90,2022-05-17T09:39:33Z,@roannepadilla5858,It&#39;s masterpiece is!!!😩💗,1
TNX,4C7xGubTL90,2022-05-17T09:39:31Z,@ایهام-م4ج,✨🌻,0
TNX,4C7xGubTL90,2022-05-17T09:39:29Z,@selena1830,no words can describe how great this song is like everything is so perfect from vocals to the rapping its just so great,21
TNX,4C7xGubTL90,2022-05-17T09:39:28Z,@LaLa-fo5ei,めっちゃかっこいい、、<br>デビューおめでとう！^^♡♡,0
TNX,4C7xGubTL90,2022-05-17T09:39:24Z,@airtaprtw,"THE RAPP, VOCALS, AND EVERYTHING ARE JUST WOW!! GOOD JOB TNX!! &lt;3",0
TNX,4C7xGubTL90,2022-05-17T09:39:24Z,@zehraeklo,Wow wow wow!!,1
TNX,4C7xGubTL90,2022-05-17T09:39:23Z,@yoonhan9368,Oh Sungjun vocal,0
TNX,4C7xGubTL90,2022-05-17T09:39:23Z,@muteber6908,"<a href=""https://www.youtube.com/watch?v=4C7xGubTL90&amp;t=5"">0:05</a> kyungjun",0
TNX,4C7xGubTL90,2022-05-17T09:39:22Z,@shelemiah_joy,"Finally the long wait is over, TNX DEBUT !!",0
TNX,4C7xGubTL90,2022-05-17T09:39:20Z,@yunaishangry1098,Omg! It&#39;s so goooood,0
TNX,4C7xGubTL90,2022-05-17T09:39:15Z,@junnienoona4372,really jaw-dropping performance. the melody is so addicting.,23
TNX,4C7xGubTL90,2022-05-17T09:39:13Z,@yago-si4rq,いつまでも聴き続けたくなる曲ですね。デビューおめでとう🎉。デビューしてくれてありがとう💕。日本語訳も嬉しいです。ありがとうございました。,0
TNX,4C7xGubTL90,2022-05-17T09:39:13Z,@bokkaccharin9460,&#39;비켜&#39; means &#39;move&#39; right<br>more like &#39;f off&#39; for me🔥🔥🔥<br>GIVE WAY FOR TNX!!,0
TNX,4C7xGubTL90,2022-05-17T09:39:10Z,@citraseptianiasgar4858,MAMAHHHH INI KENAPA KERENN BGTTTTTT😭😭😭,0
TNX,4C7xGubTL90,2022-05-17T09:39:10Z,@ilyskz8,"ABSOLUTELY AMAZING, IM SO PROUD OF YOU GUYS!!",0
TNX,4C7xGubTL90,2022-05-17T09:39:07Z,@teemi0309,THIS SONG IS A BOP,0
TNX,4C7xGubTL90,2022-05-17T09:39:07Z,@Ruth-Oke,How is there 20k likes but 5k view?,1
TNX,4C7xGubTL90,2022-05-17T09:39:06Z,@rainbowfalling1419,Las visitas están congeladas?,0
TNX,4C7xGubTL90,2022-05-17T09:39:05Z,@Hellendl13,Puro talento🤌🏼,0
TNX,4C7xGubTL90,2022-05-17T09:39:04Z,@lilac-l2n,amazing go on your own way 💜⭐,0
TNX,4C7xGubTL90,2022-05-17T09:39:02Z,@red131xx2,omaygad im getting blown up,0
TNX,4C7xGubTL90,2022-05-17T09:39:01Z,@poledelacruz5461,This is so good<br>It&#39;s give me ateez song vibes,0
TNX,4C7xGubTL90,2022-05-17T09:39:01Z,@dandan61121,Visual Kings are coming,0
TNX,4C7xGubTL90,2022-05-17T09:38:59Z,@yyykyuhyun7378,junhyeok i love you,1
TNX,4C7xGubTL90,2022-05-17T09:38:56Z,@veronicajie,It only takes one word to describe it [PERFECT],1
TNX,4C7xGubTL90,2022-05-17T09:38:56Z,@sevianaasshodiq6054,OMGGGG🔥🔥,0
TNX,4C7xGubTL90,2022-05-17T09:38:54Z,@teemi0309,IM SO PROUD RN IMMA CRY,0
TNX,4C7xGubTL90,2022-05-17T09:38:53Z,@m.jikrialpino5964,"the settings for this MV, woah Psy literaly so RICH <br>(・o・) ᕙ(＠°▽°＠)ᕗ",0
TNX,4C7xGubTL90,2022-05-17T09:38:49Z,@SKZclownOfficial,So addicting!<br>Love it so much and this is ONLY their debut,4
TNX,4C7xGubTL90,2022-05-17T09:38:47Z,@azwinianzar4932,Gen 4 the real rapper it’s here !!!!,0
TNX,4C7xGubTL90,2022-05-17T09:38:44Z,@crisielly,😍,0
TNX,4C7xGubTL90,2022-05-17T09:38:42Z,@jenniiridium,EH LAMBT LAK AKU SORRY NI AKU STREAM NI DONT WORRY,0
TNX,4C7xGubTL90,2022-05-17T09:38:40Z,@shelemiah_joy,YOU ALL THE SONG IS A BOP AAHHHH SO GOOD,0
TNX,4C7xGubTL90,2022-05-17T09:38:37Z,@ainevdainoy,이것은 정말 멋지다,0
TNX,4C7xGubTL90,2022-05-17T09:38:36Z,@zehraeklo,TNX DESERVES ALL THE LOVE IN THE WORLD,1
TNX,4C7xGubTL90,2022-05-17T09:38:33Z,@cromiehan1264,such a good debut! the build up is so amazing and it doesn&#39;t disappoint at all. I&#39;m ready to stan them all the way,0
TNX,4C7xGubTL90,2022-05-17T09:38:32Z,@aarushishetty767,Superb!! 🙌🙌🙌,0
TNX,4C7xGubTL90,2022-05-17T09:38:31Z,@kaffahasilmi4866,DAAANGGGGGG I&#39;M SO PROUD OF THEMMMM OMGGG FINALLY CONGRATULATIONS MY TNX,0
TNX,4C7xGubTL90,2022-05-17T09:38:29Z,@smithmartin7430,🔥🔥🔥🔥,0
TNX,4C7xGubTL90,2022-05-17T09:38:28Z,@archivesJJ,너무멋지다,0
TNX,4C7xGubTL90,2022-05-17T09:38:28Z,@annalisadacquisto4058,Best debut of 2022 go PNATION 🥰🔥🔥❤️❤️❤️,0
TNX,4C7xGubTL90,2022-05-17T09:38:26Z,@개학하면내가다씹어먹,진짜 최태훈 미쳤나봐 개잘생겼네,0
TNX,4C7xGubTL90,2022-05-17T09:38:24Z,@dandan61121,비켜라비켜,0
TNX,4C7xGubTL90,2022-05-17T09:38:23Z,@minajdm4343,OMGG WOWWW. THIS WASS AMAZING... I am SO PROUD OF you guys.. you did AMAZZINNGGG ❤❤❤❤❤❤🔥🔥🔥🔥🔥🔥🔥🔥,1
TNX,4C7xGubTL90,2022-05-17T09:38:22Z,@Miiyyooo,Let’s gooooooooooooooo TNX…..!!!!!,0
TNX,4C7xGubTL90,2022-05-17T09:38:21Z,@airtaprtw,"JUNHYEOK, EUNHWI U GUYS DID WELL!! &lt;3",0
TNX,4C7xGubTL90,2022-05-17T09:38:17Z,@mrittikarajvasu5818,Dangggg my babies killing ittt!!! &lt;3333 🔥❤️❤️😭😭,0
TNX,4C7xGubTL90,2022-05-17T09:38:16Z,@Clemmmmmm1234,Ok this song is juste amazing I’m definitively stanning them 😵‍💫😭✨,0
TNX,4C7xGubTL90,2022-05-17T09:38:16Z,@chaeyzns,WOO KYUNG JUN----,0
TNX,4C7xGubTL90,2022-05-17T09:38:11Z,@najwasuhaimi2495,"I&#39;m so proud of you guys, nangisssssss",0
TNX,4C7xGubTL90,2022-05-17T09:38:09Z,@premalvyas2242,Ya&#39;ll keep 5tr3@m!ng,0
TNX,4C7xGubTL90,2022-05-17T09:38:08Z,@XER0GRAVITY,Everyone involved fucking killed it,0
TNX,4C7xGubTL90,2022-05-17T09:38:04Z,@ecamerica2950,"Untuk ukuran sebuah grub yang baru aja debut kalian HEBATTTT BANGEEET!!! lagunya, kekompakan dancenya, ekspresinya, and ofc part masing masing juga baguss nggak kelihatan canggung. Masterpiece banget. So proud of you guyss. Many many sarangae♡♡♡",1
TNX,4C7xGubTL90,2022-05-17T09:38:04Z,@abigailtumbaga2211,"This is so worth it as their first mv, Ever since loud days until now, i&#39;m still going to support these boys. Let&#39;s go TNX!!!! All the way up you go!!! 🥳👏🏽💗",7
TNX,4C7xGubTL90,2022-05-17T09:38:04Z,@mmmact3823,넘 좋아ㅠㅠㅠㅠㅠㅠㅠ tnx 가주아아아아아아!!!!,0
TNX,4C7xGubTL90,2022-05-17T09:38:00Z,@doniahmad8340,Pre-chorus nya nagih banget,0
TNX,4C7xGubTL90,2022-05-17T09:37:59Z,@sourcandy946,"Buena canción me gustó mucho, y el baile maravilloso..",1
TNX,4C7xGubTL90,2022-05-17T09:37:57Z,@vivilubsstrawberries,I&#39;VE BEEN WAITING SINCE LOUD SUJSVUJWHSHSJEJ,0
TNX,4C7xGubTL90,2022-05-17T09:37:56Z,@tikasakti2801,Wooooaaa kyungjun visual and rappp jinjjaaaaaa joaaaaaaaa 😍😍😍,0
TNX,4C7xGubTL90,2022-05-17T09:37:56Z,@cediddalgi21,P Nation sell very well,0
TNX,4C7xGubTL90,2022-05-17T09:37:55Z,@GEVA-23,¡Todos Ustedes Son Increíbles! ✨✨,0
TNX,4C7xGubTL90,2022-05-17T09:37:53Z,@rosadvan2849,Sumpah kerennn 😘😘..fagting 💪💪..anak2 ku.. 🤭😀😂😘😘😘selamat juga buat debut ya..TNX..semoga sukses slalu..sarangeo 🤗🤗❤️,1
TNX,4C7xGubTL90,2022-05-17T09:37:52Z,@mariacielodizon3673,🔥🔥🔥,0
TNX,4C7xGubTL90,2022-05-17T09:37:51Z,@leesookhye8303,TNX CONGRATULATIONS ON YOUR DEBUT !!! I&#39;M SO PROUD OF YOU GUYS ♡♡♡♡ FIGHTING MY BABYS &lt;3,0
TNX,4C7xGubTL90,2022-05-17T09:37:51Z,@kmgbiyeon,congrats boys,0
TNX,4C7xGubTL90,2022-05-17T09:37:50Z,@salviahp1277,Wow they’re so talented,0
TNX,4C7xGubTL90,2022-05-17T09:37:50Z,@janaal-otaibi8443,The song is beautiful in every sense of the word,0
TNX,4C7xGubTL90,2022-05-17T09:37:48Z,@dearhwi387,"congratulations on your debut , our precious TNX !!! THIS SONG SUCH A BOPP AND ALL THE B-SIDE ALSO VERY GOOODDDDD",1
TNX,4C7xGubTL90,2022-05-17T09:37:48Z,@shelemiah_joy,CONGRATULATIONS ON YOUR DEBUT TNX !!,1
TNX,4C7xGubTL90,2022-05-17T09:37:48Z,@navasreggiec.6647,이 노래는 너무 중독적이다.,1
TNX,4C7xGubTL90,2022-05-17T09:37:48Z,@jojoshae,20k LIKES AND 5K VIEWS??? YT BE ACTING UP UGH,1
TNX,4C7xGubTL90,2022-05-17T09:37:47Z,@herartemisia,It’s so catchy!!!,0
TNX,4C7xGubTL90,2022-05-17T09:37:46Z,@tokkie1352,OMG SOTY <br>SO PROUD OF YOU GUYS,0
TNX,4C7xGubTL90,2022-05-17T09:37:45Z,@raysaray9756,"<a href=""https://www.youtube.com/watch?v=4C7xGubTL90&amp;t=79"">1:19</a> this part 🔥",4
TNX,4C7xGubTL90,2022-05-17T09:37:43Z,@jexettepanulaya4890,YAAAAS,0
TNX,4C7xGubTL90,2022-05-17T09:37:42Z,@chaeyzns,ELES!!!!,0
TNX,4C7xGubTL90,2022-05-17T09:37:40Z,@mybiasships,Disappointed that sungjun didn&#39;t had much screentime as well as line distribution 😭but still he slayed ❤️,1
TNX,4C7xGubTL90,2022-05-17T09:37:40Z,@TiyaRaditiya,"this song is insane!!!! I love the concept, feels like a movie! their voice is also amazing, and their choreography aaaaaa they really improve a lot especially hwiiii. everything in here seems so complex yet fresh and unique I love ittttt, I hope this debut get so many win!!<br>so proud of you guysss❤️❤️❤️😭",0
TNX,4C7xGubTL90,2022-05-17T09:37:38Z,@thelittleredgirlcassidie,MAAF REFLEK MENANGIS HUHUHUHU,1
TNX,4C7xGubTL90,2022-05-17T09:37:35Z,@brndasvn7,😍😍😍😍😍,1
TNX,4C7xGubTL90,2022-05-17T09:37:35Z,@premalvyas2242,THEY DESERVE EVERYTHING gosh this was the BEST DEBUT EVER SARANGHAE TNX!!!,30
TNX,4C7xGubTL90,2022-05-17T09:37:33Z,@veronicajie,Fact: the song is very addictive,6
TNX,4C7xGubTL90,2022-05-17T09:37:31Z,@Faezeh20044,So proud of you guys 👏😍,1
TNX,4C7xGubTL90,2022-05-17T09:37:31Z,@chaeyzns,QUE DEBUT MEUS AMIGOS QUE DEBUT,1
TNX,4C7xGubTL90,2022-05-17T09:37:31Z,@rhooomz,slay it.. My new boysss😍😍😍😍,1
TNX,4C7xGubTL90,2022-05-17T09:37:30Z,@zakiraazzahra7243,THE VOCAL<br>THE RAP<br>THE DANCE <br><br>THEY ARE SO COOL,35
TNX,4C7xGubTL90,2022-05-17T09:37:29Z,@syeifaai3883,kereennnn banget sumpaahhh bingung mau komen apaaan,2
TNX,4C7xGubTL90,2022-05-17T09:37:29Z,@kaejin03,Im so proud of tnx! Been a fan since day 1 and you guys are amazing!,7
TNX,4C7xGubTL90,2022-05-17T09:37:26Z,@yassemine8j.v771,This is sooooooooo good,1
TNX,4C7xGubTL90,2022-05-17T09:37:23Z,@orangejuice9941,WE GONNA MAKE IT LOUDER!!! LETS GOO BOY !!!!,1
TNX,4C7xGubTL90,2022-05-17T09:37:22Z,@rusmasiahaan2314,CHUKKAE FOR DAY DEBUT NYA,1
TNX,4C7xGubTL90,2022-05-17T09:37:19Z,@shelemiah_joy,THE WAY THEY ADD &quot;WE PNATION&quot; I WAS LIKE AYEEEEEEE,1
TNX,4C7xGubTL90,2022-05-17T09:37:17Z,@chahyaamanahsukma,AKUU BANGGA SAMA KALIAN🥰🥰🥰,1
TNX,4C7xGubTL90,2022-05-17T09:37:15Z,@azwinianzar4932,Yeahhhhh drop the beat !!!!!!,1
TNX,4C7xGubTL90,2022-05-17T09:37:13Z,@shashisushiii,우리 애들 데뷔했어요~ 축하해요 TNX !<br>계속 응원하고 응원하겠습니다. 비록 한국은 아니지만 여러분이 제 행복을 느끼길 바랍니다 &lt;3 여러분의 성공과 행복을 기원합니다!!<br>팬 여러분~ TNX를 보호하고 우리가 어디에 있든 그들을 지원합시다! 그리고 옆에 있자 ❤️ 너무 자랑스러운 TNX ❤️❤️,1
TNX,4C7xGubTL90,2022-05-17T09:37:13Z,@qianli_n,нормик,1
TNX,4C7xGubTL90,2022-05-17T09:37:11Z,@まりも-j6m,ウンフィ最高！！<br>ビジュもラップもダンスもいいよぉ〜〜〜🥺,4
TNX,4C7xGubTL90,2022-05-17T09:37:07Z,@janaal-otaibi8443,magnificence,1
TNX,4C7xGubTL90,2022-05-17T09:37:05Z,@heesngkit9766,This is a masterpiece y’all,3
TNX,4C7xGubTL90,2022-05-17T09:37:04Z,@zieanazieanaa4868,😭❤️❤️❤️,1
TNX,4C7xGubTL90,2022-05-17T09:37:04Z,@meteor2.074,One word - ELITE 🥰🥰🥰🥰,2
TNX,4C7xGubTL90,2022-05-17T09:37:00Z,@faniaharsa,I’M SO PROUD OF YOU GUYS! I HOPE THIS DEBUT IS SUCCESS,5
TNX,4C7xGubTL90,2022-05-17T09:37:00Z,@navasreggiec.6647,대박!!!!!!!!!!!!!!,1
TNX,4C7xGubTL90,2022-05-17T09:36:58Z,@lyan.luvhoon738,Pusing liat Taehun gakuattt,2
TNX,4C7xGubTL90,2022-05-17T09:36:57Z,@Faezeh20044,perfect perfect perfect,1
TNX,4C7xGubTL90,2022-05-17T09:36:56Z,@aacie,Everyone&#39;s a visual!,1
TNX,4C7xGubTL90,2022-05-17T09:36:56Z,@DestinyyyyTony,this feels so surreal wow🥹 a proud stan,1
TNX,4C7xGubTL90,2022-05-17T09:36:55Z,@aelinutopia1593,Goshhhh 😭😭😭 I&#39;m so proud of them ❤️,0
TNX,4C7xGubTL90,2022-05-17T09:36:53Z,@kkimah,Vibes nya kayak skz 😂,0
TNX,4C7xGubTL90,2022-05-17T09:36:50Z,@matildematias4119,I&#39;M SO HAPPY THAT EVERY SINGLE ONE OF THEM HAD ITS OWN MOMENT TO SHINE🥺🥺🥺,7
TNX,4C7xGubTL90,2022-05-17T09:36:50Z,@shira2468,this is such a solid debut it&#39;s so good,0
TNX,4C7xGubTL90,2022-05-17T09:36:50Z,@y4wrns,STREAMMMM NOWWW,0
TNX,4C7xGubTL90,2022-05-17T09:36:47Z,@tensjun8742,One word for my boys &quot;Perfect&quot;,0
TNX,4C7xGubTL90,2022-05-17T09:36:44Z,@Lpvet-oo5vp,Oh🤯😯😯🔥🔥,1
TNX,4C7xGubTL90,2022-05-17T09:36:44Z,@actualcharliew,"The visuals, the vocals, the choreography, the rap, the raw TALENT… TNX are stars",1
TNX,4C7xGubTL90,2022-05-17T09:36:41Z,@rusmasiahaan2314,MV NYA KEREN BANGET,1
TNX,4C7xGubTL90,2022-05-17T09:36:39Z,@meeravenkatesh2438,THE RAP,0
TNX,4C7xGubTL90,2022-05-17T09:36:36Z,@ret6427,Rapper hwiiiii aaaaa,0
TNX,4C7xGubTL90,2022-05-17T09:36:32Z,@Necroherz,"The beat instantly brought to my mind RPM from SF9, Boxer and Freeze of Stray Kids and ummh it is like visually and in terms of dancing so NCT + Stray Kids (Steps). But so far is catchy anyways. I&#39;ll be listening this countless of times 😊❤",2
TNX,4C7xGubTL90,2022-05-17T09:36:30Z,@ashis1306,That was so much more amazing than I thought it would be,0
TNX,4C7xGubTL90,2022-05-17T09:36:30Z,@faniaharsa,"OMG, SO CATCHY😳",0
TNX,4C7xGubTL90,2022-05-17T09:36:29Z,@trishamaeperalta7564,"Finally! Congratulations, boys. 😭💖💖💖",0
TNX,4C7xGubTL90,2022-05-17T09:36:27Z,@justinegallego9727,What&#39;s the fandom name?,0
TNX,4C7xGubTL90,2022-05-17T09:36:24Z,@VivienneRacha,Masterpiece,1
TNX,4C7xGubTL90,2022-05-17T09:36:24Z,@dianemanicdao7862,been a fan since their loud daysss &lt;3 so proud of these talented boys,0
TNX,4C7xGubTL90,2022-05-17T09:36:23Z,@ruthramel7869,&lt;33!!!!,0
TNX,4C7xGubTL90,2022-05-17T09:36:23Z,@aisahr.7884,I decided to stan TNX today &#39;cause we stan talented boys!! CONGRATS ON YOUR DEBUT!!!,0
TNX,4C7xGubTL90,2022-05-17T09:36:19Z,@loveuumak,ปังมากก​ เทนเน้กไม่เคยทำให้ผิดหวังเลยสักครั้ง,1
TNX,4C7xGubTL90,2022-05-17T09:36:18Z,@shortvidio_pod,Gantengnya kelewatan masszzzehhhh,1
TNX,4C7xGubTL90,2022-05-17T09:36:18Z,@nazaninzardi6252,Omg basties♡,0
TNX,4C7xGubTL90,2022-05-17T09:36:18Z,@azwinianzar4932,I love the killing part 💙💙💙💙,0
TNX,4C7xGubTL90,2022-05-17T09:36:17Z,@aze875,Omg so cool,0
TNX,4C7xGubTL90,2022-05-17T09:36:16Z,@daevsorts,Mampir nihhh ges keren banget,0
TNX,4C7xGubTL90,2022-05-17T09:36:14Z,@beezapami3146,"Congrats FOR U GENGS...<br>Wish yu all the best.<br>stay healthy, stay strong. Keepspirit 👏👏👏👏👏👏👏",0
TNX,4C7xGubTL90,2022-05-17T09:36:13Z,@anapaulacabral9146,Is perfect,0
TNX,4C7xGubTL90,2022-05-17T09:36:12Z,@sukuriki,너무 멋있다.. ㅠㅠ,0
TNX,4C7xGubTL90,2022-05-17T09:36:11Z,@aze875,This is litt,0
TNX,4C7xGubTL90,2022-05-17T09:36:09Z,@hanihani4452,"THIS IS SO COOL, I WANT TO CRY, THIS IS SO COOL😭😭😭🤟🤟🤟💗💗💗",0
TNX,4C7xGubTL90,2022-05-17T09:36:06Z,@zakiraazzahra7243,LAGUNYA ENAK BANGET,0
TNX,4C7xGubTL90,2022-05-17T09:36:06Z,@aliea01,i waiting so long n finally....ur all good,0
TNX,4C7xGubTL90,2022-05-17T09:36:03Z,@bts_army1760,"omggg!!! finally ......these boys worked really hard , amazing debut !",1
TNX,4C7xGubTL90,2022-05-17T09:36:03Z,@nazaninzardi6252,Nice😍,0
TNX,4C7xGubTL90,2022-05-17T09:36:02Z,@ineso7642,wow,0
TNX,4C7xGubTL90,2022-05-17T09:35:55Z,@veronicajie,노래가 너무 중독성있어서 계속 재생,1
TNX,4C7xGubTL90,2022-05-17T09:35:53Z,@Liz-xz7ni,Congrats!!! Finally debut..🎉🎉miss koki,0
TNX,4C7xGubTL90,2022-05-17T09:35:53Z,@iffahfarihah3033,Aaa akhirnyaaa,0
TNX,4C7xGubTL90,2022-05-17T09:35:52Z,@avie513,Tho thissss isss sooooo gooodddddddddd,0
TNX,4C7xGubTL90,2022-05-17T09:35:50Z,@kezyi,💓❤️😍❤️😍😍😍😍,0
TNX,4C7xGubTL90,2022-05-17T09:35:50Z,@luvyuju7974,デビューおめでとう！！<br>これからの活動が楽しみ✨,0
TNX,4C7xGubTL90,2022-05-17T09:35:49Z,@sushmaratnakar6560,Big big congratulations TNX team n P Nation  on your debut <br>You are 1st K _ pop group <br>Whom I m stanning from pre_ debut<br>After watching Loud show vedios .<br>All the very  best <br>You are definitely gonna rise and shine .<br>Let&#39;s grow together 💜,0
TNX,4C7xGubTL90,2022-05-17T09:35:49Z,@itzmemyles3754,Today is my birthday and TNX debut! Fighting boys!,0
TNX,4C7xGubTL90,2022-05-17T09:35:49Z,@Bibeee620,From watching Loud every week to actually seeing them debut 🥺 <br><br>Daniel and Koki would be proud of them 🥺,0
TNX,4C7xGubTL90,2022-05-17T09:35:47Z,@frishanajwa,"YESS BABIESSS YESSSS !!!! YOU GUYSSS DID REALLYYY WELLL !! I REALLY PROUD OF YOU GUYS SO SOO SOOO MUCH !! THANK YOU BABIES ! FIGHTING FOR THIS DEBUT ! HAVE A GOOD DAY AND NICE DAY BABIES !! TAKE CARE , STAY SAFE . WE ALWAYS BESIDE YOU AND LOVE YOU GUYS MORE !! ♡",0
TNX,4C7xGubTL90,2022-05-17T09:35:46Z,@nuribang6620,"kerennn bgtt keren bgttt, bangga sama kalian",0
TNX,4C7xGubTL90,2022-05-17T09:35:45Z,@DUUKE100,I do love their HipHop based music style!,746
TNX,4C7xGubTL90,2022-05-17T09:35:45Z,@syeifaai3883,Hoaaaaa kerennn bangettttt,1
TNX,4C7xGubTL90,2022-05-17T09:35:44Z,@julianabeatrizputian2733,TNX &lt;3 <br>fighting!!1,0
TNX,4C7xGubTL90,2022-05-17T09:35:42Z,@graceaborita2701,"This song is so addicted,  their  Visuals , their Rap, and their  Choreography they look so AMAZING!",37
TNX,4C7xGubTL90,2022-05-17T09:35:40Z,@haadiyamaryam,CONGRATS ON YOUR DEBUT GUYS SO PROUD OF YALL !! TNX LESGO 🥹❤️‍🔥,0
TNX,4C7xGubTL90,2022-05-17T09:35:36Z,@DestinyyyyTony,been here since loud and goodness best choice i’ve ever made,1
TNX,4C7xGubTL90,2022-05-17T09:35:33Z,@nikitinj,Wow.... 🇷🇺🇷🇺🇷🇺🇷🇺🇷🇺🇷🇺🇷🇺🇷🇺🇷🇺🇷🇺🇷🇺🇷🇺,0
TNX,4C7xGubTL90,2022-05-17T09:35:29Z,@VivienneRacha,🤩🤩🤩🤩 finally 🙌 👏,1
TNX,4C7xGubTL90,2022-05-17T09:35:28Z,@ElGatodelasWeeeklyKpop,Congratulations for your debut guys!!! You deserve all the support and love! 🤧😭💕🐈,1952
TNX,4C7xGubTL90,2022-05-17T09:35:25Z,@mariafransiska6833,Love it ... Really really love it,0
TNX,4C7xGubTL90,2022-05-17T09:35:23Z,@ajdkvhsg639,ang angas talaga junhyeok naiiyak ako sa kagwapuhan mo,0
TNX,4C7xGubTL90,2022-05-17T09:35:21Z,@Makiz9,"Tremendous choreography that is loaded, I love it",5
TNX,4C7xGubTL90,2022-05-17T09:35:19Z,@cosmicthrive,OK P NATION WE GET IT!,0
TNX,4C7xGubTL90,2022-05-17T09:35:18Z,@tapai6479,I&#39;m proud of all you guys....maybe you will face a difficult road or way to go higher in the future but please don&#39;t give up...we are still standing behind you...so keep moving...,0
TNX,4C7xGubTL90,2022-05-17T09:35:16Z,@Umly2004,🇧🇷🇧🇷🇧🇷🇧🇷❤️❤️❤️,0
TNX,4C7xGubTL90,2022-05-17T09:35:13Z,@veronicajie,Lagunya candu banget 😭,1
TNX,4C7xGubTL90,2022-05-17T09:35:13Z,@katherinegarcia7582,"TNX = best vocal, best dance, best rap, best choreography, has it all! the next generation kings<br><br><a href=""http://www.youtube.com/results?search_query=%23stantalent"">#STANTALENT</a> <a href=""http://www.youtube.com/results?search_query=%23stantnx"">#STANTNX</a>",1
TNX,4C7xGubTL90,2022-05-17T09:35:05Z,@sinichenncreations,"The wait is over. I think my sister aldreay die after watching this. Same goes to my wallet ....<br>anyway overall my style. this kind of genre suits them all. I was screaming for kyungjun <a href=""http://www.youtube.com/results?search_query=%23fighting"">#FIGHTING</a> <a href=""http://www.youtube.com/results?search_query=%23tnx"">#TNX</a>",0
TNX,4C7xGubTL90,2022-05-17T09:35:04Z,@zomx6818,this is so much better than what I expected!!,0
TNX,4C7xGubTL90,2022-05-17T09:35:04Z,@jpxviil,Eunhwi😭💓💓💓💓💓💓,1
TNX,4C7xGubTL90,2022-05-17T09:34:59Z,@37.5cam,SUNGJUN KAJJAAA 💟💟💟,0
TNX,4C7xGubTL90,2022-05-17T09:34:58Z,@ssf1209db,"Shitttt I love itttt, oh godd",0
TNX,4C7xGubTL90,2022-05-17T09:34:56Z,@christarshop5468,Congratssssssss,0
TNX,4C7xGubTL90,2022-05-17T09:34:54Z,@jojoaguilar9795,🥺🤍yess,0
TNX,4C7xGubTL90,2022-05-17T09:34:53Z,@hersici5467,جامدينن,0
TNX,4C7xGubTL90,2022-05-17T09:34:53Z,@atzjonghwa2363,"CONGRATS FOR YOUR DEBUT TNX!!! ✨This is SO good omg,, every each and everyone of them are stunning omg. Can&#39;t wait to see more from you guys~ TNX FIGHTING!!! 🖤",5
TNX,4C7xGubTL90,2022-05-17T09:34:52Z,@etech3615,"<a href=""https://www.youtube.com/watch?v=4C7xGubTL90&amp;t=20"">0:20</a>",0
TNX,4C7xGubTL90,2022-05-17T09:34:50Z,@staycarat813,welcome boys to my faves<br>Congratulations TNX for your HOT DEBUT,0
TNX,4C7xGubTL90,2022-05-17T09:34:50Z,@syareefalyaa2583,"MY BOYSSS, PROUD OF YOUUU! (Crying)",0
TNX,4C7xGubTL90,2022-05-17T09:34:50Z,@kyeomloafss,OMGG AYANG AKU KEREN SEMUAA 😻💐💐,0
TNX,4C7xGubTL90,2022-05-17T09:34:50Z,@MariaClara-uh8cf,MANO Q INCRÍVEL BOY<br>ESSES SÃO OS MEUS MENINOS <br>TENHO TANTO ORGULHO DELES <br>MEU DEBUT FAV,0
TNX,4C7xGubTL90,2022-05-17T09:34:50Z,@JongkieArt,Nice debut song. Very addictive. Go boys,0
TNX,4C7xGubTL90,2022-05-17T09:34:48Z,@emmalocci7952,Adoroooo,1
TNX,4C7xGubTL90,2022-05-17T09:34:45Z,@Samantha-kd8qj,It&#39;s 3 am in my country and I&#39;m trying not to scream.  THEY KILLED IT 🔥.  <br><br>TNX CAME TO OWN THE KPOP INDUSTRY,0
TNX,4C7xGubTL90,2022-05-17T09:34:39Z,@justasecretforme,These boys are pure talent,0
TNX,4C7xGubTL90,2022-05-17T09:34:37Z,@LifeIsYourCreation,Our P Nation boys came this far. I’m so so proud of y’all. Best of luck my boys. And this is beyond amazing,14
TNX,4C7xGubTL90,2022-05-17T09:34:37Z,@이뿌기뿌기,여기가 비주얼맛집,0
TNX,4C7xGubTL90,2022-05-17T09:34:36Z,@dream20227,Woooo..iam speechless...🤐🔥🔥🔥🔥🇮🇳❤️,0
TNX,4C7xGubTL90,2022-05-17T09:34:35Z,@hi__rz3055,CONGRATS BESTIE,1
TNX,4C7xGubTL90,2022-05-17T09:34:35Z,@janelyguzdiy6152,"Wow okey the vocals are cool , not gona lie they remind me of stray kids , and also the step they made on the drop , the song is a hit",0
TNX,4C7xGubTL90,2022-05-17T09:34:34Z,@naan8504,"I’m not the type of person that leaves comments or anything but this debut is the best I have EVER seen. From the vocals, to the rap, to the dancing, to your charisma, to the mv, there is no lacking part. I’m not jocking, I got chills by looking at this mv. I was in shock because it was so good. You guys are going to go far I’m sure of it. Congrats on tour debut and on pnation’s work and “move” :)",0
TNX,4C7xGubTL90,2022-05-17T09:34:30Z,@windiaulia790,Akhirnyaaaaaaaaa,0
TNX,4C7xGubTL90,2022-05-17T09:34:30Z,@cchiedm,역시 TNX 짱,0
TNX,4C7xGubTL90,2022-05-17T09:34:26Z,@bunnymyeon4864,MY FIRST TIME STAN A GROUP SINCE PRE DEBUT AND I HAVE NOTHING TO REGRET,0
TNX,4C7xGubTL90,2022-05-17T09:34:22Z,@hi-dle8440,New group lets stan them soon they will popular,0
TNX,4C7xGubTL90,2022-05-17T09:34:21Z,@elyarida7539,You guys so 🔥🔥🔥🔥,0
TNX,4C7xGubTL90,2022-05-17T09:34:19Z,@itsme-lh8by,FINALLYYYY,0
TNX,4C7xGubTL90,2022-05-17T09:34:16Z,@josellahmacabinguil9783,let&#39;s go boiiis,0
TNX,4C7xGubTL90,2022-05-17T09:34:13Z,@liaglws,"yt não atualiza as views, que merda",0
TNX,4C7xGubTL90,2022-05-17T09:34:11Z,@wonwolf5503,KYAAAAAAAAHHHHHHHHHHHH,0
TNX,4C7xGubTL90,2022-05-17T09:34:10Z,@Hellendl13,👏🏼👏🏼👏🏼👏🏼,0
TNX,4C7xGubTL90,2022-05-17T09:34:08Z,@ElidaGutierrez,This is great. 😍🙌🏻 Congratulations on the debut ♥️,0
TNX,4C7xGubTL90,2022-05-17T09:34:06Z,@worldtime9754,"gaes ada sub indo, terima kasih untuk p nation",1
TNX,4C7xGubTL90,2022-05-17T09:34:06Z,@WeRiize2gether,I&#39;m here to support TNX❤️❤️❤️<br>btw my bias is Kyung Jun,0
TNX,4C7xGubTL90,2022-05-17T09:34:02Z,@almirasofieastari,congratulation for your debut boys,0
TNX,4C7xGubTL90,2022-05-17T09:34:02Z,@iffahizzati7213,LITTT,0
TNX,4C7xGubTL90,2022-05-17T09:33:59Z,@tasyajo8764,SO COOL GUUYSSSSS,0
TNX,4C7xGubTL90,2022-05-17T09:33:57Z,@khaleesijane8126,debut of the year,0
TNX,4C7xGubTL90,2022-05-17T09:33:52Z,@soob2340,Wokwjwjsjajwjwjwjsjjsnwnwnwjwj,0
TNX,4C7xGubTL90,2022-05-17T09:33:44Z,@elyarida7539,Eunhwi part killed us 🔥🔥🔥🔥🔥🔥,0
TNX,4C7xGubTL90,2022-05-17T09:33:42Z,@Titi-dt7in,This is my sign to stan them 😩❤️❤️❤️,0
TNX,4C7xGubTL90,2022-05-17T09:33:42Z,@JonathanYohanes,"wow, amazinggggggg",0
TNX,4C7xGubTL90,2022-05-17T09:33:41Z,@r4sche1,"Finally,,,congratulation P Nation😻🔥🔥🔥",1
TNX,4C7xGubTL90,2022-05-17T09:33:40Z,@waniasaqib1405,ROTY !! NO ONE CAN CHANGE MY MIND !! I WAITED SO LONG FOR THEIR DEBUT AND THE 8 MONTHS WAIT AFTER LOUD WAS DEFINITELY WORTH IT !! THEY DESERVE SO MUCH LOVE AND SUPPORT !! &lt;33,2
TNX,4C7xGubTL90,2022-05-17T09:33:34Z,@naezai,YESSSSSSS YESSSSSSS,0
TNX,4C7xGubTL90,2022-05-17T09:33:31Z,@NaNa-wq4yj,Woooh amazing ❤💥💥,1
TNX,4C7xGubTL90,2022-05-17T09:33:31Z,@yuzinoo,"Finally, it&#39;s D-DAY!! TNX is slapping us with their all in one package visual, talent, charm, and most of all, their dream finally came true right now at this moment and I am so happy these boys finally achieving what they want to achieve!! As also a pre-debut stan, I will never regret stanning them till the end of the world. 😎🙏",17
TNX,4C7xGubTL90,2022-05-17T09:33:31Z,@mutiaryn,WOOOOOOOIIII,0
TNX,4C7xGubTL90,2022-05-17T09:33:29Z,@mayakaur3512,The beats are just damnnn!,1
TNX,4C7xGubTL90,2022-05-17T09:33:25Z,@tapai6479,Congratulation boys....you did a great job...TNX is on the way yoooooo... let&#39;s go....,0
TNX,4C7xGubTL90,2022-05-17T09:33:24Z,@shailenttahulending,🤍🤍🤍🤍🤍🤍,0
TNX,4C7xGubTL90,2022-05-17T09:33:21Z,@thvlo_vejk,Keren banget!!! salamat TNX,1
TNX,4C7xGubTL90,2022-05-17T09:33:20Z,@deluvity,"OMGGG<br>Estos chicos van a llegar muy lejos, estoy segura",0
TNX,4C7xGubTL90,2022-05-17T09:33:19Z,@mybiasships,Broo the visuals !<br>And the vibe 🔥<br>I loved it mah boys! ❤️,0
TNX,4C7xGubTL90,2022-05-17T09:33:18Z,@nshmrrki__,AAAAAAA I LOVE IT😭😭💗💗💗✨✨💗✨,1
TNX,4C7xGubTL90,2022-05-17T09:33:18Z,@liaglws,"MDS MANO, EU AMO VCS",0
TNX,4C7xGubTL90,2022-05-17T09:33:16Z,@esmee98,OMG THEY FINALLLY DEBUTED!! WOW I&#39;M IN LOVE WITH CHOREOGRAPHY!!! THIS WAS INSANE I CAN&#39;T!!!!,5
TNX,4C7xGubTL90,2022-05-17T09:33:09Z,@fatimacruz7508,future of kpop,0
TNX,4C7xGubTL90,2022-05-17T09:33:08Z,@wandeana3048,There&#39;s nothing to say because you can already see it 👏🏻 Congratulations TNX for your debut ✨ I have waited since LOUD is ended. I feels so proud and happy ...,1
TNX,4C7xGubTL90,2022-05-17T09:33:02Z,@lilyrose4838,OMG KYUNGJUN😍😍😍😍😍😍,0
TNX,4C7xGubTL90,2022-05-17T09:33:01Z,@jpxviil,♥️♥️♥️♥️♥️♥️♥️♥️♥️♥️♥️,1
TNX,4C7xGubTL90,2022-05-17T09:33:00Z,@kyu.1556,YASSS the long wait is over! Congrats boys!,0
TNX,4C7xGubTL90,2022-05-17T09:32:59Z,@abcddenn,COOL,0
TNX,4C7xGubTL90,2022-05-17T09:32:59Z,@sinagtalasjrnal,💗💗💗💗💗💗,0
TNX,4C7xGubTL90,2022-05-17T09:32:59Z,@fatimacruz7508,SOOOO HARDDD,0
TNX,4C7xGubTL90,2022-05-17T09:32:58Z,@kenkento9434,Congratulations boys 🥺🥺🥺🥂💕💕💕,0
TNX,4C7xGubTL90,2022-05-17T09:32:57Z,@onlystangroupthathasacathc1480,STAN TNX RIGHT NOW B4 THEY GO BIG,0
TNX,4C7xGubTL90,2022-05-17T09:32:54Z,@violinsaba,Omg i love them,0
TNX,4C7xGubTL90,2022-05-17T09:32:52Z,@HardiniSabrina,Congratulations for Debut!,0
TNX,4C7xGubTL90,2022-05-17T09:32:51Z,@Pairadice888,Hwi’s rap shocked me!,0
TNX,4C7xGubTL90,2022-05-17T09:32:51Z,@maulazuhrufa,COOLLL,0
TNX,4C7xGubTL90,2022-05-17T09:32:50Z,@zmichelle_treasure_maker5429,Wowwwwwwww,0
TNX,4C7xGubTL90,2022-05-17T09:32:49Z,@rihanap.276,"Finally debut!! I was so looking forward to this day since reality... All the members are so talented, they are even better as a group, the music and production are wonderful, can&#39;t wait for the live performances. They will be one of the biggest of this generation!",8
TNX,4C7xGubTL90,2022-05-17T09:32:49Z,@bergyyy__5305,비켜 TNX is here!!!! Congratulations boys &lt;33,0
TNX,4C7xGubTL90,2022-05-17T09:32:48Z,@Vann23730,Semangat terus kalian juga para pengemar jangan lupa streaming,1
TNX,4C7xGubTL90,2022-05-17T09:32:48Z,@DigitalBeautyCampusDivas,Uwu,0
TNX,4C7xGubTL90,2022-05-17T09:32:47Z,@mayakaur3512,Oh my gosh! I just had to comment! They are so damn cool! This MV is freaking awesome! They really exceeded everyone&#39;s expectations! DAEBAK GUYS! HWAITING!,15
TNX,4C7xGubTL90,2022-05-17T09:32:47Z,@user-xf7wc9ro2q,OMG A LLEGADO EL DÍA!! <br>FELIZ DEBUT TNX!!<br>LES DESEO MUCHO EXITO ESTOY FELIZ DE APOYARLOS,0
TNX,4C7xGubTL90,2022-05-17T09:32:46Z,@shresthamohanty4705,Can&#39;t stop listening to this song.😩,0
TNX,4C7xGubTL90,2022-05-17T09:32:46Z,@mtsuperstar,Amazing!!! I knew my babies wouldn&#39;t disappoint. This is already a banger!!!,0
TNX,4C7xGubTL90,2022-05-17T09:32:45Z,@kenkento9434,Istg this is bop,0
TNX,4C7xGubTL90,2022-05-17T09:32:45Z,@arnsy6012,slayy,0
TNX,4C7xGubTL90,2022-05-17T09:32:41Z,@dxngs,I AM SO PROUD OF YOU BABIES!!,0
TNX,4C7xGubTL90,2022-05-17T09:32:37Z,@bergyyy__5305,비켜 TNX is here!!!! Congratulations boys &lt;33,0
TNX,4C7xGubTL90,2022-05-17T09:32:36Z,@かんみ-o4i,CDすぐ買います💕,0
TNX,4C7xGubTL90,2022-05-17T09:32:35Z,@mintschn,❤️‍🔥❤️‍🔥❤️‍🔥❤️‍🔥❤️‍🔥❤️‍🔥,1
TNX,4C7xGubTL90,2022-05-17T09:32:35Z,@sumyat902,Really Cool ❤️,0
TNX,4C7xGubTL90,2022-05-17T09:32:31Z,@kadyll1396,Seems like the pnation curse of having bad music has been destroyed.,1
TNX,4C7xGubTL90,2022-05-17T09:32:30Z,@nurinsyirah6398,Finalllyyyy they debuted 😭😭😭 looking forward to walk this flowery path with them,0
TNX,4C7xGubTL90,2022-05-17T09:32:30Z,@yaaly2472,Yeahh akhirnyaa,1
TNX,4C7xGubTL90,2022-05-17T09:32:26Z,@adjengpratiwi533,TNX  so so talented and the song make me crazy!! Fighting guys &lt;3,0
TNX,4C7xGubTL90,2022-05-17T09:32:26Z,@osha2738,finally!!,0
TNX,4C7xGubTL90,2022-05-17T09:32:25Z,@WWDrama987,Loveeeeeeee,0
TNX,4C7xGubTL90,2022-05-17T09:32:20Z,@vikahope4243,"I’m definitely not watching this mv and not smiling like a proud mom. I&#39;ve been following them from the ‘loud’ times and seeing them finally debuting makes me so so happy. <br>I’m so proud of you boys, you’re doing great! I can’t wait to see more of you, to see you all growing as humans and artists, reaching goals and especially enjoying what you’re doing. Congratulations Taehun, Kyungjun, Hyunsoo, Junhyeok, Hwi and Sungjun with a debut!",0
TNX,4C7xGubTL90,2022-05-17T09:32:17Z,@Splasbsi,It&#39;s so satisfying,0
TNX,4C7xGubTL90,2022-05-17T09:32:16Z,@evelring2366,Are they orchestal pop like e&#39;last?,1
TNX,4C7xGubTL90,2022-05-17T09:32:16Z,@cko9583,デビューおめでとう😍<br><br>マジ！ふるえます<br>♥♥♥♥♥♥,0
TNX,4C7xGubTL90,2022-05-17T09:32:15Z,@purplearmy2062,Goood boys🤙❤️,0
TNX,4C7xGubTL90,2022-05-17T09:32:12Z,@janelyguzdiy6152,Okey ya esperé mucho,0
TNX,4C7xGubTL90,2022-05-17T09:32:12Z,@wesbyli5938,I&#39;m here to stan P NATION🤣,0
TNX,4C7xGubTL90,2022-05-17T09:32:10Z,@MinSUGAttaemune,"Sounds GOOD, keep going like that",1
TNX,4C7xGubTL90,2022-05-17T09:32:09Z,@liaglws,IRRAAAA,0
TNX,4C7xGubTL90,2022-05-17T09:32:08Z,@hasahito9652,TNX is finally DEBUTED,0
TNX,4C7xGubTL90,2022-05-17T09:32:06Z,@3u_241,드디어 데뷔를 했구나,0
TNX,4C7xGubTL90,2022-05-17T09:32:05Z,@skz4937,Omgggggggggg,0
TNX,4C7xGubTL90,2022-05-17T09:32:03Z,@onlystangroupthathasacathc1480,&quot;Cause i never falling down&quot; also the  best,0
TNX,4C7xGubTL90,2022-05-17T09:32:03Z,@irfanpohan9486,This song is too cool for a debut song. I LOVE IT,0
TNX,4C7xGubTL90,2022-05-17T09:32:03Z,@vebuhtolumedeo1876,Finally 🤍wooohooo 🔥,0
TNX,4C7xGubTL90,2022-05-17T09:32:02Z,@hernipurbasari9557,😍😍😍😍😍,0
TNX,4C7xGubTL90,2022-05-17T09:32:01Z,@finazz,DAMN SOTY,0
TNX,4C7xGubTL90,2022-05-17T09:32:01Z,@jungkookthegoldenmaknae1237,I Love it,0
TNX,4C7xGubTL90,2022-05-17T09:31:59Z,@jeomjunim3371,"Wow!!! Penampilan luar biasa❤️❤️,,kalian sangat tampan dan Seksi💗💗semoga sukses selalu TNX💖💖",0
TNX,4C7xGubTL90,2022-05-17T09:31:58Z,@Vann23730,Gila kalian keren banget mana pas bagian mingirlah itu candu banget,1
TNX,4C7xGubTL90,2022-05-17T09:31:58Z,@かんみ-o4i,MVカッコよかった💕<br>TNXの楽曲検索して聴きまくってます🤗💕💕💕💕,0
TNX,4C7xGubTL90,2022-05-17T09:31:57Z,@sarahannajla,TNX ROTY LETS GAURRRRRR &lt;33!!,0
TNX,4C7xGubTL90,2022-05-17T09:31:56Z,@purplearmy2062,I loved 😍😍😍😍❤️,0
TNX,4C7xGubTL90,2022-05-17T09:31:56Z,@arachewables8361,Congratulations 😭🥺. Hoping for your own WAY UP recognition and success. ❤️,0
TNX,4C7xGubTL90,2022-05-17T09:31:53Z,@moniene23,IT&#39;S SO GOOD WOWOWOW,1
TNX,4C7xGubTL90,2022-05-17T09:31:53Z,@eerahlynkim7808,BEST DEBUT OF 2022,0
TNX,4C7xGubTL90,2022-05-17T09:31:51Z,@min1705,Just went and bought the album after watching this. Someone give me names and timestamps. I&#39;m invested :)),1
TNX,4C7xGubTL90,2022-05-17T09:31:51Z,@miyorrrs,MORE PEOPLE NEED TO LISTEN THIS,0
TNX,4C7xGubTL90,2022-05-17T09:31:51Z,@nesyanurmedina,😍😍,0
TNX,4C7xGubTL90,2022-05-17T09:31:48Z,@thatbettina,"Rookies who? I only see professionals who are ready to conquer the industry. If this is their debut, imagine what else is yet to come. I&#39;m so proud and happy for them.",0
TNX,4C7xGubTL90,2022-05-17T09:31:47Z,@ainasyhira,SLAYYYYYYYY,0
TNX,4C7xGubTL90,2022-05-17T09:31:42Z,@xndrryx,Omaygootttt,1
TNX,4C7xGubTL90,2022-05-17T09:31:42Z,@jungkookthegoldenmaknae1237,Omg wow,0
TNX,4C7xGubTL90,2022-05-17T09:31:40Z,@juju-uu9sn,FINALLY!! Lagunya candu bangetttt :( selamat untuk debut nyaaaa 😆💥,9
TNX,4C7xGubTL90,2022-05-17T09:31:39Z,@fidaelvianderiasebayang3972,Indonesiiaaaaa fans yuhu,1
TNX,4C7xGubTL90,2022-05-17T09:31:38Z,@shtcountry2422,Dagdag po sa collection ng mga asawa ko.🇵🇭,0
TNX,4C7xGubTL90,2022-05-17T09:31:37Z,@nufuskhoirunnisa001,Aaaaaaa sooooo coooollll ಥ‿ಥ,1
TNX,4C7xGubTL90,2022-05-17T09:31:36Z,@onlystangroupthathasacathc1480,Its a bop!!,0
TNX,4C7xGubTL90,2022-05-17T09:31:33Z,@narfsic9189,"They never disappoint. From vocals, dance, rap, visual, charisma and synchronization?! Hello?! Their talent is always overflowing 🔥 I&#39;m excited for their future releases!!💕<br><br>Edit: Excuse me? Eunhwi&#39;s rap?!?!? I love how his rapping improved!!🔥",134
TNX,4C7xGubTL90,2022-05-17T09:31:33Z,@sabiladewi6021,YUHUUUUU AKHIRNYAA DEBUTTTTT‼️🙌🏻💗💗,1
TNX,4C7xGubTL90,2022-05-17T09:31:31Z,@mumtazr.b5687,Omg this song is awesome. I&#39;m addicted to this song. I&#39;m so happy 😊😊😊. Everything is so perfect. Our king 👑,1
TNX,4C7xGubTL90,2022-05-17T09:31:29Z,@liyana2836,YEAAA,0
TNX,4C7xGubTL90,2022-05-17T09:31:28Z,@linasoreng2286,Their debut is amazing 🔥🔥,1
TNX,4C7xGubTL90,2022-05-17T09:31:28Z,@s.saranya6392,Going on my way my way!!!!!!!!🔥🔥🔥🔥🔥,0
TNX,4C7xGubTL90,2022-05-17T09:31:27Z,@cordeliaposie,Arrrr....I love it😭🔥,0
TNX,4C7xGubTL90,2022-05-17T09:31:24Z,@liam5837,FINALLY!!!! TNX IS HERE!!!!!,0
TNX,4C7xGubTL90,2022-05-17T09:31:24Z,@hasahito9652,Kyung Junnie normu Joah,0
TNX,4C7xGubTL90,2022-05-17T09:31:24Z,@babieblossom8844,OMG OMG OMG...THIS SONG IS GONNA BE STUCK IN MY HEAD FOR MONTHS! VERY CATCHY,33
TNX,4C7xGubTL90,2022-05-17T09:31:23Z,@liyana2836,WADUH HOW COULD I BE LATE THIS IS ALL MATHS FOLT 😭,0
TNX,4C7xGubTL90,2022-05-17T09:31:23Z,@체리레몬에이드-m7v,노래 미쳤다 중독성 ~~~ 비켜라비켜 뇌리에 박혀븜,1
TNX,4C7xGubTL90,2022-05-17T09:31:18Z,@adty2838,"Wuah selamat untuk debutnya kalian,TNX",2
TNX,4C7xGubTL90,2022-05-17T09:31:18Z,@PaigeHealdPhillips,Agghhh waited so long and it was so worth it they are so great !!! Such a catchy song! 😍😍,13
TNX,4C7xGubTL90,2022-05-17T09:31:18Z,@fidaelvianderiasebayang3972,Nitip Jejak hahahhha.. Biarr ramee,1
TNX,4C7xGubTL90,2022-05-17T09:31:13Z,@Adelynbdr,Make some noise our boys are here…,0
TNX,4C7xGubTL90,2022-05-17T09:31:12Z,@sridianoktavia3637,lets make you name fandom❤❤❤❤❤,0
TNX,4C7xGubTL90,2022-05-17T09:31:12Z,@khushi8130,"My boys have come so far T_T<br>Supporting them since Loud, my boys finally debuted!!<br>Can&#39;t be any happier, a bright future is waiting for you ahead TNX :)",20
TNX,4C7xGubTL90,2022-05-17T09:31:08Z,@dkssdfpxd7333,They have A LOT of potential to become something big! TNX 화이팅!,33
TNX,4C7xGubTL90,2022-05-17T09:31:07Z,@danieliglessias2942,PARABÉNS PELO DEBUT 🇧🇷,1
TNX,4C7xGubTL90,2022-05-17T09:31:05Z,@v.i.p_is_power4729,"Оп, а неплохо ведь",0
TNX,4C7xGubTL90,2022-05-17T09:31:04Z,@nanamericano6406,"I JUST KNOW THAT SOONER, THEY WILL BE ACKNOWLEDGE AND RECOGNIZED!!!!!",0
TNX,4C7xGubTL90,2022-05-17T09:31:02Z,@beytkngx,Buralar değerlenecek,0
TNX,4C7xGubTL90,2022-05-17T09:31:01Z,@RUBA_TF3JHYXZT_,They&#39;re so amazing,1
TNX,4C7xGubTL90,2022-05-17T09:31:00Z,@luccspereira,WOW!!!!,0
TNX,4C7xGubTL90,2022-05-17T09:31:00Z,@vonymeishintadewi5882,Akhirnya debut juga!,2
TNX,4C7xGubTL90,2022-05-17T09:31:00Z,@happy1384,Yes yes yes TNX !!! They finally debuted !!!,0
TNX,4C7xGubTL90,2022-05-17T09:30:58Z,@sridianoktavia3637,Love you all❤❤❤❤❤❤,0
TNX,4C7xGubTL90,2022-05-17T09:30:57Z,@maharani1551,Hwi gila sih😂,1
TNX,4C7xGubTL90,2022-05-17T09:30:54Z,@uarmy.thv7,Legends in the Making💃💃,1
TNX,4C7xGubTL90,2022-05-17T09:30:53Z,@goqkfkrl2311,응원합니다^^♡,0
TNX,4C7xGubTL90,2022-05-17T09:30:52Z,@ayethidathanko9112,"My tear can&#39;t stop right now.I&#39;m so proud of you guys.The perfect vocals,visuals,choreography make me so proud of <a href=""http://you.it/"">you.It</a> is amazing worth to support you.",21
TNX,4C7xGubTL90,2022-05-17T09:30:51Z,@gztaafr,OMGGGG THEY FINNALY DEBUTEDDD!!!!!!😩❤❤❤❤,1
TNX,4C7xGubTL90,2022-05-17T09:30:48Z,@aimanibrahim2516,"yeayyy, officially debuted...n they will start their long journey after this...wish you luck and all the best 🖐🏻🌹🦄",0
TNX,4C7xGubTL90,2022-05-17T09:30:48Z,@sridianoktavia3637,The best❤❤❤❤❤❤👍,0
TNX,4C7xGubTL90,2022-05-17T09:30:48Z,@j02zzz96,i&#39;m so proud. congrats for debutt,0
TNX,4C7xGubTL90,2022-05-17T09:30:46Z,@CPXOSCE,많이 아쉽네요… 라우드 봐서 기대가 됐었는데..<br>메이크업 별로고(존잘 천준혁 메이크업은 라우드때부터도 저렇게 하면 안 되는거란거 드러났었는데) 곡이 귀에 잘 안 들어와요,1
TNX,4C7xGubTL90,2022-05-17T09:30:45Z,@uarmy.thv7,This is a masterpiece ♥️,1
TNX,4C7xGubTL90,2022-05-17T09:30:44Z,@paradisedream9366,The bridge and the beginning is soo fineeee,0
TNX,4C7xGubTL90,2022-05-17T09:30:44Z,@RUBA_TF3JHYXZT_,Wow,0
TNX,4C7xGubTL90,2022-05-17T09:30:43Z,@rendelfrades,"WE P NATION!<br><br>This song is addicting, their vocals, their rap, their choreography, their MV filming and their concept are so amazing, this is a masterpiece! <a href=""http://www.youtube.com/results?search_query=%23tnx"">#TNX</a> <a href=""http://www.youtube.com/results?search_query=%23tnxdebut"">#TNXDebut</a>",40
TNX,4C7xGubTL90,2022-05-17T09:30:42Z,@syafiraazka5154,VIEWS NYA NGACOOOOO T_T<br><br>BTW KEREN BGT ASWUUUUUU 😭💖,1
TNX,4C7xGubTL90,2022-05-17T09:30:41Z,@kritikaganware4835,Ayeeeee they debuted 😍❤️❤️❤️,0
TNX,4C7xGubTL90,2022-05-17T09:30:40Z,@onlystangroupthathasacathc1480,Love this,0
TNX,4C7xGubTL90,2022-05-17T09:30:39Z,@cosmicthrive,YASSSSSSSSSSSSS,0
TNX,4C7xGubTL90,2022-05-17T09:30:39Z,@ruruhi1224,"<a href=""http://www.youtube.com/results?search_query=%23tnxmove"">#TNXMOVE</a>",0
TNX,4C7xGubTL90,2022-05-17T09:30:38Z,@fried.xhicken1647,"That last dance break from <a href=""https://www.youtube.com/watch?v=4C7xGubTL90&amp;t=184"">3:04</a> the choreography is 🔥 🔥 🔥 🔥 🔥",2
TNX,4C7xGubTL90,2022-05-17T09:30:36Z,@liam5837,STAN TNX!!! HAPPY DEBUT,0
TNX,4C7xGubTL90,2022-05-17T09:30:34Z,@ZzRaidennZZ,Rifado 🔥,0
TNX,4C7xGubTL90,2022-05-17T09:30:34Z,@-studentth,"I can&#39;t believe it&#39;s only a group&#39;s debut song?looks like a K-pop song from a group of years ago!! I&#39;m amazed at what I just saw , And if I didn&#39;t know them, I would have sworn that they are a famous old group because of their idealism.. Despite their young age, they proved the power of their voices and the power of their dance! I&#39;m really proud of them !! Everything seems ideal of dance movements and Guo also their voices as well as their appearance and strong rap !!I am really proud of you and thank you for your hard work.. you did a really perfect job!  I love you and will always support you !!!",1
TNX,4C7xGubTL90,2022-05-17T09:30:33Z,@peachyjunie5759,Omggggsheeeshhhh,0
TNX,4C7xGubTL90,2022-05-17T09:30:30Z,@lyclex,This song is so addicting 💕<br>I am gonna stan this group for my life👀,9
TNX,4C7xGubTL90,2022-05-17T09:30:29Z,@sridianoktavia3637,So cool guys💋💋❤😍,0
TNX,4C7xGubTL90,2022-05-17T09:30:29Z,@hrcdana,We P Nation ; pikkyora pikkyo was so addicting!!😌🤌🏻good luck guys!! Congratulations on your debut 🤍,1
TNX,4C7xGubTL90,2022-05-17T09:30:27Z,@bangtanexo5777,U can do it 😍,1
TNX,4C7xGubTL90,2022-05-17T09:30:26Z,@uarmy.thv7,Share the song....,2
TNX,4C7xGubTL90,2022-05-17T09:30:26Z,@sibshs885,&quot;WE P NATION&quot; 🔥🔥🔥❤️❤️,1
TNX,4C7xGubTL90,2022-05-17T09:30:26Z,@markgf6614,"Finally what I&#39;ve been waiting for, thank you for the song I really like it💌🥰💐",2
TNX,4C7xGubTL90,2022-05-17T09:30:23Z,@retnopratiwi5985,emot lope lope,1
TNX,4C7xGubTL90,2022-05-17T09:30:23Z,@chellylising1452,STAN TNX!!! FOR BETTER LIFE!!!,1
TNX,4C7xGubTL90,2022-05-17T09:30:22Z,@miarosoaravohitrarivo8288,OMG FINALLYYYY,0
TNX,4C7xGubTL90,2022-05-17T09:30:20Z,@go_J-k5w,KPOP 싹쓸이 가즈아~!!!!!!!!!!!!!!,1
TNX,4C7xGubTL90,2022-05-17T09:30:19Z,@Lesliefaraza,masterpiece,0
TNX,4C7xGubTL90,2022-05-17T09:30:17Z,@lucasdamasceno3913,AMO MUITO VOCÊS,1
TNX,4C7xGubTL90,2022-05-17T09:30:16Z,@freenamjesusandhobiwater,CONGRATULATIONS ON YOUR DEBUT!! I&#39;M SO PROUD TO BE A FAN OF THEM BEFORE THEY DEBUTED!!! IT SOUNDS SO COOL LIKE IT&#39;S FIREE!!! <br>THIS MADE ME &#39;MOVE&#39;!!! &lt;3333,6
TNX,4C7xGubTL90,2022-05-17T09:30:15Z,@retnopratiwi5985,kece bet,1
TNX,4C7xGubTL90,2022-05-17T09:30:14Z,@onlystangroupthathasacathc1480,&quot;Shh pikeo na pickeo&quot; is the most addicted after the chorus,0
TNX,4C7xGubTL90,2022-05-17T09:30:13Z,@Trxsfrated,Bop.,0
TNX,4C7xGubTL90,2022-05-17T09:30:13Z,@pearlblue6170,"Masih kaget sama intronya, suaranya Ganteng",1
TNX,4C7xGubTL90,2022-05-17T09:30:11Z,@beebeeblogger5987,Omg 😭😭 my pre-debut heart 😭 finally they debuted congratulations 🎉 I know you guys been waiting for this -the hard work is paid off and we can definitely see it ❤️‍🔥🎉💯❤️,0
TNX,4C7xGubTL90,2022-05-17T09:30:11Z,@ainafarhana6661,Atiny here want to support tnx~<br>cuz I&#39;m falling in love with junhyeok TT<br>THIS SONG IS SO CRAZY!!<br>This song is really my style 😉,1
TNX,4C7xGubTL90,2022-05-17T09:30:11Z,@sridianoktavia3637,OMG❤❤❤❤❤😭😭😭💋😍😍,0
TNX,4C7xGubTL90,2022-05-17T09:30:11Z,@vilee_1779,Kill it kids,0
TNX,4C7xGubTL90,2022-05-17T09:30:10Z,@prucks2613,"THE SOUNDS , CHORUS AND CHOREOGRAPHY GIVES ME STRAY KIDZ AND EVEN ATEEZ VIBES TOO, THE RAPS SOUND LIKE NCT AND THE CONCEPT LOOKS LIKE SILENT SEA DRAMA!",67
TNX,4C7xGubTL90,2022-05-17T09:30:09Z,@lucasdamasceno3913,LINDOS MEUS MENINOS,0
TNX,4C7xGubTL90,2022-05-17T09:30:09Z,@arpitachakraborty_,"Sheesh!!!! Everybody get out of the way, MOVE MOVE! This is Dope!!!!!!!",0
TNX,4C7xGubTL90,2022-05-17T09:30:09Z,@dxngs,FINALLY DEBUTED!! SLAY BABIES!!,0
TNX,4C7xGubTL90,2022-05-17T09:30:07Z,@guhunz,Wow,0
TNX,4C7xGubTL90,2022-05-17T09:30:06Z,@chellylising1452,Who&#39;s cutting onion????<br>Why are y&#39;all crying??,0
TNX,4C7xGubTL90,2022-05-17T09:30:04Z,@uarmy.thv7,Thai song is amazing and so addicting.  Have watched this 10 times 😭😭,0
TNX,4C7xGubTL90,2022-05-17T09:30:03Z,@paradisedream9366,"I love this sm, this song is gonna be on repeat along with this whole album! &lt;33",9
TNX,4C7xGubTL90,2022-05-17T09:30:02Z,@veronicajie,At first I saw them starting from LOUD and now they debut I can&#39;t believe it in a short time TNX can debut with an amazing song I hope this becomes a hit,16
TNX,4C7xGubTL90,2022-05-17T09:30:02Z,@flwlsssning7458,우리 TNX 데뷔 축하합니다아아ㅏ!!!,0
TNX,4C7xGubTL90,2022-05-17T09:30:02Z,@ay-fi2su,SUMPAH YA MEREKA KEREN BANGET,0
TNX,4C7xGubTL90,2022-05-17T09:30:00Z,@nini6670,Tnxx😭😭😭🤍🤍🤍🤍🤍,0
TNX,4C7xGubTL90,2022-05-17T09:30:00Z,@rinayukina8861,"Really? May be I expected too much, but...<br>Look: NCT &quot;Superhuman&quot; + SuperM &quot;Jopping&quot;<br>Song: Omega X &quot;Vamos&quot; <br>Facepalm",0
TNX,4C7xGubTL90,2022-05-17T09:30:00Z,@lucasdamasceno3913,PERFEEEEEITOS,0
TNX,4C7xGubTL90,2022-05-17T09:29:59Z,@salimind_13,"Aussie boy  JAAANGGGG, TNX FIGHTING",0
TNX,4C7xGubTL90,2022-05-17T09:29:58Z,@elsayuni9905,🫶🏻🫶🏻🫶🏻,0
TNX,4C7xGubTL90,2022-05-17T09:29:56Z,@ivewonyluv,PERFECT,0
TNX,4C7xGubTL90,2022-05-17T09:29:52Z,@riellyu3162,Оп оп поехали,0
TNX,4C7xGubTL90,2022-05-17T09:29:51Z,@meikaykim95,OMG CONGRATULATIONS BOYS!!!,0
TNX,4C7xGubTL90,2022-05-17T09:29:50Z,@pearlblue6170,YASSS FINALLY OFFICIALLY DEBUTED. Congratulations TNX,0
TNX,4C7xGubTL90,2022-05-17T09:29:49Z,@newjeans3483,Keren banget anjir,0
TNX,4C7xGubTL90,2022-05-17T09:29:48Z,@ivewonyluv,OMG,0
TNX,4C7xGubTL90,2022-05-17T09:29:46Z,@Splasbsi,ROTY <br>ROTY <br>ROTY <br>ROTY <br>ROTY <br>ROTY <br>ROTY <br>ROTY,0
TNX,4C7xGubTL90,2022-05-17T09:29:42Z,@syareefalyaa2583,ADUUU SAYANG SAYANGKUUUU,0
TNX,4C7xGubTL90,2022-05-17T09:29:40Z,@uarmy.thv7,I&#39;m gonna be with them from the start till the End💃💃🥂<br>I give my life to TNX today♥️♥️♥️♥️,1
TNX,4C7xGubTL90,2022-05-17T09:29:40Z,@tasyanabila1702,Mencoba memahami teorinya :),0
TNX,4C7xGubTL90,2022-05-17T09:29:37Z,@nadhira2253,I LIKE THIS SOO MUCH!,0
TNX,4C7xGubTL90,2022-05-17T09:29:37Z,@yeeez0124,太帅了，我也就看了亿遍😍😍😍😍😍😍😍😍😍😍😍😍😍😍😍😍😍😍😍,0
TNX,4C7xGubTL90,2022-05-17T09:29:33Z,@hyunmini320,بس انا جالسه اصيح 😭😭😭,0
TNX,4C7xGubTL90,2022-05-17T09:29:29Z,@nisakunanti5888,Im so in love with eunhwi since louder starting,0
TNX,4C7xGubTL90,2022-05-17T09:29:27Z,@mrsmoon-wo5ht,"suka banget sama konsep mv nyaa, cocok banget sama mereka //emot jempol banyak banyak",0
TNX,4C7xGubTL90,2022-05-17T09:29:25Z,@CrisIsambertt,so mucho love from Venezuela and Spain♥️♥️♥️🇻🇪🇪🇸,0
TNX,4C7xGubTL90,2022-05-17T09:29:20Z,@finnatan5891,TNX Debut✨,1
TNX,4C7xGubTL90,2022-05-17T09:29:18Z,@tasyanabila1702,OMG OMG OMG!!!,0
TNX,4C7xGubTL90,2022-05-17T09:29:18Z,@aesgarden5470,OMG 🔥,0
TNX,4C7xGubTL90,2022-05-17T09:29:15Z,@BatrisyiaAisy,THE VISUALS,0
TNX,4C7xGubTL90,2022-05-17T09:29:13Z,@bubbyssato7423,&quot;Everybody let&#39;s get started&quot; <br>This part is so addicting,15
TNX,4C7xGubTL90,2022-05-17T09:29:13Z,@kriingkles1210,Congratulations on your debut! -MOA❤️,0
TNX,4C7xGubTL90,2022-05-17T09:29:12Z,@tehamuhammad5924,"on my way, on my way 😆💓",0
TNX,4C7xGubTL90,2022-05-17T09:29:10Z,@hopesunshine6089,BOMB🔥🔥🔥👑👑,0
TNX,4C7xGubTL90,2022-05-17T09:29:04Z,@MommasaLterEgo,This is not available on music platforms?,1
TNX,4C7xGubTL90,2022-05-17T09:29:00Z,@ayel178,Finally! The long wait is over!,0
TNX,4C7xGubTL90,2022-05-17T09:28:58Z,@works1409,このチームにKOKIがいてほしかった…,0
TNX,4C7xGubTL90,2022-05-17T09:28:55Z,@muteber6908,Lets go,0
TNX,4C7xGubTL90,2022-05-17T09:28:54Z,@fitriany6678,TAKUT BGT SAMA KYUNGJUN😭😭,0
TNX,4C7xGubTL90,2022-05-17T09:28:52Z,@rizaagustino9577,I&#39;m crying!!!,0
TNX,4C7xGubTL90,2022-05-17T09:28:48Z,@kdramatic7589,"<a href=""http://www.youtube.com/results?search_query=%23tnx"">#tnx</a>",1
TNX,4C7xGubTL90,2022-05-17T09:28:47Z,@capchi03,"I LOVE IT OMFG, I AM INSTANTLY MESMERIZED",0
TNX,4C7xGubTL90,2022-05-17T09:28:46Z,@zoza1284,Everything is perfect in this song,1
TNX,4C7xGubTL90,2022-05-17T09:28:44Z,@zee7177,This is surprisingly good!!! Might stan them!!!,0
TNX,4C7xGubTL90,2022-05-17T09:28:40Z,@kkk.t03y2,ลูกทุกคนหล่อจริงๆแถมเพลงยังดีอีก<br>กรี๊ดลูกฉันเดบิวต์แล้ว👏👏👏,1
TNX,4C7xGubTL90,2022-05-17T09:28:40Z,@A11-f7j,PROUD OF YOU,1
TNX,4C7xGubTL90,2022-05-17T09:28:38Z,@blendinlife,"THE SONG, LYRICS, CHOREO, VOCALS, RAP, VISUALS– THE ENTIRE MUSIC VIDEO ARE THE HIGHLIGHT OF THIS COMEB–I MEAN DEBUT, CONGRATULATIONS BOYS I AM SO PROUD OF YOU ALL😭✊🏻❤️‍🔥",3
TNX,4C7xGubTL90,2022-05-17T09:28:37Z,@sugureta5469,เก่งมากดีมากลูกสุดยอดมากกกเก่งมากกกกกก,0
TNX,4C7xGubTL90,2022-05-17T09:28:37Z,@rizaagustino9577,Omggg!!! This is insane!!,0
TNX,4C7xGubTL90,2022-05-17T09:28:36Z,@jdbamgyu9063,Junhyeok&#39;s 비켜라 비켜 is so hot omg,0
TNX,4C7xGubTL90,2022-05-17T09:28:36Z,@veronicajie,Poison all of your friends TNX guys,1
TNX,4C7xGubTL90,2022-05-17T09:28:36Z,@hninnuwai6250,🙆🏻‍♀️💜,0
TNX,4C7xGubTL90,2022-05-17T09:28:35Z,@gerbera431,"The MV is amazing. TNX is Brilliant! I love the whole MV. Their Vocal, Rap, Dance and Visual is Insane.",0
TNX,4C7xGubTL90,2022-05-17T09:28:34Z,@renaregita6452,YOK YANG UDAH DUKUNG DARI JAMAN PLOUD SEMANGAT STREAMINGNYA !!!,0
TNX,4C7xGubTL90,2022-05-17T09:28:33Z,@zzZzz.t,Omg🫶🫶🫶🫶🫶🫶🫶🫶🫶🫶🫶,0
TNX,4C7xGubTL90,2022-05-17T09:28:32Z,@nindyalarasaty897,Finally 😭😭😭,0
TNX,4C7xGubTL90,2022-05-17T09:28:32Z,@lyan.luvhoon738,"TAEHUN ILY, ASTAGA TAEHUN TANGGUNG JAWAB KAMU AKU MLEYOT",0
TNX,4C7xGubTL90,2022-05-17T09:28:31Z,@muteber6908,It was clear from the first steps that this group would be great. We have your back all the way tnx,0
TNX,4C7xGubTL90,2022-05-17T09:28:31Z,@yulianarocha6646,Vamos por mas,0
TNX,4C7xGubTL90,2022-05-17T09:28:30Z,@ngamkhawwangjen3865,"<a href=""http://www.youtube.com/results?search_query=%23tnx"">#tnx</a>",0
TNX,4C7xGubTL90,2022-05-17T09:28:29Z,@bdhp0426,"Hi, I&#39;m your fan from Indonesia, I&#39;m really excited that you finally debuted I&#39;ve been waiting for this for a long time. I hope you will be successful later I believe that, if you read this and there are wrong words I apologize because I use google translation. I love you guys ❤️❤️❤️❤️❤️❤️",0
TNX,4C7xGubTL90,2022-05-17T09:28:29Z,@juju-uu9sn,OMGGG!! SKSSKAK AKHIRNYA WOI SELAMAT BUAT DEBUTNYA TNX 🤩💗,0
TNX,4C7xGubTL90,2022-05-17T09:28:29Z,@panutdakaewlamul552,Wowww 💯💯🔥🔥🔥😎😎,0
TNX,4C7xGubTL90,2022-05-17T09:28:24Z,@leehan4539,Aaaaahhhhh akhirnyaaaa,0
TNX,4C7xGubTL90,2022-05-17T09:28:23Z,@arezouxu,Thank you tnx,0
TNX,4C7xGubTL90,2022-05-17T09:28:23Z,@A11-f7j,KEREN BANGETTTT!!! INDONESIA FANS MANA NIH???!!,3
TNX,4C7xGubTL90,2022-05-17T09:28:22Z,@yulianarocha6646,Los amo bebes,0
TNX,4C7xGubTL90,2022-05-17T09:28:22Z,@Andreapasgon,Estoy flipando,0
TNX,4C7xGubTL90,2022-05-17T09:28:21Z,@bravedummy4265,Chungaji~you nailed it,0
TNX,4C7xGubTL90,2022-05-17T09:28:20Z,@alyssaramirez5698,JOURNEY JUST STARTED!,0
TNX,4C7xGubTL90,2022-05-17T09:28:20Z,@e6trella,WHOA it&#39;s so good i_i,0
TNX,4C7xGubTL90,2022-05-17T09:28:18Z,@Samiksha_999,🔥🔥🔥,1
TNX,4C7xGubTL90,2022-05-17T09:28:18Z,@vioniviorentina910,"Gosh this is so cool, congratulations on your debut especially my two boyfriends Kyungjun and Hwi I&#39;m really excited for this you all did your best thank you🥳💗<br> I will give you a lot of my love and affection every time and forever for you💗💗",8
TNX,4C7xGubTL90,2022-05-17T09:28:16Z,@hunhanhan4374,Jang Hyunsoo vocal,0
TNX,4C7xGubTL90,2022-05-17T09:28:15Z,@djwo2768,"Wow! Amazing debut song, congrats cutest.",0
TNX,4C7xGubTL90,2022-05-17T09:28:12Z,@loud_P_soo,ずっと待ってました😭😭😭<br>デビューおめでとう！！<br>とてもカッコよかったです✨,4
TNX,4C7xGubTL90,2022-05-17T09:28:11Z,@ainaudrey,I&#39;m addicted with 비겨,1
TNX,4C7xGubTL90,2022-05-17T09:28:11Z,@Liaa555,Amazing💜🍭,0
TNX,4C7xGubTL90,2022-05-17T09:28:10Z,@arezouxu,Pain*,0
TNX,4C7xGubTL90,2022-05-17T09:28:08Z,@kubraozturk5515,Fighting 💜,0
TNX,4C7xGubTL90,2022-05-17T09:28:07Z,@hasahito9652,Kyung Junnie so handsome,0
TNX,4C7xGubTL90,2022-05-17T09:28:07Z,@لولي-ر9ق,😭🖤🖤,0
TNX,4C7xGubTL90,2022-05-17T09:28:06Z,@なっとぅめ,ずっと待ってました。<br>念願のデビューおめでとう！<br>一生ついていきます！,0
TNX,4C7xGubTL90,2022-05-17T09:28:04Z,@Angela-tn9nc,"omg omg omg it&#39;s so catchy! there a long way for this group but I know, with their passion and dedication, they can reach their goals and get what they deserve &lt;3 A fan since LOUD &lt;3",11
TNX,4C7xGubTL90,2022-05-17T09:28:03Z,@onyou2472,THIS IS SO GOOD,1
TNX,4C7xGubTL90,2022-05-17T09:28:03Z,@hasniarniar3925,TNX is here… we P NATION…,0
TNX,4C7xGubTL90,2022-05-17T09:28:02Z,@nurinnajwa4671,istg i keep on getting goosebumps,0
TNX,4C7xGubTL90,2022-05-17T09:28:00Z,@elyarida7539,Josss gandos kotos kotos pol dug ser,0
TNX,4C7xGubTL90,2022-05-17T09:28:00Z,@لولي-ر9ق,😭🖤,0
TNX,4C7xGubTL90,2022-05-17T09:28:00Z,@a.r.m.yforlife5235,Pnation has done pnation<br>TNX has done TNX<br>One of the best debut songs of this year <br>Proud to follow them even b4 debut,0
TNX,4C7xGubTL90,2022-05-17T09:28:00Z,@ongseongwoo8630,Congrats untuk debut kalian skskak,0
TNX,4C7xGubTL90,2022-05-17T09:27:56Z,@arezouxu,I love you tnx,0
TNX,4C7xGubTL90,2022-05-17T09:27:56Z,@foxvamp6970,debut de milhoes,0
TNX,4C7xGubTL90,2022-05-17T09:27:53Z,@jdbamgyu9063,Damn the chorus goes real HARDDDD!!!,0
TNX,4C7xGubTL90,2022-05-17T09:27:51Z,@amaliatheastronautjin2136,"1 мужская группа.PSY  Поздравляю. Надеюсь, девчачья тоже будет группа.",0
TNX,4C7xGubTL90,2022-05-17T09:27:50Z,@yulianarocha6646,Porque se estacan las vistas,0
TNX,4C7xGubTL90,2022-05-17T09:27:49Z,@arezouxu,Wow !,0
TNX,4C7xGubTL90,2022-05-17T09:27:49Z,@Whyyyyyysosick,아 우경준...........,0
TNX,4C7xGubTL90,2022-05-17T09:27:48Z,@hasahito9652,"P Nation&#39;s First and New Boy Group <a href=""http://www.youtube.com/results?search_query=%23tnx"">#TNX</a>",0
TNX,4C7xGubTL90,2022-05-17T09:27:47Z,@twiceislife9805,TNX is life,0
TNX,4C7xGubTL90,2022-05-17T09:27:44Z,@arezouxu,Omg,0
TNX,4C7xGubTL90,2022-05-17T09:27:43Z,@bibill5010,Keren bat♡,0
TNX,4C7xGubTL90,2022-05-17T09:27:42Z,@elyarida7539,Edaaaaan tenan 👍👍👍👍,0
TNX,4C7xGubTL90,2022-05-17T09:27:40Z,@arezouxu,Cool,0
TNX,4C7xGubTL90,2022-05-17T09:27:38Z,@veronicajie,"The hits are different I can hardly believe this group that just debuted feels like a comeback from idols who have been in the music industry for a long time, you guys are cool",435
TNX,4C7xGubTL90,2022-05-17T09:27:34Z,@ayeongshin802,Love love love this!,0
TNX,4C7xGubTL90,2022-05-17T09:27:34Z,@arezouxu,Savage.........,0
TNX,4C7xGubTL90,2022-05-17T09:27:34Z,@mikokiko123,❤️❤️❤️,0
TNX,4C7xGubTL90,2022-05-17T09:27:32Z,@jihyo_ot9,Felicidades mis niños &lt;3,0
TNX,4C7xGubTL90,2022-05-17T09:27:32Z,@ajdkvhsg639,ang iyakin ko congrats tnx mahal ko kayo sobra,0
TNX,4C7xGubTL90,2022-05-17T09:27:29Z,@idontknowmyname2155,SHEEEEEEEESHHHHHHH TREND SETTERS!!!🔥🔥🔥🔥🔥,0
TNX,4C7xGubTL90,2022-05-17T09:27:29Z,@Nurulhid7,"HUWAAA, KLO GINI AKU YAKIN KEINGINAN KYUNGJUN BUAT BELI GEDUNG BARU UNTUK PNATION BAKAL TERKABUL. INI KEREN BANGETTT",0
TNX,4C7xGubTL90,2022-05-17T09:27:23Z,@さかな-b4d,👍👍👍,0
TNX,4C7xGubTL90,2022-05-17T09:27:23Z,@pscww1812,Way up way up way up. very addictive,0
TNX,4C7xGubTL90,2022-05-17T09:27:23Z,@cravityarabfan,Move from TNX&#39;s way they are coming to show you what is kpop,1
TNX,4C7xGubTL90,2022-05-17T09:27:22Z,@Raphael-2,"This is a solid song, and a solid group. But I want to be honest. <br>I expected this group to stand out from other boygroups since they&#39;re from P Nation, but this literally sounds and looks like the cliché of what every boy-group is doing right now.<br>They&#39;re doing it great but it doesn&#39;t stand out, it really blends too much in my opinion.<br>Also, from the first listening there is not a part that sticks in my head like a memorable melody. I feel like debut songs should have very catchy and memorable hooks but this song is more about rap and beat drop. I do remember their dancing and visuals though. Very good and powerful dancing and choreography.",0
TNX,4C7xGubTL90,2022-05-17T09:27:22Z,@Kskssuie,SLAYYY,0
TNX,4C7xGubTL90,2022-05-17T09:27:20Z,@sunshineenthusiast4590,MOVE BY TNX BEST DEBUT SONG 2022,0
TNX,4C7xGubTL90,2022-05-17T09:27:20Z,@listiyap,keren!!!!,0
TNX,4C7xGubTL90,2022-05-17T09:27:19Z,@heran____8200,もっと有名になりますように！💭💭💭,0
TNX,4C7xGubTL90,2022-05-17T09:27:16Z,@ynlypi8277,"<a href=""https://www.youtube.com/watch?v=4C7xGubTL90&amp;t=60"">1:00</a> - <a href=""https://www.youtube.com/watch?v=4C7xGubTL90&amp;t=69"">1:09</a> this junhyeok part fits his voice to well",1
TNX,4C7xGubTL90,2022-05-17T09:27:15Z,@aizhelledelacruz5520,im here before they got popular!,0
TNX,4C7xGubTL90,2022-05-17T09:27:14Z,@ayeongshin802,BEYOND AMAZING ❤️,0
TNX,4C7xGubTL90,2022-05-17T09:27:13Z,@leedothayang3610,finally the day is here !! thankyou tnx for this good debut song !,0
TNX,4C7xGubTL90,2022-05-17T09:27:12Z,@cici9140,"CONGRATS FOR UR DEBUT, GUYS. THE SONG WAS SO AMAZING!!! FIGHTING!!",0
TNX,4C7xGubTL90,2022-05-17T09:27:10Z,@farihanayli2497,lets goooo boyss,0
TNX,4C7xGubTL90,2022-05-17T09:27:09Z,@silverocketski,ببكي ابدعوا مره العوده تجنن,0
TNX,4C7xGubTL90,2022-05-17T09:27:08Z,@aurajena9366,"THIS SO COOLLL!! NICE SONG HWI, KYUNGJUN, JUNHYEOK. just wanna say for all of member tnx, you did it guysಥ‿ಥ i wanna cryyy, finally i can listen your debut song, after wait so long. <br>*sorry for my bad english",20
TNX,4C7xGubTL90,2022-05-17T09:27:08Z,@ab-sp2nc,slay!,0
TNX,4C7xGubTL90,2022-05-17T09:27:08Z,@mazzeruuu,Theyre outrageous! 💯❤️,0
TNX,4C7xGubTL90,2022-05-17T09:27:08Z,@hilaryaiskha9889,<b>proudly say that we’re here since day 1 ☝️</b>,0
TNX,4C7xGubTL90,2022-05-17T09:27:07Z,@shiyana1612,"I CAN SEE THEIR FUTURE, THEY ARE GOING TO BE SUCCESSFUL!!!",212
TNX,4C7xGubTL90,2022-05-17T09:27:07Z,@JamzelogistTM,This is absolutely sickening,0
TNX,4C7xGubTL90,2022-05-17T09:27:05Z,@ongseongwoo8630,Kukira umjigyo,0
TNX,4C7xGubTL90,2022-05-17T09:27:01Z,@Griemmy,P NATION IDENTITY,1
TNX,4C7xGubTL90,2022-05-17T09:26:58Z,@gamborinaga7366,Way too lit for a debut song!!! These boys never disappoint.,0
TNX,4C7xGubTL90,2022-05-17T09:26:57Z,@ayeongshin802,Omg OMG,0
TNX,4C7xGubTL90,2022-05-17T09:26:56Z,@Dan-dy1xt,LOVE THAT 🔥🔥❤️❤️,0
TNX,4C7xGubTL90,2022-05-17T09:26:53Z,@tori_2moos_776,классное начало пути) песня полностью в моем вкусе) удачи ребятам))),0
TNX,4C7xGubTL90,2022-05-17T09:26:53Z,@aizhelledelacruz5520,aahh we have exams tomorrow but this is more important  hehehhehehe,0
TNX,4C7xGubTL90,2022-05-17T09:26:52Z,@jaeahn_,"Proud to be a predebut stan - trust me, these boys are going FAR 🤙",1
TNX,4C7xGubTL90,2022-05-17T09:26:52Z,@Ak_0239,TNX  So Cute,0
TNX,4C7xGubTL90,2022-05-17T09:26:51Z,@patriciacabela8908,THEY ARE SO COOL!!! ROTY FOR SURE,0
TNX,4C7xGubTL90,2022-05-17T09:26:50Z,@purplesign6258,Congratulation for your debut TNX,0
TNX,4C7xGubTL90,2022-05-17T09:26:50Z,@hilaryaiskha9889,CONGRATULATIONS FOR YOUR DEBUT ❤️,0
TNX,4C7xGubTL90,2022-05-17T09:26:48Z,@山田太郎-k2y7g,Finally!!!!!!! Omg!!!!!!!,0
TNX,4C7xGubTL90,2022-05-17T09:26:46Z,@cici-inggris,Finally the debut day!,0
TNX,4C7xGubTL90,2022-05-17T09:26:46Z,@eunhwiiipogiii6052,Goin&#39; on my way on my way on my way,0
TNX,4C7xGubTL90,2022-05-17T09:26:45Z,@saraadhiva3487,&quot;Cuz no I&#39;m never falling down&quot;,0
TNX,4C7xGubTL90,2022-05-17T09:26:45Z,@paradisedream9366,FROM BEGINNING TO THE END LITERALLY EVERYTHING IS SO FINEE,30
TNX,4C7xGubTL90,2022-05-17T09:26:44Z,@tradleyevans3827,Popular opinion: TNX will be Rookie Of The Year,0
TNX,4C7xGubTL90,2022-05-17T09:26:43Z,@ngamkhawwangjen3865,Finally my university IDs coming to use,0
TNX,4C7xGubTL90,2022-05-17T09:26:41Z,@knocknock9369,the goosebumps says it all❤❤,0
TNX,4C7xGubTL90,2022-05-17T09:26:40Z,@majito7590,"Basta, no paro de llorar desde hace 26 minutos",0
TNX,4C7xGubTL90,2022-05-17T09:26:40Z,@Griemmy,"Missed these boys , so proud of them since Loud.",11
TNX,4C7xGubTL90,2022-05-17T09:26:39Z,@kamiliyashafna2303,NGGAK TAU MAU BILANG APA 😭😭😭😭 SELAMAT DEBUT UNTUK SEMUANYA 🎉🎉🎉🎉,1
TNX,4C7xGubTL90,2022-05-17T09:26:36Z,@لولي-ر9ق,😭🖤🖤,1
TNX,4C7xGubTL90,2022-05-17T09:26:35Z,@keziaa_,FINALLY!!,1
TNX,4C7xGubTL90,2022-05-17T09:26:33Z,@ifudontryuijinthenwhodou4765,Damn the Aussie boy is on fire🔥🔥,1
TNX,4C7xGubTL90,2022-05-17T09:26:33Z,@hilaryaiskha9889,<b>THANK YOU SO MUCH</b>,0
TNX,4C7xGubTL90,2022-05-17T09:26:33Z,@patrycjam5119,Wow this is so good im speechless,0
TNX,4C7xGubTL90,2022-05-17T09:26:33Z,@Candykim123,"Congratulation TNX <br>5tinnng<br>I like Rap part<br>As a fan since Loud program,I&#39;m very proud for U.",0
TNX,4C7xGubTL90,2022-05-17T09:26:31Z,@nl_fernandes,LINDOS PINDOS,0
TNX,4C7xGubTL90,2022-05-17T09:26:29Z,@virgo4049,WWWWWAAAAAAAAAAAAAAAAAAAAAAAAAAAAAAAAAAAAAAAAAAAAAAAAAAAAAAAAAAAAAAAAAAAAAAAAAAAAAAAAHHHHHHHHHHHHHHHHHHHHHHHH!!!!!!!!!!! 😭😭😭😭😍😍😍😍😍😍😍😍,0
TNX,4C7xGubTL90,2022-05-17T09:26:29Z,@ducktan4317,Been watching these boys since Loud! I’m extremely proud!! They’re going to make it big!  🤍,0
TNX,4C7xGubTL90,2022-05-17T09:26:27Z,@anushreyasinha8418,OMG!!!!! AS EXPECTEDD FROM TNX .. THIS WAS STRAIGHT UP FIREEEEEEEEEEE!!!!! I AM GLAD I WAS HERE WITH THEM FROM THE START.... OH GOD I HAVE NO WORDSSS  TO DESCRIBE HOW HAPPY AND SATISFIED I AM WITH THISS!!! TNX FIGHTINGG!!!!!,11
TNX,4C7xGubTL90,2022-05-17T09:26:25Z,@itsme.8725,"ga sia-sia nunggu lama, kwerendddd bgtttt plsss😭👏",1
TNX,4C7xGubTL90,2022-05-17T09:26:25Z,@Nurse_jh,🇹🇭🇹🇭🇹🇭🇹🇭🇹🇭🇹🇭,0
TNX,4C7xGubTL90,2022-05-17T09:26:24Z,@rebisaputri1707,please this is really crazy😭😭🥺🥵🔥,0
TNX,4C7xGubTL90,2022-05-17T09:26:22Z,@toiletskibid111,TOO ADDICTING,0
TNX,4C7xGubTL90,2022-05-17T09:26:22Z,@zahra5710,Wow you are so handsome I&#39;m a new fan,0
TNX,4C7xGubTL90,2022-05-17T09:26:22Z,@luto6674,After a long waiting i&#39;m here😭😭😭😭😭😭😭😭😭😭,1
TNX,4C7xGubTL90,2022-05-17T09:26:21Z,@Dan-dy1xt,WOW IS AMAZING!❤️❤️<br>PNATION IS RIGH HERE 👏👏🌟,0
TNX,4C7xGubTL90,2022-05-17T09:26:21Z,@cantaloupe8829,Congratulations for the debut,0
TNX,4C7xGubTL90,2022-05-17T09:26:20Z,@Park1bin0203,PNation 🔥🔥🔥🔥🔥🔥,0
TNX,4C7xGubTL90,2022-05-17T09:26:20Z,@paradisedream9366,OMG I LOVE THISSS,0
TNX,4C7xGubTL90,2022-05-17T09:26:20Z,@ajdkvhsg639,bikyeo daw dadaan ang maguuwi ng roty,0
TNX,4C7xGubTL90,2022-05-17T09:26:20Z,@fatihaaah,"The whole choreography is on ppooint, their expression is another level. THIS IS PNATION BABEH",266
TNX,4C7xGubTL90,2022-05-17T09:26:17Z,@adst.y6254,KERENN BANGETTT SII INIII,0
TNX,4C7xGubTL90,2022-05-17T09:26:14Z,@brendamateos9846,"Wow Bravo! Felicidades por su debut, definitivamente pnation esta haciendo un buen trabajo. Hwaiting! TNX.",1
TNX,4C7xGubTL90,2022-05-17T09:26:13Z,@cantaloupe8829,Taehun you did it,0
TNX,4C7xGubTL90,2022-05-17T09:26:13Z,@sexyprettylhadyme,Wow nice music video... (Speechless) so proud of them.... Congratz tnx your finaly debuted....,0
TNX,4C7xGubTL90,2022-05-17T09:26:12Z,@leezenini2594,THIS IS A MASTERPIECE!!!!!!!!!!!!!!!,0
TNX,4C7xGubTL90,2022-05-17T09:26:11Z,@nanakoue,“We P Nation”<br><br>YESSSSSSSSSS THEY ARE YOUNGER THAN ME BY HOW MANY YEARS BUT WHO CARES?????? STAAAAAAAAAAAAN<br><br>edit : btw CR? wut?,0
TNX,4C7xGubTL90,2022-05-17T09:26:10Z,@moon3261,"Gosh, this is crazy as debut song! This song deserve to flex omg",0
TNX,4C7xGubTL90,2022-05-17T09:26:09Z,@maraclarence3484,Congratulationsssssssssss TNX!!! So excited to see this performance on stage!!! ^_^,0
TNX,4C7xGubTL90,2022-05-17T09:26:08Z,@марияпан,супер удачи в дебюте!!!,0
TNX,4C7xGubTL90,2022-05-17T09:26:07Z,@riskachan4272,Keren bangetttt,0
TNX,4C7xGubTL90,2022-05-17T09:26:07Z,@ann-bb9im,lagu nya enak bgt pls T-T,0
TNX,4C7xGubTL90,2022-05-17T09:26:06Z,@jeremieserio5985,Lets give all the Support to TNX . they deserve it ❤️,1
TNX,4C7xGubTL90,2022-05-17T09:26:05Z,@theppluu,&lt;3,0
TNX,4C7xGubTL90,2022-05-17T09:26:05Z,@GeologistToBe,Congratulations on your debut boys,0
TNX,4C7xGubTL90,2022-05-17T09:26:04Z,@mashidam2804,Ang ganda ng music nila 🔥😭❤️❤️,0
TNX,4C7xGubTL90,2022-05-17T09:26:02Z,@myatmyintzu7305,Happy debut babies !!,0
TNX,4C7xGubTL90,2022-05-17T09:26:01Z,@adst.y6254,KYUNGJUN PARTTTTT,0
TNX,4C7xGubTL90,2022-05-17T09:26:01Z,@nisaa4400,Daebak serious daebakkkanbduwbsjbeia,0
TNX,4C7xGubTL90,2022-05-17T09:26:00Z,@purpleriku,i have no idea who these boys are but… THIS SONG IS AMAZING!!!!!!,0
TNX,4C7xGubTL90,2022-05-17T09:25:59Z,@theppluu,so good,0
TNX,4C7xGubTL90,2022-05-17T09:25:59Z,@dkssdfpxd7333,I haven’t been this excited about a new boygroup in a while! They killed it!,8
TNX,4C7xGubTL90,2022-05-17T09:25:59Z,@rhodanaw3340,Yes! Finally masterpiece is out! Move and Make a way for them! 🔥🔥🔥🔥🔥🔥,0
TNX,4C7xGubTL90,2022-05-17T09:25:59Z,@alysonzorrillagarcia6247,SO GOOD SONG AND CHOREO. AN AMAZING DEBUT,0
TNX,4C7xGubTL90,2022-05-17T09:25:59Z,@veronicajie,Yes it&#39;s TNX debut really well it&#39;s just the beginning but they made it a great masterpiece,1
TNX,4C7xGubTL90,2022-05-17T09:25:59Z,@hannahpark1665,CONGRATULATIONS🥹🤍,0
TNX,4C7xGubTL90,2022-05-17T09:25:59Z,@Kinotaroni,"shh, get out of my way B)",0
TNX,4C7xGubTL90,2022-05-17T09:25:58Z,@cantaloupe8829,I&#39;m so proud of my six boys,0
TNX,4C7xGubTL90,2022-05-17T09:25:57Z,@athirahwahidah,Slayyy boyyyyyyu will support you guys in the future🤘🏾🤘🏾🤘🏾🤘🏾 in love with this kind of song and concept💅🏻💅🏻💅🏻💅🏻💅🏻 you guys nailed it sm slay boyyyyyyu🥨,0
TNX,4C7xGubTL90,2022-05-17T09:25:57Z,@ilovegongcha123,This needs to blow up they slay,0
TNX,4C7xGubTL90,2022-05-17T09:25:55Z,@jeanheartuee4066,"This part of Hwi that is so addicting --&gt; <a href=""https://www.youtube.com/watch?v=4C7xGubTL90&amp;t=120"">2:00</a>",38
TNX,4C7xGubTL90,2022-05-17T09:25:55Z,@yumark23,It&#39;s a whole masterpiece our talented boys TNX,0
TNX,4C7xGubTL90,2022-05-17T09:25:54Z,@nabilah183,"Hwi’s rap is truly amazing, truly a new generation of kings",0
TNX,4C7xGubTL90,2022-05-17T09:25:51Z,@windy8459,keren banget kalian,0
TNX,4C7xGubTL90,2022-05-17T09:25:50Z,@retnopratiwi5985,YES BOYSSS,0
TNX,4C7xGubTL90,2022-05-17T09:25:50Z,@왕밤빵-h1e,대박이다....!! 벌써부터 빌보트차트 쓸어버리는 미래가 보인다😭😭😭😭!!,0
TNX,4C7xGubTL90,2022-05-17T09:25:49Z,@frutgummi,THEY DID NOT DISAPPOINT,0
TNX,4C7xGubTL90,2022-05-17T09:25:49Z,@adst.y6254,AAAAA FINALLY!!!,0
TNX,4C7xGubTL90,2022-05-17T09:25:46Z,@yeftamaria8511,드디어 내가 기다리던 것이 나왔다,0
TNX,4C7xGubTL90,2022-05-17T09:25:44Z,@karima1341,"i’ve been waiting for their debut😭😭finally!!!😭😭 bright future ahead guys, be ready❤️❤️",0
TNX,4C7xGubTL90,2022-05-17T09:25:44Z,@himehana3436,OMG IM SO PROUD OF THEMM...YOU GUYS MAKE ME CRIED T-T,6
TNX,4C7xGubTL90,2022-05-17T09:25:43Z,@Jessica-fy6ts,Ok this has to be my favorite debut of 2022. <br>I only heard it once and it&#39;s already stuck in my head! <br>And the Pre-Chorus is amazing!!,10
TNX,4C7xGubTL90,2022-05-17T09:25:43Z,@appledd6080,Woo 너무좋아.... 역시 P Nation 다 ...,0
TNX,4C7xGubTL90,2022-05-17T09:25:42Z,@cantaloupe8829,The debut,0
TNX,4C7xGubTL90,2022-05-17T09:25:42Z,@llullaulla_,CONGRATS BOYS,1
TNX,4C7xGubTL90,2022-05-17T09:25:41Z,@munji-1,찢었다!!!!!!! 진짜 너무 멋져 tnx!,1
TNX,4C7xGubTL90,2022-05-17T09:25:41Z,@kiadyjulianaeugenieravaoar562,❤️‍🔥❤️‍🔥❤️‍🔥,0
TNX,4C7xGubTL90,2022-05-17T09:25:41Z,@sai3710,"Congratulations on your debut boys! As a loud stan, i&#39;m so proud of you guys 💖 you did very well!",1
TNX,4C7xGubTL90,2022-05-17T09:25:38Z,@cravityarabfan,Rookie of the year,1
TNX,4C7xGubTL90,2022-05-17T09:25:38Z,@JayaLakshmi-lg8jv,its suppppperrr amazingg....loved it,0
TNX,4C7xGubTL90,2022-05-17T09:25:37Z,@ann-bb9im,KEREN BANGETT,0
TNX,4C7xGubTL90,2022-05-17T09:25:35Z,@Dan-dy1xt,AHHHHH I LOVE THAT❤️👏,0
TNX,4C7xGubTL90,2022-05-17T09:25:34Z,@annettesnead4700,My next 6 Kings❤️,1
TNX,4C7xGubTL90,2022-05-17T09:25:33Z,@riskachan4272,Kyungjun so handsome,0
TNX,4C7xGubTL90,2022-05-17T09:25:30Z,@cherryplays4974,PLEASEEE JUN HYEOK 😭😭😭😭,0
TNX,4C7xGubTL90,2022-05-17T09:25:27Z,@alyssaramirez5698,SLAYEDDD💗🔥,0
TNX,4C7xGubTL90,2022-05-17T09:25:26Z,@silverocketski,مابغينا تنزل,0
TNX,4C7xGubTL90,2022-05-17T09:25:26Z,@ami4510,"I&#39;m so proud to stan them from the beginning,,,, their song is 🔥 😩",7
TNX,4C7xGubTL90,2022-05-17T09:25:25Z,@yayay1112,VIBINGG HARD,0
TNX,4C7xGubTL90,2022-05-17T09:25:25Z,@kimseonho9146,Sungjun&#39;s part in lalallalal is awesome👍,0
TNX,4C7xGubTL90,2022-05-17T09:25:24Z,@tehamuhammad5924,Iam quite early 😔hshshs,0
TNX,4C7xGubTL90,2022-05-17T09:25:23Z,@영나열,TNX ~ 멋져요♡♡♡♡♡최고의 그룹이 될거에요!!!!!,0
TNX,4C7xGubTL90,2022-05-17T09:25:22Z,@theppluu,"esperé este debut con ansias, y no me ha  defraudado. vuelvo a decir que tienen mucho talento &lt;3",1
TNX,4C7xGubTL90,2022-05-17T09:25:20Z,@serendipity7836,Way up way up way up,0
TNX,4C7xGubTL90,2022-05-17T09:25:18Z,@rcypark909,Woah,0
TNX,4C7xGubTL90,2022-05-17T09:25:17Z,@liyaziqah,Really really like the voice love <br>I support them since loud omg i can&#39;t believe that i see them rn <br>TNX 화이팅 🤍,0
TNX,4C7xGubTL90,2022-05-17T09:25:16Z,@kimbab1794,와아아 대박... 데뷔 축하해 티엔엑스,0
TNX,4C7xGubTL90,2022-05-17T09:25:16Z,@fatihaaah,I LOVE YALL CONGRATS AGAINNNN,0
TNX,4C7xGubTL90,2022-05-17T09:25:13Z,@nabilacandra1822,WOWOWOWOWWWW 🤍🤍🤍,0
TNX,4C7xGubTL90,2022-05-17T09:25:12Z,@azzuusa,PALING KEREN,0
TNX,4C7xGubTL90,2022-05-17T09:25:11Z,@tasyaauliani3269,lets str3aming guys,0
TNX,4C7xGubTL90,2022-05-17T09:25:08Z,@benyapanoinit8986,คือดีย์~~~~~,0
TNX,4C7xGubTL90,2022-05-17T09:25:07Z,@누구-g3d,진짜 너무 좋아..ㅠㅠㅠ<br>여기까지 오느라 다들 수고했어요..ㅠㅠㅠ<br>이제 다같이 새로운 시작으로 화이팅해요!!!!!❤️❤️❤️,0
TNX,4C7xGubTL90,2022-05-17T09:25:06Z,@xxli9954,デビューおめでとう！！,0
TNX,4C7xGubTL90,2022-05-17T09:25:05Z,@amaliatheastronautjin2136,"TNX уже здесь, и этот дебют кажется их самым долгожданным возвращением.",0
TNX,4C7xGubTL90,2022-05-17T09:25:05Z,@aquburiq5616,"best birthday gift, thankyou and congrats my baby!!! 🥳🥳🥳🥳",0
TNX,4C7xGubTL90,2022-05-17T09:25:04Z,@nursyazwani3182,OMG SO LIT ! Congratulations TNX for your debut today ! ♡,0
TNX,4C7xGubTL90,2022-05-17T09:25:03Z,@zehracelen1462,çıkış mükemmel yanlız ilerde en iyi erkek grublarından biri olabilir,0
TNX,4C7xGubTL90,2022-05-17T09:25:02Z,@Lhgvnjjhg,Happy debut,0
TNX,4C7xGubTL90,2022-05-17T09:25:00Z,@jso670,OMGGGGGGGGG,0
TNX,4C7xGubTL90,2022-05-17T09:25:00Z,@ashe_0777,how is this so good??? this is my new fave song lmao,1
TNX,4C7xGubTL90,2022-05-17T09:24:58Z,@cherry-candy7291,MSD OS MAIORES! LENDINHAS DE MAIS!👏💗,0
TNX,4C7xGubTL90,2022-05-17T09:24:58Z,@_imvhnnhkim286,THIS IS THE STANDARD !!!,0
TNX,4C7xGubTL90,2022-05-17T09:24:57Z,@hazreenhamidon5977,I AM SO PROUD OF MY BOYS. FINALLY TNX DEBUTED! FIGHTING TNX!!! You got all my support ♡,0
TNX,4C7xGubTL90,2022-05-17T09:24:55Z,@vaishnavii09_,Let me just say this- all are EXCELLENT but something about Cheon Jun Hyeok is so mesmerising. His presence is seriously no joke. The way he makes use of his voice and attitude is so impressive. He really killed it.,0
TNX,4C7xGubTL90,2022-05-17T09:24:52Z,@angelinalaura15,SOOOO GOOODDDDDD AHANAUWJWNYWGWGW,0
TNX,4C7xGubTL90,2022-05-17T09:24:51Z,@mutiarasyakilla6331,This is cool,0
TNX,4C7xGubTL90,2022-05-17T09:24:49Z,@ddeonulights8292,"After waiting for months, finally our pnation boys debuted. I&#39;m so proud of you guys♡",9
TNX,4C7xGubTL90,2022-05-17T09:24:49Z,@tellyscope4529,OKAYYYY KINGGSSSS 😈😈😈 You guys have all already made it so far since Loud. Cant wait to see you guys grow even more!!,0
TNX,4C7xGubTL90,2022-05-17T09:24:48Z,@n-chan1070,Cant wait to see them on music show.... Keep streaming,1
TNX,4C7xGubTL90,2022-05-17T09:24:46Z,@raranrrr___wkwk,나는 오랫동안 기다려왔다. 나는 그것을 아주 많이 좋아. 항상 춤추고 싶게 만드는 음악.<br>TNX가 인기가요에서 데뷔할 날이 정말 기대됩니다💓💓💓<br>이것은 정말 pnation이다,0
TNX,4C7xGubTL90,2022-05-17T09:24:45Z,@hyeonxy,"selamat sayang buat debutnya!! semoga kedepannya kalian sukses and bahagia ya❤️ kalopun bakal ada masalah yang dateng ayo lewatin bareng bareng, ily🥰💞",0
TNX,4C7xGubTL90,2022-05-17T09:24:41Z,@dikshyabhattarai5879,"These guys totally came blowing up like &quot;move&quot;, It&#39;s our  time to  shine now. ahhhhhhhhhhhh<br>totally anticipated it to be this good. Cogratulations boys! Its time to RISE AND SHINE🎇",32
TNX,4C7xGubTL90,2022-05-17T09:24:40Z,@pearlysarkar5865,Woohhh!!!!! TNX is here...... The song is so addicting and the music 🎶 so strong 🔥🔥🔥👌loved it 💙 way up way up,0
TNX,4C7xGubTL90,2022-05-17T09:24:39Z,@arwaisthinking,واو,0
TNX,4C7xGubTL90,2022-05-17T09:24:39Z,@azzuusa,ADUU GUA MO NANGISSSS,0
TNX,4C7xGubTL90,2022-05-17T09:24:39Z,@khoirunnisanurulfadhilah7116,IM CRYING RN BESTIE YOU ARE SO DAMNNN COOL,0
TNX,4C7xGubTL90,2022-05-17T09:24:39Z,@tsnextd0or,Keren banget bege,0
TNX,4C7xGubTL90,2022-05-17T09:24:39Z,@bangajieh,Bagus,1
TNX,4C7xGubTL90,2022-05-17T09:24:38Z,@serendipity7836,"This song is beautiful, i liked them!",1
TNX,4C7xGubTL90,2022-05-17T09:24:38Z,@stowberipark1815,CONGRATULATIONS FOR DEBUT TNX 🔥🔥🔥🎉🎉🎊🎊 STREAM &#39;MOVE&#39; YOU GUYS 💗💗💗,0
TNX,4C7xGubTL90,2022-05-17T09:24:37Z,@miakim7311,This is from?,0
TNX,4C7xGubTL90,2022-05-17T09:24:37Z,@latifehmoravej4331,So proud of TNX <br>They&#39;re indeed amazing,0
TNX,4C7xGubTL90,2022-05-17T09:24:37Z,@catya.s.5700,Perfeitos 🥰🥰🥰🥰🥰🥰,0
TNX,4C7xGubTL90,2022-05-17T09:24:36Z,@yeeez0124,Loud终于出道了♥️♥️♥️♥️♥️♥️♥️♥️ LOUD成员都喜欢❤️❤️❤️❤️❤️❤️❤️,0
TNX,4C7xGubTL90,2022-05-17T09:24:34Z,@ennattwn,doesnt sound like a debut song. THIS SONG IS SO SICK SHEEEESHH I LOVE IT SO MUCHHH!!! CANT WAIT TO SEE THEIR STAGE PERFORMANCE 🙈🔥,39
TNX,4C7xGubTL90,2022-05-17T09:24:33Z,@kankan6850,this is cool!!🇹🇭🇹🇭🇰🇷🇰🇷,0
TNX,4C7xGubTL90,2022-05-17T09:24:32Z,@luvminlight,I&#39;ve been waiting for this day so long 🖤😭,1
TNX,4C7xGubTL90,2022-05-17T09:24:31Z,@cyreal6869,Wow! TNX! I’m just in awe of how great this debut is! I am rooting for all your success! I love the debut!,0
TNX,4C7xGubTL90,2022-05-17T09:24:30Z,@kpopaddicted460,Oh my gosh! These boys are fucking cool 😎,0
TNX,4C7xGubTL90,2022-05-17T09:24:30Z,@taemin3496,CONGRATULATIONS FOR UR DEBUT THE NEW SIX....,1
TNX,4C7xGubTL90,2022-05-17T09:24:29Z,@athenarevey6484,Wow🥺✨<br>I..I wow <br>I need waiting and I’m so happy I did <br>They are good ❤️<br>TNX welcome to my family ✨,0
TNX,4C7xGubTL90,2022-05-17T09:24:24Z,@장설야12,This reminds me of squid game and don’t breathe(background),0
TNX,4C7xGubTL90,2022-05-17T09:24:23Z,@robiejanecarnecer397,Huhuhuh...I&#39;m so happy my babies....Hugh juju congrats my boys..,0
TNX,4C7xGubTL90,2022-05-17T09:24:23Z,@tsnextd0or,Gilakk,0
TNX,4C7xGubTL90,2022-05-17T09:24:22Z,@n-chan1070,Omg...❤️❤️❤️❤️,0
TNX,4C7xGubTL90,2022-05-17T09:24:21Z,@aulila1805,Happy debut TNX.,0
TNX,4C7xGubTL90,2022-05-17T09:24:19Z,@벤츠마이박으,"TNX 비켜 쇼케이스 무대영상 <a href=""https://www.youtube.com/watch?v=FSFkToiEF7M"">https://youtu.be/FSFkToiEF7M</a>",0
TNX,4C7xGubTL90,2022-05-17T09:24:18Z,@andincyaofficial5315,Kereeeen,0
TNX,4C7xGubTL90,2022-05-17T09:24:18Z,@nurinnajwa4671,I&#39;VE BEEN WAITINGGGGG FOR THIS,0
TNX,4C7xGubTL90,2022-05-17T09:24:17Z,@prabhatikagurung,Insaneeereee,0
TNX,4C7xGubTL90,2022-05-17T09:24:15Z,@kalilakim2572,우리 애들 멋있따 ㅠㅠ,0
TNX,4C7xGubTL90,2022-05-17T09:24:14Z,@elianabyun3149,slayyy...🥺❣,0
TNX,4C7xGubTL90,2022-05-17T09:24:13Z,@azzuusa,HWI RAP LINE THO * CRYING DYING SCREAMING *,0
TNX,4C7xGubTL90,2022-05-17T09:24:12Z,@wooseokai905,WOW!!!😭😭😭,0
TNX,4C7xGubTL90,2022-05-17T09:24:11Z,@Jennifer_jjk,😩🔥💕💕💕💕💕💕,0
TNX,4C7xGubTL90,2022-05-17T09:24:11Z,@nurulfarisha8259,TNX❤️❤️❤️,1
TNX,4C7xGubTL90,2022-05-17T09:24:11Z,@لولي-ر9ق,😭🖤🖤🖤🖤,0
TNX,4C7xGubTL90,2022-05-17T09:24:09Z,@mint7952,ずっと楽しみにしてたデビュー！<br>本当におめでとう♡<br>色々あったけどやっぱりみんなのパフォーマンスする姿は最高にかっこいい！TNXが沢山の人の目にふれますように。<br><br>응원하고 있어〜♡<br>사랑해 사랑해♡,0
TNX,4C7xGubTL90,2022-05-17T09:24:09Z,@복실-g9z,태훈아 데뷔 축하해🎉🎉 다치지 않게 활동 조심히 해!! TNX 화이팅👊🏻👊🏻👊🏻,0
TNX,4C7xGubTL90,2022-05-17T09:24:06Z,@Rebekadelgado,FINALLY!! I FEEL SO PROUD! 💕💕 <br>&quot;We p nation!&quot;<br>&quot;Move move&quot;,22
TNX,4C7xGubTL90,2022-05-17T09:24:04Z,@moluvchu,"oh myyyyy, so good!!!",1
TNX,4C7xGubTL90,2022-05-17T09:24:01Z,@ourdeardaniel104,TNX IS HE BEST,0
TNX,4C7xGubTL90,2022-05-17T09:24:01Z,@celiaasma331,Yeeeeeeee! ❤️,1
TNX,4C7xGubTL90,2022-05-17T09:23:59Z,@kaasa1597,SUKAAA BANGET,0
TNX,4C7xGubTL90,2022-05-17T09:23:59Z,@nisakunanti5888,"Eunhwi... will support you boys from zero to hero, hwating!!!!",0
TNX,4C7xGubTL90,2022-05-17T09:23:59Z,@nooramanninen,💪🏼,0
TNX,4C7xGubTL90,2022-05-17T09:23:58Z,@jejen3655,🫶🏻🫶🏻,0
TNX,4C7xGubTL90,2022-05-17T09:23:57Z,@quokka9323,congrats TNX!! this song is so good &lt;3,1
TNX,4C7xGubTL90,2022-05-17T09:23:55Z,@aacie,Is this a debut or a comeback? Hahaha. It feels like they&#39;ve already debuted a long time ago in Loud! Good job guys!,0
TNX,4C7xGubTL90,2022-05-17T09:23:53Z,@veronicajie,Baru debut aja udah keren woyyy,2
TNX,4C7xGubTL90,2022-05-17T09:23:53Z,@arindahayuu,"P nation good job, TNX really got me to their fandom..",0
TNX,4C7xGubTL90,2022-05-17T09:23:52Z,@Miraclesontheway-c2d,Omg I’m sooo happy that they finally debuted;)😭🥺💜,0
TNX,4C7xGubTL90,2022-05-17T09:23:51Z,@sefa8528,HI BABY BOSS,0
TNX,4C7xGubTL90,2022-05-17T09:23:50Z,@ennattwn,here before this songs goes viral! damn the song was so sick im alrdy addicted of it on my first watch huhu junhyeok saying  &quot;비 켜라 비켜&quot; is addicting huhu my baby,0
TNX,4C7xGubTL90,2022-05-17T09:23:50Z,@elenasusanalex5788,I feel like a proud mother🥺🥲✨,0
TNX,4C7xGubTL90,2022-05-17T09:23:49Z,@dingdongcarrot2293,OMG!!!,0
TNX,4C7xGubTL90,2022-05-17T09:23:44Z,@geeory_,Im so proud of you guys!😭💗,1
TNX,4C7xGubTL90,2022-05-17T09:23:42Z,@seinpwint4248,너무 잘해  애들이 천준혁 왜 너무 잘해니,0
TNX,4C7xGubTL90,2022-05-17T09:23:42Z,@イエナアアア,カッコイイ！！！！！！！<br>記念すべきデビュー曲！！<br>おめでとう🥲✨✨✨,0
TNX,4C7xGubTL90,2022-05-17T09:23:42Z,@theus2670,worth the long wait! 비켜 너무 좋아! pnation take care of them!<br><br>Kyungjun<br>Taehun<br>Hyunsoo<br>Junhyeok<br>Hwi<br>Sungjun<br><br>Congrats on you debut!,4
TNX,4C7xGubTL90,2022-05-17T09:23:38Z,@Ily143_,Koki😢😢😢😢😢,0
TNX,4C7xGubTL90,2022-05-17T09:23:38Z,@ww3739,기다렸다~~~~~~,0
TNX,4C7xGubTL90,2022-05-17T09:23:37Z,@Teffwsgd,AMOOOO!!!!!!nueva canción favorita 😭💗💗💗,0
TNX,4C7xGubTL90,2022-05-17T09:23:36Z,@vaishnavii09_,Wow. JUST WOW. I’ve been waiting for them almost a year now- FIANLLY😭,0
TNX,4C7xGubTL90,2022-05-17T09:23:35Z,@Kinotaroni,keren :3,0
TNX,4C7xGubTL90,2022-05-17T09:23:34Z,@arifhakim7397,CONGRATULATIONS TNX !!!!!!!,1
TNX,4C7xGubTL90,2022-05-17T09:23:34Z,@THX_BETH_123,Wooooow su debut es asombroso!!!🔥💟🔥❤️🎉💪☺️✨,1
TNX,4C7xGubTL90,2022-05-17T09:23:34Z,@DigitalBeautyCampusDivas,We pnation yasss babe,0
TNX,4C7xGubTL90,2022-05-17T09:23:33Z,@oppooppo8597,Love all of them 🥰❤️ love songs 💜💜,0
TNX,4C7xGubTL90,2022-05-17T09:23:31Z,@oohtitha7154,thisss MV sooo coolll,0
TNX,4C7xGubTL90,2022-05-17T09:23:30Z,@anajordan5536,Wow lagunya bagus😍👍,0
TNX,4C7xGubTL90,2022-05-17T09:23:28Z,@veronicajie,AAAAAAAAAA AKHIRNYA DEBUT DAY SUKSES SELALU GUYS KALIAN KEREN BANGETTT,1
TNX,4C7xGubTL90,2022-05-17T09:23:27Z,@idowubenita4516,This is how to make a debut...wow just wow,1
TNX,4C7xGubTL90,2022-05-17T09:23:26Z,@anaswaras1110,OH MY GOD  THIS DEBUT IS A BOP LIKE THE VOCALS THE RAP THE DANCE THE PERFORMANCE OF EACH MEMBER ITS SOO GOOD .<br>I LOVED THIS MV THE DANCE IS TOP NOTCH TOO,0
TNX,4C7xGubTL90,2022-05-17T09:23:25Z,@shrutisinha2855,Debut of pros not rookies,1
TNX,4C7xGubTL90,2022-05-17T09:23:23Z,@Doremivita,Kerenn bangett,0
TNX,4C7xGubTL90,2022-05-17T09:23:22Z,@sefa8528,Visual number 1<br>Vocal  number 1<br>Rap     number 1<br>Dance number 1<br>Group number 1,1
TNX,4C7xGubTL90,2022-05-17T09:23:22Z,@newjeans3483,Roty indeed,0
TNX,4C7xGubTL90,2022-05-17T09:23:17Z,@8lowme8,WE ARE GONNA MAKE IT LOUDER 🔥🔥🔥,1
TNX,4C7xGubTL90,2022-05-17T09:23:17Z,@vaishnavii09_,LOVE THIS HOLY FUCK,0
TNX,4C7xGubTL90,2022-05-17T09:23:16Z,@newjeans3483,This is so good,0
TNX,4C7xGubTL90,2022-05-17T09:23:14Z,@rayou5,Hwi&#39;s rap was unexpected,0
TNX,4C7xGubTL90,2022-05-17T09:23:13Z,@DigitalBeautyCampusDivas,Yasssss,0
TNX,4C7xGubTL90,2022-05-17T09:23:12Z,@indahramadhani9871,GUYSSSSS YOU&#39;RE SO COOL SO FIREEEE🔥🔥🔥🔥🔥🔥,0
TNX,4C7xGubTL90,2022-05-17T09:23:11Z,@billie_203,대박,0
TNX,4C7xGubTL90,2022-05-17T09:23:11Z,@moon3261,"Congratulations Boys! You deserve all the love we will look forward to future. Fighting, we will root for y&#39;all",0
TNX,4C7xGubTL90,2022-05-17T09:23:10Z,@vaishnavii09_,THEY ATEEEEE,0
TNX,4C7xGubTL90,2022-05-17T09:23:10Z,@Kinotaroni,what is CR,0
TNX,4C7xGubTL90,2022-05-17T09:23:07Z,@jennierubyjane5617,This song going on high quality,0
TNX,4C7xGubTL90,2022-05-17T09:23:07Z,@elyarida7539,Why i felt like i watch boy grup from waiji,0
TNX,4C7xGubTL90,2022-05-17T09:23:06Z,@luceziffer7675,Damn I really like their rappers and the song in general in really good. One of my favourite if not my favourite debut this year,0
TNX,4C7xGubTL90,2022-05-17T09:23:04Z,@puterinabella2874,aaaaa very proudddd🖤,0
TNX,4C7xGubTL90,2022-05-17T09:23:03Z,@user-ym1xs6ug2w,มีคนไทยมาแถวนี้มั๊ย ถ้ามีจะบอกว่าTNX เบอร์1เจน4นะ ไม่รับความเห็นต่าง,0
TNX,4C7xGubTL90,2022-05-17T09:23:03Z,@hcM2j4KblcFu,ほんとにみんな大好き<br>デビューおめでとう,1
TNX,4C7xGubTL90,2022-05-17T09:23:02Z,@pocoyo2688,TNx!!,0
TNX,4C7xGubTL90,2022-05-17T09:23:00Z,@newchanhee2519,เพราะมากเลยค่ะถึงจะอ่านไม่ออกก็เถอะแต่อยากจะบอกว่าเพราะมากๆเลยค่ะ😖Eun Hwi is so cute🥺🤏🏻✌🏻❤️❤️❤️❤️,1
TNX,4C7xGubTL90,2022-05-17T09:22:59Z,@sollyze,Wow es super adictiva,1
TNX,4C7xGubTL90,2022-05-17T09:22:57Z,@zhen6977,manifesting ROOKIE OF THE YEAR 🤞🤞🤞,0
TNX,4C7xGubTL90,2022-05-17T09:22:53Z,@Kinotaroni,WELL DONE TNX,0
TNX,4C7xGubTL90,2022-05-17T09:22:52Z,@renok6241,the rap is good!! but cr is a clue for sure,0
TNX,4C7xGubTL90,2022-05-17T09:22:50Z,@y4wrns,CAN&#39;T WAIT FOR OUR NAME😭,0
TNX,4C7xGubTL90,2022-05-17T09:22:48Z,@fitriany6678,KEREN BGT WEHHH😭 LANGSUNG NYANTOL LAGUNYAA,0
TNX,4C7xGubTL90,2022-05-17T09:22:48Z,@sewi33,"&quot;go straight up without zigzagging, like elevator &quot; -TNX 2022!!!<br>So happy for them 😭❤️so proud they really look so professional ❤️",9
TNX,4C7xGubTL90,2022-05-17T09:22:46Z,@kwnsnyng3644,FINALLYYYYY🥳❤️!,0
TNX,4C7xGubTL90,2022-05-17T09:22:46Z,@jennierubyjane5617,Their Visual is another level,0
TNX,4C7xGubTL90,2022-05-17T09:22:45Z,@Kinotaroni,tnx,0
TNX,4C7xGubTL90,2022-05-17T09:22:45Z,@veronicajie,너무 신선하고 다른 히트작이 있어요 여러분 멋져요,1
TNX,4C7xGubTL90,2022-05-17T09:22:45Z,@yuri-bq9ch,デビューおめでとう🥳<br>めちゃくちゃかっこいい😭✨<br>ずっとこの日を待ってたよ！<br>PNATION!ってかんじの曲で何回も聴いちゃう！<br>これからもずっと応援します！,0
TNX,4C7xGubTL90,2022-05-17T09:22:45Z,@alyssa5400,IO SONO SOTTO SHOCK. IO VI AMO.,0
TNX,4C7xGubTL90,2022-05-17T09:22:45Z,@shomatchaa4788,PROUD OF TNX 💗,0
TNX,4C7xGubTL90,2022-05-17T09:22:43Z,@cubycup293,GILAAAA KEREN BANGETTT EWWW&gt;&lt;,0
TNX,4C7xGubTL90,2022-05-17T09:22:43Z,@user-qe3sl4fs2e,"INI KEREN BANGET DEMI APAPUN, MUSIKNYA TUH LANGSUNG MASUK DI KUPING!!!!",0
TNX,4C7xGubTL90,2022-05-17T09:22:42Z,@staaatiny0310,Woooaahh! A powerful song for a powerful debut!!!,0
TNX,4C7xGubTL90,2022-05-17T09:22:42Z,@PRIMEEDITSPLAYHOUSE-x2b,guys can somebody explain what happened too koki? he was their during loud right?,0
TNX,4C7xGubTL90,2022-05-17T09:22:41Z,@Diana-zj4us,OMGGGGG ESSE DEBUT ESTÁ TUDO DE BOM!!! CARA EU ACORDEI 5H SÓ PARA ASSISTIR O DEBUT DOS MENINOS...SÉRIO QUE ORGULHO &lt;3♡♡♡,8
TNX,4C7xGubTL90,2022-05-17T09:22:41Z,@sherlyanandaazalia8860,"KEREN BANGETTTTTTTTTT, APALAGI RAP NYA HWII",0
TNX,4C7xGubTL90,2022-05-17T09:22:41Z,@hybeandseek,TNX 🤍,0
TNX,4C7xGubTL90,2022-05-17T09:22:40Z,@monkee2079,damn this is good,0
TNX,4C7xGubTL90,2022-05-17T09:22:40Z,@sweetly4376,Aaaaaaa..... Kerenn,0
TNX,4C7xGubTL90,2022-05-17T09:22:39Z,@tetsu90,kereeen euy,0
TNX,4C7xGubTL90,2022-05-17T09:22:39Z,@RISET,YES IM GETTING OUT OF YOUR WAY KINGS,0
TNX,4C7xGubTL90,2022-05-17T09:22:39Z,@seri8997,Congratulations! We stand together!:),0
TNX,4C7xGubTL90,2022-05-17T09:22:38Z,@ergohtike6178,비켜라 비켜,0
TNX,4C7xGubTL90,2022-05-17T09:22:36Z,@hybeandseek,TNX 🖤,0
TNX,4C7xGubTL90,2022-05-17T09:22:36Z,@zeldacat777,"Well done boys, you did it! How exciting must this day be for you!!<br>The song is perfect for a cool powerful debut (it sounds very PSY reminds me a bit of the song they did on LOUD, the Jessi cover), visuals crazy and MV very sleek. 👏<br>Choreo is 🔥 too and I love the confidence. Yep get out of their way everybody TNX is here!",0
TNX,4C7xGubTL90,2022-05-17T09:22:36Z,@Kinotaroni,HEY DONT STOP BUMP INTO IT ~~~~,0
TNX,4C7xGubTL90,2022-05-17T09:22:35Z,@ajdkvhsg639,why did the v1ews only 4k but the likes are 14k yt we are not playing with u,0
TNX,4C7xGubTL90,2022-05-17T09:22:33Z,@kristinas.6386,Strong this is very strong debiute!!!,0
TNX,4C7xGubTL90,2022-05-17T09:22:32Z,@wayagyee354,finallyyyyyyy this is such a boppp,0
TNX,4C7xGubTL90,2022-05-17T09:22:31Z,@ninuninungeng8395,give them your best promotion strategy guys let world know them,0
TNX,4C7xGubTL90,2022-05-17T09:22:31Z,@bluetimee7165,3M PO YUNG GOALLLSS WAG PURO KILIG ANG AMBAG HAHAHAHAHHAAH,0
TNX,4C7xGubTL90,2022-05-17T09:22:30Z,@chivi3529,"Mrs.PSY sus nuevos chicos....SON LO MÁXIMO!!! WUAOOOO, ME ENCANTÓ 😊",0
TNX,4C7xGubTL90,2022-05-17T09:22:29Z,@idyllic8372,cok iyi,0
TNX,4C7xGubTL90,2022-05-17T09:22:29Z,@jameskazama710,Wow,0
TNX,4C7xGubTL90,2022-05-17T09:22:28Z,@hybeandseek,TNX ❤️,0
TNX,4C7xGubTL90,2022-05-17T09:22:25Z,@坂上だるま,デビュー本当におめでとう！！！！！！,0
TNX,4C7xGubTL90,2022-05-17T09:22:25Z,@irvingv.9521,ROTY!!,0
TNX,4C7xGubTL90,2022-05-17T09:22:24Z,@idyllic8372,sarki baya sariyo,0
TNX,4C7xGubTL90,2022-05-17T09:22:23Z,@jennierubyjane5617,Main Vocalist Jun Hyeok,0
TNX,4C7xGubTL90,2022-05-17T09:22:22Z,@p6rplemoon0613,It&#39;s so so good!!,0
TNX,4C7xGubTL90,2022-05-17T09:22:18Z,@anaaa.9594,TNX OH MY GODDDD,0
TNX,4C7xGubTL90,2022-05-17T09:22:16Z,@beukgeukgom,the antidrop 🫠,0
TNX,4C7xGubTL90,2022-05-17T09:22:16Z,@emanuellalchhanchhuahi6627,Ka stan bawk lo ang che u,0
TNX,4C7xGubTL90,2022-05-17T09:22:15Z,@lim_malo778,Felicidades por su debut,0
TNX,4C7xGubTL90,2022-05-17T09:22:14Z,@roshetb9412,Is this  debut song 😯i fell like they are aidol since 20year  ago this song sooo good 💜💜💜,1
TNX,4C7xGubTL90,2022-05-17T09:22:13Z,@idyllic8372,grup harika,0
TNX,4C7xGubTL90,2022-05-17T09:22:11Z,@azzuusa,IM SO PROUD PROUD,0
TNX,4C7xGubTL90,2022-05-17T09:22:10Z,@anajesus7644,que buen tema amigo me encantó re adictivo y los chicos QUÉ TALENTO me encantó,1
TNX,4C7xGubTL90,2022-05-17T09:22:10Z,@jocheriat870,The boys really outdid their debut !! TNX hwaiting,0
TNX,4C7xGubTL90,2022-05-17T09:22:09Z,@bluetimee7165,STREAM MGA BAAKKKLLLAAAA!!!!!!,0
TNX,4C7xGubTL90,2022-05-17T09:22:09Z,@adefitrisundari4342,They are so amazing .. So Happy for TNX Debut .. 😍😍😍,0
TNX,4C7xGubTL90,2022-05-17T09:22:08Z,@veronicajie,너무 멋져 우리 힘내자,1
TNX,4C7xGubTL90,2022-05-17T09:22:06Z,@みみ-j3x-c4b,ぎょんじゅんかっこよすぎ~👼🏻💘🎀<br>デビューおめでとう~🎂🎉❕<br>日本から応援してるよ🥲,0
TNX,4C7xGubTL90,2022-05-17T09:22:05Z,@regularstan2931,"congratulations for your debut, tnx!!",1
TNX,4C7xGubTL90,2022-05-17T09:22:04Z,@toriq3558,whyy,0
TNX,4C7xGubTL90,2022-05-17T09:22:04Z,@idyllic8372,uyeler baya iyi,0
TNX,4C7xGubTL90,2022-05-17T09:22:03Z,@treetongtong4322,congratulations on your debut TNX!! the mv and song is so nice and addicting~ i love it so much!! i&#39;m more than proud 💗,0
TNX,4C7xGubTL90,2022-05-17T09:22:03Z,@valentinagonzalez3402,"TNX felicidades por su debut!!!!!! Esta canción es tan adictiva que hasta mejora con cada repetición, hagamos grandes recuerdos apartir de ahora",0
TNX,4C7xGubTL90,2022-05-17T09:22:02Z,@lim_malo778,Ellos realmente lo están dando todo <br>Lo amamos chicos <br>Lo están haciendo bien,0
TNX,4C7xGubTL90,2022-05-17T09:22:01Z,@ekuniverse1,"I think this is exactly what PSY wanted, a super powerful and aggressive group. Great song for debut lot of impact. They look lit af.",0
TNX,4C7xGubTL90,2022-05-17T09:22:01Z,@Andrea-qd2ik,we pnation🤟🏻,0
TNX,4C7xGubTL90,2022-05-17T09:22:01Z,@letsloveexo3618,the way how they are so in sync with each other is absolutely amazing like literally it’s so perfect,25
TNX,4C7xGubTL90,2022-05-17T09:22:00Z,@lyaa4578,I insanely proud of them in everything they gonna do in the future. I always gonna support them.<br>I loveee the song so much cant wait to see you guys more n more in the future...<br>Love u TNX❤️❤️❤️❤️,3
TNX,4C7xGubTL90,2022-05-17T09:22:00Z,@leore5427,FIGHTINGGGGG,0
TNX,4C7xGubTL90,2022-05-17T09:21:59Z,@solchito8461,MI TEMAAAAA,1
TNX,4C7xGubTL90,2022-05-17T09:21:57Z,@으니-s9n,한국인 있나여 ~?,1
TNX,4C7xGubTL90,2022-05-17T09:21:56Z,@idyllic8372,sesleri harika,0
TNX,4C7xGubTL90,2022-05-17T09:21:56Z,@saranghaja4230,Sungjun lalalalala is everything ( ꈍᴗꈍ),0
TNX,4C7xGubTL90,2022-05-17T09:21:55Z,@ikakhoirin4423,"Akhirnya Kyungjun ❤️❤️❤️❤️, TNX keren, seperti yang diharapkan dari P Nation",0
TNX,4C7xGubTL90,2022-05-17T09:21:54Z,@쭈-v8e,미쳐써 넘조아 드디어 데뷔라니,0
TNX,4C7xGubTL90,2022-05-17T09:21:52Z,@Ha-mu6wq,やばすぎ❣️<br>家事そっちのけで見に来たよ〜笑<br>この瞬間をどれだけ待ったことか😅,0
TNX,4C7xGubTL90,2022-05-17T09:21:50Z,@haniehh2003,I waited for this for so long and it was worth it . It was  great👍👌,0
TNX,4C7xGubTL90,2022-05-17T09:21:49Z,@oziraper,이번엔 성준이가 막내라 많이 양보했어ㅠㅠㅠㅠㅠㅠㅠㅠㅠ <br>엉아들은 다 킬링파트들인데... <br>성주니만 지나가는 파트고 얼굴도 제대로 안나와~~~~ 머리를 전체 초록색으로 할껄~~~~,0
TNX,4C7xGubTL90,2022-05-17T09:21:49Z,@Deeqaally,First step officially taken! Congratulations 🎉🎉🎉... After days of impatient they are here.... Ughh this feels so right 🔥,0
TNX,4C7xGubTL90,2022-05-17T09:21:48Z,@RISET,TNX WOW 🫶🏻❤️🫶🏻❤️🫶🏻 a masterpiece.,0
TNX,4C7xGubTL90,2022-05-17T09:21:48Z,@sefa8528,Again again way up,0
TNX,4C7xGubTL90,2022-05-17T09:21:48Z,@jayjake5808,FINALLYYY AHHHH,0
TNX,4C7xGubTL90,2022-05-17T09:21:48Z,@idyllic8372,caylak olmalarina ragmen asiri iyi bi sarki,0
TNX,4C7xGubTL90,2022-05-17T09:21:48Z,@leore5427,CONGRATSSSSS BOYYYY,0
TNX,4C7xGubTL90,2022-05-17T09:21:47Z,@yeetruby8512,"정말 멋지네요, 수고하셨습니다 &lt;3",0
TNX,4C7xGubTL90,2022-05-17T09:21:47Z,@knana2669,Going to LOUD interview was such a good start. Thanks people for believing in them ever since watching them in LOUD. Congrats TNX and their family for supporting them in this career,10
TNX,4C7xGubTL90,2022-05-17T09:21:47Z,@JiheonsTeeth,<b>SOLID DEBUT</b> 🔝,0
TNX,4C7xGubTL90,2022-05-17T09:21:46Z,@tthwekksan,Visual and super charming voice can hit everyone,0
TNX,4C7xGubTL90,2022-05-17T09:21:46Z,@amne4u,Damn!!! this song is🔥🔥🔥🔥🔥🔥,0
TNX,4C7xGubTL90,2022-05-17T09:21:45Z,@jjeliroses7227,"OMG ALL BOYS LOOK SOOO HANDSOME😍 They improve a lotttt i’m so proud of you boys, congrats for your debut🎉 TNX always in my heart❤❤❤ this is my first i’m biased all members🥰 how happy i am for them all🥳🤩😍",1
TNX,4C7xGubTL90,2022-05-17T09:21:44Z,@amineyildirim3267,They nailed it!!! One of the best debut in kpop history,0
TNX,4C7xGubTL90,2022-05-17T09:21:42Z,@mydayharu,OMG SO ADDICTED TO THIS SONG🔥,0
TNX,4C7xGubTL90,2022-05-17T09:21:42Z,@lilisink2468,"FELICITACIONES POR SU DEBUT MIS AMORES, LES DESEO TODO LO MEJOR DEL MUNDO!!!<br>Sooo, está larga espera al fin valió la pena, no tienen ni la mínima idea de lo mucho que los amo y de lo muy orgullosa que estoy de todos ustedes y del gran esfuerzo que le han puesto, en serio ESTO ES ARTE!!! &lt;3<br><br>Psdt: Por favor no se olviden de hacer stream pero sin descuidarse, alimentense bien y cuídense muchísimo, so, las amo ♡",0
TNX,4C7xGubTL90,2022-05-17T09:21:40Z,@bbiniie,The vocals the rap the dance the visuals the synchronisation is all WOW !! They are just too good it feels it&#39;s their comeback and not debut,0
TNX,4C7xGubTL90,2022-05-17T09:21:40Z,@veronicajie,드디어 데뷔 멋지다 여러분 여기까지 왔으니 TNX의 미래를 위해 열심히 노력합시다 모두들 힘내세요,1
TNX,4C7xGubTL90,2022-05-17T09:21:39Z,@felicityqueency7730,BROOO YALL SO COOOLLLLLLLLLLLLL!!?!!?!?!??!!??!?!?!,0
TNX,4C7xGubTL90,2022-05-17T09:21:38Z,@beukgeukgom,SUNGJUN OMGMGMGMMG,0
TNX,4C7xGubTL90,2022-05-17T09:21:32Z,@arwaisthinking,اكثر شي كنت انتظره صارر؟؟؟؟!!!؟!,1
TNX,4C7xGubTL90,2022-05-17T09:21:30Z,@kateyshadayrit7585,AAAAAAA,0
TNX,4C7xGubTL90,2022-05-17T09:21:29Z,@Kinotaroni,ANJAY MANTAP GAN,0
TNX,4C7xGubTL90,2022-05-17T09:21:29Z,@sefa8528,Kick it back,0
TNX,4C7xGubTL90,2022-05-17T09:21:28Z,@sabramohamed129,ended nct 127 already,1
TNX,4C7xGubTL90,2022-05-17T09:21:28Z,@rayou5,TNX: <b>*MV exists*</b><br>Me: <b>*Dead*</b>,1
TNX,4C7xGubTL90,2022-05-17T09:21:27Z,@luvminlight,YESSSS FINALLY,0
TNX,4C7xGubTL90,2022-05-17T09:21:27Z,@Juns_000,I LOVE IT,0
TNX,4C7xGubTL90,2022-05-17T09:21:23Z,@sinrr7495,Omg so good🔥,0
TNX,4C7xGubTL90,2022-05-17T09:21:23Z,@cellinediora8571,You guys take my breath away for 3 mins 51 secs long omg. Congrats for debuting and let&#39;s walk on the flowery path together TNX!,0
TNX,4C7xGubTL90,2022-05-17T09:21:23Z,@alyssak1094,I&#39;m in love... forever,0
TNX,4C7xGubTL90,2022-05-17T09:21:21Z,@imfoive1940,Finally I can say - &quot;I stanned a group right after they debuted&quot;,6
TNX,4C7xGubTL90,2022-05-17T09:21:20Z,@RISET,PNATION AINT PLAYING WITH US,0
TNX,4C7xGubTL90,2022-05-17T09:21:20Z,@action_man6916,hwi&#39;s rap<br>the beat<br>pre chorus<br>bridge<br>junhyeok&#39;s vocals<br><br>ahhh this is sooooooo good,1
TNX,4C7xGubTL90,2022-05-17T09:21:19Z,@elyssasjourney2400,WE P NATIONNNNNNN,0
TNX,4C7xGubTL90,2022-05-17T09:21:19Z,@realmary_s,The Best dubet in these year ㅠㅠ,0
TNX,4C7xGubTL90,2022-05-17T09:21:14Z,@ojhuisfh9502,Choi Taehun vocal,0
TNX,4C7xGubTL90,2022-05-17T09:21:11Z,@hfzgto6516,Bikyeora bikyeo..get out of my way.... let&#39;s go TNX... let&#39;s fly higher...,0
TNX,4C7xGubTL90,2022-05-17T09:21:11Z,@praptisingh3610,THEY KILLED IT!! EVERYTHING WAS SO PERFECT THAT IT MADE ME FORGET IT&#39;S THEIR DEBUT MV NOT A COMEBACK!! They are definitely going up high with their great performances.,9
TNX,4C7xGubTL90,2022-05-17T09:21:10Z,@かわぐちようこ,デビューおめでとうございます。<br>コウキ君　ソロでも、新グループでも合流でも<br>コウキはコウキ…<br>楽しみにしてるよ。<br>君がどんな形であれ君を楽しみに期待してるファンはちゃんと居るよ！<br>ヒョン達のデビューを祝福しているのと共に<br>コウキ君のデビューも期待して待っているからね<br>ファイティン,1
TNX,4C7xGubTL90,2022-05-17T09:21:10Z,@ivewonyluv,JUNHYEOK VOCAL ON TOP,0
TNX,4C7xGubTL90,2022-05-17T09:21:10Z,@arwaisthinking,عاااااا,0
TNX,4C7xGubTL90,2022-05-17T09:21:09Z,@puspayantiandi9113,Move alias &#39;minggir lo semua&#39; 🤣🤣 tnx mo lewat,0
TNX,4C7xGubTL90,2022-05-17T09:21:08Z,@sumyatnoemyatnoe1972,Move is Out !!!,0
TNX,4C7xGubTL90,2022-05-17T09:21:07Z,@nawemilyoo4713,P Nationnnnn TNX on fire,0
TNX,4C7xGubTL90,2022-05-17T09:21:06Z,@saranghaja4230,Taehun<br>Kyunjun<br>Hyunsoo<br>Junhyeok<br>Hwi<br>Sungjun<br>TNX<br>Pnation fighting...soon 1M,1
TNX,4C7xGubTL90,2022-05-17T09:21:04Z,@arwaisthinking,مو مصدقققهههه,1
TNX,4C7xGubTL90,2022-05-17T09:21:02Z,@user-qe3sl4fs2e,kirain judulnya way up eh,0
TNX,4C7xGubTL90,2022-05-17T09:21:01Z,@tthwekksan,Yeppp here is talented TNX,0
TNX,4C7xGubTL90,2022-05-17T09:20:59Z,@ivewonyluv,I DON’T REALIZE THIS IS REAL,0
TNX,4C7xGubTL90,2022-05-17T09:20:59Z,@explorernas3752,This is good. Wishing them success,0
TNX,4C7xGubTL90,2022-05-17T09:20:59Z,@Jjkgirly,This is not a debut song. Its an anthem 😩,0
TNX,4C7xGubTL90,2022-05-17T09:20:59Z,@Juns_000,이것은 정말 좋군요🔥🔥🔥,0
TNX,4C7xGubTL90,2022-05-17T09:20:59Z,@niloofarrezaei4108,Wooooowwwwwwwwwhhhh,0
TNX,4C7xGubTL90,2022-05-17T09:20:58Z,@irenellagas3067,This is totally a bop!!<br><br>Congratulations our babies,0
TNX,4C7xGubTL90,2022-05-17T09:20:57Z,@arwaisthinking,بصييييححح,0
TNX,4C7xGubTL90,2022-05-17T09:20:57Z,@kimmmikk,as someone who just found the teaser of this and decided to wait for MV and i just gotta say it it was worth the wait,1
TNX,4C7xGubTL90,2022-05-17T09:20:56Z,@prettyavrilia,"AAA TELAT 20 MENIT, tp gpp lah ya",1
TNX,4C7xGubTL90,2022-05-17T09:20:55Z,@neftalisitafm,Uffff!!! Simplemente Genial!!!  <br>❤,0
TNX,4C7xGubTL90,2022-05-17T09:20:55Z,@vamshikapalakonda6364,The best👍😱,0
TNX,4C7xGubTL90,2022-05-17T09:20:54Z,@Kinotaroni,I&#39;m so proud of TNX,0
TNX,4C7xGubTL90,2022-05-17T09:20:52Z,@DanielaGarcia-eg2gr,"Esperaba mucho su debut, sin duda no defraudaron me gusto mucho la cancion todos ellos son muy talentosos ahora a apoyarlos!!!",1
TNX,4C7xGubTL90,2022-05-17T09:20:50Z,@sefa8528,Everybody lets get started,0
TNX,4C7xGubTL90,2022-05-17T09:20:50Z,@Ourarchiv,Congrats my boys you finally made it!!,0
TNX,4C7xGubTL90,2022-05-17T09:20:50Z,@mintchoco_s,"The visual, vocal, rap and dance everything is prefect",0
TNX,4C7xGubTL90,2022-05-17T09:20:49Z,@SaRaH-nw4si,omgggggg nice niceeeeeee,0
TNX,4C7xGubTL90,2022-05-17T09:20:49Z,@woodsma,♡♡♡♡♡♡,0
TNX,4C7xGubTL90,2022-05-17T09:20:48Z,@solchito8461,DIOSSSSSSSS<br>ALTO TEMAAAAAA,1
TNX,4C7xGubTL90,2022-05-17T09:20:48Z,@minyt194,HOW MANY TIME I WATCH THIS?<br><br><br>YES,0
TNX,4C7xGubTL90,2022-05-17T09:20:47Z,@insyirahrstm,they&#39;re so good 😭❤️,0
TNX,4C7xGubTL90,2022-05-17T09:20:47Z,@SodiumRadiumPotassium555,KYUNGJUN !!!! &lt;3 SUNGJUN !!!! &lt;3 TAEHOON !!! &lt;3,0
TNX,4C7xGubTL90,2022-05-17T09:20:47Z,@dont961,NO ONE is coming close to their level . THEY SLAYYYY,0
TNX,4C7xGubTL90,2022-05-17T09:20:47Z,@starryhee7235,"congratss you guys😭!!!!! THE MV WAS SOO GOOD , THE CHOREOGRAPHY WASSS SOO FUCKINGGG GOOD!!!!!!!❤️‍🔥❤️‍🔥 TNX ON FIRE❤️ROOKIE OF THE YEAR IS COMINGGGG!!!!! WILL STAN YOU GUYS UNTIL I DIE <a href=""http://www.youtube.com/results?search_query=%23tnxforever"">#TNXFOREVER</a>😭❤️",0
TNX,4C7xGubTL90,2022-05-17T09:20:44Z,@yu-me8227,TNX💗,0
TNX,4C7xGubTL90,2022-05-17T09:20:44Z,@lim_malo778,Estoy tan feliz,0
TNX,4C7xGubTL90,2022-05-17T09:20:40Z,@yoginmae8096,lezzzzgoooo TNX,0
TNX,4C7xGubTL90,2022-05-17T09:20:39Z,@ElfWonderPure,I’M CRYING 😭 AND THIS IS ONE OF THE BEST DEBUT SONG!,7
TNX,4C7xGubTL90,2022-05-17T09:20:37Z,@minibae5222,Everything is PERFECT💥,0
TNX,4C7xGubTL90,2022-05-17T09:20:36Z,@jopajopovna4269,SOOOO GOOOD CLIP AND SO TALENTED GROUP<br>화이팅!,0
TNX,4C7xGubTL90,2022-05-17T09:20:36Z,@tinkerbell1155,やっとだ🥰初めてのK-POPを好きになったグールプだよ😅 みんなカッコが大好き💖 負けないで上を目指し頑張っていって応援してる💋🥰,0
TNX,4C7xGubTL90,2022-05-17T09:20:36Z,@RaihannaJallow,&quot;Bikyora Bikyo&quot; is the new anthem!!!,0
TNX,4C7xGubTL90,2022-05-17T09:20:32Z,@tthwekksan,So amazing,0
TNX,4C7xGubTL90,2022-05-17T09:20:31Z,@ahmadn844,It&#39;s like a comeback 😳,0
TNX,4C7xGubTL90,2022-05-17T09:20:31Z,@asiali8248,"Congratulations!! Wish you all the success and great achievements (I’m an EXOL, Carat, and an Atiny) can’t wait to see you do great things.",0
TNX,4C7xGubTL90,2022-05-17T09:20:30Z,@natasyaadeliam,TNX LETS GOOOOOOOOO,0
TNX,4C7xGubTL90,2022-05-17T09:20:29Z,@yau.vaniii,DAMNNN THE WHOLE SONG IS SUCH A BOP. AND OMG THE SECOND CHORUS WAS GOSHHHHHHHH.,4
TNX,4C7xGubTL90,2022-05-17T09:20:27Z,@linuuuuuy8879,🤯🤯🤯🤯🤯,0
TNX,4C7xGubTL90,2022-05-17T09:20:26Z,@user-mojen084,デビュー本当におめでとう！！<br>ほんっとにかっこいいし最高だよ🥺<br>これからも応援するよ💕,1
TNX,4C7xGubTL90,2022-05-17T09:20:23Z,@ivewonyluv,THIS SOUND SO GOOD,0
TNX,4C7xGubTL90,2022-05-17T09:20:20Z,@hyeonxy,NAH KAN UDAH KU DUGA LAGUNYA BAKAL CANDU BANGET😭 apalagi part again again junhyeok sampe ke part bikyeola bikyeo sumpah terngiang ngiang mulu dari pas highlight medley kemaren rilis😭❤️‍🔥,1
TNX,4C7xGubTL90,2022-05-17T09:20:20Z,@gitalestari2789,ayok bisa ini MV bagus banget yuk pada mampir rekomen banget let&#39;s go 10M,0
TNX,4C7xGubTL90,2022-05-17T09:20:19Z,@bambamgot7329,i think im gonna cry😭,0
TNX,4C7xGubTL90,2022-05-17T09:20:19Z,@lklychim,IM LIRERALLY ALREADY OBSESSED WITH THIS SONG GREAT JOB❤️,0
TNX,4C7xGubTL90,2022-05-17T09:20:17Z,@rahadisty,Cie debut<br><br>CONGRATS!!! IT SPITS FIRE 🔥🔥🔥,0
TNX,4C7xGubTL90,2022-05-17T09:20:16Z,@chrisiirdk,AHHHHH IM IN LOVE WITH THIS SONG,0
TNX,4C7xGubTL90,2022-05-17T09:20:14Z,@girlgeneration2571,Finally 😭😭 my boys debut I miss koki 😪 Song is attractive especially 비켜비켜 and We P Nation,0
TNX,4C7xGubTL90,2022-05-17T09:20:13Z,@ivewonyluv,OMG THIS IS AMAZING,0
TNX,4C7xGubTL90,2022-05-17T09:20:13Z,@seonhohada1532,Worth our wait 😍😍... Chukhae tnx 😍😍😍,0
TNX,4C7xGubTL90,2022-05-17T09:20:13Z,@natasyaadeliam,YESSSSSSS BOYS,0
TNX,4C7xGubTL90,2022-05-17T09:20:12Z,@Kinotaroni,INI KEREN BANGET AYO TERUS STREAM,0
TNX,4C7xGubTL90,2022-05-17T09:20:11Z,@tzuwiee,&quot;Get out of my way we just movin&#39; on&quot;,0
TNX,4C7xGubTL90,2022-05-17T09:20:09Z,@Mo-vr8kj,🤩👏🏻,0
TNX,4C7xGubTL90,2022-05-17T09:20:09Z,@mercyvry8942,AAAAAA CONGRATS FOR YOUR DEBUT GUYSSS🤧🙏🏻🤍🤍🤍🤍,1
TNX,4C7xGubTL90,2022-05-17T09:20:08Z,@l.o.v.e7195,Hwi Rap Nailed....🥵,0
TNX,4C7xGubTL90,2022-05-17T09:20:05Z,@Juns_000,THIS IS LEGENDARY OMG,0
TNX,4C7xGubTL90,2022-05-17T09:20:04Z,@kimdobby284,gila demi apa ini keren bangettt,1
TNX,4C7xGubTL90,2022-05-17T09:20:04Z,@arthurhamada9529,"keep str34minq, use 2-3 intervals from diff channel.",0
TNX,4C7xGubTL90,2022-05-17T09:20:03Z,@singformywish-p6v,"작곡가 페노메코 가이드 버전이 궁금한건 저만인거죠,,? 이 강한 비트에 뱉엇을 페노메코의 목소리,,,",0
TNX,4C7xGubTL90,2022-05-17T09:20:02Z,@anandaerlyprabawati1540,Aaaaaaaaaaaaaaaaa soooo handsome🥰,0
TNX,4C7xGubTL90,2022-05-17T09:20:02Z,@mintchoco_s,Song of the year,0
TNX,4C7xGubTL90,2022-05-17T09:20:02Z,@dont961,I&#39;m so proud of all of em,0
TNX,4C7xGubTL90,2022-05-17T09:20:02Z,@haozclove,"Nii ametttt ak dh streaming buat eunhwi adek gemesmuu, eunhwi n friends selamat atas debutnya yh. Lagunya bagusss",0
TNX,4C7xGubTL90,2022-05-17T09:20:00Z,@myramirandar9413,"congrat on ur debut,TNX.ur debut is so insane.its like the most awaited comeback.this is so perfect!!! Talent + visual=TNX.!!!i believe u guys, fighting!",1
TNX,4C7xGubTL90,2022-05-17T09:20:00Z,@shelmazraa,데뷔 축하해효 애들아.,0
TNX,4C7xGubTL90,2022-05-17T09:19:59Z,@lupitarancanidewi5263,BIJYEORA BIKYEO🤡🤡🤡🤡🤡🤡,0
TNX,4C7xGubTL90,2022-05-17T09:19:57Z,@rpwe4,♡♡,0
TNX,4C7xGubTL90,2022-05-17T09:19:57Z,@istankpopgroupss17ultra7,LET&#39;S MAKE THESE GUYS BE HEARD! LET&#39;S BE LOUD!!!!!,1
TNX,4C7xGubTL90,2022-05-17T09:19:56Z,@shofisaf1735,"inii keren bangetttt plisss ayo kasih perhatian lebih, semangat str3am1ngnya",0
TNX,4C7xGubTL90,2022-05-17T09:19:54Z,@sofeaemyza,"OMAIGOD MY WAITING FOR THEIR DEBUT FINALLY OVERR , GO BOY GOY ❤️",1
TNX,4C7xGubTL90,2022-05-17T09:19:54Z,@kimdobby284,"ini sangat kerennn, saya saya suka dan menyenangkan~♡",2
TNX,4C7xGubTL90,2022-05-17T09:19:53Z,@Huerevaleria,EVERYONE MOVE OUT OF YOUR FUCKING WAY,0
TNX,4C7xGubTL90,2022-05-17T09:19:53Z,@arshida4757,popular opinion:<br>best debut song ever,1
TNX,4C7xGubTL90,2022-05-17T09:19:52Z,@GininiNini,These guys are way too powerful to have just debuted,1
TNX,4C7xGubTL90,2022-05-17T09:19:50Z,@peachiieun,It&#39;s so worth to watch !!!,0
TNX,4C7xGubTL90,2022-05-17T09:19:50Z,@jezamaetupong4340,Get out of their way for they will start marching to their empire 🔥❤️,0
TNX,4C7xGubTL90,2022-05-17T09:19:49Z,@nelvi_7,No puedo dejar de escucharlo!!!!,0
TNX,4C7xGubTL90,2022-05-17T09:19:49Z,@Kinotaroni,WE P NATION,0
TNX,4C7xGubTL90,2022-05-17T09:19:49Z,@adty2838,"wow kaget banget karena saking kerennya,",1
TNX,4C7xGubTL90,2022-05-17T09:19:47Z,@iki917,This is our TNX🔥 yes TNX is coming slay boys🔥🔥🔥🔥,0
TNX,4C7xGubTL90,2022-05-17T09:19:45Z,@realmary_s,ببكي ㅠㅠ بجننو 3&gt;,0
TNX,4C7xGubTL90,2022-05-17T09:19:45Z,@chelchel9452,TNX is so amazing..talent boys,0
TNX,4C7xGubTL90,2022-05-17T09:19:41Z,@yrtreason,Congratulations TNX!,0
TNX,4C7xGubTL90,2022-05-17T09:19:40Z,@dont961,they all are so talented ✨,0
TNX,4C7xGubTL90,2022-05-17T09:19:40Z,@liz_cherry4898,Este debut es asombroso 🔥❤️🔥❤️🎉,1
TNX,4C7xGubTL90,2022-05-17T09:19:40Z,@rhythmjain6407,When will they be available on VLIVE??? Someone please tell me.,1
TNX,4C7xGubTL90,2022-05-17T09:19:39Z,@Kinotaroni,STREAM,0
TNX,4C7xGubTL90,2022-05-17T09:19:39Z,@vikavictoria8130,I don&#39;t believe they debuted... I&#39;m so proud of them🤧,0
TNX,4C7xGubTL90,2022-05-17T09:19:37Z,@chuechue3040,I can&#39;t stop listening to this song. Really powerful debut song🔥 and their visuals are on next level🤒,6
TNX,4C7xGubTL90,2022-05-17T09:19:36Z,@celyqaalvarretta837,❤️❤️❤️❤️❤️❤️,0
TNX,4C7xGubTL90,2022-05-17T09:19:32Z,@lyan.luvhoon738,Terharuu saya terharuuuu,0
TNX,4C7xGubTL90,2022-05-17T09:19:32Z,@gitalestari2789,we pnation gilaaaa,0
TNX,4C7xGubTL90,2022-05-17T09:19:31Z,@fredovargas,CR on the last part has meaning in Philippines which is &quot;Comfort Room&quot; aka bathroom/restroom 😂,0
TNX,4C7xGubTL90,2022-05-17T09:19:30Z,@aqilahzulfa995,COOLLLL,0
TNX,4C7xGubTL90,2022-05-17T09:19:30Z,@anaester8847,Comeback incrível,0
TNX,4C7xGubTL90,2022-05-17T09:19:27Z,@secretceci,This is just the best debut ever,0
TNX,4C7xGubTL90,2022-05-17T09:19:27Z,@강이-h1v,❤❤😊😊🎉🎉,0
TNX,4C7xGubTL90,2022-05-17T09:19:26Z,@rikitiki354,"Урааа, дождались))",0
TNX,4C7xGubTL90,2022-05-17T09:19:25Z,@cravityarabfan,Vocals ✅rap✅ visual ✅ dance ✅<br>Tnx💥,1
TNX,4C7xGubTL90,2022-05-17T09:19:23Z,@kittyphom,&lt;3,0
TNX,4C7xGubTL90,2022-05-17T09:19:23Z,@junprkinna,"INDONESIA HADIRRRRR🇮🇩 KALIAN KEREN, SEMOGA  SUKSES🤍 HUWA LAGUNYA CANDU😭💓",2
TNX,4C7xGubTL90,2022-05-17T09:19:22Z,@armyblink5898,What a nice song omg,1
TNX,4C7xGubTL90,2022-05-17T09:19:21Z,@ТамараПавлова-у7ь,Very unusual!A breath of fresh air!!! The guys are very diligent and i hope they get recognition!!! They more than deserve it!!!Proud of them they are great!💞,0
TNX,4C7xGubTL90,2022-05-17T09:19:21Z,@ree5714,Keren banget gila,0
TNX,4C7xGubTL90,2022-05-17T09:19:19Z,@k_claretta3835,"AAAAAAA THE VISUALS, VOCAL, RAPP, PERFECT!!!!!!",0
TNX,4C7xGubTL90,2022-05-17T09:19:18Z,@wdwroadie3534,"Everyone this is the start of something AMAZING!!! They are going to be one of the biggest groups one day, I’m calling it. Can’t wait to see what they get up to :)",4
TNX,4C7xGubTL90,2022-05-17T09:19:18Z,@다리라s,"Wow,Congratulations,I believe in you😍",1
TNX,4C7xGubTL90,2022-05-17T09:19:18Z,@dont961,i used to stan kyungjun only but nvm imma stan the whole group now💪,0
TNX,4C7xGubTL90,2022-05-17T09:19:17Z,@ameL-po7rl,"&quot;You can&#39;t stop me, just back off&quot;<br>TNX, congratulations on your debut!!!",18
TNX,4C7xGubTL90,2022-05-17T09:19:17Z,@jezamaetupong4340,Get out of their way for they will start marching to their empire 🔥❤️,0
TNX,4C7xGubTL90,2022-05-17T09:19:17Z,@kellyberts,happy debut TNX 🤍,0
TNX,4C7xGubTL90,2022-05-17T09:19:15Z,@yolandapalinggi8441,👍,0
TNX,4C7xGubTL90,2022-05-17T09:19:15Z,@laalaaaaaily,i ga bisa berword word lg 😣,0
TNX,4C7xGubTL90,2022-05-17T09:19:12Z,@arthurhamada9529,don&#39;t skip ads hehe,0
TNX,4C7xGubTL90,2022-05-17T09:19:12Z,@ekuniverse1,"<a href=""https://www.youtube.com/watch?v=4C7xGubTL90&amp;t=79"">1:19</a> I thought it was PSY&#39;s voice kinda.",0
TNX,4C7xGubTL90,2022-05-17T09:19:12Z,@cha-cha111,"The wait is Over ☺️🤗 I&#39;m so happy for you boys 👏👏😘 I&#39;ve seen your journey from day 1 in Loud,. I felt like a proud mom ☺️🤭😊",0
TNX,4C7xGubTL90,2022-05-17T09:19:11Z,@anaester8847,Perfeitos demais 😍😍😍,0
TNX,4C7xGubTL90,2022-05-17T09:19:10Z,@nidaa.s4772,I FEEL LIKE A PROUD MOM🥺,1
TNX,4C7xGubTL90,2022-05-17T09:19:10Z,@Sunshine-di2mv,Everything was perfect... ❤️🔥,1
TNX,4C7xGubTL90,2022-05-17T09:19:10Z,@lia9918,I got my TNX and they NAILED IT! I&#39;M SO SO PROUD<br>now I&#39;m only waiting for jyp boys and my Loud heart will be complete :&#39;),1
TNX,4C7xGubTL90,2022-05-17T09:19:09Z,@wontokki324tokki2,Wowowowowowowoowowowowowowowowowowow🔥🔥🔥,0
TNX,4C7xGubTL90,2022-05-17T09:19:09Z,@rizkiasalsabila351,KECEE!!!,0
TNX,4C7xGubTL90,2022-05-17T09:19:08Z,@cheixxgei_,no hay que dañar el mv,0
TNX,4C7xGubTL90,2022-05-17T09:19:05Z,@ely_ilmi,One word to describe it. AMAZING,0
TNX,4C7xGubTL90,2022-05-17T09:19:04Z,@heartchubokbak,The best🔥🔥🔥🔥🔥,0
TNX,4C7xGubTL90,2022-05-17T09:19:04Z,@biebangteez78,Omg I&#39;m so proud of you guys you&#39;re amazing!!!!!,0
TNX,4C7xGubTL90,2022-05-17T09:19:03Z,@rinhw5829,얘들아 고생했어 ㅜㅜㅜㅜㅜ 앞으로 꽃길만 걷자 너무 멋있다 사랑해❤️❤️❤️❤️❤️❤️,0
TNX,4C7xGubTL90,2022-05-17T09:19:03Z,@vvivrre4814,THE RAP VERSE WAS SO DOPE,0
TNX,4C7xGubTL90,2022-05-17T09:19:02Z,@17_ina17,最高すぎる<br>最高に推せるグループすぎる<br><br>デビューおめでとう,3
TNX,4C7xGubTL90,2022-05-17T09:19:01Z,@meowaoi,เก่งมากค้าบบ💘,0
TNX,4C7xGubTL90,2022-05-17T09:19:01Z,@wolfik143,"Coreografía perfecta voces, ritmo todo super increíble lo amo mucho me encantó todo los amo mucho chicos",2
TNX,4C7xGubTL90,2022-05-17T09:18:59Z,@Qaw1407,ทำไมแทฮุนน่ารัก,0
TNX,4C7xGubTL90,2022-05-17T09:18:58Z,@san_juuroku,TNX ROTY!!!,0
TNX,4C7xGubTL90,2022-05-17T09:18:58Z,@cheixxgei_,no 3moj1s,0
TNX,4C7xGubTL90,2022-05-17T09:18:57Z,@rosmala7162,.,0
TNX,4C7xGubTL90,2022-05-17T09:18:57Z,@rubijimenez9480,Orgullosa de ustedes <br>Llegaran muy lejos,0
TNX,4C7xGubTL90,2022-05-17T09:18:56Z,@Nani_1505,Selamat debut......,0
TNX,4C7xGubTL90,2022-05-17T09:18:56Z,@katrinaadiong8873,BOP✨✨✨✨✨✨✨✨,0
TNX,4C7xGubTL90,2022-05-17T09:18:56Z,@yumnabilah994,"I&#39;M DYING, SO GOOD. EVERYTHING IS JUST PERFECT",1
TNX,4C7xGubTL90,2022-05-17T09:18:55Z,@heeseunghoon,rookie of the year let&#39;s gauuuur!!!!,1
TNX,4C7xGubTL90,2022-05-17T09:18:53Z,@kimchied6523,"I&#39;M SO PROUD OF YOU GUYS, THE SONG IS INCREDIBLE, THE DANCE, THE BACK SCENARIO, THE VISUALS, THE CLOTHES. EVERYTHING WAS AMAZING, CONGRATS OF YOUR DEBUT TNX!!!",89
TNX,4C7xGubTL90,2022-05-17T09:18:52Z,@lynshhrh,We P Nation really give me goosebumps,1
TNX,4C7xGubTL90,2022-05-17T09:18:51Z,@JL-fu8dk,ROTY,0
TNX,4C7xGubTL90,2022-05-17T09:18:50Z,@eminemin7769,Kyungjun &amp; sungjun,1
TNX,4C7xGubTL90,2022-05-17T09:18:49Z,@jjo2051,❤❤❤❤❤❤❤❤❤❤🤧🥰❤🥰🤧🥰🤧🥰🥰🤧🥰🤧🤧🥰🤧🤙🏻🤧🤙🏻🥰🤧🤧🤙🏻🤙🏻🤧🤙🏻,0
TNX,4C7xGubTL90,2022-05-17T09:18:48Z,@daysweather,AAAAAAAAAAAAAA CONGRATS GUYSSS😭😭😭😭😭😭😭😭😭😭😭😭,0
TNX,4C7xGubTL90,2022-05-17T09:18:48Z,@Kinotaroni,LETS GOOOOOOOOOOOOOOOO,0
TNX,4C7xGubTL90,2022-05-17T09:18:48Z,@daegal2102,yoooo,0
TNX,4C7xGubTL90,2022-05-17T09:18:47Z,@ruruhi1224,"Perfect Boy Gp <a href=""http://www.youtube.com/results?search_query=%23tnx"">#TNX</a>",0
TNX,4C7xGubTL90,2022-05-17T09:18:47Z,@ynlypi8277,i am sorry to my family if i keep repeating this song 😂,0
TNX,4C7xGubTL90,2022-05-17T09:18:47Z,@モンモン-m2t,TNXデビューおめでとう~！！！,0
TNX,4C7xGubTL90,2022-05-17T09:18:45Z,@fuufinkzii_v.1,Hwi ya now your my bias,0
TNX,4C7xGubTL90,2022-05-17T09:18:45Z,@SUNNY-rb8fz,Amazing Crazy 👍👏👏👏👍<br>🌟TNX🌟곡 안무 연기 다 머쩌용,0
TNX,4C7xGubTL90,2022-05-17T09:18:41Z,@san_juuroku,GRABE THESE BOYS! I&#39;M SO PROUD TO ALL OF YOU!!! &lt;3,0
TNX,4C7xGubTL90,2022-05-17T09:18:41Z,@kasiuulaxD,"The song is cool, the music video location/set reminds me of among us 😂😆 curious what&#39;s coming next..",0
TNX,4C7xGubTL90,2022-05-17T09:18:41Z,@ceansim9548,Kyungjun Intro King,0
TNX,4C7xGubTL90,2022-05-17T09:18:39Z,@sui9431,넘넘넘넘넘 멋있다 ㅠㅠㅠㅠㅠㅠ<br>우리TNX정말 데뷔 축하해♥<br>사랑하는 TNX 앞으로 꽃길만 걷자🍀💗,0
TNX,4C7xGubTL90,2022-05-17T09:18:39Z,@lhakii_eton,"Ahhhhh finallyyyyy. Guys isn’t this too good for debut😩. I am so happyyyy, they did such a great job😭💜💜.",0
TNX,4C7xGubTL90,2022-05-17T09:18:39Z,@yashitath,I think we may be looking at the debut of the year,1
TNX,4C7xGubTL90,2022-05-17T09:18:38Z,@sannlexx,"это невероятно круто для дебюта, я в приятном шоке (｡♡‿♡｡)",0
TNX,4C7xGubTL90,2022-05-17T09:18:38Z,@anabz8,Who is the first guy,0
TNX,4C7xGubTL90,2022-05-17T09:18:37Z,@pinkpeach6226,휘야ㅠㅠㅠ 드디어 데뷔ㅠㅠㅠㅠ 넘 축하해ㅠㅠㅠㅠ,0
TNX,4C7xGubTL90,2022-05-17T09:18:37Z,@lim_malo778,Finalmente TNX debuto,0
TNX,4C7xGubTL90,2022-05-17T09:18:36Z,@istankpopgroupss17ultra7,Let&#39;s get 5M in 24 hours!!!,2
TNX,4C7xGubTL90,2022-05-17T09:18:36Z,@bdhp0426,Kalian ganteng banget ❤️❤️❤️,0
TNX,4C7xGubTL90,2022-05-17T09:18:36Z,@lorianpark4964,Finally 🔥🔥🔥🔥🔥,0
TNX,4C7xGubTL90,2022-05-17T09:18:35Z,@heeseunghoon,i just know that this will go down in history,1
TNX,4C7xGubTL90,2022-05-17T09:18:34Z,@nsyzmeeraa,you guys will be successful!!!!! slayyy,0
TNX,4C7xGubTL90,2022-05-17T09:18:33Z,@chaeyoungslover3832,This is their debut song and it&#39;s already legendary,0
TNX,4C7xGubTL90,2022-05-17T09:18:32Z,@itsmandaaa5202,TNX KAJJAAAAAAA,0
TNX,4C7xGubTL90,2022-05-17T09:18:30Z,@minimauve,GOSHHHH THIS IS SO COOL,0
TNX,4C7xGubTL90,2022-05-17T09:18:30Z,@user-nj9lp1mv7g,ภูมิใจ🤟💗💗💗💗,1
TNX,4C7xGubTL90,2022-05-17T09:18:30Z,@Sunshine-di2mv,Keep streaming guys,2
TNX,4C7xGubTL90,2022-05-17T09:18:30Z,@intanalaa_,COOL BOYSSSS,0
TNX,4C7xGubTL90,2022-05-17T09:18:28Z,@joya8771,It&#39;s so good 👍,0
TNX,4C7xGubTL90,2022-05-17T09:18:26Z,@atinyp1ece,I&#39;M STILL IN SHOCK OF HOW AMAZING THIS IS TNX FIGHTING,5
TNX,4C7xGubTL90,2022-05-17T09:18:26Z,@yumnabilah994,MASTERPIECE!!!!!,1
TNX,4C7xGubTL90,2022-05-17T09:18:25Z,@HartadiRH2139,I love then,0
TNX,4C7xGubTL90,2022-05-17T09:18:23Z,@nora2461,"Masterpiece!!🔥🔥 <br>I will definitely looking forward, to support you guys!! 🔥",1
TNX,4C7xGubTL90,2022-05-17T09:18:23Z,@itsmandaaa5202,WOAAHHHHH U GUYS ON FIRE!!!!!!,0
TNX,4C7xGubTL90,2022-05-17T09:18:22Z,@zhen6977,so proud of you,0
TNX,4C7xGubTL90,2022-05-17T09:18:22Z,@karentudasamara,WOW!,0
TNX,4C7xGubTL90,2022-05-17T09:18:21Z,@neslaa2965,LALALALALA,0
TNX,4C7xGubTL90,2022-05-17T09:18:20Z,@nauraalyaaar2131,SEMANGAT STREAMING OYY,0
TNX,4C7xGubTL90,2022-05-17T09:18:20Z,@diario_mademoiselle,💜💜💜💜💜💜💜,0
TNX,4C7xGubTL90,2022-05-17T09:18:20Z,@soobieei,"WOW THEIR SO FINE WHAT, THIS IS HELLA GOOD IM IN SHOCK LMAO",4
TNX,4C7xGubTL90,2022-05-17T09:18:20Z,@user-nj9lp1mv7g,เพลงดีมากกกกกก,1
TNX,4C7xGubTL90,2022-05-17T09:18:19Z,@Kinotaroni,SLAY,0
TNX,4C7xGubTL90,2022-05-17T09:18:18Z,@intanalaa_,HUAAAAAAAAA BAGOSSSS,0
TNX,4C7xGubTL90,2022-05-17T09:18:18Z,@rolenegan5289,"Performance, visuals, vocals the mv and the music is 💯💯💯",0
TNX,4C7xGubTL90,2022-05-17T09:18:17Z,@xoju11121,i think the v1ews freezed,0
TNX,4C7xGubTL90,2022-05-17T09:18:16Z,@ecanuse7729,Gue kesini karena stori teman,1
TNX,4C7xGubTL90,2022-05-17T09:18:15Z,@brigita_dw,OUTSTANDING TNX ❤️‍🔥❤️‍🔥✨️✨️✨️,0
TNX,4C7xGubTL90,2022-05-17T09:18:14Z,@Sunnnwoozzz,"When Taehun&#39;s part &#39;Way up way up&#39; I don&#39;t know why, the feeling that he has the same voice as Theo P1harmony came over to me",1
TNX,4C7xGubTL90,2022-05-17T09:18:14Z,@복승아-f3w,연예인 하려고 태어난 천준혁 데뷔 추카행 ❤️❤️❤️,2
TNX,4C7xGubTL90,2022-05-17T09:18:11Z,@fuufinkzii_v.1,Wow powerful,0
TNX,4C7xGubTL90,2022-05-17T09:18:11Z,@ann-bb9im,"THEIR VISUALS, CHOREOGRAPHY, VOCALS, EVERYTHING IS AMAZINGGG!!!!",37
TNX,4C7xGubTL90,2022-05-17T09:18:11Z,@diario_mademoiselle,Arrasem nos palcos,0
TNX,4C7xGubTL90,2022-05-17T09:18:08Z,@yjungwon,VERY INTERESTING MY ATTENTION!,2
TNX,4C7xGubTL90,2022-05-17T09:18:07Z,@istankpopgroupss17ultra7,Omg omg!!! THIS IS A BOP I CAN&#39;T STOP SCREAMING!!!! I&#39;M MIGHT PASS OUT.,10
TNX,4C7xGubTL90,2022-05-17T09:18:06Z,@prabhatikagurung,😱😱😱😱😱😱😱😱😱😱😱😱😱😱😱😱😱😱😱😱😱😱😱😱😱😱💣💣💣💣💣💣💣💣💣💣💣💣💣💣💣,0
TNX,4C7xGubTL90,2022-05-17T09:18:04Z,@Kinotaroni,i feel so proud and happy for them. xong on you guys debut! so grateful im stunning them before debut &lt;3,6
TNX,4C7xGubTL90,2022-05-17T09:18:02Z,@user-od3tk5gb8z,honestly didn&#39;t expect it to be this good,1
TNX,4C7xGubTL90,2022-05-17T09:18:01Z,@san_juuroku,"Congratulations on your debut, TNX!",1
TNX,4C7xGubTL90,2022-05-17T09:18:00Z,@funnybumblebee6209,THIS SONG IS INSANE. I CAN&#39;T BREATHE. WHY ARE THEY SO FREAKING COOL?,16
TNX,4C7xGubTL90,2022-05-17T09:18:00Z,@sueanin,😭🤍🤍,1
TNX,4C7xGubTL90,2022-05-17T09:17:55Z,@heeseunghoon,the setting was fireeee,0
TNX,4C7xGubTL90,2022-05-17T09:17:55Z,@日向-c2n,よくここまで頑張ったね。ほんとにかっこいいよ。これから花道だけ歩いてこう🌸<br>잘도 여기까지 했네.정말 멋있어.이제 꽃길만 걸어가자.사랑해.,0
TNX,4C7xGubTL90,2022-05-17T09:17:55Z,@Repli_kat,YES PNATION,0
TNX,4C7xGubTL90,2022-05-17T09:17:54Z,@diario_mademoiselle,I wish you much success,0
TNX,4C7xGubTL90,2022-05-17T09:17:52Z,@shadma0302,THIS SONG IS SO ADDICTIVE!!<br><br>CONGRATULATIONS ON UOUR DEBUT TNX MEMBERS &lt;3,10
TNX,4C7xGubTL90,2022-05-17T09:17:51Z,@anawelterr,"Meus meninos!!!! <br>Se é loco mano, bom de mais. Nem parece um debut, parece o comeback de um grupo famoso. Eles são tudo!",37
TNX,4C7xGubTL90,2022-05-17T09:17:51Z,@ciwuu9375,GANTENG BANGET MEREKA.<br>SUARANYA BAGUS.<br>RAPNYA KEREN.<br>DANCE KECE BADAI.<br>MVNYA MANTUL.<br><br>POKOKNYA SEMUA WADIDAW BANGET DEH. GA SIA-SIA MENUNGGU SELAMA INI HASILNYA KECE BADAI,0
TNX,4C7xGubTL90,2022-05-17T09:17:51Z,@giuli9120,"El ritmo es muy adictivo, me encanta 💙",1
TNX,4C7xGubTL90,2022-05-17T09:17:49Z,@yashitath,"This is so well done, and it&#39;s such a solid debut(??!!!) Also I&#39;m in love with the visuals AND their vocals. Also kyungjun sounds amazing?? I mean all of them do but, Justin goddamn bruh",11
TNX,4C7xGubTL90,2022-05-17T09:17:49Z,@serenityy2377,This was way too good for their debut!!😭💗💗💗,3
TNX,4C7xGubTL90,2022-05-17T09:17:49Z,@neslaa2965,ANJAY,0
TNX,4C7xGubTL90,2022-05-17T09:17:49Z,@dont961,This song is a masterpiece ❤️‍🔥,1
TNX,4C7xGubTL90,2022-05-17T09:17:48Z,@elleinned,OH MY GOODNESS WOOOOOOOWWWWWW,0
TNX,4C7xGubTL90,2022-05-17T09:17:42Z,@boom_tig379,congrats on your debut,1
TNX,4C7xGubTL90,2022-05-17T09:17:42Z,@alterpocel,BOP BOP,0
TNX,4C7xGubTL90,2022-05-17T09:17:41Z,@leizelinadelacruz3288,This is so good❤️ literally Stan them from loud onto future 👏a big clap for successful debut,0
TNX,4C7xGubTL90,2022-05-17T09:17:41Z,@cravityarabfan,They burn it up,1
TNX,4C7xGubTL90,2022-05-17T09:17:39Z,@lvvrhoon,THEIR VOCALS CHOREOGRAPHY RAP EVERYTHING ABOUT THEM IS SO GOODDDD!!!!,84
TNX,4C7xGubTL90,2022-05-17T09:17:39Z,@divyasimp541,I TOLD Y&#39;ALL PLOUD MEAN P R O U D OKEY,0
TNX,4C7xGubTL90,2022-05-17T09:17:37Z,@emoarmy6580,The likes and views ratio is not adding up,1
TNX,4C7xGubTL90,2022-05-17T09:17:36Z,@jezamaetupong4340,The lyrics also are great😍😍😍😍Just like How I fell in love to their talent in composing their lyrics during Loud now I&#39;m obsessed,0
TNX,4C7xGubTL90,2022-05-17T09:17:34Z,@namwarn4367,I love this song,0
TNX,4C7xGubTL90,2022-05-17T09:17:33Z,@diario_mademoiselle,I love you,0
TNX,4C7xGubTL90,2022-05-17T09:17:32Z,@lakshmiajit6286,Let&#39;s go p nation,0
TNX,4C7xGubTL90,2022-05-17T09:17:32Z,@ameliacitraaaaaccccc,Uaaaaaaaaa 🇮🇩,1
TNX,4C7xGubTL90,2022-05-17T09:17:30Z,@cessie1897,AAAAAA !,0
TNX,4C7xGubTL90,2022-05-17T09:17:29Z,@HartadiRH2139,Bujang aku nambah lagi,1
TNX,4C7xGubTL90,2022-05-17T09:17:29Z,@dont961,SLAYYYY,1
TNX,4C7xGubTL90,2022-05-17T09:17:28Z,@پردیسرضایی-ت8و,It was beautiful😍❤,0
TNX,4C7xGubTL90,2022-05-17T09:17:28Z,@saski-97,yukkkk,1
TNX,4C7xGubTL90,2022-05-17T09:17:27Z,@chanali3047,TALENTS✨✨✨✨,0
TNX,4C7xGubTL90,2022-05-17T09:17:26Z,@minibae5222,Song starts with kyungjun&#39;s english line ahhhhhh😭😭😭😭,0
TNX,4C7xGubTL90,2022-05-17T09:17:25Z,@jeanheartuee4066,I got goosebumps,0
TNX,4C7xGubTL90,2022-05-17T09:17:24Z,@Appu_001,The feeling of stanning a group from their debut is amazing<br>STAN TALENT STAN TNX,91
TNX,4C7xGubTL90,2022-05-17T09:17:23Z,@Juns_000,"I am very proud of them and happy that their debut has finally arrived, we are going to give them all our support!♥️♥️♥️",10
TNX,4C7xGubTL90,2022-05-17T09:17:22Z,@dont961,KYUNGJUN SO COOL FOR WHAT😭,0
TNX,4C7xGubTL90,2022-05-17T09:17:18Z,@deanatashadewanti3981,GOOD SONG AND MV TOO,0
TNX,4C7xGubTL90,2022-05-17T09:17:16Z,@ratmitaratna3228,Aaaa aku ga kuat,0
TNX,4C7xGubTL90,2022-05-17T09:17:16Z,@Sunshine-di2mv,Omg I&#39;m not crying 😭so proud of you boys ❤️❤️,2
TNX,4C7xGubTL90,2022-05-17T09:17:15Z,@whyevie,I was not ready for this,0
TNX,4C7xGubTL90,2022-05-17T09:17:13Z,@imkitkat99,finally!!! Congratulations babiessss,1
TNX,4C7xGubTL90,2022-05-17T09:17:11Z,@justbell730,Stray Kids?,1
TNX,4C7xGubTL90,2022-05-17T09:17:11Z,@Kadita._,Musiknya anjir gada obat nih... <br><br>Ga kalah ama grup yang punya nama gede sih nih musiknya,1
TNX,4C7xGubTL90,2022-05-17T09:17:10Z,@avocha5583,HUAAA,0
TNX,4C7xGubTL90,2022-05-17T09:17:09Z,@chanali3047,VISUALS✨✨✨✨,0
TNX,4C7xGubTL90,2022-05-17T09:17:09Z,@lavanya3562,Wow. Did not expect this! This song is good! Can&#39;t believe this is a debut song!,1
TNX,4C7xGubTL90,2022-05-17T09:17:08Z,@sueanin,😭🤍🤍,2
TNX,4C7xGubTL90,2022-05-17T09:17:07Z,@nellylien,"Omg, vocal, rap, choreo, everything was awesome! 😍😍😍",0
TNX,4C7xGubTL90,2022-05-17T09:17:06Z,@diario_mademoiselle,데뷔를 축하합니다,0
TNX,4C7xGubTL90,2022-05-17T09:17:05Z,@ratmitaratna3228,Keren banget,0
TNX,4C7xGubTL90,2022-05-17T09:17:05Z,@eminemin7769,Türk fan  var mi,1
TNX,4C7xGubTL90,2022-05-17T09:17:05Z,@keirakurniawan1829,FINALLYYYYY AAAAAAA,0
TNX,4C7xGubTL90,2022-05-17T09:17:05Z,@rainbowfalling1419,"En un año volveré y dejaré otro comentario diciendo que TNX lo logró, porque desde ahora puedo ver todo el potencial, son una joya y tendrán éxito. ♡",1
TNX,4C7xGubTL90,2022-05-17T09:17:04Z,@jannikabaco7309,omgggg,0
TNX,4C7xGubTL90,2022-05-17T09:17:04Z,@avocha5583,ENAK BGT,0
TNX,4C7xGubTL90,2022-05-17T09:17:03Z,@malk72650,يهبلونن اكبر داعم😭,1
TNX,4C7xGubTL90,2022-05-17T09:17:03Z,@chuumimer361,เท่มากกก,0
TNX,4C7xGubTL90,2022-05-17T09:17:01Z,@cheixxgei_,amo todo,0
TNX,4C7xGubTL90,2022-05-17T09:16:59Z,@rizkyadzani1789,AAAAAAAAAAAAAA FIREEEEEEE UPPP,0
TNX,4C7xGubTL90,2022-05-17T09:16:58Z,@王心儀-p1r,Good job🎉 I waiting for you guys so long!<br>I’m really like this debut album!❤️‍🔥,1
TNX,4C7xGubTL90,2022-05-17T09:16:58Z,@ahnra5830,♥️♥️♥️♥️♥️♥️♥️♥️🔥🔥🔥🔥🔥🔥🔥🔥🔥🎉🎉🎉🎉🎉🎉🎉🎉🎉🎉🎉,0
TNX,4C7xGubTL90,2022-05-17T09:16:56Z,@cheixxgei_,le encuentras el vicio ya sea por la canción o el baile,0
TNX,4C7xGubTL90,2022-05-17T09:16:55Z,@malk72650,شذا تهبللل😭😭,0
TNX,4C7xGubTL90,2022-05-17T09:16:55Z,@janree_into_woo,I don&#39;t really don&#39;t know who&#39;s my bias anymore... SORRY HYUNSOO,0
TNX,4C7xGubTL90,2022-05-17T09:16:54Z,@rhythmjain6407,THIS IS GONNA BE A LEGENDARY DEBUT OF THE GENERATIONS!! EVERYTHING IS PERFECT! PROUD OF BOYS AND MYSELF TOO to be able to witness it.,6
TNX,4C7xGubTL90,2022-05-17T09:16:53Z,@diario_mademoiselle,나는 너에게 많은 성공을 기원한다.,0
TNX,4C7xGubTL90,2022-05-17T09:16:53Z,@nanyan3100,最高😭✨✨✨,0
TNX,4C7xGubTL90,2022-05-17T09:16:52Z,@yul1561,"I don&#39;t really like rookie group songs, but this is awesome. 역시 TNX",0
TNX,4C7xGubTL90,2022-05-17T09:16:52Z,@hunixhoneys,Danggggggggggggggggg❤️‍🔥❤️‍🔥❤️‍🔥,0
TNX,4C7xGubTL90,2022-05-17T09:16:52Z,@andreae2781,woww,0
TNX,4C7xGubTL90,2022-05-17T09:16:51Z,@junkok1114,デビューおめでとうございます🎉<br>この日を待ってました！<br>ずっと応援するよ💖,1
TNX,4C7xGubTL90,2022-05-17T09:16:51Z,@leasyallie,MV NYA KEREN BANGET,0
TNX,4C7xGubTL90,2022-05-17T09:16:50Z,@lookatmez456,nangis huhuu keren bangett,0
TNX,4C7xGubTL90,2022-05-17T09:16:49Z,@tripleyeon9342,amazing !!!! yesss yall move make way for the vip,0
TNX,4C7xGubTL90,2022-05-17T09:16:48Z,@Kinotaroni,"MOVE, MOVE<br>DAMN IT GOTSVME",0
TNX,4C7xGubTL90,2022-05-17T09:16:47Z,@НасибаХамроева-ж3ш,where are korean fans no one there,0
TNX,4C7xGubTL90,2022-05-17T09:16:47Z,@nosa52,❤❤❤,0
TNX,4C7xGubTL90,2022-05-17T09:16:46Z,@joyi194,"DANGGGG THIS IS MORE THAN GOODDDD, YOU DID IT MY BOYSS",2
TNX,4C7xGubTL90,2022-05-17T09:16:44Z,@jiminietae2000,"TNX members:<br><br>kyungjun <a href=""https://www.youtube.com/watch?v=4C7xGubTL90&amp;t=4"">0:04</a><br>junhyeok <a href=""https://www.youtube.com/watch?v=4C7xGubTL90&amp;t=11"">0:11</a><br>hyunsoo <a href=""https://www.youtube.com/watch?v=4C7xGubTL90&amp;t=27"">0:27</a><br>hwi <a href=""https://www.youtube.com/watch?v=4C7xGubTL90&amp;t=32"">0:32</a><br>sungjun <a href=""https://www.youtube.com/watch?v=4C7xGubTL90&amp;t=43"">0:43</a><br>taehun <a href=""https://www.youtube.com/watch?v=4C7xGubTL90&amp;t=48"">0:48</a>",1
TNX,4C7xGubTL90,2022-05-17T09:16:44Z,@nadhirarahayukusuma,KYUNGJUN GWORLING?????? SIR???????,0
TNX,4C7xGubTL90,2022-05-17T09:16:44Z,@ourdeardaniel104,THIS SONG IS SO GOOD,0
TNX,4C7xGubTL90,2022-05-17T09:16:43Z,@joyiiee5908,"Mereka sangat berbakat dan menarik, ayoo dukung TNX semuanya",0
TNX,4C7xGubTL90,2022-05-17T09:16:41Z,@incharamohite5487,Nah this is one of the best debut songs for me,0
TNX,4C7xGubTL90,2022-05-17T09:16:40Z,@sherricew290,"Been waiting for these boys to debut, not sure how I feel about the debut track. I can feel the energy the track wants to convey but it still falls a little flat for me, lyrics and overall sound is just ok. I know the boys are mad talented so I know this is just a stepping stone. Congrats on your debut",3
TNX,4C7xGubTL90,2022-05-17T09:16:39Z,@Aaaaahlice,"Hwi&#39;s rap solo towards the second half of the song was 🔥. His dancing is amazing now, you can&#39;t even tell he didn&#39;t know how to dance before LOUD. He has improved so much!!",0
TNX,4C7xGubTL90,2022-05-17T09:16:38Z,@amandaputrikristanto1970,Keren banget!ayo semangat untuk streaming nya!,1
TNX,4C7xGubTL90,2022-05-17T09:16:37Z,@blobblibblab,"who is the first guy at <a href=""https://www.youtube.com/watch?v=4C7xGubTL90&amp;t=4"">0:04</a> ?? his visual ooooof",1
TNX,4C7xGubTL90,2022-05-17T09:16:36Z,@chanali3047,IMM CRYINGGGGGG IM SO FREAKING PROUD OF THEM😭😭😭😭❤️,1
TNX,4C7xGubTL90,2022-05-17T09:16:36Z,@chinsunpark4476,"OMG it&#39;s soooo good! So proud of them. The song is so good, the MV looks really nice, the dance is soo cool, and the boys really showed their all! Love the visuals and the looks, guys. Let&#39;s goooooo - FIGHTING!!!",10
TNX,4C7xGubTL90,2022-05-17T09:16:35Z,@cheixxgei_,"no puede no gustarte, es genial",0
TNX,4C7xGubTL90,2022-05-17T09:16:34Z,@brigidaucverdejo9742,"Un arte de canción a hacer stream, vaces, baile, visualidad y más&lt;3&lt;3",1
TNX,4C7xGubTL90,2022-05-17T09:16:33Z,@valen1564,OMG me encanta,0
TNX,4C7xGubTL90,2022-05-17T09:16:33Z,@khayzcherry6757,HWI KILL ME NOWWWWHDJJSDJSHSGGS,0
TNX,4C7xGubTL90,2022-05-17T09:16:33Z,@thrawatt_29,OMGGGGGGG,0
TNX,4C7xGubTL90,2022-05-17T09:16:32Z,@islkoc5093,TNX!!! GOOD LUCK MY BOYS!! &lt;333,0
TNX,4C7xGubTL90,2022-05-17T09:16:31Z,@ceansim9548,Hyunsoo ate thissss just wow I didn&#39;t expected it omg just wow this orange hair guy will be famous,0
TNX,4C7xGubTL90,2022-05-17T09:16:31Z,@julianamay5245,THIS IS AMAZINGGGGG❤️😭😭😭👏👏👏👏👏👏,0
TNX,4C7xGubTL90,2022-05-17T09:16:31Z,@yimakk,Ok...I&#39;m so speechless about this debut.,0
TNX,4C7xGubTL90,2022-05-17T09:16:28Z,@anggytafaradila9882,AAAAAA CONGRATULATIONS FOR YOU GUYS DEBUTED!!!!!!,0
TNX,4C7xGubTL90,2022-05-17T09:16:27Z,@ivanna482,Penomeco is genius 🙏🙏🙏🙏🙏,0
TNX,4C7xGubTL90,2022-05-17T09:16:27Z,@afdsarewastars,"congrats on the debut. the boys did well and the song is good, I liked all the rap parts especially.<br>only criticism would be for the colors used in the mv, red and blue. it&#39;s too similar and reminded me of another group and their branding. so it was hard for me to see what TNX&#39;s image and identity is.",1
TNX,4C7xGubTL90,2022-05-17T09:16:26Z,@are_rosiejane634,This actually exceeds my expectations!! This is really good. BEST BIRTHDAY GIFT EVER? YES,0
TNX,4C7xGubTL90,2022-05-17T09:16:26Z,@pritiroy3786,"I&#39;m stunned, this is freaking the best debut of this year!!!! I&#39;m so proud of my PLoud babies ♡",0
TNX,4C7xGubTL90,2022-05-17T09:16:26Z,@lia9918,"MY BABIES DEBUTED AHHHH  and it&#39;s one of the most powerful debuts I&#39;ve heard!!! Totally my style, I&#39;m obsessed <b>*.*</b> <br>Congrats boys, you&#39;re gonna hit big &lt;3",0
TNX,4C7xGubTL90,2022-05-17T09:16:23Z,@eminemin7769,I love this group lets go,0
TNX,4C7xGubTL90,2022-05-17T09:16:22Z,@CM0089,The brightest future is waiting for you boys ㅠㅠ,0
TNX,4C7xGubTL90,2022-05-17T09:16:22Z,@mikkisprung5301,So worth the wait! ❤️TNX❤️,0
TNX,4C7xGubTL90,2022-05-17T09:16:22Z,@mmmmmmmm2,Ateez + Treasure + Stray Kids = TNX,0
TNX,4C7xGubTL90,2022-05-17T09:16:19Z,@sueanin,😭🤍🤍,1
TNX,4C7xGubTL90,2022-05-17T09:16:18Z,@majoaranguiz2667,"I loved the song, the mv, the voices, clothes ♡ everything is incredible",6
TNX,4C7xGubTL90,2022-05-17T09:16:18Z,@sawmyatkyaw1998,Finally,0
TNX,4C7xGubTL90,2022-05-17T09:16:16Z,@aceuke8679,That sick beat :O<br>great job TNX ❤,1
TNX,4C7xGubTL90,2022-05-17T09:16:15Z,@SK-nf4fg,World get ready Pnation boys are Coming,0
TNX,4C7xGubTL90,2022-05-17T09:16:14Z,@sherlokyulum1995,Wow jun hyeok so cool...,1
TNX,4C7xGubTL90,2022-05-17T09:16:14Z,@xcrwrs,good good,0
TNX,4C7xGubTL90,2022-05-17T09:16:12Z,@aniiyaa3772,Kalian keren banget wehhhhh terharu akuw 😭😭😭,0
TNX,4C7xGubTL90,2022-05-17T09:16:09Z,@oziraper,현수파트 숨은 쉬는거니????ㅋㅋㅋㅋ 따라하다가 숨 넘어갈뻔 ㅠㅠㅠㅠㅠㅠ,0
TNX,4C7xGubTL90,2022-05-17T09:16:07Z,@cheixxgei_,me re gusta,0
TNX,4C7xGubTL90,2022-05-17T09:16:07Z,@nadi3826,Kok candu😭❤️,0
TNX,4C7xGubTL90,2022-05-17T09:16:07Z,@ddayuo,OMG 😭😭😭💗💗💗💀💀💀,0
TNX,4C7xGubTL90,2022-05-17T09:16:02Z,@bexit_98,DEBUT IS HERE! They have so much talent. I can&#39;t wait to see what&#39;s next from them! 🥰✨🥰 <br>Stan from the UK here! 🇬🇧,0
TNX,4C7xGubTL90,2022-05-17T09:16:02Z,@ann-bb9im,SELAMAT DEBUT!!!,0
TNX,4C7xGubTL90,2022-05-17T09:16:01Z,@Ndrky,What a powerful debut!!! Go TNX Kings!!!! 💥🔥,0
TNX,4C7xGubTL90,2022-05-17T09:15:59Z,@taro3716,I&#39;m so proud,0
TNX,4C7xGubTL90,2022-05-17T09:15:59Z,@cheixxgei_,"basta, no podía esperar menos",0
TNX,4C7xGubTL90,2022-05-17T09:15:58Z,@marieinluv,AAAAAAAAAAAA FINALMENTE!!! QUE DEBUT FOI ESSE?!?!?!? TA INCRÍVEL!!!!,0
TNX,4C7xGubTL90,2022-05-17T09:15:57Z,@rainbowfalling1419,This is justo sooooooo good,0
TNX,4C7xGubTL90,2022-05-17T09:15:57Z,@yjungwon,I REALLY LIKE IT,1
TNX,4C7xGubTL90,2022-05-17T09:15:56Z,@goozebumsxd,Can we talk about hwi&#39;s rap 🔥🔥🔥🔥🔥 10/10 debut,0
TNX,4C7xGubTL90,2022-05-17T09:15:54Z,@khayzcherry6757,JUNHYEOK😩💖JUNHYEOK😩💖JUNHYEOK😩💖JUNHYEOK😩💖JUNHYEOK😩💖JUNHYEOK😩💖JUNHYEOK😩💖JUNHYEOK😩💖JUNHYEOK😩💖JUNHYEOK😩💖JUNHYEOK😩💖JUNHYEOK😩💖JUNHYEOK😩💖JUNHYEOK😩💖JUNHYEOK😩💖JUNHYEOK😩💖JUNHYEOK😩💖JUNHYEOK😩💖JUNHYEOK😩💖JUNHYEOK😩💖JUNHYEOK😩💖JUNHYEOK😩💖JUNHYEOK😩💖JUNHYEOK😩💖JUNHYEOK😩💖JUNHYEOK😩💖JUNHYEOK😩💖JUNHYEOK😩💖JUNHYEOK😩💖JUNHYEOK😩💖JUNHYEOK😩💖JUNHYEOK😩💖JUNHYEOK😩💖JUNHYEOK😩💖JUNHYEOK😩💖JUNHYEOK😩💖JUNHYEOK😩💖JUNHYEOK😩💖JUNHYEOK😩💖JUNHYEOK😩💖JUNHYEOK😩💖JUNHYEOK😩💖JUNHYEOK😩💖JUNHYEOK😩💖JUNHYEOK😩💖JUNHYEOK😩💖JUNHYEOK😩💖JUNHYEOK😩💖JUNHYEOK😩💖JUNHYEOK😩💖JUNHYEOK😩💖JUNHYEOK😩💖JUNHYEOK😩💖JUNHYEOK😩💖JUNHYEOK😩💖JUNHYEOK😩💖JUNHYEOK😩💖JUNHYEOK😩💖JUNHYEOK😩💖JUNHYEOK😩💖JUNHYEOK😩💖JUNHYEOK😩💖JUNHYEOK😩💖JUNHYEOK😩💖JUNHYEOK😩💖JUNHYEOK😩💖JUNHYEOK😩💖JUNHYEOK😩💖JUNHYEOK😩💖JUNHYEOK😩💖JUNHYEOK😩💖JUNHYEOK😩💖JUNHYEOK😩💖JUNHYEOK😩💖JUNHYEOK😩💖JUNHYEOK😩💖JUNHYEOK😩💖JUNHYEOK😩💖JUNHYEOK😩💖JUNHYEOK😩💖JUNHYEOK😩💖JUNHYEOK😩💖JUNHYEOK😩💖JUNHYEOK😩💖JUNHYEOK😩💖JUNHYEOK😩💖JUNHYEOK😩💖JUNHYEOK😩💖,0
TNX,4C7xGubTL90,2022-05-17T09:15:53Z,@gustavexi8822,😍,0
TNX,4C7xGubTL90,2022-05-17T09:15:52Z,@flaneury2814,hyunsoo voice really match in this song,0
TNX,4C7xGubTL90,2022-05-17T09:15:51Z,@saputridewi118,wow amazing,0
TNX,4C7xGubTL90,2022-05-17T09:15:51Z,@hrithikasarvodayan,"You CANNOT stay still while listening to this song. <br><br>Your body will want to move. <br>THIS IS SUCH AN AWESOME DEBUT. WELL DONE, BOYS 👏🏽❤",1
TNX,4C7xGubTL90,2022-05-17T09:15:50Z,@katelintidaback6763,"for this being their debut song, THEY KILLED IT! they truly have so much potential and i’m so excited to see where they go from here!!",0
TNX,4C7xGubTL90,2022-05-17T09:15:49Z,@xcrwrs,خوب بود,0
TNX,4C7xGubTL90,2022-05-17T09:15:49Z,@Tsugin0irl,I’m so proud of you guys!!,0
TNX,4C7xGubTL90,2022-05-17T09:15:49Z,@benjaa0ne,Hyunsoo🥺🥺,0
TNX,4C7xGubTL90,2022-05-17T09:15:48Z,@Sushidess,Congratulations 🎉,0
TNX,4C7xGubTL90,2022-05-17T09:15:48Z,@yongheng-hl,"티엔엑스 데뷔 너무 축하하고 많이 사랑한다,,ㅠㅠㅜ😭💖💖",0
TNX,4C7xGubTL90,2022-05-17T09:15:46Z,@azzuusa,BEST 2022 BG DEBUT,0
TNX,4C7xGubTL90,2022-05-17T09:15:43Z,@jezamaetupong4340,"Hwi,You slayed your rap part😊👏👍 Good job",0
TNX,4C7xGubTL90,2022-05-17T09:15:41Z,@rainbowfalling1419,Estoy enamorada,0
TNX,4C7xGubTL90,2022-05-17T09:15:40Z,@yjungwon,Cool!,1
TNX,4C7xGubTL90,2022-05-17T09:15:35Z,@김빈-r6n,솔직히 데뷔곡 치고는 약한느낌ㅜㅠ 수록곡같아요....  ㅜ,0
TNX,4C7xGubTL90,2022-05-17T09:15:33Z,@SheykhiMyself,"Tnx,you have very fans in Iran",0
TNX,4C7xGubTL90,2022-05-17T09:15:33Z,@putrimeciislamiah9388,Hwi kamu berutal banget. Keren,0
TNX,4C7xGubTL90,2022-05-17T09:15:33Z,@v.adriana.v,❤️,0
TNX,4C7xGubTL90,2022-05-17T09:15:32Z,@camilagarcia3936,los amo babys,0
TNX,4C7xGubTL90,2022-05-17T09:15:32Z,@reychan1728,Aku Nonton nya berasa ada Vibes Stray Kids ama Ateez🙏🙏,1
TNX,4C7xGubTL90,2022-05-17T09:15:32Z,@ratudaffisyahrani3071,congratulations!!!!!!!!!!!!!!!,0
TNX,4C7xGubTL90,2022-05-17T09:15:31Z,@harutoneligt233,"Wow what a highly anticipated debut, and it&#39;s a really good song",0
TNX,4C7xGubTL90,2022-05-17T09:15:31Z,@hwiyoon8452,Woo Kyungjun,0
TNX,4C7xGubTL90,2022-05-17T09:15:30Z,@dessyterrecya5953,U GUYS SOOOO AMAZING!!!🔥🔥🔥🔥,0
TNX,4C7xGubTL90,2022-05-17T09:15:29Z,@zullymasgo,Wowwww estoy enamorada ya de esta canción!!!!!!!,0
TNX,4C7xGubTL90,2022-05-17T09:15:29Z,@claudineabono8083,"waaaaaaaaaaaaaaaaaHHH Finally, boys, you slayed it!!😍😍😍😍",1
TNX,4C7xGubTL90,2022-05-17T09:15:28Z,@Kinotaroni,omg,0
TNX,4C7xGubTL90,2022-05-17T09:15:28Z,@tokkimcotton,역시ㅜㅜ 화이팅🎶,0
TNX,4C7xGubTL90,2022-05-17T09:15:27Z,@passionatelemon9489,THE SONG IS SO GOOD!,2
TNX,4C7xGubTL90,2022-05-17T09:15:27Z,@ahgelbaby,SLAY TNX,0
TNX,4C7xGubTL90,2022-05-17T09:15:27Z,@Tsugin0irl,TNX DEBUT FINALLY,0
TNX,4C7xGubTL90,2022-05-17T09:15:27Z,@cawitiz2586,I LOOOOVEEEE YOU 😭😭😭😭,0
TNX,4C7xGubTL90,2022-05-17T09:15:26Z,@nayiroh864,Okay. So should i join to the club????,0
TNX,4C7xGubTL90,2022-05-17T09:15:23Z,@pritiroy3786,"Debut of the year, everybody move away!!!",0
TNX,4C7xGubTL90,2022-05-17T09:15:22Z,@deathquinn1,"OMGGGGGGGG, QUE INCREIBLE SU DEBUT QQQQQ. LOS AMO TNX",0
TNX,4C7xGubTL90,2022-05-17T09:15:22Z,@milkywayteez,Omg they are sooo amazing. Can&#39;t wait to see more of them. Slayyyy,13
TNX,4C7xGubTL90,2022-05-17T09:15:22Z,@carina6935,This is the best debut I ever saw 💕,0
TNX,4C7xGubTL90,2022-05-17T09:15:22Z,@cindyagustina1711,"Sumpah bukan debut ini, inicomeback yg ditunggu2❤❤❤❤",0
TNX,4C7xGubTL90,2022-05-17T09:15:22Z,@Kinotaroni,FINALLY!!! CONGRATULATIONS ON YOUR DEBUT THIS IS SOOOOO COOL,16
TNX,4C7xGubTL90,2022-05-17T09:15:22Z,@jdorak,Their debut MV clearly sends the message that they are not your regular boy group. <br>Their mini album is so dope. Loving it<br>Congratulations TNX on a great debut 👍 God bless you with all success 🙏,0
TNX,4C7xGubTL90,2022-05-17T09:15:21Z,@camilagarcia3936,me gustan todos,0
TNX,4C7xGubTL90,2022-05-17T09:15:20Z,@azzuusa,ASTAGFIRULLAHHH JUNHYEOKKKKK * TERIAK *,0
TNX,4C7xGubTL90,2022-05-17T09:15:19Z,@lanmizimik2581,Another boygroup I am gonna stan 🥰😍,0
TNX,4C7xGubTL90,2022-05-17T09:15:19Z,@Sunshine-di2mv,Awesome ❤️❤️❤️,1
TNX,4C7xGubTL90,2022-05-17T09:15:19Z,@passionatelemon9489,CONGRATULATIONS ON YOUR DEBUT GUYS IM SO HAPPY!!!,0
TNX,4C7xGubTL90,2022-05-17T09:15:18Z,@matchalatte.c,KJ&#39;S BIKYEO RA BIKYEO IM DEAD,0
TNX,4C7xGubTL90,2022-05-17T09:15:16Z,@newjeans3483,Keep stre@ming everyone,0
TNX,4C7xGubTL90,2022-05-17T09:15:16Z,@Cherryslushee09,Junhyeok ❤️❤️❤️😭,0
TNX,4C7xGubTL90,2022-05-17T09:15:15Z,@eria16247,잘했어ㅠㅠㅠㅠㅠㅠ 울고있어,0
TNX,4C7xGubTL90,2022-05-17T09:15:15Z,@azmy5015,Vocal Perfect<br>Rap Perfect<br>Dance Perfect<br>Visual Perfect<br>Music Perfect<br>Mv Perfect<br><br><br>EVERYTHING IS VERY GOOD<br>STAN TALENT<br>STAN TNX<br>TNX FIGHTING!!,1
TNX,4C7xGubTL90,2022-05-17T09:15:15Z,@sefa8528,It was clear from the first steps that this group would be great. We have your back all the way tnx,0
TNX,4C7xGubTL90,2022-05-17T09:15:13Z,@camilagarcia3936,me voy mori enserio esta estupendo,0
TNX,4C7xGubTL90,2022-05-17T09:15:13Z,@MaeveTaylor,this is such an amazing debut!! can&#39;t wait to see all they can do!! :D,0
TNX,4C7xGubTL90,2022-05-17T09:15:11Z,@ebibee04,THE SONG IS LIT! PROUD OF YOU 😭🔥❤,0
TNX,4C7xGubTL90,2022-05-17T09:15:11Z,@user-sq4gw9ki6v,この日を待ってた💕<br>デビューおめでとう！！！,0
TNX,4C7xGubTL90,2022-05-17T09:15:10Z,@liz_cherry4898,Me dejaron sin palabras!!... ❤️🤩🔥🔥🔥🔥🔥🔥🔥🔥🔥🔥🔥💗💗💗💗💗💗,1
TNX,4C7xGubTL90,2022-05-17T09:15:09Z,@geumsappa_id,노래 좋다.... 왜 다들 너무 멋져?? 왜 이렇게 잘해 ❤️❤️❤️❤️❤️,0
TNX,4C7xGubTL90,2022-05-17T09:15:07Z,@aqilahzulfa995,LEGGOOO TNX YUHUUUU,0
TNX,4C7xGubTL90,2022-05-17T09:15:07Z,@Kinotaroni,WAOHH ITS OUT,0
TNX,4C7xGubTL90,2022-05-17T09:15:07Z,@najwanazirah3781,Eunhwi you rap so cool !!!!!!!,0
TNX,4C7xGubTL90,2022-05-17T09:15:07Z,@estrellasan8885,I&#39;M SO PROUD OF YOU GUYS😭😭😭😭🤍🤍🖤🖤🖤🖤,0
TNX,4C7xGubTL90,2022-05-17T09:15:03Z,@한은지-k9h,"Ayuda ya no sé cómo reaccionar 😭😭😭😭😭😭😭❤️❤️❤️❤️❤️ no lo superaré OMG los amo, espere mucho por esto",0
TNX,4C7xGubTL90,2022-05-17T09:15:03Z,@miletmiron104,"Aaaaaaaaaah! Estuvo increíble, no he parado de ver el video desde que salió. Es buenísimo 💞💞💞",2
TNX,4C7xGubTL90,2022-05-17T09:15:03Z,@rim9632,TNXデビューおめでとう🎉🎉🎉<br>ここに辿り着くまで既に長くて険しい道のりだったけど、こうしてデビューすることができて、その晴れ姿を見ることができてすごく嬉しいです😭😭<br>そしてみんな本当に本当にかっこいい！あぁ…かっこいいしか言葉が出てこない…<br>これからもずっとずっと着いていくよ～!!,0
TNX,4C7xGubTL90,2022-05-17T09:15:02Z,@Cherryslushee09,My boyss slayy i🔥🔥🔥,0
TNX,4C7xGubTL90,2022-05-17T09:15:02Z,@heedeubeom,I LOVE THIS SOOOO MUCH,0
TNX,4C7xGubTL90,2022-05-17T09:15:02Z,@낙수-e3w,OMG😶🔥🔥🔥🔥,0
TNX,4C7xGubTL90,2022-05-17T09:15:02Z,@雪-x9t,데뷔 진심으로 축하해✨앞으로도 쭉 응원할께 ❣️다들 너무 멋있고 잘생겻어 😍노래 듣기좋고 앞으로도 좋은 노래 많이 부탁해 🙏,0
TNX,4C7xGubTL90,2022-05-17T09:15:01Z,@zaaachachacha2047,The first boy band gen4 that become my stan and my fav,0
TNX,4C7xGubTL90,2022-05-17T09:15:01Z,@sarthak3b765,Just awesome 😍😍,0
TNX,4C7xGubTL90,2022-05-17T09:14:59Z,@Staythx,Well I see my future ultimate group O.O,1
TNX,4C7xGubTL90,2022-05-17T09:14:59Z,@likabochikashvili4761,Let&#39;s support them guys,0
TNX,4C7xGubTL90,2022-05-17T09:14:58Z,@meeiyla1963,TNX❤,0
TNX,4C7xGubTL90,2022-05-17T09:14:56Z,@azzuusa,SLAYED,0
TNX,4C7xGubTL90,2022-05-17T09:14:55Z,@WulanDari-rd4eo,gilaa Kereennn banget 🫠🔥🔥<br>dari jaman Loud udah nungguin mereka debut Akhirnya 😭,1
TNX,4C7xGubTL90,2022-05-17T09:14:54Z,@joenitasyaherawatiputri6380,Yaaakkkk,0
TNX,4C7xGubTL90,2022-05-17T09:14:53Z,@benjaa0ne,TNX so fineeee🥵🥵🥵,0
TNX,4C7xGubTL90,2022-05-17T09:14:53Z,@Tia9736,Not bad 🔥🔥🔥,0
TNX,4C7xGubTL90,2022-05-17T09:14:53Z,@wildanurulfadilah6363,Yasshh,0
TNX,4C7xGubTL90,2022-05-17T09:14:52Z,@nisanisa6145,SONG OF THE YEARRRRR,0
TNX,4C7xGubTL90,2022-05-17T09:14:51Z,@Sunnnwoozzz,Ingat patuhi peraturan str34ming gezzz—Sunbaenim Kpopers😭🗿,0
TNX,4C7xGubTL90,2022-05-17T09:14:51Z,@flaneury2814,I LOVE YOU HYUNSOO,0
TNX,4C7xGubTL90,2022-05-17T09:14:51Z,@arthurhamada9529,let&#39;s promote this song moreeee,0
TNX,4C7xGubTL90,2022-05-17T09:14:51Z,@rhythmjain6407,Omg TNX is here!!! THEY FINALLY DEBUTED!! Gonna support you with my whole heart boys!,81
TNX,4C7xGubTL90,2022-05-17T09:14:49Z,@zennixxgaming0.1,I just say <br>Woooooo!,0
TNX,4C7xGubTL90,2022-05-17T09:14:47Z,@KpoperKaisoo,"Wow la palabra on my way ahora no la puedo sacar de mi mente, sensacional, me gusto el video musical y la canción pues tiene buen ritmo.",0
TNX,4C7xGubTL90,2022-05-17T09:14:47Z,@summerwine3446,비캬 비캬 Omggg,0
TNX,4C7xGubTL90,2022-05-17T09:14:47Z,@ynlypi8277,"this is master piece the vocal, outfit, beat, concept, choreography, make up, looks, hairstyle, clothes and facial expressions 😩😩😩😩",0
TNX,4C7xGubTL90,2022-05-17T09:14:46Z,@-studentth,I&#39;m sure they&#39;ll become something great for the future and make their own history !!!,19
TNX,4C7xGubTL90,2022-05-17T09:14:44Z,@maipersona,FINALLY TNX DEBUT&lt;3!!! KEEP STREAMING GUYS FIGHTING!!!,1
TNX,4C7xGubTL90,2022-05-17T09:14:43Z,@alexxmmarie,THIS IS INSANEEE I LOVE ITTTT,0
TNX,4C7xGubTL90,2022-05-17T09:14:42Z,@xolileshontelle37,This song is so catchy. It&#39;s going to be a big hit 👌,0
TNX,4C7xGubTL90,2022-05-17T09:14:42Z,@flaneury2814,YASHHHH HYUNSOO KAJJAAAAA,0
TNX,4C7xGubTL90,2022-05-17T09:14:42Z,@acandycrushsagajourney6215,THIS IS SO GOOD I LOVE THE LYRICS 😭😭😭,0
TNX,4C7xGubTL90,2022-05-17T09:14:41Z,@chandralaksmi1263,"YOU GUYS ARE REALLY COOL, LOVE YOU GUYS SO MUCH ❤️❤️❤️❤️",0
TNX,4C7xGubTL90,2022-05-17T09:14:40Z,@nadiranovia9793,baru kali ini disuruh minggir nalah meleyot😭☝️😭☝️😭☝️,1
TNX,4C7xGubTL90,2022-05-17T09:14:39Z,@SheykhiMyself,Omg,0
TNX,4C7xGubTL90,2022-05-17T09:14:38Z,@jezamaetupong4340,"Hwi, Junhyeok,Sungjun,Kyungjun,Taehun,and Hyunsoo fighting!!!!!Keep slayin&#39; future Kings!!!!",0
TNX,4C7xGubTL90,2022-05-17T09:14:36Z,@arthurhamada9529,keep hyping this!!!!,0
TNX,4C7xGubTL90,2022-05-17T09:14:36Z,@sarthak3b765,Just awesome 😍😍,0
TNX,4C7xGubTL90,2022-05-17T09:14:35Z,@JL-fu8dk,"<a href=""https://www.youtube.com/watch?v=4C7xGubTL90&amp;t=126"">2:06</a> to end is my favorite",3
TNX,4C7xGubTL90,2022-05-17T09:14:35Z,@hunbee1915,Let&#39;s go guyssss,0
TNX,4C7xGubTL90,2022-05-17T09:14:33Z,@dilara-kd9jr,PNATION PLEASE GIVE THIS GROUP POLAROID LOVE TYPE OF SONG,0
TNX,4C7xGubTL90,2022-05-17T09:14:33Z,@fauziahputri5615,TWAT WAS SO PERFECT!!!,0
TNX,4C7xGubTL90,2022-05-17T09:14:33Z,@qyuours5267,Congrats for your debut TNX! 🥰🥳,0
TNX,4C7xGubTL90,2022-05-17T09:14:30Z,@azzuusa,AJSJDKSJDKSJGKKSJDJSKSNDKSKFB,0
TNX,4C7xGubTL90,2022-05-17T09:14:28Z,@ahmadroymalza3215,Telat 10 menit😭😭,0
TNX,4C7xGubTL90,2022-05-17T09:14:27Z,@hanel_wu,TNX SLAYED,0
TNX,4C7xGubTL90,2022-05-17T09:14:26Z,@foreveralive4639,More likes than views,0
TNX,4C7xGubTL90,2022-05-17T09:14:26Z,@flaneury2814,IM SO PROUD OF THEM!! THE MV REALLY AWSOME AND THE SONG AKSJSJSKAJS ILY GUYSSS,0
TNX,4C7xGubTL90,2022-05-17T09:14:26Z,@rojinakbalk2418,This song is lit go TNX,0
TNX,4C7xGubTL90,2022-05-17T09:14:25Z,@DigitalBeautyCampusDivas,Los amooo,0
TNX,4C7xGubTL90,2022-05-17T09:14:24Z,@soraa_music3460,Omgggggggggggggggg,0
TNX,4C7xGubTL90,2022-05-17T09:14:24Z,@zar1y,TNX worth the wait,0
TNX,4C7xGubTL90,2022-05-17T09:14:23Z,@everydaydiyaaa,So good✨,1
TNX,4C7xGubTL90,2022-05-17T09:14:23Z,@chata9321,Love it!!! Goooooo KyungJun!!!! &lt;3,0
TNX,4C7xGubTL90,2022-05-17T09:14:23Z,@cherryaoi3975,와..잘생겼따 안무도노래도비쥬얼넘넘좋아,1
TNX,4C7xGubTL90,2022-05-17T09:14:23Z,@mellodidang,"The line &quot; so no one can get in our way, again again again&quot;<br><br>Shemmsss no one can stop them!!!,",430
TNX,4C7xGubTL90,2022-05-17T09:14:22Z,@kpopkdrama3895,Wow 👏 TNX <br>MV is very good and song is catchy 👌,0
TNX,4C7xGubTL90,2022-05-17T09:14:20Z,@kybfy7444,티엔엑스 가자아아아ㅏ으아으ㅏㅏ아 !!! 데뷔 축하해 !!!,0
TNX,4C7xGubTL90,2022-05-17T09:14:20Z,@violetaelise4348,AH I LOVE IT!,0
TNX,4C7xGubTL90,2022-05-17T09:14:20Z,@tasyanabila1702,OMGGG SO DANGERIOUS FOR MY HEART,0
TNX,4C7xGubTL90,2022-05-17T09:14:19Z,@yoda4269,Generic bg song nothing special,0
TNX,4C7xGubTL90,2022-05-17T09:14:18Z,@balqisismail2066,stan tnx for better life ❤️💀,0
TNX,4C7xGubTL90,2022-05-17T09:14:18Z,@eduardamaysa532,"Simplesmente maravilhosos! O visual, a melodia, a dança, os vocais, tudo perfeito!",0
TNX,4C7xGubTL90,2022-05-17T09:14:17Z,@jagyunk,"OMG!!! ESTOY LLORANDO… estoy realmente ORGULLOSO DE USTEDES CHICOS&lt;33 ES MUY EXCELENTE TODO, Y LOS APOYARE SIEMPRE🛐💐✨",1
TNX,4C7xGubTL90,2022-05-17T09:14:17Z,@azzuusa,<b>CRYING</b>,0
TNX,4C7xGubTL90,2022-05-17T09:14:15Z,@nabilahuwaida6095,"aku sudah menantikan ini...bahkan menghitung hari...tak ku sangka akhirnya...aku sangat bangga dengan penampilan kalian...good job guys!!^-^, semangat terus untuk kedepannya adik adikku (◍•ᴗ•◍)",1
TNX,4C7xGubTL90,2022-05-17T09:14:15Z,@XaiElf00,Yes.... Being in P Nation proves that you&#39;ll be talented af and sure to never disappoint... It&#39;s a flex being in P Nation cause  P Nation only have talented idols Welcome TNX to the entertainment industry... Hope you can stay with us for a long time... I&#39;ll watch you guys grow to be one of the biggest group in Kpop .... Fighting,0
TNX,4C7xGubTL90,2022-05-17T09:14:14Z,@irenerosec.derecho407,Finally the wait is over! CONGRATULATIONS TNX 💚 SO PROUD AND SO TALENTED. CANT WAIT FOR MOREEE,0
TNX,4C7xGubTL90,2022-05-17T09:14:14Z,@isaasdz,they’re so insane!!!!,0
TNX,4C7xGubTL90,2022-05-17T09:14:13Z,@wdwroadie3534,I HAVE BEEN WAITING KINGS ❤️❤️,0
TNX,4C7xGubTL90,2022-05-17T09:14:12Z,@reecajane770,Wow I&#39;m early,1
TNX,4C7xGubTL90,2022-05-17T09:14:11Z,@lunaly572,"i always click mvs of unknown groups, the song is lit",0
TNX,4C7xGubTL90,2022-05-17T09:14:11Z,@anna0_11bllr,I was waiting for this one…amaziiing,0
TNX,4C7xGubTL90,2022-05-17T09:14:10Z,@KAREM15,MASTERPIECE!!,0
TNX,4C7xGubTL90,2022-05-17T09:14:09Z,@heywuaraguao1483,Wooooow,0
TNX,4C7xGubTL90,2022-05-17T09:14:09Z,@moemoe_m3t,So proud of them. Love this song so much .,0
TNX,4C7xGubTL90,2022-05-17T09:14:07Z,@ainaudrey,I&#39;m addicted with this song!!,1
TNX,4C7xGubTL90,2022-05-17T09:14:07Z,@SheykhiMyself,This is amazing,0
TNX,4C7xGubTL90,2022-05-17T09:14:06Z,@khayzcherry6757,istg Hyunsoo&#39;s visual is just something else,0
TNX,4C7xGubTL90,2022-05-17T09:14:06Z,@antjefaltis4724,This is a really really powerful Debut ... I like the Song really much and I haven&#39;t even listened to all of it ....,0
TNX,4C7xGubTL90,2022-05-17T09:14:05Z,@cawitiz2586,너무 행복한!!!<br>당신의 일을 주셔서 감사합니다💞💞💞,0
TNX,4C7xGubTL90,2022-05-17T09:14:05Z,@azzuusa,THEYRE GOIN CRAZZZEEEYY,0
TNX,4C7xGubTL90,2022-05-17T09:14:03Z,@aaassshhhhiiiA,Amazinggggggg they are on 🔥 🔥,0
TNX,4C7xGubTL90,2022-05-17T09:14:03Z,@nadiranovia9793,CUIIIII GWEH GILA LIAT INI😭😭😭😭😭😭😭,0
TNX,4C7xGubTL90,2022-05-17T09:14:01Z,@lounavion5634,OMG FINALLY!!!!,0
TNX,4C7xGubTL90,2022-05-17T09:14:01Z,@peachy5761,สุดปังค่ะ!!!,0
TNX,4C7xGubTL90,2022-05-17T09:14:00Z,@hungchhungipachuau,HWI!!!!!!❤️‍🔥❤️‍🔥❤️‍🔥🤩🤩😂,0
TNX,4C7xGubTL90,2022-05-17T09:14:00Z,@chelseyanneesmenda9247,The long wait has finally ended I luv this song it’s so sick and love the vibe!!! 🔥🔥🔥,6
TNX,4C7xGubTL90,2022-05-17T09:13:59Z,@wdwroadie3534,I’m going to send this to all my friends rn,0
TNX,4C7xGubTL90,2022-05-17T09:13:58Z,@phyll_lia913,Lots of love 🇮🇳✨🇮🇳,0
TNX,4C7xGubTL90,2022-05-17T09:13:58Z,@cheontommy,最高にかっこよくて倒れる！TNX最高！,0
TNX,4C7xGubTL90,2022-05-17T09:13:58Z,@sherrysg.gilbert,Let&#39;s go boys,0
TNX,4C7xGubTL90,2022-05-17T09:13:57Z,@jaissyvalentiane2103,Lope banget dah asli nangis akhirnya......,0
TNX,4C7xGubTL90,2022-05-17T09:13:57Z,@KAREM15,SO PROUD OF YOUUU BOYS!! CONGRATULATIONS!! ❤❤❤❤❤❤❤👏,0
TNX,4C7xGubTL90,2022-05-17T09:13:57Z,@الحمدلله-ث3ك8خ,Wowoow,0
TNX,4C7xGubTL90,2022-05-17T09:13:56Z,@everyonelovebot5885,THE WAIT FOR THEIR DEBUT IS FINALLY OVER AND I&#39;M SO PROUD OF THEM OH MY GODD(╥﹏╥) ALSOOO THE SONG IS SOO GOOD!!! I ESPECIALLY LIKE HWI&#39;S RAP PART!!!,5
TNX,4C7xGubTL90,2022-05-17T09:13:56Z,@kohanei1787,The &quot;This is your captain speaking to the passengers&quot; part was so nice!!,17
TNX,4C7xGubTL90,2022-05-17T09:13:56Z,@azzuusa,I LOVE THE PRE CHORUS OMG,0
TNX,4C7xGubTL90,2022-05-17T09:13:56Z,@ubesooft,"AAAAAH ES BUENISIMA, LA PARTE FINAL DIOS MIO AMEEEE TANTO",0
TNX,4C7xGubTL90,2022-05-17T09:13:55Z,@huangxuxi6813,Keren,1
TNX,4C7xGubTL90,2022-05-17T09:13:53Z,@rojinakbalk2418,Slayyyy Kingsss,0
TNX,4C7xGubTL90,2022-05-17T09:13:53Z,@multothetitothestan1530,"THE VOICES, THE DANCES, THE RAPS, THE VISUALS, THE FACIAL EXPRESSION, THE STAGE PRESENCE ARE ALL UNIQUE!! CONGRATS ON YOUR DEBUT, TNX!!!",0
TNX,4C7xGubTL90,2022-05-17T09:13:53Z,@am.0409,They are finally here !,0
TNX,4C7xGubTL90,2022-05-17T09:13:51Z,@jiwjiw0652,PART JUNHYEOK OMG GAKUAT,0
TNX,4C7xGubTL90,2022-05-17T09:13:50Z,@ceansim9548,Rapper hwiiii,0
TNX,4C7xGubTL90,2022-05-17T09:13:50Z,@cupcakenelly8051,🔥🔥🔥🔥,0
TNX,4C7xGubTL90,2022-05-17T09:13:49Z,@kylaheewon1003,HWI&#39;S PART OMFGGGGGGD SOOOOO GOOOOODDDD,1
TNX,4C7xGubTL90,2022-05-17T09:13:49Z,@RiTa-ew6cu,Omg so good ❤️ congratulations on your debut tnx 🎉✨,0
TNX,4C7xGubTL90,2022-05-17T09:13:48Z,@treasuzhr,"데뷔 축하드려요~<br>모든 사람들은 분명히 그것이 성장하고, 미래에 대한 정신을 유지하며, 시간에 따라 가장 빛나고 있는 것을 볼 것이다. 나는 너희들이 성공할 거라고 확신해!<br>All the way up~ ෆ╹ .̮ ╹ෆ",0
TNX,4C7xGubTL90,2022-05-17T09:13:48Z,@liz4976,¡Qué canción y MV tan maravilloso!,0
TNX,4C7xGubTL90,2022-05-17T09:13:47Z,@moonlight5196,FIKS BANGET GUE STAN MEREKA HARI INI,0
TNX,4C7xGubTL90,2022-05-17T09:13:47Z,@marikooala6161,THIS GROUP GOING GLOBAL?! THE END!! MOVE AWAY!! CONGRATS BOYS!! 🏁🏁🏁,0
TNX,4C7xGubTL90,2022-05-17T09:13:46Z,@wdwroadie3534,In love,0
TNX,4C7xGubTL90,2022-05-17T09:13:45Z,@azzuusa,ROTY,0
TNX,4C7xGubTL90,2022-05-17T09:13:44Z,@am.0409,Incredible debut !,0
TNX,4C7xGubTL90,2022-05-17T09:13:44Z,@bluebearry,akhirnya setelah penantian yang panjang😭😭😭 THIS IS SO WORTH THE WAIT!!,0
TNX,4C7xGubTL90,2022-05-17T09:13:44Z,@lavvzhprr,"GANTENG BANGET SEMUANYA, CONGRATS DEBUTNYA",0
TNX,4C7xGubTL90,2022-05-17T09:13:43Z,@namjoonnie4046,จากใจคนเมนแทฮุน : หล่อไปไหนพ่อ,1
TNX,4C7xGubTL90,2022-05-17T09:13:43Z,@bucinyujimin1521,Lagunya PNATION banget,0
TNX,4C7xGubTL90,2022-05-17T09:13:42Z,@mochimochikimochi-,最高すぎる‼️ずっとまってたよ！おめでとう🖤🖤🖤🖤🖤🖤,1
TNX,4C7xGubTL90,2022-05-17T09:13:41Z,@norahkad,WOWW! WE&#39;RE ALL SPEECHLESS!<br>WE&#39;RE SO PROUD OF YOU ALL!,2
TNX,4C7xGubTL90,2022-05-17T09:13:41Z,@salmaessam8061,"It is legend debut of our amazing boys, I am crying",0
TNX,4C7xGubTL90,2022-05-17T09:13:40Z,@zaidiarhymi,Happy debut day TNX,0
TNX,4C7xGubTL90,2022-05-17T09:13:40Z,@azzahput6292,penantian lama akhirnya pecah,0
TNX,4C7xGubTL90,2022-05-17T09:13:39Z,@Sayori67,they are damn good,0
TNX,4C7xGubTL90,2022-05-17T09:13:38Z,@clover7014,"YES TNX!! EVERYONE THAT GOOD JOB, THE RAPLINE VERY STRONG👏👏👏TO MY ULTIMATE BIAS KYUNJUN &amp; HWI, U THAT IT!! BIKYEO PART REALLY COOL💜💜💜",0
TNX,4C7xGubTL90,2022-05-17T09:13:38Z,@maurício_a.s.s,PUTA QUE PARIU ESPEREI TANTO PRA ISSO TO TODO ARREPIADO DEBUT DO MOMENTO TNX PORRRA ENTREGOU COM FORÇA &lt;3,0
TNX,4C7xGubTL90,2022-05-17T09:13:38Z,@maryamw5638,I’m proud of them xndjsjsbsbdhjfhd,0
TNX,4C7xGubTL90,2022-05-17T09:13:37Z,@wdwroadie3534,YES YES YES ❤️❤️❤️❤️,0
TNX,4C7xGubTL90,2022-05-17T09:13:36Z,@ohayeon4506,I just know this group is gonna make it big they have a crazy talent,84
TNX,4C7xGubTL90,2022-05-17T09:13:35Z,@_antarou_,데뷔 축하해🎊,0
TNX,4C7xGubTL90,2022-05-17T09:13:33Z,@persona__4607,"TNX, ROTY 2022!!!",0
TNX,4C7xGubTL90,2022-05-17T09:13:33Z,@razejyu,OMG COOL I CAN&#39;T! HOW AMAZING!!!!!,0
TNX,4C7xGubTL90,2022-05-17T09:13:33Z,@CHAN-x4m,ذي الفرقى الي مستحيل تنقي بايس,0
TNX,4C7xGubTL90,2022-05-17T09:13:33Z,@beyourbrooo6546,"all the waiting was worth it!!! congratulations and thank you for debuting, TNX!!!",1
TNX,4C7xGubTL90,2022-05-17T09:13:33Z,@aayanoo1o21,デビューおめでとうございます！！みんなかっこいい♡,0
TNX,4C7xGubTL90,2022-05-17T09:13:31Z,@kylaheewon1003,LETSSS STREAAAM HAAARDDDD,1
TNX,4C7xGubTL90,2022-05-17T09:13:30Z,@ceansim9548,Woahh hyunsoo has a lot of lines so proud all rounder,0
TNX,4C7xGubTL90,2022-05-17T09:13:29Z,@ReinaldiChannel,TNX IS COMING🔥🔥🔥,0
TNX,4C7xGubTL90,2022-05-17T09:13:28Z,@khayzcherry6757,I can already see people going crazy for junhyeok💀,1
TNX,4C7xGubTL90,2022-05-17T09:13:27Z,@kioticalli,AY PUCHA MAY POGIII,1
TNX,4C7xGubTL90,2022-05-17T09:13:26Z,@keyy2229,TERKEREN SEDUNIA,1
TNX,4C7xGubTL90,2022-05-17T09:13:25Z,@biyadvv,finally after so long waiting 😩😭😭,0
TNX,4C7xGubTL90,2022-05-17T09:13:25Z,@bucinyujimin1521,Ganteng banget Kyungjun,0
TNX,4C7xGubTL90,2022-05-17T09:13:25Z,@yarayaa0,Congratulations for debut TNX,1
TNX,4C7xGubTL90,2022-05-17T09:13:24Z,@liz_cherry4898,🤩❤️🤩❤️🤩❤️🤩❤️🤩❤️🎉🎉🎉🎉🎉,1
TNX,4C7xGubTL90,2022-05-17T09:13:24Z,@dreamykitty521,Love this!!!,0
TNX,4C7xGubTL90,2022-05-17T09:13:24Z,@atiyyahcarol4937,Congratulations!!!!!!!! 💐💐💐💐💐💐💐💐💐💐💐💐💐💐💐💐💐💐💐,0
TNX,4C7xGubTL90,2022-05-17T09:13:23Z,@sahara7203,omg,0
TNX,4C7xGubTL90,2022-05-17T09:13:22Z,@phyulay4680,This song is masterpiece.I&#39;m so proud of my boy.,16
TNX,4C7xGubTL90,2022-05-17T09:13:22Z,@shooka2736,TNX love youuuu from Iran,0
TNX,4C7xGubTL90,2022-05-17T09:13:21Z,@うるし-y8h,앞으로도 계속 따라간다,0
TNX,4C7xGubTL90,2022-05-17T09:13:20Z,@zfwaraujo,OMGGGGG,0
TNX,4C7xGubTL90,2022-05-17T09:13:19Z,@amanda_darmawan,SUCH A BOP,0
TNX,4C7xGubTL90,2022-05-17T09:13:19Z,@channe9600,"All the members are talented and are visuals, pnation is not here to play!",0
TNX,4C7xGubTL90,2022-05-17T09:13:19Z,@CHAN-x4m,حركاتهمممم وعععع,0
TNX,4C7xGubTL90,2022-05-17T09:13:18Z,@sungshine3693,PERFECTION !!,0
TNX,4C7xGubTL90,2022-05-17T09:13:17Z,@heybewwo,IM GONNA CRY,0
TNX,4C7xGubTL90,2022-05-17T09:13:17Z,@pronunciacionestomoonis,TNX felicidades por su debut <br>Lo amoo,1
TNX,4C7xGubTL90,2022-05-17T09:13:17Z,@Min9lino,im going to stan them,0
TNX,4C7xGubTL90,2022-05-17T09:13:16Z,@daeona3046,Aaaawww🔥🔥🔥😫,0
TNX,4C7xGubTL90,2022-05-17T09:13:16Z,@anjistanath9435,💗💕,0
TNX,4C7xGubTL90,2022-05-17T09:13:16Z,@giskece9083,"been waiting so long for this debut and OUR BOYS REALLY SLAYED IT, AND I FEEL LIKE THIS SONG REALLY SUITS THEM, this is just the beginning, i know you guys will be very big and very&quot; successful in the future sending lots of love to our lovely boys",0
TNX,4C7xGubTL90,2022-05-17T09:13:16Z,@gracia8489,INII KEREN BGT WOIII SJSJDHSHSBXSNSJSJHS,0
TNX,4C7xGubTL90,2022-05-17T09:13:14Z,@sofhaecalvo2833,"Waahhhh!!!! THEY ALL LOOK COOL! THE CHOREO, THE STYLING, THE SET, THE SONG , THE VOICES SCREAMS PERFECTION!!",0
TNX,4C7xGubTL90,2022-05-17T09:13:14Z,@ciio_0,"&quot;We P Nation&quot;<br>&quot;비켜라 비켜&quot;<br><br>this song is so addicting, their vocals, their rap, their choreography, their MV filming, their concept are so amazing. Thank you so much for this masterpiece song",2111
TNX,4C7xGubTL90,2022-05-17T09:13:13Z,@baemondaily1,We P NATION? :|,0
TNX,4C7xGubTL90,2022-05-17T09:13:13Z,@Giantmountainnn,"IM SPEECHLESS I DON&#39;T KNOW WHAT TO SAY FR, THIS SONG IS SUCH A BANGER FR. THEIR CONSEPT, COSTUMES, AND THEM THOO.THEIR VOICE ESPECIALLY EUN HWI RAP FR MY FAVORITE PARTS. 😭😭😭😭 I WANNA CRY THEIR DEBUT SONG IS SO SO FIREEE ❤️❤️❤️🔥🔥",0
TNX,4C7xGubTL90,2022-05-17T09:13:13Z,@zoldyck4088,"Esperé tanto por este debut, definitivamente me encantó &lt;3 los amo bebitos, van a llegar muy lejos",0
TNX,4C7xGubTL90,2022-05-17T09:13:12Z,@sixpandora8113,Finally debut!! Congratulations!!,0
TNX,4C7xGubTL90,2022-05-17T09:13:12Z,@mavirye2410,"omg!! They&#39;re here!!!😭 But I&#39;m just confuse aren&#39;t they--like ten? In the Ploud they were ten, right?😭 Anyway this is lit!❤️",0
TNX,4C7xGubTL90,2022-05-17T09:13:11Z,@ceansim9548,Kyungjun pogiiii talented,0
TNX,4C7xGubTL90,2022-05-17T09:13:11Z,@bbing_6512,"Es buenísimo esto, me encanta!! &lt;3",0
TNX,4C7xGubTL90,2022-05-17T09:13:11Z,@kimhyrin3555,OMGGGG,0
TNX,4C7xGubTL90,2022-05-17T09:13:11Z,@anastasiad.1871,kyungjun &lt;3,0
TNX,4C7xGubTL90,2022-05-17T09:13:10Z,@safiraw27,"THEY&#39;RE GROWN UP NOWW, I&#39;M SO PROUD OF ALL OF YOUU. FROM LOUD UNTIL NOW😭😭😭💜💜✨✨",0
TNX,4C7xGubTL90,2022-05-17T09:13:09Z,@blorping8216,"Nawww, another proud noona here (from Australia, 👋Kyungjun!). Really happy for them that they have debuted and weirdly proud too. Also, was SO NICE to hear Junhyeok&#39;s voice again! His tone is gorgeous. TNX fighting! P Nation fighting!",1
TNX,4C7xGubTL90,2022-05-17T09:13:08Z,@Palitakk,Very nice 💓🫶🏻,1
TNX,4C7xGubTL90,2022-05-17T09:13:07Z,@CHAN-x4m,مممششش قققاااادرههههع,0
TNX,4C7xGubTL90,2022-05-17T09:13:07Z,@rubywilson4871,Omg its so good!!!!<br>TNX is going to be big i swear,0
TNX,4C7xGubTL90,2022-05-17T09:13:07Z,@prishine2761,Happy debut to TNX 😘😘😘😘,0
TNX,4C7xGubTL90,2022-05-17T09:13:05Z,@amanda_darmawan,OMG PREDEBUT FAN HERE WTF ITS SO GOOD,0
TNX,4C7xGubTL90,2022-05-17T09:13:02Z,@sharonalarcon2111,"Realmente la canción está algo adictiva, se le nota mucho potencial a TNX",1
TNX,4C7xGubTL90,2022-05-17T09:13:02Z,@JiJi_613,"Aaaaa!!! Hasta que por fin salio,quiero llorar,esta super bacán.<br>TNX que emoción,los amo.",1
TNX,4C7xGubTL90,2022-05-17T09:13:02Z,@leftnostrilofyeosang6939,Exited to Stan them,1
TNX,4C7xGubTL90,2022-05-17T09:13:02Z,@azzahput6292,keren banget,0
TNX,4C7xGubTL90,2022-05-17T09:13:02Z,@sungshine3693,AAAAAAAA IM SHAKINGGG,0
TNX,4C7xGubTL90,2022-05-17T09:13:00Z,@CHAN-x4m,ففخمههه,0
TNX,4C7xGubTL90,2022-05-17T09:12:59Z,@user-tk8gu7dm1p,I’m so proud of them,0
TNX,4C7xGubTL90,2022-05-17T09:12:59Z,@ricardodemelortorres,"I feel happy to witness this Debut. They are amazing, they sing and dance very well, they are very handsome. Congratulations, you are extremely talented 🖤",1
TNX,4C7xGubTL90,2022-05-17T09:12:58Z,@vembria6750,uri main rapper. Woo Kyungjun. So cool. So amazing,0
TNX,4C7xGubTL90,2022-05-17T09:12:57Z,@Hellohwasabr,Amei muito 😍❤️‍🔥,0
TNX,4C7xGubTL90,2022-05-17T09:12:56Z,@ruhyun7664,The wait is over!! This really is amazing!!!!!!!!!,0
TNX,4C7xGubTL90,2022-05-17T09:12:56Z,@CHAN-x4m,ما شاء الله تجننن,0
TNX,4C7xGubTL90,2022-05-17T09:12:56Z,@char31le64,"Ok but this song hits so hard, i absolutely love it!",0
TNX,4C7xGubTL90,2022-05-17T09:12:56Z,@s.m.2308,"Oooh, the song is so catchy!! Congratulations TNX! TNX ganbatte!!!!",0
TNX,4C7xGubTL90,2022-05-17T09:12:54Z,@anggiaputriandrea7552,"This is crazy, addictive song 😭",0
TNX,4C7xGubTL90,2022-05-17T09:12:54Z,@GoReThyMs,Congratulations TNX for your amazing Debut🤍 Fighting!!!,0
TNX,4C7xGubTL90,2022-05-17T09:12:54Z,@brisaperin1224,"El mejor debut que e visto a hasta ahora, gracias pnation por darme a este grupo tan hermoso",0
TNX,4C7xGubTL90,2022-05-17T09:12:53Z,@saffrina7733,SLAYED SO HARDDDDDD,0
TNX,4C7xGubTL90,2022-05-17T09:12:52Z,@sallyalysia7148,"6 vocalist, 6 rapper, 6 dancer i just... WOWWW, this is TNX!!!",0
TNX,4C7xGubTL90,2022-05-17T09:12:52Z,@ynlypi8277,i cant wait to see you as one of the biggest boy group!!,0
TNX,4C7xGubTL90,2022-05-17T09:12:50Z,@chheandoem9000,"<a href=""http://www.youtube.com/results?search_query=%23tnx"">#TNX</a> is rocking!",0
TNX,4C7xGubTL90,2022-05-17T09:12:50Z,@chukwufumnanyanwaodor6058,I love it i love I loveeeeeee itttttttt. My hosh they totally killed the debut. As expected from them they were 🔥. Hwi&#39;s rap did not disappoint. Im literally crying from happiness.,0
TNX,4C7xGubTL90,2022-05-17T09:12:50Z,@AR-cn9ng,Para Los Que vimos Loud Al fin debutan Los Niños y estoy feliz la verdad esperaba este debut y fueron Tan fuertes como siempre Felicidades espero que tengan mucho exito chicos.,0
TNX,4C7xGubTL90,2022-05-17T09:12:50Z,@unboxing517,드디어 데뷔이다ㅠㅠㅠㅠㅠ 너무 멋있어!!!!!!! 티엔엑스 사랑해🤍,0
TNX,4C7xGubTL90,2022-05-17T09:12:49Z,@bluebearry,TNX KEREN BANGETT!! THE BEAT DROP WAS LIT!!!! SEMUA ORANG HARUS DENGER INII,0
TNX,4C7xGubTL90,2022-05-17T09:12:48Z,@putripermatadevy8046,Hwi 🔥🔥🔥🔥🔥,0
TNX,4C7xGubTL90,2022-05-17T09:12:48Z,@amalienputri,FEELS LIKE A DREAM...,0
TNX,4C7xGubTL90,2022-05-17T09:12:47Z,@searchgog1320,TNX go uppppp,0
TNX,4C7xGubTL90,2022-05-17T09:12:44Z,@ohayeon4506,I&#39;m telling you right now eun hwi is the next rap god in kpop,1
TNX,4C7xGubTL90,2022-05-17T09:12:44Z,@myks1793,This is so good!!!!!,0
TNX,4C7xGubTL90,2022-05-17T09:12:43Z,@hicrijangrei,TNX의 데뷔곡🎶굉장히 멋있어!! 기대를 저버리지 않아~ 앞으로 많이 듣고 많이 응원해 나갈게!!!📢,0
TNX,4C7xGubTL90,2022-05-17T09:12:43Z,@maru9535,THIS IS SO GREAT! SICK BEATS! EVERYTHING&#39;S JUST PERFECT! I&#39;D SAY 비켜 IS ONE OF THE BEST KPOP DEBUT SONG THIS YEAR! 💕,5
TNX,4C7xGubTL90,2022-05-17T09:12:42Z,@yarayaa0,Im so proud TNX❤❤❤❤,1
TNX,4C7xGubTL90,2022-05-17T09:12:42Z,@JHhappy-gz5gd,"This song is a masterpiece. It rather feels like a comeback than a debut. The visuals, the vocals, the rap, everything is on point. They really ate and left no crumbs. I already know these boys will have great success in the future&lt;3",0
TNX,4C7xGubTL90,2022-05-17T09:12:41Z,@hyunsooismine,BAGUSSS BANGETT❤,0
TNX,4C7xGubTL90,2022-05-17T09:12:41Z,@shanleykyte4402,"I&#39;VE BEEN WAITING THIS FOR LIKE ALMOST A YEAR NOW, AND THEY DID IT",0
TNX,4C7xGubTL90,2022-05-17T09:12:40Z,@kyladucay481,WHAAAAAAA TNX,0
TNX,4C7xGubTL90,2022-05-17T09:12:39Z,@naia1420,DID THEY JUST GIVE A HINT TO US FOR THE NEXT CONCEPT AT THE END???? OR WHAT,0
TNX,4C7xGubTL90,2022-05-17T09:12:37Z,@gracia8489,congrats for your debut boyss!!! ❤️❤️,0
TNX,4C7xGubTL90,2022-05-17T09:12:36Z,@amalienputri,SLAYYYYYY,0
TNX,4C7xGubTL90,2022-05-17T09:12:35Z,@avocha5583,I&#39;M GONNA CRY,0
TNX,4C7xGubTL90,2022-05-17T09:12:35Z,@tnx226,راب هووييي!!!!!,0
TNX,4C7xGubTL90,2022-05-17T09:12:33Z,@dindayk4039,"makasih tnx, udah dikasih translate Indonesia",1
TNX,4C7xGubTL90,2022-05-17T09:12:31Z,@eijafrize8246,Wow wow wow...they slay yo.....🤟🤟🤟,0
TNX,4C7xGubTL90,2022-05-17T09:12:30Z,@jerceealmarioofficial366,Whoo im your FANS NOWWWW.,0
TNX,4C7xGubTL90,2022-05-17T09:12:30Z,@lyan.luvhoon738,Keren banget sumpil,0
TNX,4C7xGubTL90,2022-05-17T09:12:28Z,@juskylll,احبكم فخخورة,0
TNX,4C7xGubTL90,2022-05-17T09:12:28Z,@elizabethrodriguez.8462,Wow I like it (ʘᴗʘ✿),0
TNX,4C7xGubTL90,2022-05-17T09:12:28Z,@sn4xin,와 ㅁㅊ 이게 이제나오네,0
TNX,4C7xGubTL90,2022-05-17T09:12:28Z,@chlirx,OMG AAAAAAAAAA,0
TNX,4C7xGubTL90,2022-05-17T09:12:27Z,@Doyoungson,they slayed,0
TNX,4C7xGubTL90,2022-05-17T09:12:27Z,@anisnabilah8935,I love everything about this mv and song!!!! CONGRATULATION TNX AND PNATION❤️,0
TNX,4C7xGubTL90,2022-05-17T09:12:27Z,@Wish4Riku,"They did an outstanding job. They have beautiful visuals as well as a lot of talent, and this is just their debut. I&#39;m really proud of them, and I can&#39;t wait to hear more from them and watch them grow.",22
TNX,4C7xGubTL90,2022-05-17T09:12:27Z,@Adelynbdr,How are they so perfect. KINGS,0
TNX,4C7xGubTL90,2022-05-17T09:12:27Z,@フライ-o9q,衝撃のカッコよさ泣泣泣泣TNX愛してる泣泣泣泣泣泣泣,0
TNX,4C7xGubTL90,2022-05-17T09:12:26Z,@ksdorowow,너희가 케이팝의 미래다 1위 가보자고!!,0
TNX,4C7xGubTL90,2022-05-17T09:12:25Z,@bdjfjfj,훅 부분은 제시 노래였을법한 느낌이네요 ㅎ,0
TNX,4C7xGubTL90,2022-05-17T09:12:24Z,@irvingv.9521,THIS IS SO GOOOD!!!! TNX WILL BE BIG!! SUCH AN AMAZING DEBUT,0
TNX,4C7xGubTL90,2022-05-17T09:12:23Z,@lyan.luvhoon738,Pengen nangis huhuuu,0
TNX,4C7xGubTL90,2022-05-17T09:12:22Z,@Doyoungson,OMG???,0
TNX,4C7xGubTL90,2022-05-17T09:12:22Z,@yaya-qx6tw,FINALLY ALL MY BIAS DEBUTTTTTTTTTTTT ✨✨✨✨,0
TNX,4C7xGubTL90,2022-05-17T09:12:22Z,@imnameshin,MASTERPIECE !!<br><b>I&#39;M PROUD OF YOU TNX</b>,1
TNX,4C7xGubTL90,2022-05-17T09:12:22Z,@abcdeizinphyoe,My babiessss,0
TNX,4C7xGubTL90,2022-05-17T09:12:22Z,@dianainu5611,Wuuuuuuuuooooooo💕💕💕💕💕,0
TNX,4C7xGubTL90,2022-05-17T09:12:21Z,@rikopi,🍑🐱👻🐤🐿🐻,0
TNX,4C7xGubTL90,2022-05-17T09:12:20Z,@khoirunnisa2434,ASDFGHJKL I&#39;M DEAD THANK YOU 🙏🥲,0
TNX,4C7xGubTL90,2022-05-17T09:12:20Z,@rawerryur,OMGGGHH this song is crazy i love it i am proud of you !!!!!,0
TNX,4C7xGubTL90,2022-05-17T09:12:20Z,@citrasuciramadanti7678,yaAllah nangis bgtttt seneng,0
TNX,4C7xGubTL90,2022-05-17T09:12:20Z,@yera3548,💙💙💙,0
TNX,4C7xGubTL90,2022-05-17T09:12:19Z,@mariecovers,"THIS IS TOO GOOD , GREAT JOB PNATION &amp; TNX !",0
TNX,4C7xGubTL90,2022-05-17T09:12:19Z,@user_uha,드디어 나왔다 ㅜㅜ,1
TNX,4C7xGubTL90,2022-05-17T09:12:19Z,@tmana9146,デビューおめでとう🎉🎉🎉めちゃかっこいい❣️最高🥳😭,0
TNX,4C7xGubTL90,2022-05-17T09:12:19Z,@nagineim,"you&#39;ll doing the best!  i really like it, thank tou so much for working hard!",0
TNX,4C7xGubTL90,2022-05-17T09:12:18Z,@putriapr9442,I&#39;M SO PROUD OF YOU GUYSSS 😭😭😭😭👏👏👏,0
TNX,4C7xGubTL90,2022-05-17T09:12:18Z,@nabilaamori,"Congrats on your debut, boys",0
TNX,4C7xGubTL90,2022-05-17T09:12:18Z,@searchgog1320,This is FIRE <br>Everything is so amazing,0
TNX,4C7xGubTL90,2022-05-17T09:12:17Z,@marjdian1124,A BOP !,0
TNX,4C7xGubTL90,2022-05-17T09:12:16Z,@lyan.luvhoon738,Ini keren banget banget bangettt,0
TNX,4C7xGubTL90,2022-05-17T09:12:15Z,@ytr6398,"AAAAAAAAAHHHHH SOIS INCREÍBLESS, TNX OS AMOO!! &lt;3",0
TNX,4C7xGubTL90,2022-05-17T09:12:15Z,@cawitiz2586,AAAAAAAAAAAAAAAAA!!!!!<br>THE NEW SIX !!! FIGHTING!!!!!<br>I LOVE YOU!!!!!!🙈😭😭😭😭❤️❤️❤️❤️❤️❤️❤️,0
TNX,4C7xGubTL90,2022-05-17T09:12:14Z,@lian6432,FINAALLLYYYY! CONGRATZ FOR UR DEBUT GUYYSSS!!!🥳🥳🥳,0
TNX,4C7xGubTL90,2022-05-17T09:12:14Z,@Aaaaahlice,I&#39;m so proud to say I was here to witness TNX&#39;s debut and be here since LOUD,10
TNX,4C7xGubTL90,2022-05-17T09:12:14Z,@khayzcherry6757,this orange-haired-hyunsoo will be iconic,1
TNX,4C7xGubTL90,2022-05-17T09:12:13Z,@alikayrd9571,kerenn,0
TNX,4C7xGubTL90,2022-05-17T09:12:13Z,@61shadesofyeol,😭😭😭 finally !!! They debuted !!! Hwaiting !!!,1
TNX,4C7xGubTL90,2022-05-17T09:12:13Z,@soudjanni,This song it’s absolutely perfect! <br>Essa música é absolutamente perfeita! <br>Estou feliz por acompanhar esse debut! 👏🏻👏🏻🇧🇷<br>Sucesso aos meninos! Trabalharam duro para isso e são muito talentosos!,0
TNX,4C7xGubTL90,2022-05-17T09:12:13Z,@lore_127,ESTOY FLIPANDO OMG,0
TNX,4C7xGubTL90,2022-05-17T09:12:12Z,@mintchocochicken3239,Hwi ate it and left no crumbs.,0
TNX,4C7xGubTL90,2022-05-17T09:12:12Z,@salwanafila9737,THIS IS SO PERFECT!!!,0
TNX,4C7xGubTL90,2022-05-17T09:12:12Z,@aashreegurung,ATE AND LEFT NO CRUMBS😭,0
TNX,4C7xGubTL90,2022-05-17T09:12:10Z,@kaluna2239,KEREN BANGET HUHUHUHU,0
TNX,4C7xGubTL90,2022-05-17T09:12:07Z,@ptk5462,Sung Jun is so handsome,0
TNX,4C7xGubTL90,2022-05-17T09:12:06Z,@nraisyxh_,Danggg🔥🔥,0
TNX,4C7xGubTL90,2022-05-17T09:12:04Z,@Adelynbdr,Everything is sooo amazing. Like howwwwwwww,0
TNX,4C7xGubTL90,2022-05-17T09:12:03Z,@sadaf9541,"Ok...I really really like this mv, this song and this boys",0
TNX,4C7xGubTL90,2022-05-17T09:12:03Z,@tnxsdandelion637,Ploud Stan&#39;s this is what we have been crying for now it&#39;s time to show our appreciation!,0
TNX,4C7xGubTL90,2022-05-17T09:12:03Z,@sefa8528,Good good mv,0
TNX,4C7xGubTL90,2022-05-17T09:12:03Z,@ww.yerivery1980,Well done babies!,1
TNX,4C7xGubTL90,2022-05-17T09:12:01Z,@mellodidang,The next big thing on kpop industry had their debut today!!!! Please give them a big around of applause 💕,1
TNX,4C7xGubTL90,2022-05-17T09:12:00Z,@ellensousa3037,Que MV mais prefeito,0
TNX,4C7xGubTL90,2022-05-17T09:12:00Z,@sahel-t4x,پرام چه خفن 🙂💖,0
TNX,4C7xGubTL90,2022-05-17T09:12:00Z,@claire-ln9qv,FINALLY!!!,1
TNX,4C7xGubTL90,2022-05-17T09:12:00Z,@_patrixxx497,ANG POPOGIII,0
TNX,4C7xGubTL90,2022-05-17T09:11:59Z,@lyan.luvhoon738,Sekeren inii debut merekaa,0
TNX,4C7xGubTL90,2022-05-17T09:11:59Z,@shanleykyte4402,OMFG WE FINALLY DID ITTT,0
TNX,4C7xGubTL90,2022-05-17T09:11:57Z,@farahirdina2490,OMGGGG THEYRE FINALLY DEBUT,0
TNX,4C7xGubTL90,2022-05-17T09:11:57Z,@syalwadesrinda5025,"TNX, READYYYYY",0
TNX,4C7xGubTL90,2022-05-17T09:11:54Z,@ptk5462,Hwi Rap is so cool,0
TNX,4C7xGubTL90,2022-05-17T09:11:54Z,@Lievia,"GREAT DEBUT, I REALLY LIKE THE SONG !",1
TNX,4C7xGubTL90,2022-05-17T09:11:53Z,@putriapr9442,BIKYEORA BIKYEOOOOOO,0
TNX,4C7xGubTL90,2022-05-17T09:11:53Z,@ang_puke_ko_na_kulay_rosas,HWI ATEEEEEE TF UP,0
TNX,4C7xGubTL90,2022-05-17T09:11:53Z,@_patrixxx497,OMAYGAFFFDDDD,0
TNX,4C7xGubTL90,2022-05-17T09:11:52Z,@MrPanda-bw3oh,Just like other boygroups. Nothing new.,1
TNX,4C7xGubTL90,2022-05-17T09:11:52Z,@raxspage,👍,0
TNX,4C7xGubTL90,2022-05-17T09:11:50Z,@ticiakp,"Guys let me know when we have an TNX fanclub in France 😄🥳🥳🥳🥳<br><a href=""http://www.youtube.com/results?search_query=%23tnx"">#TNX</a> France <br><a href=""http://www.youtube.com/results?search_query=%23tnxmove"">#TNXMOVE</a>",0
TNX,4C7xGubTL90,2022-05-17T09:11:50Z,@nadi3826,Finally😭❤️❤️❤️,0
TNX,4C7xGubTL90,2022-05-17T09:11:48Z,@nagineim,TNX congratulations for your debut!,0
TNX,4C7xGubTL90,2022-05-17T09:11:46Z,@nanaa._.,와..,0
TNX,4C7xGubTL90,2022-05-17T09:11:46Z,@jasminea9455,AAAH IM SO HAPPY THEY FINALLY DEBUTED,0
TNX,4C7xGubTL90,2022-05-17T09:11:46Z,@lyan.luvhoon738,Ya Allah senang banget akhirnyaa,0
TNX,4C7xGubTL90,2022-05-17T09:11:43Z,@convinusmmr6691,Congratess for The debut. We are Pnation indeed.,0
TNX,4C7xGubTL90,2022-05-17T09:11:43Z,@smilehappysimplepoor6286,Amazing debut 😍 love it,0
TNX,4C7xGubTL90,2022-05-17T09:11:42Z,@tobiasmaryannf.7483,OMG ANG ANGAAAAAAAAS!!!!!,0
TNX,4C7xGubTL90,2022-05-17T09:11:42Z,@pdrestan,goddamn!! TNX TOTALLY  SLAYYYYY,0
TNX,4C7xGubTL90,2022-05-17T09:11:41Z,@dyzasg8688,"Gilaaaa, bagusss bangetttttt!!!",1
TNX,4C7xGubTL90,2022-05-17T09:11:41Z,@لولي-ر9ق,..,0
TNX,4C7xGubTL90,2022-05-17T09:11:41Z,@nanaa._.,It&#39;s so good,0
TNX,4C7xGubTL90,2022-05-17T09:11:40Z,@ptk5462,Jun Hyeok Pre-chorus part,0
TNX,4C7xGubTL90,2022-05-17T09:11:40Z,@ianian0720,Bap 느낌남….. Not bad but not great………..흐음……요즘 남돌들 다 외모도 뛰어나고 실력도 출중해서 경쟁 완전 치열하겠군 ㅠㅠㅠㅠㅠㅠ 파잇팅….,0
TNX,4C7xGubTL90,2022-05-17T09:11:40Z,@putriapr9442,ANJAAAAYY KEREN BANGGGGGG,0
TNX,4C7xGubTL90,2022-05-17T09:11:40Z,@raa2478,ganteng bgt bang,0
TNX,4C7xGubTL90,2022-05-17T09:11:39Z,@MOA-m6g,What the hell omgghhggooddddddd perfect 😭😭😭😭😭😭😭😭😭❤️♾️♾️♾️,0
TNX,4C7xGubTL90,2022-05-17T09:11:39Z,@demi.,they have such addicting voices omggg🫣,0
TNX,4C7xGubTL90,2022-05-17T09:11:38Z,@ellensousa3037,Amo vcs dms,0
TNX,4C7xGubTL90,2022-05-17T09:11:38Z,@jchyxn3058,YOW TNX!!!!!!!!,0
TNX,4C7xGubTL90,2022-05-17T09:11:36Z,@miho3x,TNX JÁ CHEGA COM TUDO! BOM DEMAIS ESSE REFRÃO!,1
TNX,4C7xGubTL90,2022-05-17T09:11:36Z,@khayzcherry6757,TAEHUN&#39;S VISUAL! GODNESS😩,0
TNX,4C7xGubTL90,2022-05-17T09:11:35Z,@Adelynbdr,Ain’t no wayy this is a debut song. This is soo soo amazinggggg. I’m so proud of my boys,0
TNX,4C7xGubTL90,2022-05-17T09:11:34Z,@Najwasfira,GILA!!!! TAE HUN KEREN!!!!!! KECE ABIS TNX!!!!!!!! LOVE YOU GAES!!!!!!!!!!! MERINDING😭😭😭😭😭💗💗💗💗💘💘💘💘💘💘💘,1
TNX,4C7xGubTL90,2022-05-17T09:11:33Z,@HannahEspinile,So proud of you boys 🖤,0
TNX,4C7xGubTL90,2022-05-17T09:11:32Z,@lyan.luvhoon738,Akhirnya debut juga kalian omg mau nangiss,0
TNX,4C7xGubTL90,2022-05-17T09:11:32Z,@chozinthet2200,Ahhhhhh,0
TNX,4C7xGubTL90,2022-05-17T09:11:31Z,@maletsatsimokete4732,THATS A REAL WAY UP.....IM SO PROUD KEEP MOVING,0
TNX,4C7xGubTL90,2022-05-17T09:11:31Z,@ridaruto,"kajskakskakskska keren bangett, bakal jadi lagu candu di telinga ini mahhhhhhhh",0
TNX,4C7xGubTL90,2022-05-17T09:11:30Z,@windgirl3944,I didn&#39;t expect from any rookie group like them &amp; I have to say I can&#39;t be more satisfied,0
TNX,4C7xGubTL90,2022-05-17T09:11:30Z,@yours.v5836,WHOAAA I&#39;M SO THRILLED RN NEVER KNEW MY BOYS GROW UP LOOKING LIKE THIS !!!,0
TNX,4C7xGubTL90,2022-05-17T09:11:30Z,@carina6935,It’s my Birthday today and this is definitely the best gift 💜 This is just wow 🤩,0
TNX,4C7xGubTL90,2022-05-17T09:11:30Z,@viviyiani515,omgggggg,0
TNX,4C7xGubTL90,2022-05-17T09:11:29Z,@sefa8528,Kyungjun lets go,0
TNX,4C7xGubTL90,2022-05-17T09:11:29Z,@userrrssrr,"THE VISUALLSSS CHOREOS EVERYTING IS AWESOME, THIS IS ONE OF THE BEST DEBUT EVER, I LOVE IT",53
TNX,4C7xGubTL90,2022-05-17T09:11:29Z,@KyungJun,말문이 막히다……🥹,0
TNX,4C7xGubTL90,2022-05-17T09:11:28Z,@hanis-nur1,OWIWIWI,0
TNX,4C7xGubTL90,2022-05-17T09:11:27Z,@acyn9,This is cooooool❤️,0
TNX,4C7xGubTL90,2022-05-17T09:11:27Z,@JaeHee,노래 좋다,0
TNX,4C7xGubTL90,2022-05-17T09:11:26Z,@aininaernn4051,Selamat debut anak anakku,0
TNX,4C7xGubTL90,2022-05-17T09:11:26Z,@deobi8722,EUNHWI BRACES! I REPEAT EUNHWI BRACES!,0
TNX,4C7xGubTL90,2022-05-17T09:11:25Z,@AngelAngel-ns9ft,Junhyeok&#39;s the ace for a reason. His vocals be killing me like aaaaaah,1
TNX,4C7xGubTL90,2022-05-17T09:11:25Z,@norahkad,Woooow!!!!!!,0
TNX,4C7xGubTL90,2022-05-17T09:11:24Z,@aerin4036,"finally today, congrats guys♡",0
TNX,4C7xGubTL90,2022-05-17T09:11:23Z,@chozinthet2200,u guys are great I have ever met,0
TNX,4C7xGubTL90,2022-05-17T09:11:22Z,@_j3phroxcksz,"You guys are so amazing and talented, keep it up! Sending love from the Philippines 🇵🇭💕",0
TNX,4C7xGubTL90,2022-05-17T09:11:21Z,@델피늄예뿌,오마이가쉬 ㅠㅜㅜ 이제 나온거냐구<br>너무 좋당<br>랩파트도 좋구 이집 노래잘하네,0
TNX,4C7xGubTL90,2022-05-17T09:11:21Z,@astalavista9632,Finally P-Loud boys are sailing!,0
TNX,4C7xGubTL90,2022-05-17T09:11:20Z,@marialisafe1138,TABE! (MOVE) DADAAN ROOKIE OF THE YEAR!!,0
TNX,4C7xGubTL90,2022-05-17T09:11:20Z,@AlliahFranceClaveria,Love from 🇵🇭.,1
TNX,4C7xGubTL90,2022-05-17T09:11:17Z,@nehiniz,minggir! tnx mau lewat dulu,0
TNX,4C7xGubTL90,2022-05-17T09:11:16Z,@lei9395,I REALLY LOVE THISSS!!!,0
TNX,4C7xGubTL90,2022-05-17T09:11:16Z,@ttheroses9153,🖤🖤🖤🖤,0
TNX,4C7xGubTL90,2022-05-17T09:11:16Z,@tanakonako4528,AKHERNYA KELEN DEBUT JUGA WEH,0
TNX,4C7xGubTL90,2022-05-17T09:11:16Z,@헤라-g6l,SO COOL😭❤❤❤❤❤❤,0
TNX,4C7xGubTL90,2022-05-17T09:11:16Z,@Dionesasa,You guys did a great job 😭😭💓💓💓,0
TNX,4C7xGubTL90,2022-05-17T09:11:14Z,@tweny4878,I LIKEEE ITTT,0
TNX,4C7xGubTL90,2022-05-17T09:11:14Z,@knana2669,FINALLY! Good job boys and Pnation. This is the proof of hard work paid off. Amazing. I’m sure they will make it to the top with their talents and efforts. Each of you in this group deserves recognition 🤍,2
TNX,4C7xGubTL90,2022-05-17T09:11:14Z,@なつきちゃんねる-j1j,デビューおめでとう！！<br>この日をずっと待ってました！<br>これからも応援します📣✨✨,0
TNX,4C7xGubTL90,2022-05-17T09:11:13Z,@tnx226,الكلمات بليفل مختلف!!!!!!!,0
TNX,4C7xGubTL90,2022-05-17T09:11:13Z,@shirin7000,I believe your  going to be  success 😃,0
TNX,4C7xGubTL90,2022-05-17T09:11:13Z,@igh17200,PERFEIÇÃO,0
TNX,4C7xGubTL90,2022-05-17T09:11:11Z,@keepdisappointandcarryon,GGGGGGAAAAAAAAAAAHHHHHAAA,0
TNX,4C7xGubTL90,2022-05-17T09:11:11Z,@Ewerecat,"i&#39;m just like this is automatically a bop like for first listens, i usually become not into the songs but this one, it&#39;s already there for me! could be because i watched their survival show, loud plus the fact that they&#39;re p nation&#39;s first boy group but still this line up is amazing! Definitely going to play this nonstop and hope they get their first win asap! also, i just know already that their album is going to slay cause eunhwi got like his own songs on there and his songs are always so friggin good!",0
TNX,4C7xGubTL90,2022-05-17T09:11:10Z,@iiamcya,KYUNGJUNNNNNNN YOU GOT MEE LIKE 🥰🥰🥰😍😍😍,0
TNX,4C7xGubTL90,2022-05-17T09:11:09Z,@n3a162,OMG!!! <br>this is so cool and congrats on the debut ❤️🖤,1
TNX,4C7xGubTL90,2022-05-17T09:11:08Z,@anggirose,KEREN BANGETTTTT. HAPPY DEBUT ADEK2KUU.... TT,0
TNX,4C7xGubTL90,2022-05-17T09:11:07Z,@lovelyarz,so proud *cry,0
TNX,4C7xGubTL90,2022-05-17T09:11:07Z,@enifatmawati2015,Selamat atas debut kalian ☺,0
TNX,4C7xGubTL90,2022-05-17T09:11:07Z,@airamaebayot9466,This is so lit omgggg,0
TNX,4C7xGubTL90,2022-05-17T09:11:06Z,@lei9395,OMGGGGG SLAYYYYYY,0
TNX,4C7xGubTL90,2022-05-17T09:11:04Z,@christinasuinila9286,Now all I could say is I am speechless <br>I was in awe all this 3 minutes like what this is dope its gona blow up seriously its amazing everything just everything they are coming strong,0
TNX,4C7xGubTL90,2022-05-17T09:11:04Z,@notreadingatm8244,I can’t believe that this is a debut! TNX is on fire 🔥,0
TNX,4C7xGubTL90,2022-05-17T09:11:03Z,@Andre-131,Expectation comes with a reality!❤️‍🔥<br>Hwaiting TNX!,0
TNX,4C7xGubTL90,2022-05-17T09:11:03Z,@ttheroses9153,"I’m so proud of them, Finally they debut!! &lt;333",0
TNX,4C7xGubTL90,2022-05-17T09:11:03Z,@dmaskteam_4437,"MOVE, MOVE! EVERYBODY GET OUT OF THE WAY! TNX IT&#39;S READY TO CRASH THE CHART Y&#39;ALL🔥🔥🔥!!",0
TNX,4C7xGubTL90,2022-05-17T09:11:03Z,@dindayk4039,"lagunyaaa huhuu keren banget,enak banget dengerinnya",0
TNX,4C7xGubTL90,2022-05-17T09:11:02Z,@meylingzambrano4101,this debut is on another level keep it up tnx I will support you today tomorrow and always,0
TNX,4C7xGubTL90,2022-05-17T09:11:01Z,@junjun_tnx885,"MAJU TNX!! Dahlaa handsome pastu talented , ahhhh sis pengsan",0
TNX,4C7xGubTL90,2022-05-17T09:11:00Z,@biyu8078,BIKYO RA BIKYEO,0
TNX,4C7xGubTL90,2022-05-17T09:11:00Z,@aki-aki_giftshop,TNX is the first group that I stan since pre-debut. I&#39;m so proud of you guys.,0
TNX,4C7xGubTL90,2022-05-17T09:10:59Z,@citrasuciramadanti7678,akhirnya setelah menunggu lamaaaaaa,0
TNX,4C7xGubTL90,2022-05-17T09:10:57Z,@airamaebayot9466,Debut ba talaga tohhh,0
TNX,4C7xGubTL90,2022-05-17T09:10:56Z,@wooo8910,Valió la pena esperar tanto por su debut💗,0
TNX,4C7xGubTL90,2022-05-17T09:10:56Z,@mayraVIPforever,"está buena la canción, felicidades por su debut",0
TNX,4C7xGubTL90,2022-05-17T09:10:55Z,@zheeclementi456,Kirain judul lagunya bakal way up 🤔,0
TNX,4C7xGubTL90,2022-05-17T09:10:54Z,@mellodidang,Stop meeee 😭 I&#39;m so proud of them!!!!!,0
TNX,4C7xGubTL90,2022-05-17T09:10:52Z,@iiamcya,"Brooooo this is so coolllll, KYUNGJUNNNNN SARANGHAEEEEREE",0
TNX,4C7xGubTL90,2022-05-17T09:10:52Z,@monus0216,TNX!!,1
TNX,4C7xGubTL90,2022-05-17T09:10:51Z,@Erina_Yuna_1204,it&#39;s so amazing<br>This is a masterpiece<br>TNX fighting ...<br>Rookie of the year &quot; TNX &quot;,2
TNX,4C7xGubTL90,2022-05-17T09:10:51Z,@k-popclips571,"First seeing on them, they&#39;re all visuals.",22
TNX,4C7xGubTL90,2022-05-17T09:10:50Z,@mintchoco2304,YEYYYYYYYY LEGENDARY,0
TNX,4C7xGubTL90,2022-05-17T09:10:50Z,@alfarindawardani1402,Happy debut day TNX !! Finally!! You nailed it!,1
TNX,4C7xGubTL90,2022-05-17T09:10:49Z,@Mel-fh8gj,Congratulations on your debut. Wish you guys all the best,0
TNX,4C7xGubTL90,2022-05-17T09:10:49Z,@citrasuciramadanti7678,semangatttt gaissss,0
TNX,4C7xGubTL90,2022-05-17T09:10:47Z,@khayzcherry6757,HWI THE MAN THAT YOU ARE*@*#&amp;$;$*#,0
TNX,4C7xGubTL90,2022-05-17T09:10:47Z,@Dionesasa,wow i&#39;m so happy i&#39;m a fan since loud and finally TNX debuted 😭😭💗💗💗,0
TNX,4C7xGubTL90,2022-05-17T09:10:46Z,@kevinlopezmontero5086,BROOOOOOOOOO THIS IS LIT!!!!!!,0
TNX,4C7xGubTL90,2022-05-17T09:10:46Z,@airamaebayot9466,Naiiyak akoooo,0
TNX,4C7xGubTL90,2022-05-17T09:10:45Z,@Nia-gd3hb,the beat just dropped like damn!!!,1
TNX,4C7xGubTL90,2022-05-17T09:10:44Z,@beomtzus,IM SO PROUD OF YOU TNX!! ROTY FOR SURE!! YOU DESERVE SO MUCH  WE&#39;LL BE HERE FOR YOU THE WHOLE TIME,0
TNX,4C7xGubTL90,2022-05-17T09:10:44Z,@najmaloveseoul9747,Let&#39;s stan together hwaiting 💜❄️,0
TNX,4C7xGubTL90,2022-05-17T09:10:43Z,@mutiaatillah6954,"TNX all of you are amazing, full of power, really excited",0
TNX,4C7xGubTL90,2022-05-17T09:10:43Z,@AngelAngel-ns9ft,Kyungjun looks so fine my gosh,0
TNX,4C7xGubTL90,2022-05-17T09:10:43Z,@iqei,بداية تبشر بخير,1
TNX,4C7xGubTL90,2022-05-17T09:10:42Z,@adty2838,enak banget asli!,0
TNX,4C7xGubTL90,2022-05-17T09:10:40Z,@mountainsshiber497,"IM SOOOOOOO PROUD OF THEM (;´༎ຶД༎ຶ`) the energy, vocals, visuals oh my god they’re the definition of “perfect”. congratulations on your debut babies!!",9
TNX,4C7xGubTL90,2022-05-17T09:10:39Z,@teeessailo,"<a href=""https://www.youtube.com/watch?v=4C7xGubTL90&amp;t=3"">0:03</a> Woo kyungjun <br><a href=""https://www.youtube.com/watch?v=4C7xGubTL90&amp;t=11"">0:11</a> Cheon junhyeok<br><a href=""https://www.youtube.com/watch?v=4C7xGubTL90&amp;t=26"">0:26</a> Jang hyunsoo<br><a href=""https://www.youtube.com/watch?v=4C7xGubTL90&amp;t=32"">0:32</a> Eun hwi<br><a href=""https://www.youtube.com/watch?v=4C7xGubTL90&amp;t=43"">0:43</a> Oh sungjun<br><a href=""https://www.youtube.com/watch?v=4C7xGubTL90&amp;t=48"">0:48</a> Choi taehun",2
TNX,4C7xGubTL90,2022-05-17T09:10:38Z,@cess8696,AAAHHH!! THE LONG WAIT IS OVER! THE DEBUT MV IS SOOO GOOD!! SO PROUD OF YOU BOYS! YOU DID SO WELL &lt;3,1
TNX,4C7xGubTL90,2022-05-17T09:10:38Z,@airamaebayot9466,Omayghaaaad,0
TNX,4C7xGubTL90,2022-05-17T09:10:38Z,@user-vx6zq8kw8q,Congratulations boys,0
TNX,4C7xGubTL90,2022-05-17T09:10:36Z,@seungmo9192,LUVIIIIN THE DISTRIBUTION OF PARTS!!! 🤩,0
TNX,4C7xGubTL90,2022-05-17T09:10:36Z,@juntriplets1647,as expected from TNX!!! their dances so powerful and impactful!!!,0
TNX,4C7xGubTL90,2022-05-17T09:10:35Z,@aleshasunuwar8621,My new favvvvvv 🔥🔥🔥😮‍💨🥹❤️❤️❤️🫰🫰🔥🔥🔥,0
TNX,4C7xGubTL90,2022-05-17T09:10:33Z,@divyasimp541,Bisa gila aku,0
TNX,4C7xGubTL90,2022-05-17T09:10:33Z,@ulilmendes6774,PROUD OF YOU GAYS😭😭😭,1
TNX,4C7xGubTL90,2022-05-17T09:10:32Z,@demi.,AHHH IM SO PROUD OF THEM,1
TNX,4C7xGubTL90,2022-05-17T09:10:31Z,@Diamond-ty8qj,I like that!,1
TNX,4C7xGubTL90,2022-05-17T09:10:29Z,@e.r.i3801,OMGGGGG WAITING FOR THIS AND IT WAS WORTH IT IM PUTTING IN ON REPEAT AND SO SHOULD ALL OF YALL 💜💜🔥🔥👏👏 BY THE WAY THEY LOOK SO FINE,0
TNX,4C7xGubTL90,2022-05-17T09:10:29Z,@nitaramdhiani9961,Aku sih yess,0
TNX,4C7xGubTL90,2022-05-17T09:10:28Z,@heedeubeom,JUNHYEOK’S PART OMG,1
TNX,4C7xGubTL90,2022-05-17T09:10:27Z,@Nia-gd3hb,MOVE BISHH TNX COMING THROUGH!!!,1
TNX,4C7xGubTL90,2022-05-17T09:10:26Z,@Sunnnwoozzz,"Hwi, kalo ngerap jan banyak gerak, nggak bisa ku ss beb😭😭😭",0
TNX,4C7xGubTL90,2022-05-17T09:10:26Z,@saltysierrena,CONGRATULATIONS ON YOUR DEBUT!!,2
TNX,4C7xGubTL90,2022-05-17T09:10:25Z,@ReinaldiChannel,TNX🔥🔥🔥🔥,0
TNX,4C7xGubTL90,2022-05-17T09:10:25Z,@ebibee04,LETS GO!!🔥❤,0
TNX,4C7xGubTL90,2022-05-17T09:10:25Z,@nurzahrahanin1698,완전 멋있다!!!!,0
TNX,4C7xGubTL90,2022-05-17T09:10:23Z,@khayzcherry6757,"Sungjun part?@,@**#&amp;$&amp;#£&#39;",0
TNX,4C7xGubTL90,2022-05-17T09:10:23Z,@anastasiad.1871,AAAAA MY BIAS IS THE OPENING😆😆,0
TNX,4C7xGubTL90,2022-05-17T09:10:23Z,@riaafriyani472,Gilssss adek adek akuuu,0
TNX,4C7xGubTL90,2022-05-17T09:10:22Z,@Diamond-ty8qj,Good song!,0
TNX,4C7xGubTL90,2022-05-17T09:10:22Z,@arianasilvia1562,CONGRAAATTTSSS TNX,0
TNX,4C7xGubTL90,2022-05-17T09:10:21Z,@lovelovelove3644,IM SO PROUD OF YOU GUYS MY BOYSSSSS,0
TNX,4C7xGubTL90,2022-05-17T09:10:21Z,@divyasimp541,S-sungjun it&#39;s really you ? 💀,0
TNX,4C7xGubTL90,2022-05-17T09:10:20Z,@heedeubeom,TNX SLAY,0
TNX,4C7xGubTL90,2022-05-17T09:10:20Z,@hzlmjn9083,hwi&#39;s rap. no words have been invented since the human existed to describe it.,0
TNX,4C7xGubTL90,2022-05-17T09:10:20Z,@tsukqi,SPEECHLESS,0
TNX,4C7xGubTL90,2022-05-17T09:10:20Z,@ltxq24,Deam !!!!! That&#39;s so cool,0
TNX,4C7xGubTL90,2022-05-17T09:10:19Z,@minyoongi-db2zm,OMGGG,0
TNX,4C7xGubTL90,2022-05-17T09:10:18Z,@vousmva,OMGG THIS IS SO GOOD!!,0
TNX,4C7xGubTL90,2022-05-17T09:10:17Z,@momoyemmi,ดีไม่ไหวววว ปังค๊า,0
TNX,4C7xGubTL90,2022-05-17T09:10:17Z,@19_hasnajihankhairunnisa70,THAT WAS so Good.,0
TNX,4C7xGubTL90,2022-05-17T09:10:17Z,@bluesky-vl2ge,Yeeees good job guys I&#39;m sooo proud,0
TNX,4C7xGubTL90,2022-05-17T09:10:16Z,@AngelAngel-ns9ft,TNX stans since SBS Loud where you at?,0
TNX,4C7xGubTL90,2022-05-17T09:10:16Z,@heedeubeom,THIS SLAYED,0
TNX,4C7xGubTL90,2022-05-17T09:10:16Z,@marvinhubahib3202,SWEEEEEEGGGG,0
TNX,4C7xGubTL90,2022-05-17T09:10:16Z,@k-popclips571,"Oh my, I&#39;m really excited on what they will show this year.",27
TNX,4C7xGubTL90,2022-05-17T09:10:15Z,@seitaties,最高,0
TNX,4C7xGubTL90,2022-05-17T09:10:15Z,@ligayaaa2700,"Ayyyyy, MOVE... TNX IS FINALLY HERE... ALL THE WAY UP 💯",0
TNX,4C7xGubTL90,2022-05-17T09:10:14Z,@quintaska.6547,"The six is the new of new, congrats for their debut guys, this song is a hit !!",0
TNX,4C7xGubTL90,2022-05-17T09:10:13Z,@mai7109,STREAM STREAM STREAM,0
TNX,4C7xGubTL90,2022-05-17T09:10:12Z,@brbjlo1219,"<a href=""https://www.youtube.com/watch?v=4C7xGubTL90&amp;t=115"">1:55</a> OMG EUNWIII THE QUALITY OF YOUR VOICE MAKE ME GOOSEBUMPS.. SMELL BEST RAPPER/PRODUCER",0
TNX,4C7xGubTL90,2022-05-17T09:10:12Z,@preciousonojah3650,I’m speechless 😳😳😳,0
TNX,4C7xGubTL90,2022-05-17T09:10:12Z,@veronicarose8192,I always support you guys and love you  <br>The MTV is amazing,0
TNX,4C7xGubTL90,2022-05-17T09:10:12Z,@arviakhosyipratista6113,비겨! !!!,0
TNX,4C7xGubTL90,2022-05-17T09:10:10Z,@meylingzambrano4101,Wow,0
TNX,4C7xGubTL90,2022-05-17T09:10:09Z,@eunha93,I LOVE TNX 💜💜💜💜💜💜,0
TNX,4C7xGubTL90,2022-05-17T09:10:08Z,@bosemn,TANGINUHHH! CENTER LAHAT 🥵🥵🥵,0
TNX,4C7xGubTL90,2022-05-17T09:10:08Z,@lovelovelove3644,AAAAA,0
TNX,4C7xGubTL90,2022-05-17T09:10:07Z,@dindayk4039,the new six calon boygrup sukses,0
TNX,4C7xGubTL90,2022-05-17T09:10:07Z,@ほまほま-i6b,めっちゃ癖が強い！<br>まじリピ,0
TNX,4C7xGubTL90,2022-05-17T09:10:06Z,@Foryoufireflies,"Worth to wait, good job guys. I&#39;m proud of youu and always support TNX &lt;3",0
TNX,4C7xGubTL90,2022-05-17T09:10:06Z,@tsukqi,🔥,0
TNX,4C7xGubTL90,2022-05-17T09:10:06Z,@luvforr2863,"ROOKIES OF THE YEAR!!! I can&#39;t stop screaming, this is such a cool mv. Congratulations on TNX&#39;s debut, let&#39;s fight for the future too!",14
TNX,4C7xGubTL90,2022-05-17T09:10:05Z,@bridgettabago6891,I AM SO PROUD OF YOU ALL. PLOUD FAN HERE HUHUHU,0
TNX,4C7xGubTL90,2022-05-17T09:10:05Z,@anamarielaperez1235,100% Visual<br>100% Vocal <br>100% Rap<br>100% Energy,1
TNX,4C7xGubTL90,2022-05-17T09:10:05Z,@shirin7000,"Wow 😍I love that MV, I love you tnx guys 💖❣️ fighting 😁😍😍😍😍💪",0
TNX,4C7xGubTL90,2022-05-17T09:10:05Z,@chozinthet2200,최고😭👍👍👍👍👍,0
TNX,4C7xGubTL90,2022-05-17T09:10:04Z,@ايتيني-ض5ص,Rap/vocal / visual TNX omg,0
TNX,4C7xGubTL90,2022-05-17T09:10:04Z,@hyukkie840,EVERYTHING IS SO PERFECTTTT,7
TNX,4C7xGubTL90,2022-05-17T09:10:03Z,@unknownjourney,wowwwwwwwwwwwww i was with them since day 1 of loud and im so impressed how much they&#39;ve improved in every single aspect! They did so well im so proud,0
TNX,4C7xGubTL90,2022-05-17T09:10:03Z,@낙수-e3w,This is amazing!!😭😍🔥,0
TNX,4C7xGubTL90,2022-05-17T09:10:03Z,@ssuyyi8349,可算等到了😭,0
TNX,4C7xGubTL90,2022-05-17T09:10:03Z,@Caearra,kerennnnn 👏👏👏,0
TNX,4C7xGubTL90,2022-05-17T09:10:01Z,@saski-97,lagunya bagus bangettt,0
TNX,4C7xGubTL90,2022-05-17T09:10:01Z,@hasti8449,Omg💥,0
TNX,4C7xGubTL90,2022-05-17T09:10:00Z,@annvalentine9175,"OMG, i&#39;m sooo proud of them! ♡",1
TNX,4C7xGubTL90,2022-05-17T09:09:59Z,@karenl.valquiobregon1041,"Estoy muy orgullosa de ustedes, TNX! Verlos crecer desde LOUD y ahora verlos aquí en su debut, se me salen las lágrimas de felicidad :&#39;) QUE TAL TEMÓN god mío. Esperé meses pero aquí estamos, los apoyaré siempree&lt;3",0
TNX,4C7xGubTL90,2022-05-17T09:09:59Z,@魚兒-t4v,Ahhh so handsome,1
TNX,4C7xGubTL90,2022-05-17T09:09:59Z,@arianasilvia1562,YAAAAASSSSSSS,0
TNX,4C7xGubTL90,2022-05-17T09:09:58Z,@5vt13,مااتنفس ماتنفس,1
TNX,4C7xGubTL90,2022-05-17T09:09:56Z,@putriapriliamaharani9227,Wahh,0
TNX,4C7xGubTL90,2022-05-17T09:09:56Z,@istiqomahfathimah,"BEST DEBUT SONG SO FAR, GOOD JOB TNX &lt;3333",0
TNX,4C7xGubTL90,2022-05-17T09:09:55Z,@pinkygirlie8,I REALLY REALLY LOVE YOU GUYS,0
TNX,4C7xGubTL90,2022-05-17T09:09:54Z,@aisyahalya684,there are my favorite,0
TNX,4C7xGubTL90,2022-05-17T09:09:53Z,@khayzcherry6757,"RAPPER HYUNSOO &amp;#*@&amp;#;#*&#39;,",0
TNX,4C7xGubTL90,2022-05-17T09:09:50Z,@rakwonies11,that was a STRONG start up i hope tnx will go big and bigger !! congrats on your debut !!!,1
TNX,4C7xGubTL90,2022-05-17T09:09:50Z,@voviani9614,I THINK IS THE NEXT ROTYYYY,0
TNX,4C7xGubTL90,2022-05-17T09:09:49Z,@redlips4469,So proud of them,0
TNX,4C7xGubTL90,2022-05-17T09:09:49Z,@ايتيني-ض5ص,I am so proud of tnx,0
TNX,4C7xGubTL90,2022-05-17T09:09:49Z,@warriorforever4030,Their rap is everything,0
TNX,4C7xGubTL90,2022-05-17T09:09:49Z,@sakana554,おめでとううおおおおおおおおお！！！<br>かっこいい！！！やばい！！！,0
TNX,4C7xGubTL90,2022-05-17T09:09:49Z,@nako698,🤍🥲,0
TNX,4C7xGubTL90,2022-05-17T09:09:48Z,@nuruldwihariyati9392,SO AMAZING 😭😭😭😭😭🤸🤸🤸🤸🤸,0
TNX,4C7xGubTL90,2022-05-17T09:09:48Z,@RYoCo373,デビューおめでとう！,0
TNX,4C7xGubTL90,2022-05-17T09:09:48Z,@atinyp1ece,I&#39;M GONNA HAVE THIS ON REPEAT TILL NEXT YEAR I SWEAR IT&#39;S SO GOOD,9
TNX,4C7xGubTL90,2022-05-17T09:09:47Z,@01o3s,"THE NEW SIX, ROTY",0
TNX,4C7xGubTL90,2022-05-17T09:09:47Z,@chichia4577,Bikyeo bikyeooo,0
TNX,4C7xGubTL90,2022-05-17T09:09:47Z,@Annie-qz7qy,"Turning 20 today, this was the birthday best gift!",0
TNX,4C7xGubTL90,2022-05-17T09:09:47Z,@joanvienmagmanlac9869,"The tone and tempo after the &#39;비캬&#39; is very pnation and I love that part. I&#39;m so happy for them, it was supposed to be nine but because it&#39;s survival show, Yedam and Daniel got eliminated and Kiko withdraw for this line up but I know he will debut soon. I&#39;m so proud of them, they really improve and the long wait is over. The song is a masterpiece and very catchy. I smell ROTY. Fighting!",0
TNX,4C7xGubTL90,2022-05-17T09:09:46Z,@Jjunduck._,AAAAAAAAS SAYANG,0
TNX,4C7xGubTL90,2022-05-17T09:09:46Z,@ang_puke_ko_na_kulay_rosas,OH MY GOD,0
TNX,4C7xGubTL90,2022-05-17T09:09:46Z,@wookyungjun507,Kalian kerennnn,0
TNX,4C7xGubTL90,2022-05-17T09:09:45Z,@saski-97,mantappp,0
TNX,4C7xGubTL90,2022-05-17T09:09:44Z,@るか-y5h,デビューおめでとうー！！！<br>これからが楽しみぃー！<br>初めてのMV最高です！！！！,0
TNX,4C7xGubTL90,2022-05-17T09:09:43Z,@saranghaneunhao,애들아 잘했어 ㅠㅠㅠ,0
TNX,4C7xGubTL90,2022-05-17T09:09:43Z,@jimin1233,휘 。。 휘 。。 휘 。。,1
TNX,4C7xGubTL90,2022-05-17T09:09:42Z,@jkistrusfratedcauseofword2008,Slay boys proud of you all as a predebut stan I was waiting for along for your debut and that wait is over now and not to forget this was <br><br>✨  DOPE ✨,9
TNX,4C7xGubTL90,2022-05-17T09:09:42Z,@ايتيني-ض5ص,I am so proud,0
TNX,4C7xGubTL90,2022-05-17T09:09:41Z,@saski-97,yuk streaming yukk,0
TNX,4C7xGubTL90,2022-05-17T09:09:41Z,@wookyungjun507,Aaaaaaa,0
TNX,4C7xGubTL90,2022-05-17T09:09:40Z,@カララット,待ってた！！これから頑張ってください！,0
TNX,4C7xGubTL90,2022-05-17T09:09:40Z,@pinkygirlie8,YEAHH FINALLY,0
TNX,4C7xGubTL90,2022-05-17T09:09:40Z,@luciiaa111,"ME A ENCANTADO TODO, LA CANCIÓN, LOS VOCALES, LA COREOGRAFÍA, VISUALES",1
TNX,4C7xGubTL90,2022-05-17T09:09:40Z,@tteokuno,stream y&#39;all for our boys,0
TNX,4C7xGubTL90,2022-05-17T09:09:38Z,@cryslac6501,THIS SONG DESERVE AN AWARDS!! CONGRATULATIONS BOYS FOR THE DEBUTTTT &lt;33 YOU GUYS REALLY WORK HARD FOR THISS THANK YOUU,8
TNX,4C7xGubTL90,2022-05-17T09:09:38Z,@hasti8449,You are really talented,0
TNX,4C7xGubTL90,2022-05-17T09:09:38Z,@niarosalia403,WOW... UP🙌,0
TNX,4C7xGubTL90,2022-05-17T09:09:38Z,@예디-k8f,짱이다,0
TNX,4C7xGubTL90,2022-05-17T09:09:37Z,@vrgiirg,TJAKEPPPP,0
TNX,4C7xGubTL90,2022-05-17T09:09:37Z,@wookyungjun507,Kerennnn,0
TNX,4C7xGubTL90,2022-05-17T09:09:37Z,@warriorforever4030,They finally debuted!,1
TNX,4C7xGubTL90,2022-05-17T09:09:37Z,@absyarbisb,This is just fabulous and super fantastic ✨💞💖,1
TNX,4C7xGubTL90,2022-05-17T09:09:36Z,@anayana1514,"Selamat tnx untuk debutnya, semoga sukses ya",0
TNX,4C7xGubTL90,2022-05-17T09:09:36Z,@batrisyia0712,CONGRATULATIONS ON YOUR DEBUT BOYSSSSS &lt;33,1
TNX,4C7xGubTL90,2022-05-17T09:09:36Z,@meowingz6852,OMGGGG!! THEY ARE SO HOT !! ❤️‍🔥❤️‍🔥,0
TNX,4C7xGubTL90,2022-05-17T09:09:35Z,@ohjsu5101,"Good job, I&#39;m so proud of you guys❤🥺🤝🔥",2
TNX,4C7xGubTL90,2022-05-17T09:09:35Z,@khayzcherry6757,junhyeok is so hot😭,0
TNX,4C7xGubTL90,2022-05-17T09:09:34Z,@nuruldwihariyati9392,NANGID BGTTTTTT,0
TNX,4C7xGubTL90,2022-05-17T09:09:34Z,@finazz,EVERYONE SLAYYY,0
TNX,4C7xGubTL90,2022-05-17T09:09:33Z,@arifhermawan4849,"When I first heard the beat, it sounded like Jessi&#39;s song. Then I just remembered, this is Jessi&#39;s children&#39;s group",0
TNX,4C7xGubTL90,2022-05-17T09:09:33Z,@vjm1803,it&#39;s sooo good,0
TNX,4C7xGubTL90,2022-05-17T09:09:32Z,@cintaalisya8730,LAGUNYA ENAK BANGET NANGIS,0
TNX,4C7xGubTL90,2022-05-17T09:09:32Z,@nako698,OMG🥺🥺🥺,0
TNX,4C7xGubTL90,2022-05-17T09:09:31Z,@01o3s,THIS IS IT,0
TNX,4C7xGubTL90,2022-05-17T09:09:31Z,@hibye1557,TNX PRIDE,1
TNX,4C7xGubTL90,2022-05-17T09:09:31Z,@aki-aki_giftshop,Good luck on your way up guys. Hwaiting!!,0
TNX,4C7xGubTL90,2022-05-17T09:09:30Z,@jinosfangs4635,as a predebut fan i am soo proud of them,0
TNX,4C7xGubTL90,2022-05-17T09:09:30Z,@wookyungjun507,Kyungjun<br>Taehun<br>Hyunsoo<br>Junhyeok<br>Eunhwi<br>Sungjun,0
TNX,4C7xGubTL90,2022-05-17T09:09:30Z,@jezamaetupong4340,Or atleast 500k,0
TNX,4C7xGubTL90,2022-05-17T09:09:30Z,@chichia4577,Ini lagunya nagih bangettt,0
TNX,4C7xGubTL90,2022-05-17T09:09:29Z,@novascape128,"IS ANYONE ELSE EMOTIONAL?? IM LITERALLY CRYING, IM SO PROUD OFD THEM ALL, THIS IS A FRIKIN BOP",40
TNX,4C7xGubTL90,2022-05-17T09:09:29Z,@pinkygirlie8,CONGRATULATIONS FOR YOUR DEBUT GUYSSS,0
TNX,4C7xGubTL90,2022-05-17T09:09:29Z,@nuruldwihariyati9392,KEREN BGT ANJORRRR,0
TNX,4C7xGubTL90,2022-05-17T09:09:28Z,@rizkyrvli,Keren parah dah,1
TNX,4C7xGubTL90,2022-05-17T09:09:28Z,@marycrisledama8640,OMG OMG OMG this is it pancit,0
TNX,4C7xGubTL90,2022-05-17T09:09:28Z,@googiebi9573,大好き TNX,0
TNX,4C7xGubTL90,2022-05-17T09:09:27Z,@jimin1233,오성준 잘 하는 거 봐라;; 아오짜릿해,1
TNX,4C7xGubTL90,2022-05-17T09:09:27Z,@azmy5015,TNX FIGHTING!!,1
TNX,4C7xGubTL90,2022-05-17T09:09:27Z,@yugene0433,ㅠㅠㅠㅠㅠㅠㅠㅠㅠㅠㅠㅠㅠㅠㅠ,0
TNX,4C7xGubTL90,2022-05-17T09:09:26Z,@istiqomahfathimah,WOOOOOWWW CONGRATSS,0
TNX,4C7xGubTL90,2022-05-17T09:09:25Z,@happyjoy8569,진짜..나 반한거 같아..,0
TNX,4C7xGubTL90,2022-05-17T09:09:23Z,@j.jey9,BOYSSSSS,0
TNX,4C7xGubTL90,2022-05-17T09:09:22Z,@hungchhungipachuau,love y&#39;all soo muchh❤️‍🔥❤️‍🔥❤️‍🔥❤️‍🔥❤️‍🔥❤️‍🔥,1
TNX,4C7xGubTL90,2022-05-17T09:09:22Z,@divyasimp541,Taehun junhyeok really hv Angelic voice,0
TNX,4C7xGubTL90,2022-05-17T09:09:22Z,@erraalwaninatashabintiagam6153,in loveeee,0
TNX,4C7xGubTL90,2022-05-17T09:09:22Z,@bbibbibbee,Everything is ✨perfect✨,1
TNX,4C7xGubTL90,2022-05-17T09:09:21Z,@noorannisa3055,"Yey, finally yll",0
TNX,4C7xGubTL90,2022-05-17T09:09:21Z,@richixblink7629,HOW AM I ALREADY ADDICTED TO THIS?,0
TNX,4C7xGubTL90,2022-05-17T09:09:20Z,@01o3s,STAN TNX,0
TNX,4C7xGubTL90,2022-05-17T09:09:19Z,@awintas2792,Strong debut as expected. Good job boys!!,1
TNX,4C7xGubTL90,2022-05-17T09:09:19Z,@imgold6852,AMOOOOO 🔥,1
TNX,4C7xGubTL90,2022-05-17T09:09:19Z,@るさ-e3n,Insanely cool😢✨,1
TNX,4C7xGubTL90,2022-05-17T09:09:19Z,@yongsberry,omg finally!! what an amazing debut ahhhhh,0
TNX,4C7xGubTL90,2022-05-17T09:09:18Z,@evishaolivera1661,BEST  DEBUT SONG:),0
TNX,4C7xGubTL90,2022-05-17T09:09:18Z,@rizkyrvli,So cool,1
TNX,4C7xGubTL90,2022-05-17T09:09:17Z,@YangJi-young,작은 노래가 빨리 듣고 싶은데...,0
TNX,4C7xGubTL90,2022-05-17T09:09:17Z,@shalnpmlc,YEAYYY💞💞💞,0
TNX,4C7xGubTL90,2022-05-17T09:09:16Z,@jimin1233,와 개좋다,1
TNX,4C7xGubTL90,2022-05-17T09:09:16Z,@nana-vp4ft,Nice,0
TNX,4C7xGubTL90,2022-05-17T09:09:16Z,@i_love_woo,"Been anticipating their debut for months, and all I can say is...they didn&#39;t disappoint. This debut is on another level. One of the strongest debut songs if not in this generation, probably in the entire K-pop industry. Congratulations TNX for your successful debut song release!!!",0
TNX,4C7xGubTL90,2022-05-17T09:09:16Z,@stephaniegwenzymars.lucero8932,their synchronization is on fireeeee hhuhuhhuuhu,0
TNX,4C7xGubTL90,2022-05-17T09:09:16Z,@weilanze,Minggir dulu tnx mau lewat,0
TNX,4C7xGubTL90,2022-05-17T09:09:15Z,@unknownuser11309,ขอให้แมสน้าาาาา สาธุมากๆ เพลงดีแบบดีมากกกก IT&#39;S SO GOOD!!!!!!!!!!!!,1
TNX,4C7xGubTL90,2022-05-17T09:09:15Z,@maipersona,Hyunsoo ganteng banget woy ㅠㅠ fix dia jodoh gueeee ♡(&gt; ਊ &lt;)♡,1
TNX,4C7xGubTL90,2022-05-17T09:09:15Z,@yutaritarii5016,Kyungjun<br>Taehun<br>Hyunsoo<br>Junhyeok<br>Hwi<br>Sungjun,0
TNX,4C7xGubTL90,2022-05-17T09:09:15Z,@atinyp1ece,THEY WERE LIT OMG I&#39;M SO PROUD OF YOU BOYS,18
TNX,4C7xGubTL90,2022-05-17T09:09:14Z,@kimshienchong9225,Omg love it💜💜💜💜💜💜,0
TNX,4C7xGubTL90,2022-05-17T09:09:14Z,@diario_mademoiselle,🇧🇷🇧🇷🇧🇷🇧🇷🇧🇷🇧🇷🇧🇷🇧🇷🇧🇷🇧🇷,0
TNX,4C7xGubTL90,2022-05-17T09:09:14Z,@nandasitihalimah6330,HWIIIIII 🥰🥰🥰🥰,0
TNX,4C7xGubTL90,2022-05-17T09:09:14Z,@user-io3gz4zc5k,やっとデビューだね<br>やったね🥹🥹🥹最高のデビュー曲だね<br>今もこれからもだいすき！！！！！,0
TNX,4C7xGubTL90,2022-05-17T09:09:14Z,@anggytafaradila3640,OMG OMG,0
TNX,4C7xGubTL90,2022-05-17T09:09:14Z,@soolic4135,A song is so catchy<br>Be successful debut TNX,0
TNX,4C7xGubTL90,2022-05-17T09:09:13Z,@pushpa03,Congratulations on your debut! All your hard work was worth it as you&#39;ve reached a milestone in your life. Surely a brighter future is waiting ahead. TNX HWAITING!! ALL THE WAY UP!🔥✨,0
TNX,4C7xGubTL90,2022-05-17T09:09:12Z,@낙수-e3w,Yessssss 😍🔥,0
TNX,4C7xGubTL90,2022-05-17T09:09:12Z,@awangford08,Wowwwww I might start stanning,0
TNX,4C7xGubTL90,2022-05-17T09:09:11Z,@DdDeedee,"All about them are perfect, amazing, stunning. I&#39;m so proud of them as a fans predebut 😭😭",6
TNX,4C7xGubTL90,2022-05-17T09:09:10Z,@alineymoon1,Estoy tan feliz por ustedes los amo mucho&lt;3,0
TNX,4C7xGubTL90,2022-05-17T09:09:10Z,@cit0209,SO PROUD,0
TNX,4C7xGubTL90,2022-05-17T09:09:09Z,@hnródięla,❤️❤️❤️❤️❤️,0
TNX,4C7xGubTL90,2022-05-17T09:09:09Z,@hello_yoonkitty,I&#39;m so proud right now. This so addictive &lt;33 Way Up TNX!!,0
TNX,4C7xGubTL90,2022-05-17T09:09:08Z,@dianadasu6109,Finally after been waiting for TNX debut since LOUD.. such talented!!!!,0
TNX,4C7xGubTL90,2022-05-17T09:09:08Z,@lea3563,SO PROUD OF THEM 😭😭,0
TNX,4C7xGubTL90,2022-05-17T09:09:08Z,@yeahhigherthanskytree3042,COOOOOOOOL,1
TNX,4C7xGubTL90,2022-05-17T09:09:07Z,@junjun_tnx885,LET’S GET STARTED!! This debut is very powerful!! They’ll shine brighter so everyone get out of their way! Fighting tnx!,39
TNX,4C7xGubTL90,2022-05-17T09:09:07Z,@1705privates,CONGRATSS FOR YOUR DEBUTT! SO PROUD OF YOUU BOYSS. LEZZGOOO,0
TNX,4C7xGubTL90,2022-05-17T09:09:06Z,@emilygraham6788,What a debut!!! So happy and proud for them!! 💜 they’re gonna be amazing,0
TNX,4C7xGubTL90,2022-05-17T09:09:06Z,@nuamo,Keren bangetttt!!!,0
TNX,4C7xGubTL90,2022-05-17T09:09:06Z,@katherinetobar9236,AAAAAAAH EVERYTHING IS SO GOOD!!! OMGGG AAA I LOVE IT,0
TNX,4C7xGubTL90,2022-05-17T09:09:06Z,@myintmyatthawtar1150,Lit😭🖤,0
TNX,4C7xGubTL90,2022-05-17T09:09:06Z,@mutiaraathaya_,Congratulations boys!❤,0
TNX,4C7xGubTL90,2022-05-17T09:09:05Z,@anggytafaradila3640,OMG HWIIIIIIII!!!!!!,0
TNX,4C7xGubTL90,2022-05-17T09:09:05Z,@psy2612,their debut song is a top tier 🔥💯🙌🏻,1
TNX,4C7xGubTL90,2022-05-17T09:09:04Z,@peachiehun7585,so proud to be a fan since pre-debut!!!!,0
TNX,4C7xGubTL90,2022-05-17T09:09:04Z,@hungchhungipachuau,the besttt❤️‍🔥❤️‍🔥❤️‍🔥❤️‍🔥❤️‍🔥❤️‍🔥❤️‍🔥,1
TNX,4C7xGubTL90,2022-05-17T09:09:04Z,@cit0209,AMAZING AGHH,0
TNX,4C7xGubTL90,2022-05-17T09:09:03Z,@diario_mademoiselle,TNX,0
TNX,4C7xGubTL90,2022-05-17T09:09:03Z,@marvinhubahib3202,SO PROUD❤️❤️❤️,0
TNX,4C7xGubTL90,2022-05-17T09:09:03Z,@xlclitf,でびゅーおめでとう ❕❕ <br>最高過ぎた😿,0
TNX,4C7xGubTL90,2022-05-17T09:09:02Z,@naegabyeonhae8193,Bangga banget gw sama kaliann ㅠㅠ Ngikutin dari jaman loud dan akan terus support kaliann!!! Love &lt;3,0
TNX,4C7xGubTL90,2022-05-17T09:09:02Z,@aisyahalya684,the song is very good,0
TNX,4C7xGubTL90,2022-05-17T09:09:01Z,@chichia4577,Bangga banget woiiii,0
TNX,4C7xGubTL90,2022-05-17T09:09:01Z,@audrey.9000,Wooo,0
TNX,4C7xGubTL90,2022-05-17T09:09:00Z,@zsawarawara,데뷔 축하한다 얘들아ㅠㅠㅠㅠ 고생많았어... &quot;비겨&quot; 대박이네 짝짝짝,0
TNX,4C7xGubTL90,2022-05-17T09:09:00Z,@012dui5,AAAA THIS SONG IS SOO GOODDD PROUD OF YALLLL,0
TNX,4C7xGubTL90,2022-05-17T09:08:59Z,@chiarastreckert2145,SLAYYYY,1
TNX,4C7xGubTL90,2022-05-17T09:08:59Z,@diario_mademoiselle,TNX,0
TNX,4C7xGubTL90,2022-05-17T09:08:59Z,@duck7vixx,omg the song- SO FIREEEEEE,0
TNX,4C7xGubTL90,2022-05-17T09:08:58Z,@jojoshae,let’s go guys!!,0
TNX,4C7xGubTL90,2022-05-17T09:08:58Z,@salsabilaputriherdiana9084,OMG!!! akhirnya TNX debut juga setalah nunggu mereka sekian lama.  dan lagunya easy listening banget sih ini the best banget deh pokoknya.. selamat buat debut nya tnx♡♡,0
TNX,4C7xGubTL90,2022-05-17T09:08:58Z,@ndhsna,PUSING GAK LO. INI BANGUS BANGET PLEASE,0
TNX,4C7xGubTL90,2022-05-17T09:08:57Z,@hungchhungipachuau,❤️‍🔥❤️‍🔥❤️‍🔥❤️‍🔥❤️‍🔥❤️‍🔥,0
TNX,4C7xGubTL90,2022-05-17T09:08:57Z,@JessiGar07,Canción espectacular 💕,1
TNX,4C7xGubTL90,2022-05-17T09:08:57Z,@nnuch3934,วิชวลจึ้งๆ,0
TNX,4C7xGubTL90,2022-05-17T09:08:57Z,@hrzdl3917,ATE,0
TNX,4C7xGubTL90,2022-05-17T09:08:56Z,@noeulchandesu,다 비켜 TNX 왔다!,0
TNX,4C7xGubTL90,2022-05-17T09:08:55Z,@TheMs235566,😍❤,0
TNX,4C7xGubTL90,2022-05-17T09:08:55Z,@Leonofp,OMG this so song is so good I love it so much this group have a great future!,6
TNX,4C7xGubTL90,2022-05-17T09:08:55Z,@cassandrapering3666,TOO STUNNED TO SPEAK AAAAAAA,0
TNX,4C7xGubTL90,2022-05-17T09:08:55Z,@prathibhapalaniappan8568,Congratulations on your debut!!! I stan the right group!! More love from India!!,1
TNX,4C7xGubTL90,2022-05-17T09:08:55Z,@diario_mademoiselle,TNXXXX,0
TNX,4C7xGubTL90,2022-05-17T09:08:54Z,@arianasilvia1562,Daebaaaakk,0
TNX,4C7xGubTL90,2022-05-17T09:08:54Z,@syaa8196,Congrats on your debut!!,0
TNX,4C7xGubTL90,2022-05-17T09:08:54Z,@lonarvs,HWI HELP I LOVE YOU SO MUCH,0
TNX,4C7xGubTL90,2022-05-17T09:08:54Z,@berlianasetya1812,I&#39;VE BEEN WAITING FOR SOOOO LONGGGG FOR THIS. WOAHHHHH IT&#39;S SO FIREEE,3
TNX,4C7xGubTL90,2022-05-17T09:08:53Z,@alineymoon1,ESTO ES TAN BUENO QUE BUEN DEBUTT!!!,0
TNX,4C7xGubTL90,2022-05-17T09:08:53Z,@natasyaregina6238,SONG OF THE YEAR INDEEEDDDDDD,0
TNX,4C7xGubTL90,2022-05-17T09:08:52Z,@koohjjyuhhu8468,Hwi,0
TNX,4C7xGubTL90,2022-05-17T09:08:51Z,@Menas2,🙇🙇🙇,0
TNX,4C7xGubTL90,2022-05-17T09:08:51Z,@aprchnd,WHO&#39;S PROUD HERE? OMG I&#39;M CRYING1!!!11!11,0
TNX,4C7xGubTL90,2022-05-17T09:08:51Z,@lollypop8157,TNX... Fighting 💪🏻💪🏻💪🏻<br>Sarangee 😍😍😍🥰🥰🥰,0
TNX,4C7xGubTL90,2022-05-17T09:08:50Z,@pingububbly1466,The vocals!!!  ಥ‿ಥ,0
TNX,4C7xGubTL90,2022-05-17T09:08:50Z,@hazealmarie2950,CONGRATS BOIS SO PROUD OF YOU !!,0
TNX,4C7xGubTL90,2022-05-17T09:08:50Z,@rezadwioctavia5576,Proud of you guys❤️,0
TNX,4C7xGubTL90,2022-05-17T09:08:50Z,@nnuch3934,เพลงดีๆไม่ฟังไม่ได้แล้ว❤️‍🔥❤️‍🔥❤️‍🔥❤️‍🔥❤️‍🔥❤️‍🔥❤️‍🔥,0
TNX,4C7xGubTL90,2022-05-17T09:08:49Z,@divyasimp541,What the ? Eunhwi&#39;s rap killing me inside,0
TNX,4C7xGubTL90,2022-05-17T09:08:49Z,@KEICHUCOLATE,So they can all rap... You have passed the limit of my standard Pnation. This is just so BIG to be a debut...,0
TNX,4C7xGubTL90,2022-05-17T09:08:49Z,@iamcoolstay,YOU&#39;LL DID GREAT IN YOUR DEBUT!! CONGRATULATIONS &lt;3&lt;3&lt;3,0
TNX,4C7xGubTL90,2022-05-17T09:08:49Z,@edraa.97,I AM SO PROUD. HUHUHUHU,0
TNX,4C7xGubTL90,2022-05-17T09:08:48Z,@arianasilvia1562,Waaawww,0
TNX,4C7xGubTL90,2022-05-17T09:08:48Z,@noraliafarhana8859,CONGRATS ON YOUR DEBUT!!,2
TNX,4C7xGubTL90,2022-05-17T09:08:47Z,@miliinnie,"Estoy muy feliz por estos chicos porque porfin hoy hacen su debut, después de verlos en Loud han crecido mucho y tengo la seguridad de que llegaran a ser mucho más increíbles de lo que ya han logrado ser&lt;3",0
TNX,4C7xGubTL90,2022-05-17T09:08:46Z,@nelvi_7,La rompieron chicos!!!! Me encanta,0
TNX,4C7xGubTL90,2022-05-17T09:08:46Z,@diario_mademoiselle,Meu Deus que perfeição,0
TNX,4C7xGubTL90,2022-05-17T09:08:44Z,@botan.04,Kings 🔥👑,1
TNX,4C7xGubTL90,2022-05-17T09:08:44Z,@agustdspiano,Yesssss🎉 slaay,0
TNX,4C7xGubTL90,2022-05-17T09:08:44Z,@lonarvs,"BYE IM SO PROUD OF YOU GUYS LOOK HOW FAR YOU GUYS HAVE CAME, LITERALLY EVERYONE LOOKS INCREDBILY GOOD, THE DANCE, UR VOCALS, EVERYTHING IS SO GOOD IM SCREAMING",53
TNX,4C7xGubTL90,2022-05-17T09:08:44Z,@rawr_20,HOLYYYY.....THIS IS SOOOOO GOODDDDDD!,0
TNX,4C7xGubTL90,2022-05-17T09:08:43Z,@arianasilvia1562,Wooowww,0
TNX,4C7xGubTL90,2022-05-17T09:08:43Z,@kam02z,"Yessssss, finally",0
TNX,4C7xGubTL90,2022-05-17T09:08:42Z,@cassandrapering3666,OMGGGG DKCNDKCKDD,0
TNX,4C7xGubTL90,2022-05-17T09:08:41Z,@alcntrh,"WOIIIII SHSHSHSH SUMPAHH CAKEP2 KLEAN PADAAA AAAAAA, AKHIRNYA, MO NANGISSS INIIIII SHSHSHSHSH",0
TNX,4C7xGubTL90,2022-05-17T09:08:40Z,@かりかり-o8s,デビューおめでとう、みんな大好きです！！！,0
TNX,4C7xGubTL90,2022-05-17T09:08:40Z,@marvinhubahib3202,AUUGHHHHHHHHHH GALING BOYS💪💪,0
TNX,4C7xGubTL90,2022-05-17T09:08:40Z,@wookyungjun507,So awesome,0
TNX,4C7xGubTL90,2022-05-17T09:08:40Z,@eunhwiluvr7546,THIS SONG IS A F***ING BANGER!!!!!!!!! I LOVE IT THAT IT MADE ME CURSE,1
TNX,4C7xGubTL90,2022-05-17T09:08:39Z,@juwiiii-h7p,"goosebumps, tnx members are all talented",0
TNX,4C7xGubTL90,2022-05-17T09:08:39Z,@yaiphabichongtham3357,perfect visual<br>perfect voice<br>perfect dance<br>perfect vocal<br>perfect rap<br>TNX fighting ❤️,0
TNX,4C7xGubTL90,2022-05-17T09:08:38Z,@reactionenhypen6148,They&#39;re more than Great,1
TNX,4C7xGubTL90,2022-05-17T09:08:38Z,@edraa.97,FINALLY!!!!! LEZZ GAUR!!!,0
TNX,4C7xGubTL90,2022-05-17T09:08:37Z,@warriorforever4030,Fighting,0
TNX,4C7xGubTL90,2022-05-17T09:08:36Z,@alinakonthoujam290,TNX fighting ROTY,0
TNX,4C7xGubTL90,2022-05-17T09:08:34Z,@hyukkie840,"MAKE WAY, TNX IS HERE! WAY UP WITH TNX!!!",0
TNX,4C7xGubTL90,2022-05-17T09:08:34Z,@heedeubeom,I LOVE THIS SO MUCH,0
TNX,4C7xGubTL90,2022-05-17T09:08:33Z,@seungmins.coffee,this song is so good!! I&#39;M SO PROUD OF YOU,0
TNX,4C7xGubTL90,2022-05-17T09:08:33Z,@dayanaquintas2547,"Los amo pedoritos, 😭😭 this your firts day 🤧🤧🤧 please way up ❤️❤️❤️",0
TNX,4C7xGubTL90,2022-05-17T09:08:33Z,@charlyne_unicorn1574,OMG I&#39;M REALLY PROUD OF YOU GUYS! FRANCE GO WITH YOU!,0
TNX,4C7xGubTL90,2022-05-17T09:08:32Z,@jenfluki,They were hungry so they ATE,0
TNX,4C7xGubTL90,2022-05-17T09:08:32Z,@warriorforever4030,Thank you,0
TNX,4C7xGubTL90,2022-05-17T09:08:32Z,@ellensousa3037,Tô tão orgulhosa dos meus gatinhos,0
TNX,4C7xGubTL90,2022-05-17T09:08:32Z,@divyasimp541,The drop the beat was so fucking insane and i&#39;m so addictive with this song 💀,0
TNX,4C7xGubTL90,2022-05-17T09:08:31Z,@wookyungjun507,Kalian keren banget gak boong,0
TNX,4C7xGubTL90,2022-05-17T09:08:31Z,@nnuch3934,I’m so proud of you🌷🫶🤟🏻✨💖🎉,0
TNX,4C7xGubTL90,2022-05-17T09:08:29Z,@user-hr6cb9su1m,GET OUT OF MY WAY EVERYBODY!!!! My next fave boy group just debuted!!!! Can’t wait to get out of this st*pid a$$ work so I can jam to this with the highest volume!!!!!,0
TNX,4C7xGubTL90,2022-05-17T09:08:29Z,@marliverse815,Kyung Jun &amp; Hwi rap part slay,0
TNX,4C7xGubTL90,2022-05-17T09:08:29Z,@sefa8528,Again again again way up,0
TNX,4C7xGubTL90,2022-05-17T09:08:29Z,@shepurplejustin1640,❤️❤️🫶🏻🫶🏻🫶🏻,0
TNX,4C7xGubTL90,2022-05-17T09:08:28Z,@jihanalhuriyah,"amazingggg❤❤❤, congratulation guysss🥳🥳❤❤❤",0
TNX,4C7xGubTL90,2022-05-17T09:08:28Z,@k-popclips571,It&#39;s really perfect to see they debut with these kind of concept.,28
TNX,4C7xGubTL90,2022-05-17T09:08:28Z,@psy2612,🔥🔥🔥,1
TNX,4C7xGubTL90,2022-05-17T09:08:27Z,@warriorforever4030,Hello,0
TNX,4C7xGubTL90,2022-05-17T09:08:27Z,@treasuremaknaezthing,THIS BEST DEBUT SONG HUHU I LOVE IT BIKYEORA BIKYEO,0
TNX,4C7xGubTL90,2022-05-17T09:08:27Z,@evishaolivera1661,Finallyyyyy!!!!,0
TNX,4C7xGubTL90,2022-05-17T09:08:26Z,@minyt194,OMGGGGG,0
TNX,4C7xGubTL90,2022-05-17T09:08:25Z,@fatimatunnihayah7502,"Today is the debut TNX i&#39;ve been waiting for, and today my grandmother . With this hope Tnx stay together for a long time.",7
TNX,4C7xGubTL90,2022-05-17T09:08:25Z,@heedeubeom,IM OBSESSED WITH THIS SONG,0
TNX,4C7xGubTL90,2022-05-17T09:08:25Z,@Foryoufireflies,"Good job guys, y&#39;all have hard working. The song so lit🔥🔥. Bikyeora bikyoe~~~",0
TNX,4C7xGubTL90,2022-05-17T09:08:25Z,@diario_mademoiselle,OMGGGGGG,0
TNX,4C7xGubTL90,2022-05-17T09:08:24Z,@syarifahnasywass,CRYINGG,0
TNX,4C7xGubTL90,2022-05-17T09:08:24Z,@prishine2761,I really feel proud to be a pre debut fan.. I knew it they gonna kill it 🥺🥺🥺🥺🥺 my expectation become more high now... Im mean im so happy🙈🙈🙈,0
TNX,4C7xGubTL90,2022-05-17T09:08:24Z,@RIIZE0223,デビューおめでとう🎉㊗️🎊,0
TNX,4C7xGubTL90,2022-05-17T09:08:24Z,@withtutuna6098,YOU DID A GREAT JOB 💖💖💖💖,0
TNX,4C7xGubTL90,2022-05-17T09:08:23Z,@mai7109,OOMMMGG,0
TNX,4C7xGubTL90,2022-05-17T09:08:23Z,@bangchanspeaches9822,BEST DEBUT EVER,0
TNX,4C7xGubTL90,2022-05-17T09:08:23Z,@ihzzaalief5503,Finallyyyyyyy,0
TNX,4C7xGubTL90,2022-05-17T09:08:23Z,@okaycirilla,THE NEW KINGS (ﾉﾟ0ﾟ)ﾉ~,0
TNX,4C7xGubTL90,2022-05-17T09:08:22Z,@shepurplejustin1640,❤️🫶🏻🫶🏻🫶🏻🫶🏻❤️‍🔥❤️‍🔥❤️‍🔥❤️‍🔥❤️‍🔥❤️‍🔥❤️‍🔥❤️‍🔥,0
TNX,4C7xGubTL90,2022-05-17T09:08:22Z,@rezadwioctavia5576,Love the song ❣️,0
TNX,4C7xGubTL90,2022-05-17T09:08:22Z,@jorfar5110,Que cracks son 🔥❤️,0
TNX,4C7xGubTL90,2022-05-17T09:08:21Z,@유예림-d1f,어머 태후나😍,0
TNX,4C7xGubTL90,2022-05-17T09:08:20Z,@boredinlife1894,This is the day that we have been waiting for. Please do support and hype this vibe song✨,0
TNX,4C7xGubTL90,2022-05-17T09:08:20Z,@sweethobi5868,Ahhh Love it so much!! So proud of you guys!! Looking forward to all of you,0
TNX,4C7xGubTL90,2022-05-17T09:08:19Z,@ai4684,ソンジュン心から愛してる❕ここまでよく頑張ってくれたね❕だいすき❕ここからはオタクに任せて❕がんばるからね❕がんばろうね日本のティネおたくたち❕❕❕,0
TNX,4C7xGubTL90,2022-05-17T09:08:17Z,@ぴよぴよ-u1m,정말 계속 기다렸어!! 모두 데뷔 축하해😭😭 모두 너무 멋있어!!,0
TNX,4C7xGubTL90,2022-05-17T09:08:17Z,@ellensousa3037,SIMPLESMENTE AMEI,0
TNX,4C7xGubTL90,2022-05-17T09:08:17Z,@enzy_exx,I&#39;m crying😭<br>I&#39;m so proud,0
TNX,4C7xGubTL90,2022-05-17T09:08:16Z,@rohankyle,Congrats on the debut my talented boys🤍,0
TNX,4C7xGubTL90,2022-05-17T09:08:15Z,@shepurplejustin1640,ahhhhhp,0
TNX,4C7xGubTL90,2022-05-17T09:08:15Z,@hilda2363,🥰🥰🥰,0
TNX,4C7xGubTL90,2022-05-17T09:08:15Z,@jeongyeonie03,CONGRATS ON YOUR DEBUT TNX!!!,0
TNX,4C7xGubTL90,2022-05-17T09:08:14Z,@parkyosi2797,PROUD OF YOU GUYS 😀❤️❤️,0
TNX,4C7xGubTL90,2022-05-17T09:08:14Z,@lilisaliffah3734,CONGRATS FOR YOUR DEBUT GUYSS🤍🤍,0
TNX,4C7xGubTL90,2022-05-17T09:08:14Z,@ifanadinugroho5852,"I can&#39;t believe this moment will come so fast and precious, thank you for your hardwork, and I hope this is very first step to bright future. TNX 사랑합니다 ❤️",0
TNX,4C7xGubTL90,2022-05-17T09:08:14Z,@jorfar5110,Wooooowowww que pros 😳🔥🔥🔥🔥🔥el mejor debut,0
TNX,4C7xGubTL90,2022-05-17T09:08:13Z,@haechanloml4634,worth the wait ❤,0
TNX,4C7xGubTL90,2022-05-17T09:08:13Z,@jaey162,GOOD JOB BABY BOY!,0
TNX,4C7xGubTL90,2022-05-17T09:08:13Z,@zilakhoirun2168,3jun please im crying :&quot;),0
TNX,4C7xGubTL90,2022-05-17T09:08:12Z,@snj_haijjah1236,OMGGGGGGG LOVE FROM MALAYSIA 🇲🇾🇲🇾🇲🇾,0
TNX,4C7xGubTL90,2022-05-17T09:08:12Z,@kkkanhg,slayyyyyyy😭😭🔥🔥,0
TNX,4C7xGubTL90,2022-05-17T09:08:12Z,@Inung_aja,"TBL TBL TBL AVUSVSISBSJSBS, KEREN BANGETTTT!!!!! PROUD OF YOU!!! ❤️❤️❤️",0
TNX,4C7xGubTL90,2022-05-17T09:08:11Z,@Appu_001,These guys have got so much potential... If this is their DEBUT just imagine what are they going to do in the future,493
TNX,4C7xGubTL90,2022-05-17T09:08:11Z,@zaidahhamid1578,HOLY SHITTTT!!!! FIRE!!!,0
TNX,4C7xGubTL90,2022-05-17T09:08:10Z,@yayatshemol6830,❤❤❤❤,0
TNX,4C7xGubTL90,2022-05-17T09:08:09Z,@minsyiii,Congrats on your debut TNX,0
TNX,4C7xGubTL90,2022-05-17T09:08:08Z,@kpopfacecam,"Поздравляю с дебютом , мальчики 👏🏻❤️",1
TNX,4C7xGubTL90,2022-05-17T09:08:08Z,@leonardjohndeguzman7145,"I don&#39;t have any words to say, what a perfect group they are. The rap, vocals &amp; powerful dance, tnx have it all. I&#39;m so proud as a pre-debut stan. Fighting tnx!!!",0
TNX,4C7xGubTL90,2022-05-17T09:08:07Z,@umi-qp2ih,"they will have a very bright future, mark my words.",0
TNX,4C7xGubTL90,2022-05-17T09:08:07Z,@nailyananda5974,Finally-!!! 🤩,1
TNX,4C7xGubTL90,2022-05-17T09:08:06Z,@rtmis7,Debut:&quot;),0
TNX,4C7xGubTL90,2022-05-17T09:08:06Z,@divyasimp541,Really proud being Trex 😭<br>LEGGO KAJJAAAAA,0
TNX,4C7xGubTL90,2022-05-17T09:08:06Z,@fidelaivena,CONGRTS ON YOUR DEBUTTTT LOVESSSS,0
TNX,4C7xGubTL90,2022-05-17T09:08:05Z,@jezamaetupong4340,"Let&#39;s make it a Goal to reach atleast 1M views,guyssss",0
TNX,4C7xGubTL90,2022-05-17T09:08:05Z,@lilisandikaputri7280,"CONGRATULATIONS FOR YOUR DEBUTS 😊 ALWAYS SUCCESS, I WILL SUPPORT YOU, I LOVE YOU ~❤️❤️",1
TNX,4C7xGubTL90,2022-05-17T09:08:04Z,@t15yaaa,"im crying so bad rn, so proud of them ㅜㅜ",7
TNX,4C7xGubTL90,2022-05-17T09:08:04Z,@mynameisbaobao,"Oficialmente TNX empieza su camino por esta difícil y competitiva industria del kpop. Alucinante comienzo, no puedo esperar a lo que se vendrá en el futuro. Crezcamos juntos y lleguemos hasta la cima!",0
TNX,4C7xGubTL90,2022-05-17T09:08:04Z,@uglypotato959,Congrats! for your debut. TNX let&#39;s gooo,0
TNX,4C7xGubTL90,2022-05-17T09:08:04Z,@cassandra_1328,Jeonhyuk killed it🔥😳,0
TNX,4C7xGubTL90,2022-05-17T09:08:03Z,@studywithaura5710,OMG I can feel their energy♡♡♡ Amazingg!!!,1
TNX,4C7xGubTL90,2022-05-17T09:08:03Z,@luciatimana850,"Great MV, Rap and Vocal and the song. A hit this song. 🔥🤩",3
TNX,4C7xGubTL90,2022-05-17T09:08:03Z,@agnieszkareczko8383,❤️❤️,0
TNX,4C7xGubTL90,2022-05-17T09:08:02Z,@tzuwiee,"TNX finally debuting, thank you so much for your hardwork boys. we&#39;re just starting to make the fire so please don&#39;t get burned jk. love y&#39;all so much, goodluck on your debut!!! &lt;3",6
TNX,4C7xGubTL90,2022-05-17T09:08:02Z,@MissLarissa21,"to be honest, this is AMAZING",1
TNX,4C7xGubTL90,2022-05-17T09:08:02Z,@nnuch3934,So cool❤️‍🔥❤️‍🔥❤️‍🔥❤️‍🔥❤️‍🔥,0
TNX,4C7xGubTL90,2022-05-17T09:08:01Z,@vansyhanex2227,So proud of you guys..👏,0
TNX,4C7xGubTL90,2022-05-17T09:08:01Z,@hsumyat348,Thay slay since day 1🔥,0
TNX,4C7xGubTL90,2022-05-17T09:08:00Z,@carat1353,Daebak!!!!!!!!❤️‍🔥❤️‍🔥❤️‍🔥❤️‍🔥❤️‍🔥,0
TNX,4C7xGubTL90,2022-05-17T09:08:00Z,@nabilamohadir5388,OKAY THIS SONG IS GOOD IMEAN ???? LESGOOO MY BOYYY,0
TNX,4C7xGubTL90,2022-05-17T09:08:00Z,@wooo8910,Omg 😭😭😭😭,0
TNX,4C7xGubTL90,2022-05-17T09:07:59Z,@MJ-ho8fl,OMG!!!! I can&#39;t say a word...speechless...so proud of my boys❤️❤️❤️,0
TNX,4C7xGubTL90,2022-05-17T09:07:59Z,@nurshafiqahpika09,Fighting x3 TNX!! GO GUYS LETS SUPPORT THEM TOGETHER &lt;3,0
TNX,4C7xGubTL90,2022-05-17T09:07:59Z,@yoonahrinn62,Omg😭😭 Im so proud of you guys,0
TNX,4C7xGubTL90,2022-05-17T09:07:57Z,@jmnnlvr519,rookie of the year !,0
TNX,4C7xGubTL90,2022-05-17T09:07:56Z,@mintchocochicken3239,"If this song is playing in my earphone, I’m not tolerating anyone’s bullshi fr… my inner beast is summoned.",0
TNX,4C7xGubTL90,2022-05-17T09:07:56Z,@verivanilla,CMON TNXXX,0
TNX,4C7xGubTL90,2022-05-17T09:07:55Z,@ara_diary4941,TNX giving me a wild vibe.... I love it tho🤭,0
TNX,4C7xGubTL90,2022-05-17T09:07:55Z,@bellaa26-02,NO WORD CAN&#39;T EXPLAIN THEY KILL THEM 😭😭,0
TNX,4C7xGubTL90,2022-05-17T09:07:54Z,@Moonira,미쳤다 진짜 맛있어,0
TNX,4C7xGubTL90,2022-05-17T09:07:54Z,@mariatem1244,"Los amo chicos, hicieron un gran trabajo. Esta muy bueno!!!",0
TNX,4C7xGubTL90,2022-05-17T09:07:53Z,@atiny2235,Omo omo LETS STAN PNATION X TNX,0
TNX,4C7xGubTL90,2022-05-17T09:07:53Z,@jeannegnt,OMG IT&#39;S AMAZING,0
TNX,4C7xGubTL90,2022-05-17T09:07:52Z,@editoroccasionally,"THE VISUALS, THE SONG, THE CHOREO EVERYTHING . IM SO PROUD OF THEM!!",20
TNX,4C7xGubTL90,2022-05-17T09:07:50Z,@jaymee1904,congrats my boys!!,0
TNX,4C7xGubTL90,2022-05-17T09:07:49Z,@verivanilla,DEBUT OF 2022,0
TNX,4C7xGubTL90,2022-05-17T09:07:49Z,@Kittmyli,OMG I LOVE IT!!!!,0
TNX,4C7xGubTL90,2022-05-17T09:07:49Z,@Jessicaamanda-lt7py,KYUNGJUN MASYAALLAH YAALLAH,0
TNX,4C7xGubTL90,2022-05-17T09:07:49Z,@rineee998,デビューおめでとうございます♪<br>この日をずっとずっと待ってました♡<br>これからの6人の活躍を応援しています。<br>デビュー曲めっちゃくちゃかっこよくて大好きです♡,6
TNX,4C7xGubTL90,2022-05-17T09:07:49Z,@dai1andonly,Wow! What a way to start TNX! Congratulations on your debut and looking forward to your stage performances.,4
TNX,4C7xGubTL90,2022-05-17T09:07:49Z,@careshentl6791,AARRGHHHH THIS IS SO GOODD!! PROUD TO MY BOYS!!!! &gt;~&lt;,7
TNX,4C7xGubTL90,2022-05-17T09:07:48Z,@debadritachanda4863,OMG MY BOYS&gt;&gt;&gt;,0
TNX,4C7xGubTL90,2022-05-17T09:07:48Z,@parkyosi2797,LOVE FROM INDONESIA ❤️❤️❤️🇮🇩🇮🇩,1
TNX,4C7xGubTL90,2022-05-17T09:07:47Z,@jandennisediaz5817,"WAAAAHHHHHHHH We waited for this for so longgggg!!! I can&#39;t believe it&#39;s up now!!! I&#39;m so proud of our boys, TNX!!! <br>From Team P NATION to TNX<br><a href=""http://www.youtube.com/results?search_query=%23predebutfan"">#Predebutfan</a>",10
TNX,4C7xGubTL90,2022-05-17T09:07:47Z,@coenptjajar2196,เด็กๆเก่งมากเลย คุ้มค่าแก่การรอมากกกกก💘✨,0
TNX,4C7xGubTL90,2022-05-17T09:07:46Z,@qoriiftita6757,Kereeennnn,0
TNX,4C7xGubTL90,2022-05-17T09:07:46Z,@foreverythingilove-wa1127,This talented and handsome boys have been through a lot and all of their hard works and sacrifices paid off because they finally debuted with beautiful masterpieces. Congratulations TNX. I&#39;m so proud of you all.,18
TNX,4C7xGubTL90,2022-05-17T09:07:44Z,@skgirl0707,OMG this is such a bop . So goooood . I&#39;ll keep myself updated for them only . Standard is now set too high,10
TNX,4C7xGubTL90,2022-05-17T09:07:44Z,@MHorng_0055,as expected  <br>they are toooooo gooddd,0
TNX,4C7xGubTL90,2022-05-17T09:07:44Z,@khaingthinzareu8189,Congratulations TNX.<br>I&#39;m so proud of them.,7
TNX,4C7xGubTL90,2022-05-17T09:07:44Z,@divyasimp541,Pnation&#39;s song never dissapoint,0
TNX,4C7xGubTL90,2022-05-17T09:07:44Z,@emmahallac6344,CONGRATS ON YOUR DEBUT!!!!💕,2
TNX,4C7xGubTL90,2022-05-17T09:07:43Z,@seerin2913,So sad that we can’t see Koki with them 😭,0
TNX,4C7xGubTL90,2022-05-17T09:07:43Z,@dalemendss,WHATTT THE FUCKKKK,0
TNX,4C7xGubTL90,2022-05-17T09:07:43Z,@deswitaanurpermata5716,뎁 ㅊㅋ 진짜 AAAAAAAAKHHHHHHHHHH😩😭♥️♥️♥️♥️,0
TNX,4C7xGubTL90,2022-05-17T09:07:42Z,@jumriete9270,Wow❤️❤️,0
TNX,4C7xGubTL90,2022-05-17T09:07:41Z,@saptia7228,THIS IS INSANE!!!,5
TNX,4C7xGubTL90,2022-05-17T09:07:41Z,@yirin3051,This is so good ㅠㅠ,0
TNX,4C7xGubTL90,2022-05-17T09:07:40Z,@lonarvs,THIS CURED MY WHOLE DEPRESSION,0
TNX,4C7xGubTL90,2022-05-17T09:07:40Z,@channe9600,"I knew they were going to eat up this debut! Way to go boys, this is just the beginning",12
TNX,4C7xGubTL90,2022-05-17T09:07:39Z,@primavera3995,피나는 노력을 했음이 느껴지네요. TNX  꽃길만 걷기를..응원합니다~~!!^^,1
TNX,4C7xGubTL90,2022-05-17T09:07:39Z,@kiyo2943,"E boy, tá lindo boy, que vibe boa.",6
TNX,4C7xGubTL90,2022-05-17T09:07:39Z,@Marie-dx1ur,"PROUD PRE DEBUT FAN HERE!!! SINCE LOUDD DAYSSS, PLUS THE &quot;WE GONNA MAKE IT LOUDER, WE PNATION&quot; THIS LINE!!!!!!! OMGGGGGGGG",14
TNX,4C7xGubTL90,2022-05-17T09:07:39Z,@andreacamillegarcia1685,NO  MORE  PRE-DEBUT  PLOUD  STAN  !!!  OMGGG,0
TNX,4C7xGubTL90,2022-05-17T09:07:39Z,@dori__jmn6448,"THIS DEBUT : INSANE , VISUALS PERFECT , STAN THEM THE MOST",43
TNX,4C7xGubTL90,2022-05-17T09:07:39Z,@jaymee1904,congrats my boys!!,0
TNX,4C7xGubTL90,2022-05-17T09:07:38Z,@kyraa8513,WE PNATION !!,0
TNX,4C7xGubTL90,2022-05-17T09:07:38Z,@lupitarancanidewi5263,AKHIRNYAAAAA SUMPAHHHHH KERENNN BANGETTTTT AAAAAAA BISAAA GILAAA GW,0
TNX,4C7xGubTL90,2022-05-17T09:07:38Z,@catgirl4sale,🔥🔥🔥🔥,0
TNX,4C7xGubTL90,2022-05-17T09:07:38Z,@cherreee9305,This video should have been blown up but it was same like boy group,0
TNX,4C7xGubTL90,2022-05-17T09:07:37Z,@paquitodiaz8707,ME ENCANTÓ ✨ PNATION SI QUE SABE HACER MUY BIEN LAS COSAS 👏 🛐,0
TNX,4C7xGubTL90,2022-05-17T09:07:35Z,@zsawarawara,GOOSEBUMPS OMG!!! MOVE ROTY IS HERE!!!!,0
TNX,4C7xGubTL90,2022-05-17T09:07:34Z,@bungamusdalifahxotkp1685,huaaaa happy bangettt 😵‍💫🖤🖤🖤🖤,0
TNX,4C7xGubTL90,2022-05-17T09:07:34Z,@verunqaa2576,"NO I LOVE ALL OF YOU GUYS , U R AMAZINGGG",0
TNX,4C7xGubTL90,2022-05-17T09:07:34Z,@nshmuragf5914,Lagunya candu banget woii,0
TNX,4C7xGubTL90,2022-05-17T09:07:33Z,@ddaniary_,OMG,0
TNX,4C7xGubTL90,2022-05-17T09:07:32Z,@selinylmaz1309,Tebrikler bebeklerr,0
TNX,4C7xGubTL90,2022-05-17T09:07:32Z,@Gomita1997,Omg... amazing ♡,0
TNX,4C7xGubTL90,2022-05-17T09:07:32Z,@instruments89,Наконец-то я дождалась дебюта! Клип суперский!,0
TNX,4C7xGubTL90,2022-05-17T09:07:31Z,@nerissa.flores,Rookie of the Year! The future generation of leaders are here!!! Thank you PNATION for bringing TNX to life ❤❤ 끝가지 응원할게요!! 화이팅 ALL THE WAY UP,0
TNX,4C7xGubTL90,2022-05-17T09:07:29Z,@paliventura,VAMOS TNX!! La rompennn,0
TNX,4C7xGubTL90,2022-05-17T09:07:29Z,@flywrt.,They are so cool!!!!<br>Their visuals<br>Their vocals<br>Their dance<br>Their rap<br>I&#39;m so proud &gt;&lt;,5
TNX,4C7xGubTL90,2022-05-17T09:07:28Z,@brbjlo1219,IT SOUNDS LIKE A COMEBACK SONG FOR ME HEHEHHEH LABYUUU BOYS,0
TNX,4C7xGubTL90,2022-05-17T09:07:28Z,@kyraa8513,💓💓💓,0
TNX,4C7xGubTL90,2022-05-17T09:07:27Z,@w7nw1n,IM SO PROUD OF THEM !! THEY WILL BE GROW BIGGER!! CONGRATS TNX ON YOUR DEBUT &lt;33 ROOKIE OF THE YEAR KAJAAA!!,0
TNX,4C7xGubTL90,2022-05-17T09:07:26Z,@harukenn81,AAAAAHHHHH!!!! ROTY!!! OH MY GOODNESSS THE SONG IS SO GOOD!!! CONGRATULATIONS ON YOUR DEBUT!!!,0
TNX,4C7xGubTL90,2022-05-17T09:07:26Z,@pingububbly1466,OMG 😱😱,0
TNX,4C7xGubTL90,2022-05-17T09:07:25Z,@melvyanky,YES SLAY IT BABY,0
TNX,4C7xGubTL90,2022-05-17T09:07:25Z,@smori1313,デビューおめでとう！！<br>めちゃくちゃカッコいい曲〜✨,1
TNX,4C7xGubTL90,2022-05-17T09:07:25Z,@valentinagonzalez3402,"Omg esto es genial, fueron casi 9 meses de espera y valieron cada segundo. TNX vino a demostrar de que esta hecho p nation , estoy tan orgullosa de ustedes chicos!!!!",0
TNX,4C7xGubTL90,2022-05-17T09:07:25Z,@sefa8528,TNX LOVED YOU,0
TNX,4C7xGubTL90,2022-05-17T09:07:25Z,@katyariksill,PROUD😭💖💖💖💖,0
TNX,4C7xGubTL90,2022-05-17T09:07:24Z,@divyasimp541,"This is truely defintion of lit, masterpiece + legendary debut",16
TNX,4C7xGubTL90,2022-05-17T09:07:24Z,@rtmis7,Wow it&#39;s amazing*-*,0
TNX,4C7xGubTL90,2022-05-17T09:07:24Z,@dalilocadelao9031,Son de las pocas veces que si superaron mis expectativas,0
TNX,4C7xGubTL90,2022-05-17T09:07:23Z,@jira.p7055,goosebumps ❤️‍🔥❤️‍🔥❤️‍🔥,0
TNX,4C7xGubTL90,2022-05-17T09:07:23Z,@jayy6363,so cool,0
TNX,4C7xGubTL90,2022-05-17T09:07:23Z,@lonarvs,KM SO PROUD HELLO,0
TNX,4C7xGubTL90,2022-05-17T09:07:22Z,@W2edyong,Yeahhh finally,1
TNX,4C7xGubTL90,2022-05-17T09:07:22Z,@afrina5820,YEAS KINGSSSSS🔥🔥🔥🔥,0
TNX,4C7xGubTL90,2022-05-17T09:07:22Z,@ryluvv,THE SONG IS PERFECT,1
TNX,4C7xGubTL90,2022-05-17T09:07:21Z,@Blue_CClouds,Esta canción es una joya me gusta todo wow TNX ES UN VERDADERO GRUPO TALENTOSO,1
TNX,4C7xGubTL90,2022-05-17T09:07:21Z,@naegabyeonhae8193,"GILAKKKK WOYYYY!!!! MV, LAGU, VOKAL, RAP, VISUAL SEMUANYAAA KERENN BANGETTTT!!!! (junhyeoknya ganteng banget wehh!!! gak bisa napas gw)",0
TNX,4C7xGubTL90,2022-05-17T09:07:21Z,@finazz,MOVE EVERYONE TNX IS COMING,0
TNX,4C7xGubTL90,2022-05-17T09:07:21Z,@sftiesaa3431,YK WHA? I WAS SCREAMING RN,1
TNX,4C7xGubTL90,2022-05-17T09:07:20Z,@janupb4419,"That &quot;EVERYBODY, GET OUT OF MY WAY&quot; hits differently tbh",12
TNX,4C7xGubTL90,2022-05-17T09:07:20Z,@briifix,"YOU LEFT ME SPEECHLESS GUYS, YOU SHOWED OFF. THE PRODUCTION, THE VISUALS THAT ARE, THEIR VOICES, SO INCREDIBLE. SO PROUD OF YOU, WE LOVE YOU GUYS SO MUCH!",44
TNX,4C7xGubTL90,2022-05-17T09:07:20Z,@ankitabhuyan3510,"Waited since September saw their growth with my own eyes. Today i just feel like a proud fan, who witness them ever since they were shown to the world. Today, I can proudly say. I stan the group TNX.",11
TNX,4C7xGubTL90,2022-05-17T09:07:20Z,@sofea7388,"<a href=""https://www.youtube.com/watch?v=4C7xGubTL90&amp;t=142"">2:22</a> even the pelita got featured on the mv. we could never..",7
TNX,4C7xGubTL90,2022-05-17T09:07:19Z,@Laamhoang_0,😍❤,0
TNX,4C7xGubTL90,2022-05-17T09:07:19Z,@user-yu1gw8om7d,TNX 넘 보고시펐어ㅜㅜ🤍🤍,0
TNX,4C7xGubTL90,2022-05-17T09:07:19Z,@콜라야-c3j,와 너무 멋져 ㅠㅠㅠㅠㅠㅠㅠㅠ 진심 최고 더 위로 올라가자 데뷔 축하해 tnx💞,0
TNX,4C7xGubTL90,2022-05-17T09:07:19Z,@syabillarika8757,Hwaaaa,0
TNX,4C7xGubTL90,2022-05-17T09:07:19Z,@yirin3051,TNX is the best.,0
TNX,4C7xGubTL90,2022-05-17T09:07:18Z,@parkyosi2797,congrats my boys ❤️❤️❤️,0
TNX,4C7xGubTL90,2022-05-17T09:07:18Z,@pamirka2503,🔥🔥🔥🔥🔥🔥🔥,0
TNX,4C7xGubTL90,2022-05-17T09:07:17Z,@apptlepie,ROTY,0
TNX,4C7xGubTL90,2022-05-17T09:07:17Z,@meiganda5754,FINALLY FINALLY FINALLY!,0
TNX,4C7xGubTL90,2022-05-17T09:07:16Z,@chrys4675,"<a href=""https://www.youtube.com/watch?v=4C7xGubTL90&amp;t=115"">1:55</a> Hwi&#39;s rapping skills never make me get tired of it and the way he moves through the rhythms makes me bopping my head after all this song is FIREEE 🔥🔥🔥🔥🔥",27
TNX,4C7xGubTL90,2022-05-17T09:07:15Z,@raisha8962,omg this is the definition of perfect <b>chef kiss</b>,0
TNX,4C7xGubTL90,2022-05-17T09:07:15Z,@lilbigcrescendo,AAAAA congrats for your debut boys!!!,0
TNX,4C7xGubTL90,2022-05-17T09:07:15Z,@feryberry,TNX DEFINITELY SLAYED THIS,0
TNX,4C7xGubTL90,2022-05-17T09:07:15Z,@alinakonthoujam290,I am so proud of these boys,0
TNX,4C7xGubTL90,2022-05-17T09:07:15Z,@shane_zar9,So proud of u boys! Finally y&#39;all are gonna debut!!,0
TNX,4C7xGubTL90,2022-05-17T09:07:15Z,@serendipityj3786,"I like this! They are talented and working hard, i wish them good luck and success!",0
TNX,4C7xGubTL90,2022-05-17T09:07:14Z,@evdokiachristofi100,I feel so proud of them but I feel kind of weird but too happy and excited is it because I was a predebut fan or is it because I saw LOUD from the start to end since it started(used to get pretty upset about it too)🥰👍❤️😍,0
TNX,4C7xGubTL90,2022-05-17T09:07:14Z,@sittp.n4041,oh sungjun makes me melt,0
TNX,4C7xGubTL90,2022-05-17T09:07:13Z,@kanuwangjen2555,"Congrats on your debut 😍😍😍😍🌈🌈🌈🌈🌈<br><a href=""http://www.youtube.com/results?search_query=%23tnx"">#tnx</a> <a href=""http://www.youtube.com/results?search_query=%23thenewsix"">#thenewsix</a>",0
TNX,4C7xGubTL90,2022-05-17T09:07:13Z,@ДюсеноваАсем,"Amazing, so beautiful, so good, so cool! Good song!!",0
TNX,4C7xGubTL90,2022-05-17T09:07:13Z,@andreacamillegarcia1685,THIS  WILL BE  MARKED  IN  HISTORY  I  SAY,0
TNX,4C7xGubTL90,2022-05-17T09:07:13Z,@aa-xg3bl,SO PROUD,0
TNX,4C7xGubTL90,2022-05-17T09:07:12Z,@andreansyah6202,MENYINGKIR KALIAN SEMUA INI BAGUS BGT TOLONGGGGGG,0
TNX,4C7xGubTL90,2022-05-17T09:07:12Z,@nisaqoirunisa674,gak nyangka akhirnya debut juga setelah sekian purnama nunggu 😭😭😭😭 KEREN BANGETT HWHSUAJSUSBSUSJAHAH😭😭😭😭😭😭😭😭😭😭😭,0
TNX,4C7xGubTL90,2022-05-17T09:07:12Z,@user-got7hypen,This is totally bop,0
TNX,4C7xGubTL90,2022-05-17T09:07:11Z,@fitriratnasari3864,Uaaah 😭 so happy for TNX. I&#39;m happy for you all.. ✨✨✨<br>Literally i gpt goosebumps. Let&#39;s together go way up!!! 🎈🎈,0
TNX,4C7xGubTL90,2022-05-17T09:07:11Z,@lxvenderlxtte,"They have the visuals, the dance, the rap, the vocals, and the TALENT. TNX is going to dominate the KPOP industry in no time.",0
TNX,4C7xGubTL90,2022-05-17T09:07:11Z,@prishine2761,"This mv is so insane😍😍😍😍its dmn good.. Thier visual , the set up of the mv, the conecpt, lyrics thier presentation dance move all are on point.... I totally love it🥺🥺🥺🥺",0
TNX,4C7xGubTL90,2022-05-17T09:07:11Z,@ryeosomniac_,Rookie of the year leggo,0
TNX,4C7xGubTL90,2022-05-17T09:07:11Z,@fellieanafellyn5212,"KEREN BGT ANAK², AAAAA",0
TNX,4C7xGubTL90,2022-05-17T09:07:10Z,@verunqaa2576,JUNHYUK SARANGHEO,0
TNX,4C7xGubTL90,2022-05-17T09:07:10Z,@sabinatakesheva3260,My Favorite Boys Debuted😍✨,0
TNX,4C7xGubTL90,2022-05-17T09:07:10Z,@sweetyanki6621,Proud of them,0
TNX,4C7xGubTL90,2022-05-17T09:07:09Z,@diptibisht2504,"Their debut song is such a fire, just can&#39;t wait for their more bops and watch them grow as a superstars!",0
TNX,4C7xGubTL90,2022-05-17T09:07:09Z,@seungmo9192,❤️💙❤️💙✨,0
TNX,4C7xGubTL90,2022-05-17T09:07:09Z,@milliescanlon9339,THIS WAS SOOO GOOD!!! WAY ABOVE MY EXPECTATIONS I WAS LITERALLY SCREAMING WHILE WATCHING THIS!! I will be following you guys for the rest of your career and I can’t wait to see more masterpieces!!!❤️❤️❤️❤️❤️,3
TNX,4C7xGubTL90,2022-05-17T09:07:09Z,@ruruhi1224,"<a href=""http://www.youtube.com/results?search_query=%23tnxmove"">#TNXMOVE</a><br><a href=""http://www.youtube.com/results?search_query=%23tnxdebut"">#TNXDEBUT</a>",0
TNX,4C7xGubTL90,2022-05-17T09:07:07Z,@cinta.anggraita,YEAYYYY🤍,0
TNX,4C7xGubTL90,2022-05-17T09:07:07Z,@loeyuniverse61,Everything in this MV is insane🔥🔥🔥 you guys really did a great job❤❤❤❤❤,0
TNX,4C7xGubTL90,2022-05-17T09:07:06Z,@starlixie4417,THIS IS SO AMAZING 😭😭😭😭😭,0
TNX,4C7xGubTL90,2022-05-17T09:07:06Z,@nadineqnanti1047,🔥🔥🔥,0
TNX,4C7xGubTL90,2022-05-17T09:07:06Z,@yllwpnky,slayy ♥️♥️♥️♥️♥️♥️♥️♥️♥️🔥🔥🔥🔥🔥🔥🔥🔥🔥,0
TNX,4C7xGubTL90,2022-05-17T09:07:05Z,@nshmuragf5914,Ayo dong trending Indonesia,0
TNX,4C7xGubTL90,2022-05-17T09:07:05Z,@BukanMermaid,AKHIRNYA ANAK² KEREN AKU DEBUTTTTT,0
TNX,4C7xGubTL90,2022-05-17T09:07:05Z,@evieflynn233,"Tnx did so well in this. The instrumentals, vocals, acting and dancing. Wow I love this so much!! Congrats on debuting!!",13
TNX,4C7xGubTL90,2022-05-17T09:07:04Z,@humam3396,"Their vocals, visuals, choreography are on the next level. They&#39;re lit. Dunno why i feel proud to be a pre-debut stan",0
TNX,4C7xGubTL90,2022-05-17T09:07:04Z,@suzinaung4028,Let&#39;s go guys~~~,0
TNX,4C7xGubTL90,2022-05-17T09:07:03Z,@Juns_000,Stan tnx!!!!,0
TNX,4C7xGubTL90,2022-05-17T09:07:02Z,@bbammyntd920,ดีมากกก😭💖,0
TNX,4C7xGubTL90,2022-05-17T09:07:02Z,@jeonghanslonghair6477,"Here since debut, these guys are amazing!!",0
TNX,4C7xGubTL90,2022-05-17T09:07:02Z,@zevanyat,"Been here since LOUD, Congrats on Debuting TNX 🔥🔥🔥💕💕💕🏁🏁🏁",0
TNX,4C7xGubTL90,2022-05-17T09:07:02Z,@rin8970k,想像のはるか上を超えてくるピネ〜♡！！<br>全てにおいてどタイプ！！！！！,0
TNX,4C7xGubTL90,2022-05-17T09:07:01Z,@dalilocadelao9031,"No manchen, esta bien chida",0
TNX,4C7xGubTL90,2022-05-17T09:07:01Z,@maipersona,YESSS BOYSSS FIGHTINGGG!!!!!<br>KEEP STREAMING GUYSSS!!!!,1
TNX,4C7xGubTL90,2022-05-17T09:07:01Z,@maddie6143,moster rookies incoming,0
TNX,4C7xGubTL90,2022-05-17T09:07:01Z,@severus__snape,Aquí vamos.... Son geniales,0
TNX,4C7xGubTL90,2022-05-17T09:07:01Z,@tundrah27,I LOVE YOU BOYS 😚❤️,0
TNX,4C7xGubTL90,2022-05-17T09:07:00Z,@rillymola7437,Baby boy debut 🤘🏻😘😘😘😘😘,0
TNX,4C7xGubTL90,2022-05-17T09:07:00Z,@humantrash1817,Love them🤍🤍,0
TNX,4C7xGubTL90,2022-05-17T09:06:59Z,@misterm9693,You can really tell that is Psy&#39;s kind of song and it is amazing!!!,0
TNX,4C7xGubTL90,2022-05-17T09:06:59Z,@ДюсеноваАсем,Wow i like this song!!,0
TNX,4C7xGubTL90,2022-05-17T09:06:59Z,@cherreee9305,I was hoping them to do something new but really disappointed,0
TNX,4C7xGubTL90,2022-05-17T09:06:58Z,@wahyusanjaya237,Congrats for your debut ❤️❤️❤️,0
TNX,4C7xGubTL90,2022-05-17T09:06:58Z,@everyone_tan1903,Aaaa finally gelasehh ini benar² keren banget woyy Monster rookie,0
TNX,4C7xGubTL90,2022-05-17T09:06:58Z,@chauanwiw,IM MARKING MY WORDS HERE IN A FEW YEARS LATER U SEE TNX WILL BE ONE OF THE BEST GROUP IN 4TH GEN JUST WAIT AND SEE,0
TNX,4C7xGubTL90,2022-05-17T09:06:57Z,@brbjlo1219,HAPPY DEBUT URIII TNX,0
TNX,4C7xGubTL90,2022-05-17T09:06:57Z,@user-got7hypen,So proud of u guys,0
TNX,4C7xGubTL90,2022-05-17T09:06:57Z,@azamrdi03,they&#39;re gonna be sooo big and i&#39;m gonna be soo proud of having witnessed their debut,144
TNX,4C7xGubTL90,2022-05-17T09:06:57Z,@melindaaprilia,우리 애기들 드디어 데뷔 했다니 ㅠㅠ 얘들아ㅠㅠ 대뷔 너무 너무 축하해!! ❣️🏁😭,0
TNX,4C7xGubTL90,2022-05-17T09:06:57Z,@ceyda1825,"I hope your way always full of light,I know how you guys working hard,wish you best",0
TNX,4C7xGubTL90,2022-05-17T09:06:57Z,@ryluvv,4TH GEN KINGS,0
TNX,4C7xGubTL90,2022-05-17T09:06:56Z,@linaxjoy,LETS GO TNX WISHING YOU A SUCCESSFUL DEBUT PROUD TO BE A PRE DEBUT STAN !!!!!,0
TNX,4C7xGubTL90,2022-05-17T09:06:56Z,@rifanihadista8134,OMG I GOT GOOSEBUMPS!! GREAT JOB BOYS CONGRATULATIONS FOR UR DEBUT ❤❤🔥,1
TNX,4C7xGubTL90,2022-05-17T09:06:56Z,@jhemillysilva8146,"Tô morrendo de sono agora? Tô, mas valeu a pena toda a espera &lt;3",0
TNX,4C7xGubTL90,2022-05-17T09:06:56Z,@windyeun_aeri8909,Is this really a debut mv????????????? Ican&#39;t believe it.,0
TNX,4C7xGubTL90,2022-05-17T09:06:55Z,@tlin0,대박 🥰,0
TNX,4C7xGubTL90,2022-05-17T09:06:55Z,@ThatOneChannel.,Sounds like a 3rd gen song,0
TNX,4C7xGubTL90,2022-05-17T09:06:54Z,@zulfalailatulmuachirin5774,Congratulation guysss for your debut!!!,0
TNX,4C7xGubTL90,2022-05-17T09:06:54Z,@cesscaquijano9491,CHARISMA IS ON THE AIR !!! TNX ON FIRE!! LET&#39;S GO! WAY UPP,0
TNX,4C7xGubTL90,2022-05-17T09:06:54Z,@pejuangskripsi3487,Wowww i like it,1
TNX,4C7xGubTL90,2022-05-17T09:06:54Z,@leon4181,"OH MY GOD, FINNALY😭😭 I REALLY HAPPY, I WAIT FOR THEM FROM PREDEBUT😭😭",0
TNX,4C7xGubTL90,2022-05-17T09:06:53Z,@ursamainor,"YEAYYY FINALLY, CONGRATS FOR Y&#39;ALL DEBUT!!! FIGHTING",2
TNX,4C7xGubTL90,2022-05-17T09:06:53Z,@irvingv.9521,Finally its here!!!!!1,0
TNX,4C7xGubTL90,2022-05-17T09:06:53Z,@sheronbenst,ARGHHHHHHHHHH,1
TNX,4C7xGubTL90,2022-05-17T09:06:53Z,@verunqaa2576,OH MY FRICKING GOD THIS IS LEGENDARYYYYYY I LOVE THIS,8
TNX,4C7xGubTL90,2022-05-17T09:06:53Z,@squareisa4138,KEREN BGT ANJERRRRR,0
TNX,4C7xGubTL90,2022-05-17T09:06:52Z,@wendiiii,🔥🔥🔥🔥🔥🔥 THIS IS HOW YOU DEBUT!!!,0
TNX,4C7xGubTL90,2022-05-17T09:06:52Z,@tundrah27,TÔ MUITO ORGULHOSA DE VOCÊS,3
TNX,4C7xGubTL90,2022-05-17T09:06:51Z,@seerin2913,Now all we need is a fandom name😭❤️,0
TNX,4C7xGubTL90,2022-05-17T09:06:51Z,@aurelclaudiaghaezani2171,CONGRAST DEBUTNYAA🔥🔥❤❤,0
TNX,4C7xGubTL90,2022-05-17T09:06:50Z,@sittp.n4041,all visual and all rounder,0
TNX,4C7xGubTL90,2022-05-17T09:06:50Z,@estecrime,Let&#39;s go!!!!!,0
TNX,4C7xGubTL90,2022-05-17T09:06:50Z,@Skz_minu,"ESTO ES TAN EPICO HELP, ENSERIO LA CANCION ES REALMENTE BUENA, TNX LOS AMOOO!!!!!",15
TNX,4C7xGubTL90,2022-05-17T09:06:50Z,@andreachhb,ESTOY ORGULLOSA DE USTEDES LOS AMO,0
TNX,4C7xGubTL90,2022-05-17T09:06:49Z,@ДюсеноваАсем,Wow congrats TNT debut!!!,0
TNX,4C7xGubTL90,2022-05-17T09:06:48Z,@annapjw,Setelah penantian lamaaa ayangku❤❤❤❤,0
TNX,4C7xGubTL90,2022-05-17T09:06:47Z,@allika.nabila,"Bangga banget sama kalian, ngestan dari jaman loud sampe sekarang. Nangis banget pas kalian debut. I love you TNX",0
TNX,4C7xGubTL90,2022-05-17T09:06:47Z,@아임재패니즈,다 진짜 완전 멋있어 ㅠㅠㅠㅜㅜㅠㅜ 고생 진짜 많았고 데뷔 진심으로 축하해!!!! 앞으로 꽃길만 걷자❤️‍🔥❤️‍🔥,0
TNX,4C7xGubTL90,2022-05-17T09:06:47Z,@dianasaberon7832,그들은 여기 있습니다! 와우! 너무 자랑스러워! ❤️,0
TNX,4C7xGubTL90,2022-05-17T09:06:46Z,@cy4957,TNX DEBUT WOOOO THEY DID SO WELL,0
TNX,4C7xGubTL90,2022-05-17T09:06:46Z,@imaniarhotimah6926,Baru debut ya??,1
TNX,4C7xGubTL90,2022-05-17T09:06:46Z,@lilmandu6934,Kyungjun turn into beast OMG,1
TNX,4C7xGubTL90,2022-05-17T09:06:45Z,@sitiamelia6863,"YOU GUYS AMAZING, I CAN&#39;T 😭☝🏻💗💗💗💗💗",0
TNX,4C7xGubTL90,2022-05-17T09:06:44Z,@rememberayou,PLZZZ ANJRRRRRRR GAK TAU LAH,0
TNX,4C7xGubTL90,2022-05-17T09:06:44Z,@nrayie7852,THEY REALLY DID IT! I AM SO PROUD 6 OF YOU! GO GO TNX! 😭🫶🏻🫶🏻🫶🏻🫶🏻🫶🏻🫶🏻,2
TNX,4C7xGubTL90,2022-05-17T09:06:44Z,@christilinejilianboctot773,HELLO BWKSNSNSNSJSHSJWH,0
TNX,4C7xGubTL90,2022-05-17T09:06:44Z,@_yeonjun_noona,Congratulations on your debut boys!<br>As a Pre-debut fan I&#39;m so proud of them<br>I&#39;m so ready to witness their journey to their success,22
TNX,4C7xGubTL90,2022-05-17T09:06:42Z,@life_lena832,OMG😍🥰 i love it,0
TNX,4C7xGubTL90,2022-05-17T09:06:42Z,@kghbnvhb3028,It’s very good boys,0
TNX,4C7xGubTL90,2022-05-17T09:06:41Z,@preciousjewel702,Kyungjun!!!!🤍🤍,0
TNX,4C7xGubTL90,2022-05-17T09:06:39Z,@meowonic9,satisfaction for TNX debut MV<br>1000000000/10,0
TNX,4C7xGubTL90,2022-05-17T09:06:39Z,@mariapenarodriguez2504,AHHHHH I LOVE IT🫶🏻😍,0
TNX,4C7xGubTL90,2022-05-17T09:06:38Z,@melorhisham,THIS IS A BRIGHT FUTURE OF PNATION,0
TNX,4C7xGubTL90,2022-05-17T09:06:38Z,@Yengsza,finally,0
TNX,4C7xGubTL90,2022-05-17T09:06:37Z,@ochipuput4332,Akhirnya adik adikku debut juga....woaaahh pengen nangis saking terharu dan bangganya sama kalian...,1
TNX,4C7xGubTL90,2022-05-17T09:06:37Z,@christilinejilianboctot773,OMG PUTANGINA NIYO,0
TNX,4C7xGubTL90,2022-05-17T09:06:37Z,@biabia8204,O debut perfeito,0
TNX,4C7xGubTL90,2022-05-17T09:06:37Z,@cherreee9305,Not that impressive just simple boy group as usual same concept like nowadays nothing new,0
TNX,4C7xGubTL90,2022-05-17T09:06:37Z,@Yellow_3to1,woyyy enak bangettt lagunya,0
TNX,4C7xGubTL90,2022-05-17T09:06:37Z,@user-cl7ez7cn6s,KEREN BANGET,0
TNX,4C7xGubTL90,2022-05-17T09:06:37Z,@lamoravej3275,We&#39;ve been waiting so long for out boys and now we&#39;re seeing the wait was definitely worth it,0
TNX,4C7xGubTL90,2022-05-17T09:06:36Z,@priv4827,We gonna make it louder <br>We PNation<br>Pnation first boy group finallyy debuted&lt;33,0
TNX,4C7xGubTL90,2022-05-17T09:06:36Z,@ryluvv,I Love The MV !!!,0
TNX,4C7xGubTL90,2022-05-17T09:06:35Z,@fellieanafellyn5212,KAGET KYUNGJUN GANTENG BGT,0
TNX,4C7xGubTL90,2022-05-17T09:06:34Z,@lavander6993,Junhyeok&#39;s voice is amazing,0
TNX,4C7xGubTL90,2022-05-17T09:06:34Z,@mj22_,TNX FIGHTING,0
TNX,4C7xGubTL90,2022-05-17T09:06:33Z,@lhoechan,PNATION NEVER FAIL TO AMAZE US !!!! WE WILL SUPPORT YOU FOR EVER !!!! LET&#39;S GET IT !!!!,0
TNX,4C7xGubTL90,2022-05-17T09:06:32Z,@rifdahss,kren....,0
TNX,4C7xGubTL90,2022-05-17T09:06:31Z,@johnnazarethespiritu6497,"Sana all, The cr has a sliding door",0
TNX,4C7xGubTL90,2022-05-17T09:06:31Z,@sittp.n4041,Congratulations for debut,0
TNX,4C7xGubTL90,2022-05-17T09:06:30Z,@asiamonea3516,When I tell you I’ve been waiting and waiting for this and I was not disappointed istg I am going to be in love with this group forever they have my heart thank you so much &lt;3,12
TNX,4C7xGubTL90,2022-05-17T09:06:29Z,@ShashaLuvity,PRE-DEBUT SUCCESFUL !!,0
TNX,4C7xGubTL90,2022-05-17T09:06:29Z,@septioktaviani6583,OMG,1
TNX,4C7xGubTL90,2022-05-17T09:06:29Z,@Kirijin_3,Good job boys!!<br>Lets make our big future!!<br>Fighting TNX,0
TNX,4C7xGubTL90,2022-05-17T09:06:28Z,@fresari,LOS AMO LINDOS XFIN,0
TNX,4C7xGubTL90,2022-05-17T09:06:28Z,@wingli8205,LETS MAKE THEM GO LOUD!!!<br>TEAM TNX💙<br>1M VIEW IS COMING!!,1
TNX,4C7xGubTL90,2022-05-17T09:06:28Z,@abby.00,6 ACE loud together !! TNX,0
TNX,4C7xGubTL90,2022-05-17T09:06:28Z,@니효-h3r,TNX 데뷔 축하해요~ 벌써 멋있다. 음방 무대는 또 얼마나 멋질지 기대된다. 👍❤️,0
TNX,4C7xGubTL90,2022-05-17T09:06:28Z,@piknowx,"As a stan from Loud, I’m so proud and happy about this debut. This is amazing, congratulations boys!!🎉🎉",0
TNX,4C7xGubTL90,2022-05-17T09:06:28Z,@mj22_,Congrats for our debut boy,0
TNX,4C7xGubTL90,2022-05-17T09:06:27Z,@user-is3hl7ef9c,ปังงงงงง🔥🔥🔥🔥🔥,0
TNX,4C7xGubTL90,2022-05-17T09:06:27Z,@katyariksill,SO COOL🥹🥹💖💖💖💖💖,0
TNX,4C7xGubTL90,2022-05-17T09:06:26Z,@uneni3060,Aaaaa MV nya bagus banget i love you TNX,1
TNX,4C7xGubTL90,2022-05-17T09:06:26Z,@anfel3072,TNX YOU DID SO WELL 🧡,0
TNX,4C7xGubTL90,2022-05-17T09:06:26Z,@feryberry,THEY&#39;RE SO COOL,0
TNX,4C7xGubTL90,2022-05-17T09:06:26Z,@myatmyintzu7305,Proud pre-debut fan here,0
TNX,4C7xGubTL90,2022-05-17T09:06:25Z,@bureorahurricane,"finally they&#39;re debut!!! i still couldn&#39;t grasp it yet. but they look so good, the song is also sounds amazing. each member really giving me a big impact omg. gotta listen to their full album right after this &lt;3",0
TNX,4C7xGubTL90,2022-05-17T09:06:25Z,@hanhyeongjun,Basically slay,0
TNX,4C7xGubTL90,2022-05-17T09:06:25Z,@andreachhb,DIOS MIO,0
TNX,4C7xGubTL90,2022-05-17T09:06:24Z,@tnttttt3253,Hwi&#39;s dance is so improve <br>I can&#39;t believe and so proud of him,8
TNX,4C7xGubTL90,2022-05-17T09:06:24Z,@user-cl7ez7cn6s,INI KEREN BANGET SUMPAH GAK BOONG,0
TNX,4C7xGubTL90,2022-05-17T09:06:24Z,@dejun5647,GO TNX !!,0
TNX,4C7xGubTL90,2022-05-17T09:06:24Z,@dwnish,BEST DEBUT SONG EVER,0
TNX,4C7xGubTL90,2022-05-17T09:06:23Z,@duharcher,rookie of the year award!!! let&#39;s gooooo,0
TNX,4C7xGubTL90,2022-05-17T09:06:22Z,@molikasim6842,"The rookie monster….vocals, rapper, visal wow 🔥",0
TNX,4C7xGubTL90,2022-05-17T09:06:21Z,@arnicaflr,WTFFFFFFFFF THIS IS FIREEEEEEE🥵🥵🥵🥵,0
TNX,4C7xGubTL90,2022-05-17T09:06:21Z,@mah7543,待ってました！最高❤︎❤︎,0
TNX,4C7xGubTL90,2022-05-17T09:06:20Z,@fresari,WE&#39;RE PNATION,0
TNX,4C7xGubTL90,2022-05-17T09:06:20Z,@hrinsijdms2363,THEY SLAY IT!!!!🔥,0
TNX,4C7xGubTL90,2022-05-17T09:06:20Z,@un3hcorn,SLAYED,0
TNX,4C7xGubTL90,2022-05-17T09:06:20Z,@gnaynar8280,"Everybody, make way ....  TNX is here to set fire",0
TNX,4C7xGubTL90,2022-05-17T09:06:19Z,@mj22_,YASHHHH MY PRECIOUS TNX,0
TNX,4C7xGubTL90,2022-05-17T09:06:19Z,@zhafir_,OMGGGGGG TNX SO PROUD TO YOU ALL!!!!!! ❤️‍🔥❤️‍🔥❤️‍🔥❤️‍🔥,1
TNX,4C7xGubTL90,2022-05-17T09:06:19Z,@thayler2647,Feliz de estar viendo a estos chicos debutar!!!,0
TNX,4C7xGubTL90,2022-05-17T09:06:19Z,@deanatashadewanti6299,THIS SONG IS SOOO GOOODDDD,0
TNX,4C7xGubTL90,2022-05-17T09:06:19Z,@lorainev,CONGRATS BOYSSS,0
TNX,4C7xGubTL90,2022-05-17T09:06:18Z,@ammmwalson_,We P Nation is unique slogan 🥹,0
TNX,4C7xGubTL90,2022-05-17T09:06:18Z,@maaaylabskyoong5369,CONGRATULATIONS TNX 🔥,0
TNX,4C7xGubTL90,2022-05-17T09:06:17Z,@Johnmarshalllll,I waited for this TNX  will rise soon🔥,0
TNX,4C7xGubTL90,2022-05-17T09:06:17Z,@kimmingyuu,THIS IS LIT!!! <br><br>congratulations boyyyss!!! see youu sooon,0
TNX,4C7xGubTL90,2022-05-17T09:06:17Z,@dxxxpxxxxxxx,"PROUD OF YOU, GUYS! CONGRATULATIONS ON YOUR DEBUT!!",0
TNX,4C7xGubTL90,2022-05-17T09:06:16Z,@medinaesimgalieva82,🔥🔥🔥,0
TNX,4C7xGubTL90,2022-05-17T09:06:16Z,@trengg_g,"THE VISUALS, CHOREOGRAPHY, VOCALS AND EVERYTHING IS AMAZINGGGGGG, I&#39;M LITERALLY SCREAMINGGG AHHHHHHHHHH<br><br>STREAAAAAMMMMMMM",306
TNX,4C7xGubTL90,2022-05-17T09:06:16Z,@sarifransisca8547,Awesome 😎,0
TNX,4C7xGubTL90,2022-05-17T09:06:16Z,@celestr1na,FINALLY DEBUT !!!!!!!🫶🏻🫶🏻🫶🏻🫶🏻🫶🏻🫶🏻🫶🏻,0
TNX,4C7xGubTL90,2022-05-17T09:06:15Z,@khayzcherry6757,FINALLY!!!!! CONGRATS ON YOUR DEBUT BOYS!!!! CAN&#39;T WAIT TO SEE Y&#39;ALL GROW&lt;33,0
TNX,4C7xGubTL90,2022-05-17T09:06:15Z,@aiurzhang1852,YASS!!!,0
TNX,4C7xGubTL90,2022-05-17T09:06:15Z,@miliinnie,"TNX mis bias, no puedo elegir uno solo porque todos son geniales y talentosos",0
TNX,4C7xGubTL90,2022-05-17T09:06:14Z,@dobbysmile767,I was waiting a long time for their debut and now I can just say that I&#39;m very proud of them 😭❤️,12
TNX,4C7xGubTL90,2022-05-17T09:06:14Z,@zari4090,وااااایییییی😭😭😭یا خدااا,0
TNX,4C7xGubTL90,2022-05-17T09:06:14Z,@leena2889,MY BOYS THEY ATEEEEEEEEEE,0
TNX,4C7xGubTL90,2022-05-17T09:06:14Z,@user-ci6dk9el7r,WOOOOOOOOOOOW,0
TNX,4C7xGubTL90,2022-05-17T09:06:14Z,@akaza._.uppermooon3,Too hight for a debut! Already in love with this song! Idk what to do! Gonna support them so much 🥹❤️‍🩹 Kings! Gonna get higher just w this,1
TNX,4C7xGubTL90,2022-05-17T09:06:13Z,@KRIS_LUNA11,Wooooow this debut was amazing! I loved! the boys do amazing!,0
TNX,4C7xGubTL90,2022-05-17T09:06:13Z,@irenic5996,OMG THE SONG AND MV ARE AMAZING!!!! CONRATS ON YOUR DEBUT TNX!!!,0
TNX,4C7xGubTL90,2022-05-17T09:06:13Z,@KEICHUCOLATE,"So what is CR?!?!?! When I first saw it, I thought they came out from a Comfort Room... ;-;",0
TNX,4C7xGubTL90,2022-05-17T09:06:13Z,@flukatt,"PSY really knew how to do his job well with his only boy group, I am proud to see his growth both professionally and physically, i really love them",1
TNX,4C7xGubTL90,2022-05-17T09:06:13Z,@deeptidenisha4217,THE RAP PART 🤌🏻🥵,0
TNX,4C7xGubTL90,2022-05-17T09:06:13Z,@myatsehunnie3672,I feel like TNX will become monster rookie,0
TNX,4C7xGubTL90,2022-05-17T09:06:12Z,@deanatashadewanti6299,GUE MERINDING BANGET,0
TNX,4C7xGubTL90,2022-05-17T09:06:12Z,@chacaarv27,i&#39;m so proud of you guys&gt;&lt;,0
TNX,4C7xGubTL90,2022-05-17T09:06:12Z,@agustinahanny8583,This is so good🔥🔥👍👍👍,0
TNX,4C7xGubTL90,2022-05-17T09:06:12Z,@hoonie9888,"KEREN BGT AYANGIE, CONGRATS FOR YALL 🫶🏻😭",0
TNX,4C7xGubTL90,2022-05-17T09:06:11Z,@emmahallac6344,"predebut stanning, was worth the wait!!!! so much talent+visuals in one mv",0
TNX,4C7xGubTL90,2022-05-17T09:06:11Z,@idk-qx8kg,wow 🙌🔥🔥 just wow🔥🔥,0
TNX,4C7xGubTL90,2022-05-17T09:06:11Z,@user-cl7ez7cn6s,BANGGA BANGET SAMA KALIAN,0
TNX,4C7xGubTL90,2022-05-17T09:06:10Z,@artkkstrawberry,I love it 🤍,0
TNX,4C7xGubTL90,2022-05-17T09:06:10Z,@an-yx1sb,Gakuat banget bisa bisa nya kj rapp langsung disambung hwi😭😭,0
TNX,4C7xGubTL90,2022-05-17T09:06:08Z,@badclue995,Lit!!!,0
TNX,4C7xGubTL90,2022-05-17T09:06:08Z,@wannamae,FINALLY MY BOYS,0
TNX,4C7xGubTL90,2022-05-17T09:06:08Z,@liu_yiyi,Senang banget akhirnya adek&quot; ini debut juga&lt;8,0
TNX,4C7xGubTL90,2022-05-17T09:06:07Z,@pushpa03,"To TNX: You have come so far my best boys 🥺♥️<br>A big group hug to all the pre-debut louders who have seen them grow since the first ever “win” performance, to voting on live rounds, to watching ploud eps every tuesdays and thursdays, hyping them, to supporting their every first",1
TNX,4C7xGubTL90,2022-05-17T09:06:07Z,@ree5714,Waw,0
TNX,4C7xGubTL90,2022-05-17T09:06:07Z,@artemis9152,YOOOOO IM SHAKINGGG 🔥❤️‍🔥,0
TNX,4C7xGubTL90,2022-05-17T09:06:07Z,@leedoriknow,ROTY FOR SURE,0
TNX,4C7xGubTL90,2022-05-17T09:06:07Z,@anfel3072,Honey u kidding me ? It&#39;s the first time in forever a debut song gives me chills from the beginning to the end 😭,0
TNX,4C7xGubTL90,2022-05-17T09:06:07Z,@nana-vp4ft,Congratulations,0
TNX,4C7xGubTL90,2022-05-17T09:06:07Z,@tlin0,Omg my boys,0
TNX,4C7xGubTL90,2022-05-17T09:06:06Z,@un3hcorn,OMG THE SECOND VERSE 🔥🔥🔥🔥🔥🔥,0
TNX,4C7xGubTL90,2022-05-17T09:06:06Z,@mayabts9652,Love you 😭😭😭😭😭😭😭😭😭😭😭😭😭❤️❤️❤️❤️❤️😭😭😭😭❤️❤️❤️❤️❤️❤️❤️❤️❤️❤️❤️❤️,0
TNX,4C7xGubTL90,2022-05-17T09:06:06Z,@Cosmic_bridge,Omg i can&#39;t belive it,0
TNX,4C7xGubTL90,2022-05-17T09:06:05Z,@preciousjewel702,I got goosebumps!!!😬,0
TNX,4C7xGubTL90,2022-05-17T09:06:04Z,@dayskyy,I&#39;m so proud of themmm💕💕,0
TNX,4C7xGubTL90,2022-05-17T09:06:03Z,@꾸버-n7z,경준아.. 잘생겼다…,0
TNX,4C7xGubTL90,2022-05-17T09:06:03Z,@martinamaffei,Wow I really love it ❤️ congratulations guys 🥰✌🏼,0
TNX,4C7xGubTL90,2022-05-17T09:06:03Z,@yygao7916,😭😭😭😭😭😭,0
TNX,4C7xGubTL90,2022-05-17T09:06:03Z,@mad_summer,CONGRATULATIONS ON YOUR DEBUT TNX!!,0
TNX,4C7xGubTL90,2022-05-17T09:06:03Z,@lumberanihershi,CONGRATS ON YOUR DEBUT AAAAAAA,1
TNX,4C7xGubTL90,2022-05-17T09:06:03Z,@itsmeyayaaaaa,Dari predebut stan ampe akhirnya hari ini mereka debut huaaaa seneng parah😍🙆nonton sambil nangis bangga😭😭congrats aegideul kalian keren bgt👏🔥❤❤❤❤❤❤,0
TNX,4C7xGubTL90,2022-05-17T09:06:02Z,@butterfri,กรี้ดดดดดดดดชอบบบที่สุดเลยยย💗💗💗💗💗💗,0
TNX,4C7xGubTL90,2022-05-17T09:06:02Z,@jessi9014,❤️❤️❤️meu 💖💖💖💖,0
TNX,4C7xGubTL90,2022-05-17T09:06:02Z,@wannamae,OMYGOD,0
TNX,4C7xGubTL90,2022-05-17T09:06:01Z,@leisterjake,🔥🔥,0
TNX,4C7xGubTL90,2022-05-17T09:06:01Z,@benficasy3675,Omg omg omg it&#39;s so cool 🔥🔥🔥🔥🔥🔥🔥🔥🔥,0
TNX,4C7xGubTL90,2022-05-17T09:06:01Z,@andreasotoretto5278,"ESTOY DEMASIADO ORGULLOSA DE USTEDES CHICOS, ESTE DEBUT A SIDO CON TODO, LES ESPERAN MUCHAS COSAS BUENAS, FIGHTING TNX !!!!",1
TNX,4C7xGubTL90,2022-05-17T09:06:01Z,@d_soul0223,I want to cry omg they are finally here😭💕 NOW THAT&#39;S WHAT WE CALL A GRAND DEBUT!,2
TNX,4C7xGubTL90,2022-05-17T09:06:01Z,@tnxsdandelion637,WAKE UP ITS TIME TO STREAM!,0
TNX,4C7xGubTL90,2022-05-17T09:06:01Z,@eeeeeeeyyyyynjel,"Finally, the awaiting debut of TNX is here. I&#39;m so proud of you all ☺️",7
TNX,4C7xGubTL90,2022-05-17T09:06:01Z,@clairdeloura,TNX IS NEW KPOP MASTERPIECE,0
TNX,4C7xGubTL90,2022-05-17T09:06:01Z,@mikokiko123,Iloveyou!!!!!,0
TNX,4C7xGubTL90,2022-05-17T09:06:00Z,@ankitabhuyan3510,"Please the way all 6 of them shine in here. Vocals, rap, dance, catchy phrases, visuals, charisma. Every thing was just on point. Please feeling so proud rn. So damn proud.",29
TNX,4C7xGubTL90,2022-05-17T09:06:00Z,@googiebi9573,かっこいい TNX,0
TNX,4C7xGubTL90,2022-05-17T09:06:00Z,@sweet2469,YOU GUYS THE BEST,0
TNX,4C7xGubTL90,2022-05-17T09:05:59Z,@aijesin,Congratulations TNX🔥,0
TNX,4C7xGubTL90,2022-05-17T09:05:59Z,@WiseSmellyLegs,I miss Koki 😿😿,0
TNX,4C7xGubTL90,2022-05-17T09:05:59Z,@mariepark5394,I AM SO PROUD!! THIS IS SO GOOD!!,0
TNX,4C7xGubTL90,2022-05-17T09:05:59Z,@mumu496,LAWA WEHHH!!!! APE NI AAAA!!!!!! FAV SONG FAV SONG!!! 😍,0
TNX,4C7xGubTL90,2022-05-17T09:05:59Z,@liliwix6270,Лалалалалалала лалалалала,0
TNX,4C7xGubTL90,2022-05-17T09:05:59Z,@yeongoegirang,드뎌!!!!,0
TNX,4C7xGubTL90,2022-05-17T09:05:59Z,@parkseohyeon3532,Woowwww 비켜 비켜,0
TNX,4C7xGubTL90,2022-05-17T09:05:57Z,@baaanesa,love it!!,0
TNX,4C7xGubTL90,2022-05-17T09:05:57Z,@charlesyz915,Can&#39;t wait!!!!! 1year ago,0
TNX,4C7xGubTL90,2022-05-17T09:05:57Z,@jezamaetupong4340,Yeah I&#39;m really right!!!!!this is such a great debut MV!!!!good job TNX!!!!!!I&#39;m a Hwi Bias by the way,0
TNX,4C7xGubTL90,2022-05-17T09:05:57Z,@mariabrage2491,Woow they&#39;re gonna shine. They have a very big future,0
TNX,4C7xGubTL90,2022-05-17T09:05:57Z,@eunhwiiipogiii6052,THIS IS A BOP,0
TNX,4C7xGubTL90,2022-05-17T09:05:57Z,@mvvisage5300,Omg! I love it!!!!,0
TNX,4C7xGubTL90,2022-05-17T09:05:56Z,@mangestihayu3144,"congratulations for ur debut, sweeties",0
TNX,4C7xGubTL90,2022-05-17T09:05:56Z,@lima.chic_notes,3 minutes I wish they were 3 hours you are the best~,0
TNX,4C7xGubTL90,2022-05-17T09:05:56Z,@ellyaap,OMGGGGGGGG AHHHHH SO PROUD OF YOU GUYS!!!!!!!,0
TNX,4C7xGubTL90,2022-05-17T09:05:56Z,@milagrosastorga6836,"No saben las ganas de llorar que me dieron al final, RE ORGULLOSA DE ELLOS!!! TODOO EL VIDEO ES EXCELENTE!!! :) la canción la da toda y ellos ni que decir, mis expectativas explotaron!!!",128
TNX,4C7xGubTL90,2022-05-17T09:05:55Z,@sidousang4598,when it all started in LOUD and now they made it!!!,0
TNX,4C7xGubTL90,2022-05-17T09:05:55Z,@tundrah27,DEUSES,0
TNX,4C7xGubTL90,2022-05-17T09:05:55Z,@xmasscar2188,Omfg  ...........the best debut ever💯💯💯💯💯❤❤❤❤❤❤,0
TNX,4C7xGubTL90,2022-05-17T09:05:55Z,@dianauralia5548,KECEEEE ❤️,0
TNX,4C7xGubTL90,2022-05-17T09:05:54Z,@yeik50,This is very good,0
TNX,4C7xGubTL90,2022-05-17T09:05:54Z,@-atthaloupex-3013,"Estoy tan orgullosa de todos ustedes, finalmente debutaron y la espera valió la pena, les deseo muchísimo éxito en su debut, lo hicieron increible &lt;3",14
TNX,4C7xGubTL90,2022-05-17T09:05:54Z,@ssakuraaaa,"OMG I JUST CAN SAY WOW, THIS IS MORE THAN COOL, THIS SO LEGEND BROO, BEST DEBUT SONG, CONGRATS FOR YOUR DEBUT GUYS",6
TNX,4C7xGubTL90,2022-05-17T09:05:54Z,@capitaldude7119,I see the future and its great. Incredible!,0
TNX,4C7xGubTL90,2022-05-17T09:05:53Z,@ceyda1825,"I absolutely love Hwi’s rap part, that’s so good…they don’t come to play easy",31
TNX,4C7xGubTL90,2022-05-17T09:05:53Z,@tasyot21,LETS GOOO TNX !!!,0
TNX,4C7xGubTL90,2022-05-17T09:05:53Z,@annisaanurkholishoh5234,"Love the song, love the mv, love the concept, love the lyrics, love all of this present. U got it boys ❤️❤️",9
TNX,4C7xGubTL90,2022-05-17T09:05:52Z,@liliwix6270,Вей ап вей ап вей ап тарам там тарам,0
TNX,4C7xGubTL90,2022-05-17T09:05:52Z,@Cuartzi.Hartwurks,The &quot;lalalalalallalala&quot; part,0
TNX,4C7xGubTL90,2022-05-17T09:05:52Z,@lupitarancanidewi5263,AKHIRNYAAAAA SUMPAHHHHH KERENNN BANGETTTTT AAAAAAA BISAAA GILAAA GW,0
TNX,4C7xGubTL90,2022-05-17T09:05:51Z,@anamaysrandomvlogs1799,Very awesome let’s get it guys …,0
TNX,4C7xGubTL90,2022-05-17T09:05:51Z,@vyoung5026,🇧🇷💗,1
TNX,4C7xGubTL90,2022-05-17T09:05:51Z,@aliyzxznn,tnx very cool &gt;.&lt;,0
TNX,4C7xGubTL90,2022-05-17T09:05:50Z,@snwrlds2453,KERENNN BGT ASTAGAHHHHHHHH!!!!!  Tnx sukses terus loch!<br>congratulation on your debut Tnx!!!!,1
TNX,4C7xGubTL90,2022-05-17T09:05:50Z,@lumberanihershi,OMGGG ANG POPOGI,1
TNX,4C7xGubTL90,2022-05-17T09:05:50Z,@hwiworld1111,"TNX&#39;s legendary debut song. Rap, vocal , dance and visual are all lit. This makes me crazy.",2
TNX,4C7xGubTL90,2022-05-17T09:05:49Z,@b0mii,THE SONG IS SO CATCHY! MONSTER ROOKIES INDEED &lt;33,0
TNX,4C7xGubTL90,2022-05-17T09:05:49Z,@peachiieun,대박이다 !!!!! 진짜 진짜 멋있어<br>TNX 최고,0
TNX,4C7xGubTL90,2022-05-17T09:05:49Z,@ahmuuseriously8866,Congratulations TNX 🖤🤩,0
TNX,4C7xGubTL90,2022-05-17T09:05:49Z,@nurlatifah1195,Merinding,0
TNX,4C7xGubTL90,2022-05-17T09:05:48Z,@ko-nm6rd,めちゃめちゃいい！絶対流行ります,0
TNX,4C7xGubTL90,2022-05-17T09:05:48Z,@averelino6808,"THE WAIT IS WORTHY, THIS IS MASTERPIECE",44
TNX,4C7xGubTL90,2022-05-17T09:05:48Z,@miliinnie,"La canción es increíble, el vídeo es increíble y sus voces son tan perfectamente hechas para este momento&lt;3",0
TNX,4C7xGubTL90,2022-05-17T09:05:48Z,@laarnijoy1839,They are worth it to stan,0
TNX,4C7xGubTL90,2022-05-17T09:05:48Z,@teteh7637,Mereka benar benar berbakat,1
TNX,4C7xGubTL90,2022-05-17T09:05:48Z,@myrhyme759,Worth waiting!!! Luv it so much🔥🔥,0
TNX,4C7xGubTL90,2022-05-17T09:05:48Z,@jannatulferdous._,Our boys gonna make it so louder!,0
TNX,4C7xGubTL90,2022-05-17T09:05:48Z,@putriapr9442,IT&#39;S COOL,0
TNX,4C7xGubTL90,2022-05-17T09:05:47Z,@kimdahyun6667,❤❤❤❤❤❤❤,0
TNX,4C7xGubTL90,2022-05-17T09:05:47Z,@ratuazizah2495,KERENNN,0
TNX,4C7xGubTL90,2022-05-17T09:05:47Z,@yyykyuhyun7378,wonderful love it grand debut this is art,1
TNX,4C7xGubTL90,2022-05-17T09:05:46Z,@deliaptr5007,"really crazy cool, not in vain waiting for them to debut 🖤",0
TNX,4C7xGubTL90,2022-05-17T09:05:46Z,@c.h.u.nleung813,These boys have bills to pay.,0
TNX,4C7xGubTL90,2022-05-17T09:05:46Z,@tundrah27,E ESSAS EXPRESSÕES HWI?????????,0
TNX,4C7xGubTL90,2022-05-17T09:05:45Z,@Kerusirebus,MOMMY BANGGA DENGAN KORANG NXGDGXDFSDHEDJ,0
TNX,4C7xGubTL90,2022-05-17T09:05:45Z,@jzzz436,OMGGG FINALLY! CONGRATS TNX!,0
TNX,4C7xGubTL90,2022-05-17T09:05:45Z,@UrfavMadeleine,Is this debut song? You are joking wtf they are so good they look like that they have debuted year ago🔥🔥🔥Sheeeesh I&#39;m so glad how they are good they deserve the best 🤌love you TNX💙🇮🇷,0
TNX,4C7xGubTL90,2022-05-17T09:05:45Z,@devirahmawati6780,"Uwahhhhhh, its finnaly out, such a bop 🥺 congrats on your debut you guys 😭😭😭",0
TNX,4C7xGubTL90,2022-05-17T09:05:45Z,@yeongoegirang,우리 애들 넘 멋있당!!!!! 자랑스럽 ㅜㅜ,0
TNX,4C7xGubTL90,2022-05-17T09:05:45Z,@ainaqilah6252,DAMNNN THEY ARE SOOOO GOOODDD AND HANDSOMEEEE !! 😭🔥🔥,0
TNX,4C7xGubTL90,2022-05-17T09:05:44Z,@bangchanspeaches9822,😭😭,0
TNX,4C7xGubTL90,2022-05-17T09:05:44Z,@muteber6908,Waaaw i love it,0
TNX,4C7xGubTL90,2022-05-17T09:05:44Z,@user-ik1qj8ni4o,Omg I love it. It’s like a song with power 🔥🔥🤩 they so cool. I’m so proud of their debut and so happy I get to witness it! They did great!!! ✨👏🏼👏🏼👏🏼👏🏼👏🏼👏🏼,0
TNX,4C7xGubTL90,2022-05-17T09:05:44Z,@fieldtripday5272,lets move way uppp,0
TNX,4C7xGubTL90,2022-05-17T09:05:44Z,@teume..10-ii,Have been watching them from loud i am really happy to see their debut song,0
TNX,4C7xGubTL90,2022-05-17T09:05:44Z,@wowofun1876,It&#39;s so good !!!,0
TNX,4C7xGubTL90,2022-05-17T09:05:43Z,@elonmusk2853,Yes😲😲😲😲,0
TNX,4C7xGubTL90,2022-05-17T09:05:43Z,@AngelAngel-ns9ft,"Gosh, they came out <b>strong</b>",0
TNX,4C7xGubTL90,2022-05-17T09:05:43Z,@amia52,Omg,0
TNX,4C7xGubTL90,2022-05-17T09:05:42Z,@clairdeloura,SLAYYYYYY,0
TNX,4C7xGubTL90,2022-05-17T09:05:42Z,@hahaha5781,I&#39;m so proud of my babies (｡･ω･｡)ﾉ(๑♡⌓♡๑),0
TNX,4C7xGubTL90,2022-05-17T09:05:42Z,@wonunyang,"I&#39;M VERY PROUD OF YOU, CONGRATULATIONS ON YOUR DEBUT 💞💞💐💐",0
TNX,4C7xGubTL90,2022-05-17T09:05:42Z,@PinkLadybug52243,"THE SONG, CHOREOGRAPHY, VISUALS AND PRESENTATION!!! You guys absolutly smashed it",1
TNX,4C7xGubTL90,2022-05-17T09:05:41Z,@Sunoowhy_o,"OMG AAAAA valió la pena levantarse para ver el debut de estos chicos. Definitivamente demostraron todo en el programa y su esfuerzo valió la pena, lo hicieron genial. Se merecen lo merecen ¡felicitaciones por su debut!",11
TNX,4C7xGubTL90,2022-05-17T09:05:41Z,@jeilypop,YEAH TNX SLAYYYYY,0
TNX,4C7xGubTL90,2022-05-17T09:05:41Z,@dxxxpxxxxxxx,Crying ugly,0
TNX,4C7xGubTL90,2022-05-17T09:05:41Z,@Wanderer4real,This song is so addictive!!! The boys were just amazing!!!,16
TNX,4C7xGubTL90,2022-05-17T09:05:41Z,@irioswongf,"I&#39;m crying so bad. Been waiting for them to debut since Loud. :( I&#39;m so proud of my boys. TNX, Congratulations for debuting! May everyone walk in a flowery path!",34
TNX,4C7xGubTL90,2022-05-17T09:05:41Z,@karinanurmaya9308,Kereeen,0
TNX,4C7xGubTL90,2022-05-17T09:05:40Z,@진위짱카와이,TNX 데뷔 축하드려요⇝♡<br>TNX에게는 팬이 있고 팬에게는 TNX가 있으니까 언제든지 서로 돕자.ᐟ.ᐟ<br>처음보는 일이 많아서 긴장되겠지만 힘내세요&lt;3<br>TNX를 만나서 LOUD를 만나게 되어서 정말 기쁩니다🤞🏻💕<br>TNX 활동 기대할게요.ᐟ.ᐟ🤍<br>영원히 사랑해~ჱ̒⸝⸝•̀֊•́⸝⸝),1
TNX,4C7xGubTL90,2022-05-17T09:05:40Z,@astrostars6211,Heeeyyyyyyy my mind is blown!!!!!,0
TNX,4C7xGubTL90,2022-05-17T09:05:40Z,@pritz4821,"I&#39;M SO PROUD OF Y&#39;ALL!! THAT WAS A BOP, LET&#39;S GET THAT ROTY AWARD CUZ Y&#39;ALL DESERVE IT!!!",327
TNX,4C7xGubTL90,2022-05-17T09:05:40Z,@bbiniie,First group of pnation!! I hope and pray that my boys will be successful and get all the love they deserve. Get of the way TNX is here!,0
TNX,4C7xGubTL90,2022-05-17T09:05:39Z,@gaysplanet-jd9up,Love,0
TNX,4C7xGubTL90,2022-05-17T09:05:39Z,@Saerahhere,OIIIIII MANTAPP LA PNATION!!!!!!!,0
TNX,4C7xGubTL90,2022-05-17T09:05:38Z,@mamizch4344,I’m so proud of them….;),0
TNX,4C7xGubTL90,2022-05-17T09:05:37Z,@bighitslabyrinth3307,ATE AND LEFT NO CRUMBS,0
TNX,4C7xGubTL90,2022-05-17T09:05:37Z,@tzuwiee,"THE VISUAL THEY SERVE AAAA. THANK YOU SO MUCH!! YOU GUYS DID A GREAT JOB, I LOVE THIS MV!",8
TNX,4C7xGubTL90,2022-05-17T09:05:37Z,@redvino1350,О мой бог...с первых секунд зашло))),0
TNX,4C7xGubTL90,2022-05-17T09:05:37Z,@yeik50,and,0
TNX,4C7xGubTL90,2022-05-17T09:05:37Z,@ranamagdyy,OMGGGGG JUST OMMMMGGGGGG,0
TNX,4C7xGubTL90,2022-05-17T09:05:37Z,@delisaapriyani1467,OMG merinding bgttttt,1
TNX,4C7xGubTL90,2022-05-17T09:05:37Z,@MCneninha,Omg I saw the notification and I clicked fast. I LOVED EVERYTHING ABOUT THIS DEBUT,11
TNX,4C7xGubTL90,2022-05-17T09:05:37Z,@tteokuno,i feel like a proud mom watching her sons&#39; debut mv 😭,2
TNX,4C7xGubTL90,2022-05-17T09:05:36Z,@laarnijoy1839,TNX!! The waiting is overrr.! Finally,0
TNX,4C7xGubTL90,2022-05-17T09:05:36Z,@dwisukaryanti6290,"Dari di LOUD memang ini team PNation gadak obat, keren bangetttt 😭😭😭. Debut makin-makin luar biasa 🔥. TNX luvvv dehhh♥️",2
TNX,4C7xGubTL90,2022-05-17T09:05:35Z,@mishiarosete8715,"You guys did a great job,Congrats on your debut👏🏽❤️",0
TNX,4C7xGubTL90,2022-05-17T09:05:35Z,@depoy5462,kece paraaaaahh,1
TNX,4C7xGubTL90,2022-05-17T09:05:34Z,@nily08_,I&#39;M PROUD OF YOU MY BOYS. CONGRATULATIONS ON YOUR DEBUT,2
TNX,4C7xGubTL90,2022-05-17T09:05:34Z,@sellaayy,akhirnya kalian debut yayyy:)))),0
TNX,4C7xGubTL90,2022-05-17T09:05:34Z,@putriapr9442,WOOOOWWWWWWWW,0
TNX,4C7xGubTL90,2022-05-17T09:05:34Z,@xarm3014,"Estoy tan feliz y tan orgullosas por al fin verlos debutar TT este debut es increíble, amo",1
TNX,4C7xGubTL90,2022-05-17T09:05:33Z,@jannatulferdous._,Aigoo we waited so long! I&#39;m so happy that I can&#39;t even hold my tears!,9
TNX,4C7xGubTL90,2022-05-17T09:05:33Z,@thelegendaryalicia,Ура! Я дождалась 😭❤️,0
TNX,4C7xGubTL90,2022-05-17T09:05:33Z,@i2303-o,SLAYYYY,0
TNX,4C7xGubTL90,2022-05-17T09:05:32Z,@fatimas.5025,THE MV IS SO POWERFUL OMG!! CONGRATULATIONS ON YOUR DEBUT!!!,2
TNX,4C7xGubTL90,2022-05-17T09:05:32Z,@jiwjiw0652,KEREN BANGET<br> PENGEN NANGIS,0
TNX,4C7xGubTL90,2022-05-17T09:05:32Z,@hhanahyun,"I&#39;m beyond proud of them ! The visuals , the vocals , the raps , the actings , the face expressions , the songs , the choreographies ,, everything is super perfect and mesmerizing !!!!!!!! The boys did so well and i&#39;m so proud of them !",1
TNX,4C7xGubTL90,2022-05-17T09:05:31Z,@xoju11121,THEY FINALLY DEBUTED,0
TNX,4C7xGubTL90,2022-05-17T09:05:31Z,@fatinathirah1438,WOO KYUNGJUN 😭😭😭😭😭😭😭😭😭😭😭😭😭😭😭😭😭,0
TNX,4C7xGubTL90,2022-05-17T09:05:29Z,@leowondiary,I LOVE SO MUCH😭😭😭😭🫶🏼❤️,0
TNX,4C7xGubTL90,2022-05-17T09:05:29Z,@farrmissingmeowmeow,PRE-DEBUT STAN SO PROUD!!!!!✨✨✨,0
TNX,4C7xGubTL90,2022-05-17T09:05:29Z,@tundrah27,É SUCESSO VIU,0
TNX,4C7xGubTL90,2022-05-17T09:05:29Z,@nuruliman1183,Such a creative music video and hard choreograph !!! Congrats TNX of your debut 🥰🥰❤️,0
TNX,4C7xGubTL90,2022-05-17T09:05:29Z,@hyuncinshoto2725,"the most anticipated debut at least for me and I loved it completely, let&#39;s give a lot of support to the guys from TNX ❤️✨",7
TNX,4C7xGubTL90,2022-05-17T09:05:28Z,@crazyyt8326,Fighting,0
TNX,4C7xGubTL90,2022-05-17T09:05:28Z,@nicolekate1967,WOAAAHHHHHHH 😍😍🔥🔥🔥💓💘✨🤩🤩🥳🥳,0
TNX,4C7xGubTL90,2022-05-17T09:05:28Z,@haiwa5040,"Omg <a href=""https://www.youtube.com/watch?v=4C7xGubTL90&amp;t=231"">3:51</a> but I feel like 3 sec <br>yeahh this is the best",2
TNX,4C7xGubTL90,2022-05-17T09:05:28Z,@putriapr9442,YOO GUYSSSSSS,0
TNX,4C7xGubTL90,2022-05-17T09:05:28Z,@_ayku,WOOHOOO LETSGOOO TNX,0
TNX,4C7xGubTL90,2022-05-17T09:05:27Z,@putriyohanna181,GO TNXXXX!!!,0
TNX,4C7xGubTL90,2022-05-17T09:05:27Z,@devina1887,아ㅏㅏㅏㅏ...너무 잘생겼다....<br>티엔엑스...파이팅🎉💞,0
TNX,4C7xGubTL90,2022-05-17T09:05:27Z,@rubayamishu3328,"Y&#39;all MOVE, TNX debuted with a bop.",0
TNX,4C7xGubTL90,2022-05-17T09:05:27Z,@yeik50,Es fantástico,0
TNX,4C7xGubTL90,2022-05-17T09:05:27Z,@rinazilaaa,STAN TALENT Y’ALL,0
TNX,4C7xGubTL90,2022-05-17T09:05:27Z,@anouk3284,THEY DID AMAZINGGG,0
TNX,4C7xGubTL90,2022-05-17T09:05:26Z,@majoaranguiz2667,congratulations on your debut! this song is incredible,0
TNX,4C7xGubTL90,2022-05-17T09:05:26Z,@Anonimo-lx1xr,VIENEN CON TODO OMG,0
TNX,4C7xGubTL90,2022-05-17T09:05:26Z,@sarahmaulidaa_,CONGRATS FOR YOUR DEBUT GUYS!!!😭💓,0
TNX,4C7xGubTL90,2022-05-17T09:05:26Z,@miyyoshie,Handsome,0
TNX,4C7xGubTL90,2022-05-17T09:05:26Z,@mikokiko123,Ang ganda 😭😭😭😭😭,0
TNX,4C7xGubTL90,2022-05-17T09:05:26Z,@pixxievision,GOING ON MY WAY 🔥🔥🔥🔥,0
TNX,4C7xGubTL90,2022-05-17T09:05:26Z,@Dream-ym2ll,"DIOS ME HAS MIRADO A LOS OJOS. <br>ES EL MEJOR REGALO DE CUMPLEAÑOS PTM, EL MEJOR.",0
TNX,4C7xGubTL90,2022-05-17T09:05:25Z,@dwisetyaniratnasari9449,Powerfull 💜💜💜,1
TNX,4C7xGubTL90,2022-05-17T09:05:25Z,@wooharujongil3514,hwi&#39;s rap is faster than our internet 💀,0
TNX,4C7xGubTL90,2022-05-17T09:05:24Z,@vyoung5026,Prefeitos!!!Entregaram tudo nesse debut!!! Parabéns,1
TNX,4C7xGubTL90,2022-05-17T09:05:24Z,@rffkoiff,WOW WOW,0
TNX,4C7xGubTL90,2022-05-17T09:05:24Z,@mmtreasurez,TNX ARE VERY TALENTED!!,0
TNX,4C7xGubTL90,2022-05-17T09:05:24Z,@averishim4810,Y&#39;ALL SLAYED,0
TNX,4C7xGubTL90,2022-05-17T09:05:24Z,@porroroww,PIKIO,0
TNX,4C7xGubTL90,2022-05-17T09:05:24Z,@liliwix6270,хенсу такой прекрасный,0
TNX,4C7xGubTL90,2022-05-17T09:05:23Z,@mexxi1366,ROOKIE OF THE YEAR KAYO NA &#39;TO,0
TNX,4C7xGubTL90,2022-05-17T09:05:23Z,@thisweekend7870,สู้ๆนะทุกคนนนนนนนนนนนนนนนนนนนนนนนนนนนนนนนนนนนนน เลิฟฟฟฟฟฟฟฟ,0
TNX,4C7xGubTL90,2022-05-17T09:05:23Z,@Luke-zm6ri,台灣粉絲來報到！！！❤️❤️,0
TNX,4C7xGubTL90,2022-05-17T09:05:23Z,@yeongjjuwu7802,Slayyyyyyy😭,0
TNX,4C7xGubTL90,2022-05-17T09:05:23Z,@tundrah27,ARRASARAM,0
TNX,4C7xGubTL90,2022-05-17T09:05:22Z,@ticiakp,"A good one👏👏 so proud of them<br><a href=""http://www.youtube.com/results?search_query=%23tnx"">#TNX</a> fighting <a href=""http://www.youtube.com/results?search_query=%23pnation"">#Pnation</a>🥳🥳🥳",0
TNX,4C7xGubTL90,2022-05-17T09:05:22Z,@bbimbong.ipeh.j6300,GILA GILA GILAAAAAA GANTENG BANGETTTTT HWI GUEEEE 😭😭😭,0
TNX,4C7xGubTL90,2022-05-17T09:05:22Z,@Moon-pl1pn,تجنن مره حبيتها,0
TNX,4C7xGubTL90,2022-05-17T09:05:22Z,@JA_0621,EVERYTHING IS PERFECT THE VOCALS THE DANCING THE CHOREO THE RAP THE MV THE MEMBERS EVERYTHING IS INSANE,1
TNX,4C7xGubTL90,2022-05-17T09:05:22Z,@hunnieyy,"Akhirnya hari yng ditunggu&quot; datang juga, aaa benar&quot; pecah😭🥳🥳👏🤩",0
TNX,4C7xGubTL90,2022-05-17T09:05:22Z,@chhanteacolney5704,FINALLY OMGGGG I JUST WANNA CRIIIIIEEEEEEE🔥🔥🔥🔥,0
TNX,4C7xGubTL90,2022-05-17T09:05:21Z,@KRIS_LUNA11,This is artwork. <br>TNX BOYS can do anything!,0
TNX,4C7xGubTL90,2022-05-17T09:05:21Z,@neszahamistra1705,PROUD OF YOU TNX 💟,0
TNX,4C7xGubTL90,2022-05-17T09:05:21Z,@Wij1702,The biggest group in the future🔥❤️,0
TNX,4C7xGubTL90,2022-05-17T09:05:21Z,@syafinamalika2993,AAAAAA KYUNG JUN 💘💘💘💘,0
TNX,4C7xGubTL90,2022-05-17T09:05:21Z,@katiegrey7968,"TNX’s debut was absolutely fire loved every bit of it, the rap, vocals, visuals dancing CHEFS KISS✨",2
TNX,4C7xGubTL90,2022-05-17T09:05:21Z,@KoLay-bi8xi,Slay my boys,0
TNX,4C7xGubTL90,2022-05-17T09:05:21Z,@yulianarocha6646,Ahhh,0
TNX,4C7xGubTL90,2022-05-17T09:05:21Z,@muskankumari1739,Wow Nice 😍😍😍,0
TNX,4C7xGubTL90,2022-05-17T09:05:21Z,@rukk9352,انهررررررت اغنية السنه بدون منازززززع,0
TNX,4C7xGubTL90,2022-05-17T09:05:21Z,@fatinathirah1438,COOOOLLLLL,0
TNX,4C7xGubTL90,2022-05-17T09:05:21Z,@fazzzzz106,SLAYYYYY,0
TNX,4C7xGubTL90,2022-05-17T09:05:21Z,@laisf_98,WAAAAY UP! I&#39;M SO PROUD OF THIS GUYS!,0
TNX,4C7xGubTL90,2022-05-17T09:05:20Z,@sooliaxcafe5127,"I won&#39;t lie, it&#39;s truly a masterpiece",15
TNX,4C7xGubTL90,2022-05-17T09:05:20Z,@mimieyyfira3527,ARGHHHHHH JUNHYEOK ARGHHHH I LIKE IT THIS MV,0
TNX,4C7xGubTL90,2022-05-17T09:05:20Z,@justsomeone0,드디어 데뷔!!! 꽃길만 걷자ㅠㅠㅠ❤❤❤,1
TNX,4C7xGubTL90,2022-05-17T09:05:20Z,@2allguysiluvb418,Wowwww,1
TNX,4C7xGubTL90,2022-05-17T09:05:19Z,@revaliaazzahra7029,YAAAASSSSSS FINALLY!!!!!,0
TNX,4C7xGubTL90,2022-05-17T09:05:19Z,@mooniebunny5948,CONGRATS ON YOUR DEBUT GUYS!!! TNX HWAITINGGG!!,1
TNX,4C7xGubTL90,2022-05-17T09:05:19Z,@an-yx1sb,OMG THIS IS SO LITT🔥🔥 U&#39;RE SLAY IT BOYS😎 ONCE AGAIN CONGRATS FOR UR DEBUT💙 IM&#39; SURE THAT TNX WILL BE BIG THINGS IN KPOP!!! TNX FIGHTINGG🔥🔥🔥,0
TNX,4C7xGubTL90,2022-05-17T09:05:19Z,@leowondiary,YAAAASSSS,0
TNX,4C7xGubTL90,2022-05-17T09:05:18Z,@thalia4072,Wowwwww🤯,1
TNX,4C7xGubTL90,2022-05-17T09:05:18Z,@hefizhaeqilaadhwa4753,SOOO GOOOOODDDD,0
TNX,4C7xGubTL90,2022-05-17T09:05:18Z,@bridgetmichael6847,Another BOP song from PNATION! EVERYBODY!,0
TNX,4C7xGubTL90,2022-05-17T09:05:17Z,@ruruhi1224,Rookie Monster GP TNX is so cool,0
TNX,4C7xGubTL90,2022-05-17T09:05:17Z,@kristelfaycurio8438,WOAAAAHHH💞💞 CONGRATS BOYS!🫶🏻,0
TNX,4C7xGubTL90,2022-05-17T09:05:17Z,@shadma0302,THEY FINALLY DEBUTED! OH MY GOD I WAS FEELING SO NERVOUS SINCE YESTERDAY. I&#39;M SO PROUD OF YOU BOYS. ALSO THIS IS MY MOST FAVORITE DEBUT SONG FOR NOW ㅠㅠ,11
TNX,4C7xGubTL90,2022-05-17T09:05:17Z,@yeik50,Whoooooo,0
TNX,4C7xGubTL90,2022-05-17T09:05:17Z,@nataowo,TNX&#39;s debut is so bright and magnificent!,0
TNX,4C7xGubTL90,2022-05-17T09:05:16Z,@nuribang6620,bangga banget sama kalian!!!,0
TNX,4C7xGubTL90,2022-05-17T09:05:16Z,@teeessailo,Choi taehun so cool <br>Woo kyungjun so cool<br>Jang hyunsoo so cool<br>Cheon junhyeok so cool<br>Eun hwi so cool<br>Oh sungjun so cool,0
TNX,4C7xGubTL90,2022-05-17T09:05:16Z,@hairazaitis6117,love this group,0
TNX,4C7xGubTL90,2022-05-17T09:05:16Z,@lexifaith_,omg this is AMAZING! as one who watched them all the way through Loud and just see how far they have come just makes this all a million times more special! i am so proud of them and will ALWAYS support them till the very end!!! we love you guys &lt;3 and never give up ! we will all be here supporting you &lt;3,10
TNX,4C7xGubTL90,2022-05-17T09:05:16Z,@Maphuih15,Worth waiting,0
TNX,4C7xGubTL90,2022-05-17T09:05:16Z,@porroroww,SLAYYYYEEDDDDDD,0
TNX,4C7xGubTL90,2022-05-17T09:05:15Z,@Rin-rn5wi,정말 데뷔 축하해 😭😭 <br>모두 최고로 멋있어 🥹💞💞,0
TNX,4C7xGubTL90,2022-05-17T09:05:15Z,@diptibisht2504,It&#39;s bop!,0
TNX,4C7xGubTL90,2022-05-17T09:05:15Z,@andreacamilaramosnunez4849,"PAREN TODOOOOOOO, TNX BEST TODOOOOO",0
TNX,4C7xGubTL90,2022-05-17T09:05:15Z,@airarainee2331,slayyyyyyy,0
TNX,4C7xGubTL90,2022-05-17T09:05:15Z,@minipaces,KINGS,0
TNX,4C7xGubTL90,2022-05-17T09:05:14Z,@chelssschu,I LUV THIS!! CONGRATS ON DEBUTING!!,0
TNX,4C7xGubTL90,2022-05-17T09:05:14Z,@putriyohanna181,SOOOO COOLLLL❤️‍🔥❤️‍🔥❤️‍🔥❤️‍🔥,0
TNX,4C7xGubTL90,2022-05-17T09:05:14Z,@dakgaeulbi,💗💗💗💗💗💗,0
TNX,4C7xGubTL90,2022-05-17T09:05:14Z,@miliinnie,Aaaaaaahhhh me encantaaaaa,0
TNX,4C7xGubTL90,2022-05-17T09:05:14Z,@rkads2958,Good luck tnx &amp; psy &amp; jessi &amp; hyuna &amp; eDawn ❤️,0
TNX,4C7xGubTL90,2022-05-17T09:05:14Z,@jienasky,a beautiful masterpiece from TNX. congratulations on your debut.,1
TNX,4C7xGubTL90,2022-05-17T09:05:13Z,@aisyahaidi,Congrats for your debut boys !!,0
TNX,4C7xGubTL90,2022-05-17T09:05:13Z,@anethaselly,BAEKYORA BAEKYO IS SO ADDICTED 😭😭😭,0
TNX,4C7xGubTL90,2022-05-17T09:05:13Z,@SSopiah18,Harus kah aku stan ?!<br>Keren banget mereka !!!,1
TNX,4C7xGubTL90,2022-05-17T09:05:13Z,@jannatulferdous._,did I just cry with happiness?,0
TNX,4C7xGubTL90,2022-05-17T09:05:13Z,@warriorforever4030,Им так подходит эта песня,0
TNX,4C7xGubTL90,2022-05-17T09:05:13Z,@windyeun_aeri8909,아 미쳤어 아아ㅏ아,0
TNX,4C7xGubTL90,2022-05-17T09:05:13Z,@Bub_blyn,WAAAAAAAAA ANG GALING NIYOOO WAAAAAAAA,1
TNX,4C7xGubTL90,2022-05-17T09:05:13Z,@nurulsyazwani215,Finally the new six debut 🔥,0
TNX,4C7xGubTL90,2022-05-17T09:05:13Z,@armiati7827,Yaeyyyyy the one you&#39;ve been waiting for,0
TNX,4C7xGubTL90,2022-05-17T09:05:12Z,@neszahamistra1705,ENAK BANGET GILA,0
TNX,4C7xGubTL90,2022-05-17T09:05:12Z,@Anonimo-lx1xr,EL DEBUT DEL AÑO,0
TNX,4C7xGubTL90,2022-05-17T09:05:12Z,@roshetb9412,Dance 100<br>Vocal100<br>Vusal 100<br>Rap 100<br>💜💜💜💜💜💜<br>All thing 100,1
TNX,4C7xGubTL90,2022-05-17T09:05:12Z,@lhoechan,WOAAAAAAAAAH !!!!! LET&#39;S GET IT BOYS !!!,0
TNX,4C7xGubTL90,2022-05-17T09:05:12Z,@stevanyveronica6298,OMG THAT&#39;S SO AMAZING (╥﹏╥)<br>THAT&#39;S SET ALL GOOD!!<br>CONGRATS FOR YOUR DEBUT&lt;33333,0
TNX,4C7xGubTL90,2022-05-17T09:05:12Z,@peachyfarra1437,Legend just debuted im so excited,0
TNX,4C7xGubTL90,2022-05-17T09:05:11Z,@Mariagomez32716,❤️❤️,0
TNX,4C7xGubTL90,2022-05-17T09:05:11Z,@_mini_703,Finally 🥰🥰,0
TNX,4C7xGubTL90,2022-05-17T09:05:11Z,@aabyle,wowww so cool,0
TNX,4C7xGubTL90,2022-05-17T09:05:11Z,@0624Lana,This was absolutely amazing,0
TNX,4C7xGubTL90,2022-05-17T09:05:11Z,@pixxievision,SO POWERFULL 🔥🔥🔥🔥🔥🔥,0
TNX,4C7xGubTL90,2022-05-17T09:05:10Z,@seungcheol-ah2926,SAY HELLO TO ONE OF MY ULTIMATE GROUPS - TNX!!!!!,0
TNX,4C7xGubTL90,2022-05-17T09:05:10Z,@mariiam5587,Trop bien aaaaaahhh vraiment trop bien,0
TNX,4C7xGubTL90,2022-05-17T09:05:10Z,@sanha8411,DAMNN i love the way up part its soo addicting WISH YALL SUCCESS BOYSS,7
TNX,4C7xGubTL90,2022-05-17T09:05:10Z,@はまだのあさひ,デビューおめでとう!!!!<br>めっちゃかっこいい✨,0
TNX,4C7xGubTL90,2022-05-17T09:05:09Z,@lina-1158,WoW🥹,0
TNX,4C7xGubTL90,2022-05-17T09:05:09Z,@xoju11121,OH MY GOD????#)#))# IT&#39;S SO GOOD,0
TNX,4C7xGubTL90,2022-05-17T09:05:09Z,@mj9972,입틀막 🫢 6명 너무 멋있다 기대 그 이상 tnx가 tnx함 ❤️❤️❤️,0
TNX,4C7xGubTL90,2022-05-17T09:05:09Z,@johnnazarethespiritu6497,The mv is very expensive,0
TNX,4C7xGubTL90,2022-05-17T09:05:09Z,@acluelessperson127,Omg 😭 I&#39;m crying,0
TNX,4C7xGubTL90,2022-05-17T09:05:08Z,@yoonarlert7411,"really very good, beautiful mix of sound and captivating visuals",0
TNX,4C7xGubTL90,2022-05-17T09:05:08Z,@hometown_ccaca,COOL😣😣😣💖💖💖,0
TNX,4C7xGubTL90,2022-05-17T09:05:08Z,@Tihahazra,Cool 🤟🔥🔥🔥🔥🔥,1
TNX,4C7xGubTL90,2022-05-17T09:05:07Z,@yka7983,泣いたデビューおめでとうずっとついてくかんね,0
TNX,4C7xGubTL90,2022-05-17T09:05:07Z,@zayyanizaki,MOVE EVERYBODY TNX IS HEREEEEEEE,0
TNX,4C7xGubTL90,2022-05-17T09:05:07Z,@mandasya2574,"아주 멋져요, 여러분은 반드시 큰 성공을 거둘 것입니다!",0
TNX,4C7xGubTL90,2022-05-17T09:05:07Z,@an-yx1sb,PIKYEO PART SO ADDICTING😍😍,0
TNX,4C7xGubTL90,2022-05-17T09:05:07Z,@-starlightentertaiment835,데뷔 축하 드려요!~~~ ❤❤❤,1
TNX,4C7xGubTL90,2022-05-17T09:05:06Z,@annisaanurkholishoh5234,This video the taste of music brings me back to their performance on boys be loud era.. and this was perfect. Glad to see you debut guyss!!,0
TNX,4C7xGubTL90,2022-05-17T09:05:06Z,@mhianisabelmarquezmahupil2233,CONGRATULATIONS BOYSSSS!!!🖤🤍❣️🔥,0
TNX,4C7xGubTL90,2022-05-17T09:05:06Z,@onelyvivia,Congrats✨😭,0
TNX,4C7xGubTL90,2022-05-17T09:05:05Z,@miracle1130,Tnx,1
TNX,4C7xGubTL90,2022-05-17T09:05:05Z,@nuribang6620,"keren banget, aku suka bgt sama lagunya",0
TNX,4C7xGubTL90,2022-05-17T09:05:05Z,@niharika9614,Many many congratulations TNX for debut with an outstanding music. All songs are amazing and great to listen,0
TNX,4C7xGubTL90,2022-05-17T09:05:05Z,@mintchocochicken3239,I’m not flexing or something but I’m their pre debut stan huh :3,0
TNX,4C7xGubTL90,2022-05-17T09:05:05Z,@minipaces,THIS IS ART,0
TNX,4C7xGubTL90,2022-05-17T09:05:05Z,@miliinnie,EL DEBUT DEL AÑOOOO,0
TNX,4C7xGubTL90,2022-05-17T09:05:04Z,@nurulasyikin5555,"Aaaaaa,,😱😱😱😱😱😱",0
TNX,4C7xGubTL90,2022-05-17T09:05:04Z,@lauvvy11,LOVE,0
TNX,4C7xGubTL90,2022-05-17T09:05:04Z,@maribis69,デビューおめでとう🎉最高のパフォーマンスです。CDも買いました。応援してます！,0
TNX,4C7xGubTL90,2022-05-17T09:05:03Z,@hahaha5781,Omooooooo!,0
TNX,4C7xGubTL90,2022-05-17T09:05:03Z,@aryaliu1674,AHHH!!!!! ME WNCANTAAAAAAA,0
TNX,4C7xGubTL90,2022-05-17T09:05:03Z,@katk1044,ปังงง,0
TNX,4C7xGubTL90,2022-05-17T09:05:03Z,@brigita_dw,I&#39;VE BEEN WAITING FOR THIS MOMENT FOR ALMOST MORE THAN A YEAR 😭😭😭<br>SO PROUD,0
TNX,4C7xGubTL90,2022-05-17T09:05:03Z,@Katman599,Juste en voyant ce mv je sais que je vous aller devenir des super stars dans quelque temps 🫶✨,0
TNX,4C7xGubTL90,2022-05-17T09:05:03Z,@lindare9476,KJ AND HWI&#39;S RAP SECTION 😭😭,0
TNX,4C7xGubTL90,2022-05-17T09:05:03Z,@janejacques5444,More than proud!!!,0
TNX,4C7xGubTL90,2022-05-17T09:05:02Z,@mkmgky3326,最高！！！,0
TNX,4C7xGubTL90,2022-05-17T09:05:02Z,@skwjun2835,CONGRATULATIONS ON YOUR DEBUT GUYS! OMG IM LIKE A PROUD MOM,0
TNX,4C7xGubTL90,2022-05-17T09:05:02Z,@Nanalovesilu,WOOWWW A BOP🤩🤩,0
TNX,4C7xGubTL90,2022-05-17T09:05:01Z,@marikooala6161,MGAA INDAY TABI RAWWSSW,0
TNX,4C7xGubTL90,2022-05-17T09:05:01Z,@by_chacha,i&#39;m really so happy to see them debuting!! 1st the MV is AMAZING plus the boys are so handsome??? I&#39;m in love with Junhyeok voice at the bridge ~~ fighting for the next stage you will do amazing TNX!!,0
TNX,4C7xGubTL90,2022-05-17T09:05:01Z,@-atthaloupex-3013,TNX DEBUT!!!!!!,0
TNX,4C7xGubTL90,2022-05-17T09:05:01Z,@hongji_95,hooray finally TNX debut.I&#39;ve been waiting for you to finally debut. Congratulations on your debut. Hope you can be recognized by people out there. Success is always for TNX. I love you&lt;3.,0
TNX,4C7xGubTL90,2022-05-17T09:05:01Z,@jyaien_,"THEY&#39;RE SO HANDSOME,OHMYGOSH I LOVE THE MV😭❤️",1
TNX,4C7xGubTL90,2022-05-17T09:05:00Z,@Wij1702,🔥🔥🔥🔥❤️❤️❤️❤️❤️❤️,0
TNX,4C7xGubTL90,2022-05-17T09:05:00Z,@Iris-96,🔥🔥🔥TNX cane prepared damn them debuting with this song is hard 🔥HWI RAP PART 🔥🔥,0
TNX,4C7xGubTL90,2022-05-17T09:05:00Z,@lluuca.zx.,AKHIRNYA 😭❤️❤️❤️,0
TNX,4C7xGubTL90,2022-05-17T09:05:00Z,@dindaa.r,PROUD OF YOU GUYSSSSSS,0
TNX,4C7xGubTL90,2022-05-17T09:05:00Z,@Aaaaahlice,THAT WAS SUCH A GREAT DEBUT SONG 🥺,0
TNX,4C7xGubTL90,2022-05-17T09:05:00Z,@aliahnicoler.tanghal4707,grabeeeeeeee,0
TNX,4C7xGubTL90,2022-05-17T09:05:00Z,@alicebarcelos6639,Kings,0
TNX,4C7xGubTL90,2022-05-17T09:05:00Z,@13dmond02,❤️❤️❤️,0
TNX,4C7xGubTL90,2022-05-17T09:05:00Z,@MommasaLterEgo,Eyyyu this is lit,0
TNX,4C7xGubTL90,2022-05-17T09:04:59Z,@tongtongtong371,คือดีไปหมด😍😍,1
TNX,4C7xGubTL90,2022-05-17T09:04:59Z,@tnx226,واااو!!!,0
TNX,4C7xGubTL90,2022-05-17T09:04:59Z,@abbyyyyyyaa,best song ever !!  😭❤️🫶🏻,0
TNX,4C7xGubTL90,2022-05-17T09:04:59Z,@1485cus,Proud mum mood on,0
TNX,4C7xGubTL90,2022-05-17T09:04:59Z,@nandansse,OH MY GOD,0
TNX,4C7xGubTL90,2022-05-17T09:04:58Z,@adritomta,"ESTOY PERO TIESA LOJURO, LOS AMO. MUCHO TNX WJWKSK",0
TNX,4C7xGubTL90,2022-05-17T09:04:58Z,@fezyhow3r,aight im on my way to move :)),0
TNX,4C7xGubTL90,2022-05-17T09:04:58Z,@marimarion3,finally TNX congratulations 👏👏🖤,0
TNX,4C7xGubTL90,2022-05-17T09:04:58Z,@jezamaetupong4340,Attendance check!!!!!Those who are live chatting  while waiting on the debut showcase come here and stream first😁,0
TNX,4C7xGubTL90,2022-05-17T09:04:57Z,@ratnadila7899,Yay Akhirnya ❤❤❤,0
TNX,4C7xGubTL90,2022-05-17T09:04:57Z,@tiaramadhani1198,BROOOO I&#39;M CRYINGGGGGGGGG,0
TNX,4C7xGubTL90,2022-05-17T09:04:57Z,@peterjoe9969,너무 멌이다 대박,0
TNX,4C7xGubTL90,2022-05-17T09:04:57Z,@lorenaemanuele2511,it&#39;s amazing~ ❤❤❤,0
TNX,4C7xGubTL90,2022-05-17T09:04:57Z,@stephaniegwenzymars.lucero8932,red suits on them,0
TNX,4C7xGubTL90,2022-05-17T09:04:57Z,@hana-ec2xb,Omg you&#39;re sooo coollll <br>Faiting:&gt;&gt;&gt;&gt;,0
TNX,4C7xGubTL90,2022-05-17T09:04:57Z,@liabii7968,kerenn bgttttttt,0
TNX,4C7xGubTL90,2022-05-17T09:04:56Z,@Jessicaamanda-lt7py,Akhirnyaaaaa yeeeey,0
TNX,4C7xGubTL90,2022-05-17T09:04:56Z,@minipaces,LET&#39;S GOOOOO,0
TNX,4C7xGubTL90,2022-05-17T09:04:56Z,@Maphuih15,Finally,0
TNX,4C7xGubTL90,2022-05-17T09:04:56Z,@Anonimo-lx1xr,CORTEN QUE PTAS FUE ESO,0
TNX,4C7xGubTL90,2022-05-17T09:04:56Z,@kermaj5515,Amooooo,0
TNX,4C7xGubTL90,2022-05-17T09:04:56Z,@janina1717,แก คือเพลงมันดีมาก ฟังแล้วติดหูสุด,1
TNX,4C7xGubTL90,2022-05-17T09:04:56Z,@kidultlynn6734,THIS CONCEPT SUITS THEM SO PERFECTLY !!,7
TNX,4C7xGubTL90,2022-05-17T09:04:56Z,@mexxi1366,WHAT DID I JUST WATCH OMG THAT WAS INSANNNNNNNEE!!!,0
TNX,4C7xGubTL90,2022-05-17T09:04:54Z,@kiannalumen2861,Congratulations my boys!!! i&#39;m so proud of you all 🥺❤️,0
TNX,4C7xGubTL90,2022-05-17T09:04:54Z,@riaanyoons,LOS AMO UN MONTÓN,0
TNX,4C7xGubTL90,2022-05-17T09:04:54Z,@anags7911,"Yaaaa me quede sin palabras, que orgullo me da ver a los chicos",0
TNX,4C7xGubTL90,2022-05-17T09:04:53Z,@liliwix6270,прекрасно,0
TNX,4C7xGubTL90,2022-05-17T09:04:53Z,@SalsaBila-om3fw,Akhirnyaa yang ditunggu tunggu,0
TNX,4C7xGubTL90,2022-05-17T09:04:53Z,@nazhiraa.m8033,KEREN BANGETT,0
TNX,4C7xGubTL90,2022-05-17T09:04:53Z,@다담-h6e,아아아ㅏㅏㅏㅏ 진짜 쩔어ㅠㅠㅠㅠ<br>왜 그렇게 멋있는 거야？<br>가르쳐 줭？？<br>데뷔 축하해요ㅠㅠㅠㅠTNX사랑해요~♡,0
TNX,4C7xGubTL90,2022-05-17T09:04:53Z,@julianaalegado9239,HAPPY DEBUT DAY TNX!,1
TNX,4C7xGubTL90,2022-05-17T09:04:53Z,@angelicamaecobar7444,THIS IS IT! TNX IS RIGHT HERE!!,0
TNX,4C7xGubTL90,2022-05-17T09:04:52Z,@danilaine,WE LOVE YOU TNX,0
TNX,4C7xGubTL90,2022-05-17T09:04:52Z,@pearlcloud,i’m so proud of tnx &lt;3,0
TNX,4C7xGubTL90,2022-05-17T09:04:51Z,@nnnn-ug2cp,"TNX boys, congrats on your debut!! I really liked this song.",0
TNX,4C7xGubTL90,2022-05-17T09:04:51Z,@blueekarinn,MOGAA SUKSESSS,0
TNX,4C7xGubTL90,2022-05-17T09:04:51Z,@brodeusangster,FINALLY 😭😭😭😭,0
TNX,4C7xGubTL90,2022-05-17T09:04:51Z,@nifnan1902,Tnx fighting 💪,0
TNX,4C7xGubTL90,2022-05-17T09:04:51Z,@aleyaintisar,PROUD TO SAY I AM HERE W THEM SINCE THE FIRST DAY OF LOUD BROADCAST,0
TNX,4C7xGubTL90,2022-05-17T09:04:50Z,@yuu6970,💕💕💕,0
TNX,4C7xGubTL90,2022-05-17T09:04:50Z,@miracle1130,드디어,0
TNX,4C7xGubTL90,2022-05-17T09:04:50Z,@fatinsshii,"This song is sooo goodd 😭🔥🔥<br>Everything is amazing✨ The intro, rap, chorus, aaaaa everything. This is really good for a debut song 💘 <br><br>비켜라 비켜, i just want to watch them. 🤟🏻😎",0
TNX,4C7xGubTL90,2022-05-17T09:04:49Z,@ainafatinahyatimmustaffa2839,FINALLYYYYY YEAYYY 🎉🎉🌹,0
TNX,4C7xGubTL90,2022-05-17T09:04:49Z,@lax9081,OMMMGGG,0
TNX,4C7xGubTL90,2022-05-17T09:04:49Z,@j0ngallia,FIGHTING TNX💕💕💕,0
TNX,4C7xGubTL90,2022-05-17T09:04:49Z,@k_s_3e,omggggg ekavdizvdjzj so good,0
TNX,4C7xGubTL90,2022-05-17T09:04:49Z,@mandasya2574,KEREN BANGET,0
TNX,4C7xGubTL90,2022-05-17T09:04:49Z,@juliediagmel8613,Start streaming~~ congratss boyss,0
TNX,4C7xGubTL90,2022-05-17T09:04:48Z,@alberncrisiant9866,Omggg,0
TNX,4C7xGubTL90,2022-05-17T09:04:48Z,@nasyillajenithatarigan1525,KEREN BANGET WOYYYYY,0
TNX,4C7xGubTL90,2022-05-17T09:04:48Z,@ivanezkadiaz9825,"Congratulations guys, happy debut day&lt;33",0
TNX,4C7xGubTL90,2022-05-17T09:04:48Z,@mmtreasurez,"LONG WAY TO GO, TNX!!",0
TNX,4C7xGubTL90,2022-05-17T09:04:48Z,@렌렌-y1p,Gila Keren bangettttt omg,0
TNX,4C7xGubTL90,2022-05-17T09:04:47Z,@chauanwiw,AAAAAAAAAAAAAAAAAAAAAAAAAAAAAAAAAAAAAAAAAAAAAAAAAAAAAAAAAAAAA,0
TNX,4C7xGubTL90,2022-05-17T09:04:47Z,@ningnongbingbong,이 데뷔 너무 미쳤어 엄청 좋아,0
TNX,4C7xGubTL90,2022-05-17T09:04:47Z,@anethaselly,HUUUUUUUUUHHUUUUU🅰️🅰️🅰️🅰️‼️‼️,0
TNX,4C7xGubTL90,2022-05-17T09:04:47Z,@jeenam4229,TNX 🎉🎉 congratulations 🎉🎉 debut,0
TNX,4C7xGubTL90,2022-05-17T09:04:46Z,@Netjamesgf,TNX FIGHTING!!! ❤❤❤,0
TNX,4C7xGubTL90,2022-05-17T09:04:46Z,@liabii7968,THIS IS SO CRAZYYY,0
TNX,4C7xGubTL90,2022-05-17T09:04:46Z,@donkoro99,やばいやばいやばいソンジュンカッコよすぎる😭😭😭<br>本当にデビューおめでとうございます🎊<br>데뷔 너무 너무 축하해〜💕🐻,0
TNX,4C7xGubTL90,2022-05-17T09:04:46Z,@pixxievision,JUNHYEEEEOOOOOKKKKKK AAAAAAAAAAAA,0
TNX,4C7xGubTL90,2022-05-17T09:04:46Z,@1485cus,Cool,0
TNX,4C7xGubTL90,2022-05-17T09:04:45Z,@ciio_0,ROOKIE OF THE YEAR KAJJAAA~!!!,0
TNX,4C7xGubTL90,2022-05-17T09:04:45Z,@Zalialley,Move,0
TNX,4C7xGubTL90,2022-05-17T09:04:45Z,@danilaine,CONGRATULATIONS~💟,0
TNX,4C7xGubTL90,2022-05-17T09:04:45Z,@aesthekpop5274,I was waiting for this for so long 😭❤️ I&#39;m gonna root for them from now and it&#39;s never gonna end 💥 hwaiting! our New six 🔥 let&#39;s break the record of k-pop industry 💥🔥,5
TNX,4C7xGubTL90,2022-05-17T09:04:45Z,@tzuwiee,MOVE,0
TNX,4C7xGubTL90,2022-05-17T09:04:45Z,@miliinnie,TNX SON INCREÍBLES,0
TNX,4C7xGubTL90,2022-05-17T09:04:45Z,@soesoehtay6876,TNX amazing,0
TNX,4C7xGubTL90,2022-05-17T09:04:45Z,@neocitysupremacy_nct8918,CAN SOMEBODY PICK ME FROM FLOOR PLS?,0
TNX,4C7xGubTL90,2022-05-17T09:04:44Z,@itsmedillenium,HWI THE BEST!!!!!,0
TNX,4C7xGubTL90,2022-05-17T09:04:44Z,@bluerainevital4591,I LOVE IT,0
TNX,4C7xGubTL90,2022-05-17T09:04:44Z,@aainuledelia,KEPALA HOTAK DIA UXBDUXBDUDNXID OMGGGGGGGGGGGGGGG 😭😭😭😭😭,0
TNX,4C7xGubTL90,2022-05-17T09:04:44Z,@justdonut9530,MV is the best I love this song💞,0
TNX,4C7xGubTL90,2022-05-17T09:04:43Z,@coupdefoudre1024,Congratulations TNX,0
TNX,4C7xGubTL90,2022-05-17T09:04:43Z,@icantikaja2868,Selamat atas debut nya TNX🎉🥰🥰🥰🥰🥰,0
TNX,4C7xGubTL90,2022-05-17T09:04:43Z,@cinder_8717,"I love It!! The song, the dancing, the members performance.. everything is amazing! I am so excited for my album to arrive <b>\(^o^)/</b>",0
TNX,4C7xGubTL90,2022-05-17T09:04:42Z,@jungwonwife,GILA GILA GILA INI KETERLALUAN KETEN BANGET TT,0
TNX,4C7xGubTL90,2022-05-17T09:04:42Z,@mwaarf__,YAESSSSSSSSS IMMA MOVEEE,0
TNX,4C7xGubTL90,2022-05-17T09:04:42Z,@nqzfr,BABI HANDSOMENYA SEMUA YA ALLAH,0
TNX,4C7xGubTL90,2022-05-17T09:04:42Z,@dianaprianafatmawati1625,❤❤❤❤,0
TNX,4C7xGubTL90,2022-05-17T09:04:41Z,@Zalialley,Omaygat,0
TNX,4C7xGubTL90,2022-05-17T09:04:41Z,@liaallao,"SO PROUD OF YOU GUYSS, LETS GAURRR ROTY",0
TNX,4C7xGubTL90,2022-05-17T09:04:41Z,@valeryangelicacarranzamila5051,THIS IS AMAZING,0
TNX,4C7xGubTL90,2022-05-17T09:04:41Z,@Jijili231,I am crying the song is fire,0
TNX,4C7xGubTL90,2022-05-17T09:04:41Z,@nahranaziza5739,KEREN BANGETTTTTTTT 😩😩😩😩💗💗💗💗💐💐💐💐💐,0
TNX,4C7xGubTL90,2022-05-17T09:04:40Z,@chacaarv27,TNX ILY,0
TNX,4C7xGubTL90,2022-05-17T09:04:40Z,@brodeusangster,IM CRYING,0
TNX,4C7xGubTL90,2022-05-17T09:04:40Z,@taylajean725,Love this!!,0
TNX,4C7xGubTL90,2022-05-17T09:04:40Z,@ssuminniee,MOMMMMMMM 😭😭😭😭😭,0
TNX,4C7xGubTL90,2022-05-17T09:04:40Z,@nelvi_7,TNX ROTY!!!,0
TNX,4C7xGubTL90,2022-05-17T09:04:39Z,@ton5032,โอ้ยยย,0
TNX,4C7xGubTL90,2022-05-17T09:04:39Z,@kimxinli7643,TNX IS FINALLY AND OFFICIALLY HERE!!!!! WELCOME BOYS!!💙💙💙💙💙,0
TNX,4C7xGubTL90,2022-05-17T09:04:39Z,@j0ngallia,THANKS PNATION FOR THIS MASTERPIIECE,0
TNX,4C7xGubTL90,2022-05-17T09:04:39Z,@preciousjewel702,"MOVE, MOVE🔥",0
TNX,4C7xGubTL90,2022-05-17T09:04:39Z,@safiakanagaraj1969,Congratulations TNX,0
TNX,4C7xGubTL90,2022-05-17T09:04:38Z,@i99z,WOWW,0
TNX,4C7xGubTL90,2022-05-17T09:04:38Z,@Rin-qr8ls,OMG???? WHAT A MASTERPIECE FOR A DEBUT SONG!!!!,0
TNX,4C7xGubTL90,2022-05-17T09:04:38Z,@chrischa2523,It&#39;s perfect for me... like WOW,1
TNX,4C7xGubTL90,2022-05-17T09:04:37Z,@janree_into_woo,"I&#39;M SO FREAKING PROUD OF Y&#39;ALL!!! CONGRATULATIONS ON YOUR DEBUT, TNX! YOU GUYS ARE SO AND TOTALLY AWESOME! 💯♥️",0
TNX,4C7xGubTL90,2022-05-17T09:04:37Z,@catherineverina,EVERYTHING ARE AMAZINGGG😭,1
TNX,4C7xGubTL90,2022-05-17T09:04:37Z,@rknisa8941,AAAA I&#39;M SO EXCITED,0
TNX,4C7xGubTL90,2022-05-17T09:04:37Z,@riaanyoons,EL MEJOR DEBUT CARAJO,0
TNX,4C7xGubTL90,2022-05-17T09:04:37Z,@yoonimsdollar5969,The song is soo good. I&#39;m sobbing,0
TNX,4C7xGubTL90,2022-05-17T09:04:36Z,@nily08_,TNX İS BEST,0
TNX,4C7xGubTL90,2022-05-17T09:04:36Z,@nasajihanananda5503,let&#39;s support them,1
TNX,4C7xGubTL90,2022-05-17T09:04:36Z,@Urmomsfavoritekid,Omg happy debut day this song is amazing 😌😭,0
TNX,4C7xGubTL90,2022-05-17T09:04:36Z,@putriandini1302,KEREN BGT ANJIRRRRRR,1
TNX,4C7xGubTL90,2022-05-17T09:04:36Z,@brigita_dw,❤️‍🔥❤️‍🔥❤️‍🔥❤️‍🔥❤️‍🔥,0
TNX,4C7xGubTL90,2022-05-17T09:04:36Z,@sarangbiy,I am so so so proud😭,0
TNX,4C7xGubTL90,2022-05-17T09:04:35Z,@brodeusangster,OMG,0
TNX,4C7xGubTL90,2022-05-17T09:04:35Z,@hyunsoonuna,Masterpiece,1
TNX,4C7xGubTL90,2022-05-17T09:04:35Z,@yasrochaaraujoo,THIS IS SO GOOD I&#39;M SO PROUS I LOVE YOU GUYS,0
TNX,4C7xGubTL90,2022-05-17T09:04:35Z,@ateezatiny9926,Fighting guys,0
TNX,4C7xGubTL90,2022-05-17T09:04:35Z,@wookyj02,Omooo gila gilaaa,0
TNX,4C7xGubTL90,2022-05-17T09:04:35Z,@chanari8678,LOS AMOOOOOOOO,0
TNX,4C7xGubTL90,2022-05-17T09:04:35Z,@84piso85,Dope congrats guys. This debut song is such a banger.,0
TNX,4C7xGubTL90,2022-05-17T09:04:35Z,@KH4ELL,OMG I&#39;M SO PROUD OF YALL,0
TNX,4C7xGubTL90,2022-05-17T09:04:34Z,@andiiiiij,LA CANCIÓN ES INCREÍBLE,0
TNX,4C7xGubTL90,2022-05-17T09:04:34Z,@ployploy2166,🔥🔥🔥🔥🔥,0
TNX,4C7xGubTL90,2022-05-17T09:04:33Z,@valeryangelicacarranzamila5051,A MASTERPIECE,0
TNX,4C7xGubTL90,2022-05-17T09:04:33Z,@ikonic5859,Finally! Congratulations 👏🎉,0
TNX,4C7xGubTL90,2022-05-17T09:04:33Z,@ssuminniee,THEY&#39;RE SLAYEDDDDDDD,0
TNX,4C7xGubTL90,2022-05-17T09:04:33Z,@tnxroty5007,SONG OF THE YEAR MATERIAL!!!,1
TNX,4C7xGubTL90,2022-05-17T09:04:33Z,@juntriplets1647,congrats for debuting my boys!!!,0
TNX,4C7xGubTL90,2022-05-17T09:04:33Z,@rpi_ei,おめでとう。大好き。かっこいいよ,0
TNX,4C7xGubTL90,2022-05-17T09:04:33Z,@indristevani426,TNX Hwaiting🤗,0
TNX,4C7xGubTL90,2022-05-17T09:04:32Z,@doiekim5515,CONGRATS FOR YOUR DEBUT BOYS,0
TNX,4C7xGubTL90,2022-05-17T09:04:32Z,@nurfirzanah460,TAEHUN!! KYUNGJUN!! HYUNSOO!! JUNHYEOK!! HWI!! SUNGJUN!! &lt;3,0
TNX,4C7xGubTL90,2022-05-17T09:04:32Z,@brodeusangster,Omf,0
TNX,4C7xGubTL90,2022-05-17T09:04:32Z,@ichitanichi706,Sukaa bangettt❤❤❤,0
TNX,4C7xGubTL90,2022-05-17T09:04:32Z,@audreyvh12,so cool!!❤,0
TNX,4C7xGubTL90,2022-05-17T09:04:31Z,@liabii7968,OMGGG,0
TNX,4C7xGubTL90,2022-05-17T09:04:31Z,@an-yx1sb,HWIII😭❤🔥🔥,0
TNX,4C7xGubTL90,2022-05-17T09:04:31Z,@trexmiuna1247,merinding akhirnya anak2 debut,0
TNX,4C7xGubTL90,2022-05-17T09:04:31Z,@nelvi_7,El rap!!! Ahhh,0
TNX,4C7xGubTL90,2022-05-17T09:04:31Z,@ひめか-u4u,デビューおめでとう🥹💓,0
TNX,4C7xGubTL90,2022-05-17T09:04:31Z,@blueoceanramlin8759,My talented boy,0
TNX,4C7xGubTL90,2022-05-17T09:04:31Z,@Netjamesgf,LETS STREAMING EVERYONE ❤❤❤,0
TNX,4C7xGubTL90,2022-05-17T09:04:31Z,@sheilalopwzvazquez1685,"Estoy muy orgullosa de los chicos, sé que llegarán muy lejos, me ha encantado el mv",0
TNX,4C7xGubTL90,2022-05-17T09:04:31Z,@Minnseong,"CONGRATULATIONS FOR YOUR DEBUT, TNX!!",0
TNX,4C7xGubTL90,2022-05-17T09:04:31Z,@kchia,"expected nothing less from these boys, definitely a bright future for them! so excited for what they will show us! &lt;3 congratulations on your debut TNX!!",0
TNX,4C7xGubTL90,2022-05-17T09:04:31Z,@enzy_exx,OMG I&#39;m now addicted to this MV,0
TNX,4C7xGubTL90,2022-05-17T09:04:31Z,@dellapst,Congratulations for your debut my baby tnx! So proud of youu&lt;3,0
TNX,4C7xGubTL90,2022-05-17T09:04:31Z,@vyamp4111,PIKYEOOOOOOOOOOO,0
TNX,4C7xGubTL90,2022-05-17T09:04:30Z,@wtnbesnwoo,MASTERPIECE,0
TNX,4C7xGubTL90,2022-05-17T09:04:30Z,@taeyongieee3499,IM SO PROUD AAAAAA FINALLY !!!&lt;333,0
TNX,4C7xGubTL90,2022-05-17T09:04:30Z,@tnx226,ببكيي,0
TNX,4C7xGubTL90,2022-05-17T09:04:30Z,@Carissaaul,THEY FINALLY DEBUT!!! OMG I CAN&#39;T BELIVE THIS😭😭😭😭,0
TNX,4C7xGubTL90,2022-05-17T09:04:29Z,@Jsin1217,wow,0
TNX,4C7xGubTL90,2022-05-17T09:04:29Z,@riaanyoons,WTFFF,0
TNX,4C7xGubTL90,2022-05-17T09:04:29Z,@jens6647,INCREÍBLE!!!!,0
TNX,4C7xGubTL90,2022-05-17T09:04:29Z,@oktaangelina1978,I LOVE YOU EUNHWI,0
TNX,4C7xGubTL90,2022-05-17T09:04:28Z,@serendipityj3786,Great!,0
TNX,4C7xGubTL90,2022-05-17T09:04:28Z,@brodeusangster,SO COOL,0
TNX,4C7xGubTL90,2022-05-17T09:04:28Z,@batrisyia7886,My boys doing so great👏🏻,0
TNX,4C7xGubTL90,2022-05-17T09:04:28Z,@valentinafigueroavera5392,Me morí.,0
TNX,4C7xGubTL90,2022-05-17T09:04:28Z,@rkads2958,Jonghyun very cool ❤️❤️❤️,0
TNX,4C7xGubTL90,2022-05-17T09:04:27Z,@bizarreadventureee,"As a Pre-debut Stan im happy to finally see my boys debut, yall will get bigger in the future im rooting for yous lets take away rookie of the year boys, happy debut &lt;333",2
TNX,4C7xGubTL90,2022-05-17T09:04:27Z,@aleyaintisar,THEY ARE JUST ROOKIES AND THEY SLAYED THEIR DEBUT SONG A BIT TOO MUCH IM SO PROUD OF MY BABIES,2
TNX,4C7xGubTL90,2022-05-17T09:04:27Z,@evelineanastasyafaskin6684,❤❤,0
TNX,4C7xGubTL90,2022-05-17T09:04:27Z,@nily08_,GROUP OF THE YEAR,0
TNX,4C7xGubTL90,2022-05-17T09:04:26Z,@sweet2469,헐 🔥🔥,0
TNX,4C7xGubTL90,2022-05-17T09:04:26Z,@catrinasulit2549,"congrats guys, you&#39;ve done so well daebakkk!!!",1
TNX,4C7xGubTL90,2022-05-17T09:04:26Z,@5555cally,HUUUU KERENNNNN SUNGJUNNN HWIIIII KYUNGJUNNN 😭😭😭,0
TNX,4C7xGubTL90,2022-05-17T09:04:25Z,@ghosting4203,TNX FIGHTING,0
TNX,4C7xGubTL90,2022-05-17T09:04:24Z,@ateezatiny9926,my boys are the best,0
TNX,4C7xGubTL90,2022-05-17T09:04:24Z,@ariianasantillan,"porfin llegó el día 😭😭 estoy tan orgullosa de mis nenes, los amo demasiado mis chiquillos talentosos 😭🤍",0
TNX,4C7xGubTL90,2022-05-17T09:04:24Z,@johnnazarethespiritu6497,This group is deserve to be praised and i hope they are better known internationally and also in korea.,0
TNX,4C7xGubTL90,2022-05-17T09:04:24Z,@KEICHUCOLATE,Well you can really see how an ace moves just by looking at Junhyeok.,0
TNX,4C7xGubTL90,2022-05-17T09:04:23Z,@trexmiuna1247,lagunya enak bgt woy,0
TNX,4C7xGubTL90,2022-05-17T09:04:23Z,@catherineverina,LITTT🔥🔥🔥,0
TNX,4C7xGubTL90,2022-05-17T09:04:23Z,@bloominghao,Super good! SO happy you got to debut! THX will always support you &lt;3,1
TNX,4C7xGubTL90,2022-05-17T09:04:23Z,@stef12321,Let’s goooooo,0
TNX,4C7xGubTL90,2022-05-17T09:04:22Z,@wtnbesnwoo,OMG HELP I ONLY KNOW KYUNGJUN,0
TNX,4C7xGubTL90,2022-05-17T09:04:21Z,@browncapy121,WHAT THE HELL!!!!!,0
TNX,4C7xGubTL90,2022-05-17T09:04:21Z,@QdeQwerty23,Woooooow,0
TNX,4C7xGubTL90,2022-05-17T09:04:20Z,@amlxia4077,KERENNNN BANGETTTT,1
TNX,4C7xGubTL90,2022-05-17T09:04:20Z,@tnx226,يجنننن,0
TNX,4C7xGubTL90,2022-05-17T09:04:19Z,@spwdd,เจ้านายค่ะ 😍🤣🤣,0
TNX,4C7xGubTL90,2022-05-17T09:04:19Z,@ひめか-u4u,かっこいいいい！！！！！,0
TNX,4C7xGubTL90,2022-05-17T09:04:19Z,@0704rto,🔥🔥🔥🔥🔥🔥,0
TNX,4C7xGubTL90,2022-05-17T09:04:19Z,@xmarsx1412,This is crazyyyyyyy,0
TNX,4C7xGubTL90,2022-05-17T09:04:18Z,@nelvi_7,Esas vocales,0
TNX,4C7xGubTL90,2022-05-17T09:04:18Z,@ma.6810,IT&#39;S FINALLY HERE !!!! 🥳😭😭😭,0
TNX,4C7xGubTL90,2022-05-17T09:04:18Z,@Minnseong,AMAZING!!,0
TNX,4C7xGubTL90,2022-05-17T09:04:18Z,@선우짱-c6h,ギョンジュン🥰🥰,0
TNX,4C7xGubTL90,2022-05-17T09:04:17Z,@ssuminniee,BRO FINALLY 😭😭😭😭,0
TNX,4C7xGubTL90,2022-05-17T09:04:17Z,@최의연인,THEY DID IT AHHH,0
TNX,4C7xGubTL90,2022-05-17T09:04:17Z,@preciousjewel702,there here🔥,0
TNX,4C7xGubTL90,2022-05-17T09:04:17Z,@Fizaaa99,LITTTTTTT 🔥🔥🔥🔥🔥🔥🔥🔥,0
TNX,4C7xGubTL90,2022-05-17T09:04:17Z,@hani9765,待ってましたぁ🙌🙌🙌🙌🙌🙌,0
TNX,4C7xGubTL90,2022-05-17T09:04:16Z,@ohbabyboss6902,TNX GONNA BE ROOKIE OF THE YEAR!!,1
TNX,4C7xGubTL90,2022-05-17T09:04:16Z,@eternalspringday,SO COOLLL?1!1!/?2?1??!!??,0
TNX,4C7xGubTL90,2022-05-17T09:04:16Z,@trexmiuna1247,aaaaaa keren banget,0
TNX,4C7xGubTL90,2022-05-17T09:04:16Z,@kutakix,this is a bop wow,0
TNX,4C7xGubTL90,2022-05-17T09:04:16Z,@phinerly9301,I&#39;m so proud of you guys!!<br>I STILL DON&#39;T BELIEVE?!???<br>I LOVE YOU SO MUCH&lt;33,1
TNX,4C7xGubTL90,2022-05-17T09:04:15Z,@fifi9840,No words to say <br>They&#39;re slaying,0
TNX,4C7xGubTL90,2022-05-17T09:04:15Z,@min-pu6tq,BOP,0
TNX,4C7xGubTL90,2022-05-17T09:04:15Z,@tnx226,مقدرررر,0
TNX,4C7xGubTL90,2022-05-17T09:04:15Z,@syyaaa23,WOW !! PLEASEEEEEEEEE THIS DESERVE GET WIN ON THE MUSIC SHOW 😭😭😭,0
TNX,4C7xGubTL90,2022-05-17T09:04:14Z,@tusythaa,YOOOOOOOOOOOO,0
TNX,4C7xGubTL90,2022-05-17T09:04:14Z,@rattanasiamsuanoom9820,I wanna cry...So pround of you guys!!,0
TNX,4C7xGubTL90,2022-05-17T09:04:14Z,@b_brightday4287,เห้ยยยย มันดีมากกกกกกกกก,0
TNX,4C7xGubTL90,2022-05-17T09:04:13Z,@lajdhdujenwjdjjs7234,LET&#39;S GOOOO,0
TNX,4C7xGubTL90,2022-05-17T09:04:13Z,@theya4149,A ✨ MASTERPIECE ✨,0
TNX,4C7xGubTL90,2022-05-17T09:04:11Z,@wtnbesnwoo,SLAYY,0
TNX,4C7xGubTL90,2022-05-17T09:04:11Z,@liapbri,"very cool, i like it very much 😭💘✨",0
TNX,4C7xGubTL90,2022-05-17T09:04:11Z,@felloniefeveny6987,Congratulations TNX!!!,0
TNX,4C7xGubTL90,2022-05-17T09:04:10Z,@nelvi_7,OMG,0
TNX,4C7xGubTL90,2022-05-17T09:04:10Z,@barbarasernagonzalez2905,FINALLY,0
TNX,4C7xGubTL90,2022-05-17T09:04:10Z,@edelweisss2656,"OMG!!!!!!!!! We are PNATION 🔥🔥🔥😭😭 they slayed it!! Dam . FINALLY , congratulations 🥳🥳🥳 . Let&#39;s walk together . Big loves 💜💜💜",0
TNX,4C7xGubTL90,2022-05-17T09:04:09Z,@warriorforever4030,They&#39;re the best,0
TNX,4C7xGubTL90,2022-05-17T09:04:08Z,@nadiahusna9120,TNX MONSTER ROOKIES,0
TNX,4C7xGubTL90,2022-05-17T09:04:08Z,@nicoxias,Our boys finally heree CONGRATSS BOYSS this debut song giving me a vibe that tnx is going to be the future kpop rising,0
TNX,4C7xGubTL90,2022-05-17T09:04:07Z,@aeiccp,NO BUT THIS IS SUCH A BOP. I&#39;M SO PROUD TO BE A PRE-DEBUT STAN !,7
TNX,4C7xGubTL90,2022-05-17T09:04:06Z,@rkads2958,Jonghyun good luck ❤️❤️❤️,0
TNX,4C7xGubTL90,2022-05-17T09:04:05Z,@tteokuno,HUI&#39;S RAP AAHHHH,0
TNX,4C7xGubTL90,2022-05-17T09:04:05Z,@buabambambua5411,เห้ยดี ชอบ,0
TNX,4C7xGubTL90,2022-05-17T09:04:05Z,@nikjamie5291,"CONGRATSS FOR UR DEBUT!!So proud of them,LETS GO TNX!!",0
TNX,4C7xGubTL90,2022-05-17T09:04:05Z,@cheolsbae,"IM SO PROUD OF YA&#39;LL!!, WE WILL ALWAYS BE BY YOUR SIDE I LOVE YOU ALL!! ❤️❤️❤️",0
TNX,4C7xGubTL90,2022-05-17T09:04:05Z,@majoaranguiz2667,I hope your music goes far! good luck ❣,0
TNX,4C7xGubTL90,2022-05-17T09:04:04Z,@misha7320,Great future ahead! 🌻,1
TNX,4C7xGubTL90,2022-05-17T09:04:04Z,@vaishnavichiddarwar8790,Just  can&#39;t stop listening to it.....😍🥲,1
TNX,4C7xGubTL90,2022-05-17T09:04:04Z,@houdazaanouni9437,تايهون,0
TNX,4C7xGubTL90,2022-05-17T09:04:04Z,@메리-k6r,finally My boy are debut,0
TNX,4C7xGubTL90,2022-05-17T09:04:03Z,@haha97bangchan,Junhyeok high note😭,1
TNX,4C7xGubTL90,2022-05-17T09:04:03Z,@meera0352,AHHHHHH FINALLY OMG,0
TNX,4C7xGubTL90,2022-05-17T09:04:03Z,@yourfavbedtimestories,What a masterpiece TNX!!!,1
TNX,4C7xGubTL90,2022-05-17T09:04:02Z,@tt-if4jj,デビューおめでとう！！<br>デビュー曲のレベルじゃない。えぐい,0
TNX,4C7xGubTL90,2022-05-17T09:04:02Z,@sashiramadhani9138,HWIIIII KEREN,0
TNX,4C7xGubTL90,2022-05-17T09:04:01Z,@srianggunsulistiani,Ayeeee,0
TNX,4C7xGubTL90,2022-05-17T09:04:01Z,@putrimeciislamiah9388,Badan ku gemetaran. Membutuhkan energi dan mental yang kuat untuk menontonnya,0
TNX,4C7xGubTL90,2022-05-17T09:04:01Z,@wonpilscindy,❤️❤️❤️,0
TNX,4C7xGubTL90,2022-05-17T09:03:59Z,@chayyacdesvita,I LIKE THIS SONG,0
TNX,4C7xGubTL90,2022-05-17T09:03:59Z,@aininaernn4051,Akhirnya debut juga CONGRATULATIONS TNX,1
TNX,4C7xGubTL90,2022-05-17T09:03:59Z,@tnxsdandelion637,SO MF PROUD!,1
TNX,4C7xGubTL90,2022-05-17T09:03:59Z,@decttothemoon,😭😭😭,0
TNX,4C7xGubTL90,2022-05-17T09:03:58Z,@yeppisungho,SOTY,0
TNX,4C7xGubTL90,2022-05-17T09:03:57Z,@club-jz6nm,"this better blow up, its such a bop!! everything is so catchy, they ate and left no crumbs 😩❤️‍🔥",0
TNX,4C7xGubTL90,2022-05-17T09:03:57Z,@tnx226,ببكييييي,0
TNX,4C7xGubTL90,2022-05-17T09:03:57Z,@loeyloeypark4762,Congratulations on your debut!!! wish you success always!!!,0
TNX,4C7xGubTL90,2022-05-17T09:03:56Z,@cheixxgei_,el baile es precioso,0
TNX,4C7xGubTL90,2022-05-17T09:03:56Z,@f4iryjin26,Best vocals<br>Best rappers<br>Best dancers<br>Best visuals<br>Best boy group<br><br>Presenting tnx 😊🤍🌟,0
TNX,4C7xGubTL90,2022-05-17T09:03:55Z,@anabz8,I love it so much. I still dont know the members tho,0
TNX,4C7xGubTL90,2022-05-17T09:03:54Z,@maharani1551,Aaaaaaaaa2,0
TNX,4C7xGubTL90,2022-05-17T09:03:54Z,@melodylightsahgasestarlight,"Finally, the most awaited debut! As expected, it&#39;s lit! I hope our boys are assured and happy. We&#39;ll definitely be here for you!",23
TNX,4C7xGubTL90,2022-05-17T09:03:53Z,@mahdis2739,I&#39;m shaking...,1
TNX,4C7xGubTL90,2022-05-17T09:03:53Z,@lai7555,AAAAHH FINALLYY,0
TNX,4C7xGubTL90,2022-05-17T09:03:52Z,@janree_into_woo,THE NEW ROOKIE OF THE YEAR IS HERE!!!!!,1
TNX,4C7xGubTL90,2022-05-17T09:03:50Z,@racheljun04,OMG 😭😭 I&#39;m crying Now,0
TNX,4C7xGubTL90,2022-05-17T09:03:50Z,@parisanorouzi6848,ته هون چه ددی طوره 🥴🥴💝💝,0
TNX,4C7xGubTL90,2022-05-17T09:03:49Z,@semnome6059,N ACREDITO Q ELES FINALMENTE DEBUTARAMMMM,0
TNX,4C7xGubTL90,2022-05-17T09:03:49Z,@lyannduramgo7808,"CONGRATULATIONS ON YOUR DEBUT, TNX !!!!!!",0
TNX,4C7xGubTL90,2022-05-17T09:03:49Z,@dobbyk6055,OMG!!!,0
TNX,4C7xGubTL90,2022-05-17T09:03:48Z,@springzoneB,My kids 💀✨,0
TNX,4C7xGubTL90,2022-05-17T09:03:48Z,@cheixxgei_,amo mucho,0
TNX,4C7xGubTL90,2022-05-17T09:03:48Z,@grimreapersno1distributor,Congratulations on your debut!!!!,1
TNX,4C7xGubTL90,2022-05-17T09:03:45Z,@Underview.,راب هوي يجلططط,0
TNX,4C7xGubTL90,2022-05-17T09:03:45Z,@jiwjiw0652,KECEE,0
TNX,4C7xGubTL90,2022-05-17T09:03:44Z,@newjeans3483,Everything is just perfects,0
TNX,4C7xGubTL90,2022-05-17T09:03:44Z,@aelouvern,YASSS FINALLLYYY TNX DEBUT SONG!!!!!!!!!!!,0
TNX,4C7xGubTL90,2022-05-17T09:03:44Z,@intannuraini699,Congratulation for debut🥳♥️💖,0
TNX,4C7xGubTL90,2022-05-17T09:03:44Z,@kafka_knz,congrast tnx we love you,0
TNX,4C7xGubTL90,2022-05-17T09:03:44Z,@mintchocochicken3239,If taehun told me to move in that tone I’d move out of this world and cry in the corner of this universe…,0
TNX,4C7xGubTL90,2022-05-17T09:03:44Z,@cheixxgei_,"basta, que poderosos",0
TNX,4C7xGubTL90,2022-05-17T09:03:43Z,@amiikachu,THEY DID AMAZING,0
TNX,4C7xGubTL90,2022-05-17T09:03:43Z,@irislay614,Congratulations on your debut boys. Long wait is over.,0
TNX,4C7xGubTL90,2022-05-17T09:03:42Z,@wxnat,"Espere tanto por este día, estoy tan orgullosa de los 6, los amo tanto y prometo apoyarlos siempre 🫶🏼💌",1
TNX,4C7xGubTL90,2022-05-17T09:03:42Z,@momcilogospic4820,Conogo boys i&#39;m very proud of you.,0
TNX,4C7xGubTL90,2022-05-17T09:03:42Z,@clarareis582,Ahhhhhgg,0
TNX,4C7xGubTL90,2022-05-17T09:03:42Z,@tzuwiee,WOAAHHH,0
TNX,4C7xGubTL90,2022-05-17T09:03:41Z,@kohanei1787,This is such a good song!! TNX has arrived!!,0
TNX,4C7xGubTL90,2022-05-17T09:03:41Z,@nurulfadhilah2809,SO PROUD OF Y&#39;ALL!!!,0
TNX,4C7xGubTL90,2022-05-17T09:03:41Z,@jungwonsfavouritesheep8102,The lalala part is so damn addicting,0
TNX,4C7xGubTL90,2022-05-17T09:03:41Z,@aleia_mk,im so proud of them. THE SONG IS SO CATCHY AND EVERYTHING IS PERFECT.,1317
TNX,4C7xGubTL90,2022-05-17T09:03:41Z,@binniechoi5862,I LOVE THIS DEBUT SO MUCH,0
TNX,4C7xGubTL90,2022-05-17T09:03:41Z,@an-yx1sb,being TNX stan indeedly flex🔥🔥,0
TNX,4C7xGubTL90,2022-05-17T09:03:41Z,@inbllqs,FINALLY,0
TNX,4C7xGubTL90,2022-05-17T09:03:40Z,@EuuNany,HWI TE AMOOOOO AHHHH,0
TNX,4C7xGubTL90,2022-05-17T09:03:39Z,@flukatt,"WAHHH OK I FOLLOW THEM SINCE LOUD AND I CAN SURE THAT THEY GROWN SO MUCH PROFESSIONALLY T_T the debut is so good that I&#39;m addicted, monster rookies",1
TNX,4C7xGubTL90,2022-05-17T09:03:38Z,@메리-k6r,TNX  🥰,0
TNX,4C7xGubTL90,2022-05-17T09:03:37Z,@phinerly9301,YOU ARE SO COOL,0
TNX,4C7xGubTL90,2022-05-17T09:03:37Z,@sellaayy,WIHHHHH,0
TNX,4C7xGubTL90,2022-05-17T09:03:37Z,@binbin-wb7yr,THANK YOU SO MUCHHHH,0
TNX,4C7xGubTL90,2022-05-17T09:03:37Z,@precious_sojunghwan,Fire!!,0
TNX,4C7xGubTL90,2022-05-17T09:03:36Z,@maisam1117.,Such a great debut,0
TNX,4C7xGubTL90,2022-05-17T09:03:35Z,@ditaagustin8195,MINGGIR MINGGIR TNX MAU LEWAT NI,1
TNX,4C7xGubTL90,2022-05-17T09:03:35Z,@최의연인,WOW,0
TNX,4C7xGubTL90,2022-05-17T09:03:35Z,@angelylllyyy433,Aaaaaaaa finally 🎉 congratulations baby 🖤,0
TNX,4C7xGubTL90,2022-05-17T09:03:34Z,@ms.woranutsaiyon4825,아주 잘 나왔다,0
TNX,4C7xGubTL90,2022-05-17T09:03:34Z,@rere700s,YASSSSSSSSSSSS FINALLYYYYYYYYYYYY,0
TNX,4C7xGubTL90,2022-05-17T09:03:33Z,@rkads2958,Good luck 👍👍👍,0
TNX,4C7xGubTL90,2022-05-17T09:03:33Z,@imnameshin,Amazing !!<br>수고했어 ma boys ~~,0
TNX,4C7xGubTL90,2022-05-17T09:03:33Z,@tzuwiee,WAAYYY UPPP,0
TNX,4C7xGubTL90,2022-05-17T09:03:33Z,@Siandbng,아 진짜 개잘생김 사랑해 최리더,0
TNX,4C7xGubTL90,2022-05-17T09:03:33Z,@dianenacino7761,CONGRATS MY PLOUDDDD BOYSSS,0
TNX,4C7xGubTL90,2022-05-17T09:03:32Z,@liaa7402,TNX FIGHTING!!!,0
TNX,4C7xGubTL90,2022-05-17T09:03:32Z,@nadyafauziah3074,tahan napas nontonnya<br>gugup bgt,0
TNX,4C7xGubTL90,2022-05-17T09:03:31Z,@tnx226,Crying!!!!!,0
TNX,4C7xGubTL90,2022-05-17T09:03:31Z,@sayhihaneul,❤️‍🔥❤️‍🔥❤️‍🔥❤️‍🔥❤️‍🔥❤️‍🔥,0
TNX,4C7xGubTL90,2022-05-17T09:03:31Z,@paulafazila,I’m so proud of them !! OMG 😭💗,1
TNX,4C7xGubTL90,2022-05-17T09:03:30Z,@krisnugroho1597,"wow gila MV nya sangat keren ,nambah bias lagi dah pokonya gw Stans tnx",0
TNX,4C7xGubTL90,2022-05-17T09:03:30Z,@elfmry1068,OMG SO PROUD OF YOU TNX!!!!<br>I LOVE IT!!!!,1
TNX,4C7xGubTL90,2022-05-17T09:03:30Z,@grst_0176,"THIS SONG REALLY ICONIC FOR KPOP GEN 4, I&#39;M SO EXCITED OMG PROUD OF YOU GUYS.",0
TNX,4C7xGubTL90,2022-05-17T09:03:29Z,@rheezab,they are so worth it to stan,0
TNX,4C7xGubTL90,2022-05-17T09:03:29Z,@jeongwooslover5782,THIS IS A MASTERPIECE,1
TNX,4C7xGubTL90,2022-05-17T09:03:28Z,@annysareng26,FINALLY DEBUT,0
TNX,4C7xGubTL90,2022-05-17T09:03:28Z,@newjeans3483,The dance break omg,0
TNX,4C7xGubTL90,2022-05-17T09:03:28Z,@NhiNguyen-qd6lq,WHAT A BOP,0
TNX,4C7xGubTL90,2022-05-17T09:03:25Z,@min-pu6tq,THEY&#39;RE ON THEIR WAY UP!,0
TNX,4C7xGubTL90,2022-05-17T09:03:24Z,@faultlinees,все я их стеню!!,0
TNX,4C7xGubTL90,2022-05-17T09:03:24Z,@01.331_rm,OMG!!!,0
TNX,4C7xGubTL90,2022-05-17T09:03:23Z,@kerenjuarez9938,No mameeeeeeeen amo,0
TNX,4C7xGubTL90,2022-05-17T09:03:23Z,@jaehwyy,KYUNGJUN&#39;S DEEP VOICEEEE,0
TNX,4C7xGubTL90,2022-05-17T09:03:23Z,@sargunpreetkaur5788,Okay I&#39;m gonna Stan them 😆,1
TNX,4C7xGubTL90,2022-05-17T09:03:23Z,@lollypop8157,Wooowwww.... 😍😍😍😍💗💗💗🌠🌠🌠,0
TNX,4C7xGubTL90,2022-05-17T09:03:23Z,@jaeyuniverse6889,TNX WORLD DOMINATION!!!,0
TNX,4C7xGubTL90,2022-05-17T09:03:22Z,@jiwjiw0652,FINALLY &lt;333,0
TNX,4C7xGubTL90,2022-05-17T09:03:22Z,@NhiNguyen-qd6lq,GO BABES GO,0
TNX,4C7xGubTL90,2022-05-17T09:03:22Z,@Ayumaghfrh,Finallyyyy🔥,0
TNX,4C7xGubTL90,2022-05-17T09:03:22Z,@annysareng26,FINALLY DEBUT,0
TNX,4C7xGubTL90,2022-05-17T09:03:22Z,@maisam1117.,Oh my,0
TNX,4C7xGubTL90,2022-05-17T09:03:22Z,@rkads2958,❤️❤️❤️❤️❤️,0
TNX,4C7xGubTL90,2022-05-17T09:03:22Z,@ohbabyboss6902,THIS IS CRAZYYY,1
TNX,4C7xGubTL90,2022-05-17T09:03:21Z,@tubatulife,MASTERPIECE,0
TNX,4C7xGubTL90,2022-05-17T09:03:21Z,@mony6645,And it&#39;s actually a good song,0
TNX,4C7xGubTL90,2022-05-17T09:03:21Z,@hyunsoonuna,Best rookie,1
TNX,4C7xGubTL90,2022-05-17T09:03:20Z,@seokjoonyoo6213,크으 정말 끝내준다.!!!!<br>(형들 데뷔 축하해~~~~!!),0
TNX,4C7xGubTL90,2022-05-17T09:03:20Z,@alyhwang,From PNation Loud to TNX<br><br>Hella proud that I am one of hundreds and thousands of your supporters support you guys from the start huhu,0
TNX,4C7xGubTL90,2022-05-17T09:03:19Z,@tzuwiee,OMGG!!! YOU FVCKING HEAR? ARGHH SO GOOD. LOVE THIS MV!!,0
TNX,4C7xGubTL90,2022-05-17T09:03:19Z,@ditaagustin8195,HWI RAP LO WKDJFJDLJD,1
TNX,4C7xGubTL90,2022-05-17T09:03:19Z,@tnx226,مقدردرخثخثنث,0
TNX,4C7xGubTL90,2022-05-17T09:03:19Z,@strawberrymunn,GILAA INII SIHHH ENAK BANGET MUSIKNYYY,1
TNX,4C7xGubTL90,2022-05-17T09:03:19Z,@mariasky4786,finally congratulations boys,0
TNX,4C7xGubTL90,2022-05-17T09:03:19Z,@apriliahafka4705,BENERAN DEBUT NIH😫,0
TNX,4C7xGubTL90,2022-05-17T09:03:18Z,@Javi-nu1zo,Me encanto todooo,0
TNX,4C7xGubTL90,2022-05-17T09:03:18Z,@intannuraini699,So proud of you guys 🙆‍♀️💖,0
TNX,4C7xGubTL90,2022-05-17T09:03:18Z,@VivieneBayona,OMGGGGG SO PROUD OF YOU GUYSSSSS🤧🤧🤧🤧😭😭❤️❤️❤️,0
TNX,4C7xGubTL90,2022-05-17T09:03:18Z,@parisanorouzi6848,رپ اون هیییییییییییییی رووووووووو عزیزممممممممم😭😭😭😭💚💚💚💚💚,0
TNX,4C7xGubTL90,2022-05-17T09:03:18Z,@rkads2958,❤️❤️❤️❤️❤️,0
TNX,4C7xGubTL90,2022-05-17T09:03:18Z,@grimreapersno1distributor,The next it boy group is TNX,1
TNX,4C7xGubTL90,2022-05-17T09:03:17Z,@tnxsdandelion637,"I knew my babies would never disappoint ploud Stan&#39;s finally <a href=""http://upgraded.stream/"">upgraded.Stream</a> on all platforms.",0
TNX,4C7xGubTL90,2022-05-17T09:03:16Z,@wingli8205,LETS GO BOYSSSSS!!!!!,1
TNX,4C7xGubTL90,2022-05-17T09:03:16Z,@Daniel-yx7cx,Finally,0
TNX,4C7xGubTL90,2022-05-17T09:03:15Z,@oktaviafad__,THE NEW SIX🔥,1
TNX,4C7xGubTL90,2022-05-17T09:03:14Z,@hwgbil,가즈아!!!,0
TNX,4C7xGubTL90,2022-05-17T09:03:14Z,@beattleszZ,P nation&#39;s first boy group everyone🥺🥺,1
TNX,4C7xGubTL90,2022-05-17T09:03:13Z,@annss3319,MV PERTAMA UDAH BIKIN MERINDING AAAARGH,0
TNX,4C7xGubTL90,2022-05-17T09:03:13Z,@alyaaurellia3219,SO PROUD OF YALL!!,0
TNX,4C7xGubTL90,2022-05-17T09:03:12Z,@cclea777,SLAY,0
TNX,4C7xGubTL90,2022-05-17T09:03:12Z,@liaa7402,CONGRATULATIONS ON YOUR DEBUT!!!,1
TNX,4C7xGubTL90,2022-05-17T09:03:11Z,@dandainemay2936,So proud of you my boys,0
TNX,4C7xGubTL90,2022-05-17T09:03:11Z,@慧雅徐,Tnx! fighting!!!,0
TNX,4C7xGubTL90,2022-05-17T09:03:11Z,@jaeyuniverse6889,TNX IS HEREE!!!!,0
TNX,4C7xGubTL90,2022-05-17T09:03:11Z,@rheezab,i&#39;m so proud of them,0
TNX,4C7xGubTL90,2022-05-17T09:03:11Z,@ssuminniee,EVERYBODY SCREAM!!!!!!,0
TNX,4C7xGubTL90,2022-05-17T09:03:11Z,@watanabe1016,Finally the time that I wait was coming 🥰🥰🥰 Congratulations my boys for you debut 🎊🎊🎊,0
TNX,4C7xGubTL90,2022-05-17T09:03:11Z,@gen6840,BOPPPP,0
TNX,4C7xGubTL90,2022-05-17T09:03:10Z,@tubatulife,ANG GANDAAAA,0
TNX,4C7xGubTL90,2022-05-17T09:03:10Z,@Daniel-yx7cx,Finall,0
TNX,4C7xGubTL90,2022-05-17T09:03:09Z,@maebyeol,Congratulations for your debut !!! I’m so proud of you!! 🥺🎉,0
TNX,4C7xGubTL90,2022-05-17T09:03:09Z,@masarinah9350,❤️❤️❤️❤️🥹🥹🥹🥹🥹🥹,0
TNX,4C7xGubTL90,2022-05-17T09:03:08Z,@limegirl9370,OMG IM SO PROUD😭,0
TNX,4C7xGubTL90,2022-05-17T09:03:08Z,@itsivandale5043,This mv screams the best rookie of the year for me.,0
TNX,4C7xGubTL90,2022-05-17T09:03:08Z,@wansufiya6947,YESSSS MA BOYSSS SLAYYY,0
TNX,4C7xGubTL90,2022-05-17T09:03:07Z,@warriorforever4030,"Вокал Джунхека, я не могу 😭😭",0
TNX,4C7xGubTL90,2022-05-17T09:03:07Z,@pushpa03,"The whole mv is just so good i mean THE BEST as expected from them. Their visuals served so well, they ate and slayed everything. No words are enough to describe how proud I&#39;m feeling rn to witness this epic and most awaited moment.. yessss so proud of them😭🤍",0
TNX,4C7xGubTL90,2022-05-17T09:03:07Z,@heedeubeom,OMG,0
TNX,4C7xGubTL90,2022-05-17T09:03:07Z,@blueekarinn,SUMPAAAAA KEREN BANGET ANAK ANAK GUEEEEEE<br><br><br><br>TERHARUUUUUU WOYYYY,0
TNX,4C7xGubTL90,2022-05-17T09:03:07Z,@meritking311,Que canción tan buena 😽😽,1
TNX,4C7xGubTL90,2022-05-17T09:03:07Z,@min-qn6zz,진짜 축하해요😭😭😭😭😭💖💖💖💖💖,0
TNX,4C7xGubTL90,2022-05-17T09:03:06Z,@winjae5572,THEY&#39;RE ABOUT TO DOMINATE THE MUSIC INDUSTRY!! IM SO EXCITED FOR THEIR DEBUT,36
TNX,4C7xGubTL90,2022-05-17T09:03:06Z,@minsungchanz,i cannot wait for the future 💗💗💗 i am incredibly proud of all of them and hope for lots of happiness and success in their path,0
TNX,4C7xGubTL90,2022-05-17T09:03:06Z,@sidousang4598,I AM SO PROUD PLSSSSS!!!,0
TNX,4C7xGubTL90,2022-05-17T09:03:06Z,@nadiahusna9120,SO PROUD😭😭😭😭,0
TNX,4C7xGubTL90,2022-05-17T09:03:05Z,@rachelmiau,🥳🥳🥳 yayy,0
TNX,4C7xGubTL90,2022-05-17T09:03:05Z,@phinerly9301,KERENNN,0
TNX,4C7xGubTL90,2022-05-17T09:03:05Z,@mindurbuisness234,Yeahhhhhhh Ma BOYSSSSSS🥵🔥💋,1
TNX,4C7xGubTL90,2022-05-17T09:03:04Z,@loeyloeypark4762,GILA COWO GW KEREN&quot; BANGET,0
TNX,4C7xGubTL90,2022-05-17T09:03:04Z,@Sgummi,my boys are so talented,0
TNX,4C7xGubTL90,2022-05-17T09:03:04Z,@nics4255,😭😭😭😭😭😭😭😭❤❤❤❤❤❤❤❤,0
TNX,4C7xGubTL90,2022-05-17T09:03:04Z,@Daniel-yx7cx,Omg,0
TNX,4C7xGubTL90,2022-05-17T09:03:04Z,@emmahallac6344,THE TALENT,0
TNX,4C7xGubTL90,2022-05-17T09:03:04Z,@tnx226,انهيارااا,0
TNX,4C7xGubTL90,2022-05-17T09:03:04Z,@putrimeciislamiah9388,Kuatkan aku ya allah,0
TNX,4C7xGubTL90,2022-05-17T09:03:04Z,@AthanasiaKoijam,"Finally, TNX debut!!!!!",0
TNX,4C7xGubTL90,2022-05-17T09:03:04Z,@hilailaahn8423,얘들아 데뷔 축하해! 😎🤟🏻,0
TNX,4C7xGubTL90,2022-05-17T09:03:03Z,@notaheroyet3236,GUYYS YOU DID ITTTT,0
TNX,4C7xGubTL90,2022-05-17T09:03:03Z,@AmeeraSaaliha,An absolute banger,0
TNX,4C7xGubTL90,2022-05-17T09:03:03Z,@renchinxh,yes omg TNX is finally here!,0
TNX,4C7xGubTL90,2022-05-17T09:03:02Z,@venomhamilton1138,IM CRYING IM COLLEGE RIGHT NOW.,0
TNX,4C7xGubTL90,2022-05-17T09:03:02Z,@ohjsu5101,"Time flies, and you guys are working hard<br>now you guys are about to start a new start, good luck to all<br>I pray that you become successful and successful idols<br>cheers for promotions and congratulations on your debut",1
TNX,4C7xGubTL90,2022-05-17T09:03:01Z,@majoaranguiz2667,WOW💯🔥,0
TNX,4C7xGubTL90,2022-05-17T09:03:00Z,@grimreapersno1distributor,Yessssss,1
TNX,4C7xGubTL90,2022-05-17T09:02:59Z,@phinerly9301,OMG,0
TNX,4C7xGubTL90,2022-05-17T09:02:59Z,@mw8278,ooooo 🔥,0
TNX,4C7xGubTL90,2022-05-17T09:02:58Z,@jmnnlvr519,"CONGRATULATIONS BOYS IM BEYOND PROUD OF U GUYS , I&#39;VE BEEN WITH YOU GUYS SINCE DAY ONE AND I KNOW THE STRUGGLES BETWEEN YOU GUYS TO REACH AT THIS LEVEL ,, LOVE YOU GUYS SOOO MUCHHHH HWAITINGG !! WILL FOREVER SUPPORT YALL  ❤️",0
TNX,4C7xGubTL90,2022-05-17T09:02:58Z,@4utwo,😭😭😭😭😭❤️❤️❤️🔥🔥🔥🔥🔥,0
TNX,4C7xGubTL90,2022-05-17T09:02:58Z,@heedeubeom,OMG THEY SLAYED,0
TNX,4C7xGubTL90,2022-05-17T09:02:58Z,@sarasullamita3713,"Guys, for sure we are very happy about the debut, thank you for working hard ❤️ . We will also work hard to let the world know them ❤️❤️<br> A 사랑해요 Brazilian version for you <br>EU TE AMO  ❤️",1
TNX,4C7xGubTL90,2022-05-17T09:02:57Z,@w.haruto_04,FINALY TNX DEBUT😭🖤,0
TNX,4C7xGubTL90,2022-05-17T09:02:57Z,@labiblidelaura3085,AMAZING 🙏,0
TNX,4C7xGubTL90,2022-05-17T09:02:56Z,@rheezab,stan tnx!!,0
TNX,4C7xGubTL90,2022-05-17T09:02:56Z,@yoonhan1942,TNX,0
TNX,4C7xGubTL90,2022-05-17T09:02:55Z,@PinkLadybug52243,I am IN LOVE!!! This song is so vibey omg,3
TNX,4C7xGubTL90,2022-05-17T09:02:55Z,@Sunnnwoozzz,Ayyyy.... HWIIII DRIVE ME CRAZY,0
TNX,4C7xGubTL90,2022-05-17T09:02:54Z,@hithxx,I&#39;VE BEEN STANNING THEM FROM THE VERY BEGINNING. SO PROUD OF THEM. THEY WILL SURELY GROW BIGGER!!,10
TNX,4C7xGubTL90,2022-05-17T09:02:53Z,@keijuuyeon572,WE WAITED FOR MONTHS!!! CONGRATS ON YOUR DEBUT TNX!!!,22
TNX,4C7xGubTL90,2022-05-17T09:02:53Z,@Sgummi,they are so cool,0
TNX,4C7xGubTL90,2022-05-17T09:02:52Z,@safaloka.g4978,OMG I can&#39;t 😭<br>it&#39;s more than cool❤,1
TNX,4C7xGubTL90,2022-05-17T09:02:52Z,@zxnzxn,Omg?!!,0
TNX,4C7xGubTL90,2022-05-17T09:02:52Z,@ditaagustin8195,BANGGA BANGT SAMA KALIANN,2
TNX,4C7xGubTL90,2022-05-17T09:02:52Z,@finazz,AAAAAAAAAAAWWWWWWA,0
TNX,4C7xGubTL90,2022-05-17T09:02:51Z,@apriliahafka4705,gue mau nangis tapi bingung,0
TNX,4C7xGubTL90,2022-05-17T09:02:51Z,@dianacielo7015,"Wow 🖤🖤🖤🥺🥺  Están increíbles, que geniales se ven 🖤🖤🖤",0
TNX,4C7xGubTL90,2022-05-17T09:02:50Z,@sedraattieh,حلوة حبيت,1
TNX,4C7xGubTL90,2022-05-17T09:02:49Z,@nainakoo,THE RAP IS SO GOOD OMG,2
TNX,4C7xGubTL90,2022-05-17T09:02:49Z,@cintarenata8503,KECEE,0
TNX,4C7xGubTL90,2022-05-17T09:02:49Z,@nadyadewi8168,FINALLY 😭💗,1
TNX,4C7xGubTL90,2022-05-17T09:02:48Z,@sunflower-vo6nb,happy debut day my boys &lt;3,2
TNX,4C7xGubTL90,2022-05-17T09:02:47Z,@nnd4159,"GATAU, INI KEREN BANGET POKOKNYA T.T",0
TNX,4C7xGubTL90,2022-05-17T09:02:47Z,@mintchocochicken3239,Oooooo the beat drop,0
TNX,4C7xGubTL90,2022-05-17T09:02:46Z,@tnx226,مقددرررر,0
TNX,4C7xGubTL90,2022-05-17T09:02:46Z,@putrimeciislamiah9388,Ini terlalu keren. Hati ku tidak berhenti bergetar,0
TNX,4C7xGubTL90,2022-05-17T09:02:46Z,@Ms.babiduuu,THE SONG IS AMAZING,1
TNX,4C7xGubTL90,2022-05-17T09:02:46Z,@yatts.,ROTY !!!!,0
TNX,4C7xGubTL90,2022-05-17T09:02:45Z,@nadyafauziah3074,i love you,0
TNX,4C7xGubTL90,2022-05-17T09:02:45Z,@kweeen05,Waaaaaaah!! Finallyyyyy!!😭,0
TNX,4C7xGubTL90,2022-05-17T09:02:45Z,@marieanne3718,CONGRATULATION TNX FOR THE DEBUT!! The song is so addictive and sooo goodddd. TNX FIGHTING!,2
TNX,4C7xGubTL90,2022-05-17T09:02:45Z,@김선우나랑결혼해줘,TNX LETS GOOO,0
TNX,4C7xGubTL90,2022-05-17T09:02:45Z,@blueekarinn,HUAAQAAAAAAAA AKHIRNYAAAA,0
TNX,4C7xGubTL90,2022-05-17T09:02:44Z,@teeessailo,Mega awesome,0
TNX,4C7xGubTL90,2022-05-17T09:02:44Z,@최의연인,THIS IS VERY GOOD,0
TNX,4C7xGubTL90,2022-05-17T09:02:44Z,@ditaagustin8195,HWI SAYANG KUU,1
TNX,4C7xGubTL90,2022-05-17T09:02:44Z,@nurulfuadis6390,Congrats guys ....,0
TNX,4C7xGubTL90,2022-05-17T09:02:43Z,@an-yx1sb,FULL OF 6 TALENTED AND HANDSOME BOYS❤,0
TNX,4C7xGubTL90,2022-05-17T09:02:43Z,@aintirah1926,They did it !!!,0
TNX,4C7xGubTL90,2022-05-17T09:02:42Z,@matildematias4119,THIS DEBUT IS FLAWLESS WOW😭,0
TNX,4C7xGubTL90,2022-05-17T09:02:42Z,@Sgummi,Tnx top 🔝,0
TNX,4C7xGubTL90,2022-05-17T09:02:42Z,@amia52,Omg I can&#39;t,0
TNX,4C7xGubTL90,2022-05-17T09:02:42Z,@newjeans3483,The best debut song ever !!!,0
TNX,4C7xGubTL90,2022-05-17T09:02:41Z,@tnx226,ابكييييي,0
TNX,4C7xGubTL90,2022-05-17T09:02:41Z,@min-pu6tq,EVERYONE GET OUT OF THEIR WAY THEY&#39;RE READY TO DOMINATE KPOP&lt;(￣︶￣)&gt;,0
TNX,4C7xGubTL90,2022-05-17T09:02:41Z,@saharnaseriii,ahhhh hwis rapp✨✨✨✨,0
TNX,4C7xGubTL90,2022-05-17T09:02:41Z,@houdazaanouni9437,Tnx ♡♡,0
TNX,4C7xGubTL90,2022-05-17T09:02:41Z,@KEICHUCOLATE,We all did well after waiting for almost a year. Thank you for this amazing debut TNX and the whole Pnation staffs who have obviously worked so hard. Looking forward for this nice treatment from Pnation. &lt;3,9
TNX,4C7xGubTL90,2022-05-17T09:02:40Z,@vaishnavichiddarwar8790,Omoooooo fall in love at first sight 😍,1
TNX,4C7xGubTL90,2022-05-17T09:02:40Z,@Yyoungchen,Finally Woahhhhh they are soo good..... Proud of them .....,0
TNX,4C7xGubTL90,2022-05-17T09:02:40Z,@lianmin3328,The first boy group in PNation<br>Congratulations boys 🎉🎉🔥😭❤️,0
TNX,4C7xGubTL90,2022-05-17T09:02:40Z,@ttaegyuuu,LOVING THE DEBUT!❤️,0
TNX,4C7xGubTL90,2022-05-17T09:02:39Z,@sourresse,♡♡♡♡♡♡,0
TNX,4C7xGubTL90,2022-05-17T09:02:39Z,@leefelixp1161,It’s gooood,0
TNX,4C7xGubTL90,2022-05-17T09:02:38Z,@Sabig_ibad,WELCOME BESTIEEE,1
TNX,4C7xGubTL90,2022-05-17T09:02:38Z,@brycebalgos5999,seated for tnx,0
TNX,4C7xGubTL90,2022-05-17T09:02:37Z,@laurencelauraya2724,LET&#39;SSSGET ITTT,0
TNX,4C7xGubTL90,2022-05-17T09:02:36Z,@larissaneri7,MY BABIES😭😭😭😭,0
TNX,4C7xGubTL90,2022-05-17T09:02:36Z,@lilith2493,デビューおめでとう⸜❤︎⸝,1
TNX,4C7xGubTL90,2022-05-17T09:02:36Z,@Song-co4zv,우경준 사랑해요 ♡ 데뷔 축하해요 !!,2
TNX,4C7xGubTL90,2022-05-17T09:02:35Z,@Leondcra,Podre decir que estuve en el debut de tnx,0
TNX,4C7xGubTL90,2022-05-17T09:02:35Z,@dimaalnuaimi8346,I——❤️🤭😨😨😭😨👍❤️👍❤️👍,1
TNX,4C7xGubTL90,2022-05-17T09:02:35Z,@tnx226,يجنننننن ببكيييي,0
TNX,4C7xGubTL90,2022-05-17T09:02:35Z,@최의연인,OMG,0
TNX,4C7xGubTL90,2022-05-17T09:02:34Z,@lxvenderlxtte,the beats r ❤‍🔥,3
TNX,4C7xGubTL90,2022-05-17T09:02:34Z,@zulfalailatulmuachirin5774,Akhirnya mereka debut huhuuu,0
TNX,4C7xGubTL90,2022-05-17T09:02:34Z,@_plasticlovers_26,<b>FINALLY FINALLY THE WAIT IS OVER</b>,0
TNX,4C7xGubTL90,2022-05-17T09:02:34Z,@dewyaprilia7268,FINALLY!!!!!!!,0
TNX,4C7xGubTL90,2022-05-17T09:02:33Z,@layla6402,i’m crying plsss,0
TNX,4C7xGubTL90,2022-05-17T09:02:32Z,@nadyafauziah3074,"omg, i&#39;m so excited",0
TNX,4C7xGubTL90,2022-05-17T09:02:32Z,@yxshxxii9267,FINALLY😭😭😭😭,0
TNX,4C7xGubTL90,2022-05-17T09:02:32Z,@strawberrymunn,the next rookie sih ini,1
TNX,4C7xGubTL90,2022-05-17T09:02:32Z,@pixxievision,YOOOOOO TNX 🔥🔥🔥🔥🔥,0
TNX,4C7xGubTL90,2022-05-17T09:02:31Z,@enjinnie9279,remember me i support them from the start ;)...fighting TNX for successful debut and future comebacks,0
TNX,4C7xGubTL90,2022-05-17T09:02:30Z,@RyneCaldi,The future of kpop!!!,1
TNX,4C7xGubTL90,2022-05-17T09:02:30Z,@최의연인,GOD,0
TNX,4C7xGubTL90,2022-05-17T09:02:29Z,@larissaneri7,FINALMENTEEEE,0
TNX,4C7xGubTL90,2022-05-17T09:02:28Z,@kimiapaktab7578,👌🥳,0
TNX,4C7xGubTL90,2022-05-17T09:02:28Z,@hjg_12,That&#39;s amazing 🧡,0
TNX,4C7xGubTL90,2022-05-17T09:02:28Z,@lestay9907,so lit,0
TNX,4C7xGubTL90,2022-05-17T09:02:28Z,@Y_t4,Aaaaa I&#39;ve been waiting for so long 🤧 finally 🥺,0
TNX,4C7xGubTL90,2022-05-17T09:02:27Z,@melannie4637,OMG YEEEESSSSSSSSSS,0
TNX,4C7xGubTL90,2022-05-17T09:02:27Z,@yeojaofficial5087,Best Album,1
TNX,4C7xGubTL90,2022-05-17T09:02:27Z,@novitiaa,AYO SEMANGAT STREAMING!!!,0
TNX,4C7xGubTL90,2022-05-17T09:02:27Z,@flornamjkl,BOP !! &lt;3,0
TNX,4C7xGubTL90,2022-05-17T09:02:25Z,@felixherrycardo3469,SO AMAZING TNX,0
TNX,4C7xGubTL90,2022-05-17T09:02:25Z,@alexreyes3023,DEBUT IS PERFECT!!,0
TNX,4C7xGubTL90,2022-05-17T09:02:24Z,@Jam-cs4th,Let’s do this!!! TNX is going to make it WAY UP!!!,0
TNX,4C7xGubTL90,2022-05-17T09:02:24Z,@marumara4914,ออมอดีมากกกกกกกกกกกกกกกกกกกกกกกกกกกกกกกกกกกกกกกกกกกกกกกกกกกกกก,0
TNX,4C7xGubTL90,2022-05-17T09:02:24Z,@mintchoco_s,This song is bop,0
TNX,4C7xGubTL90,2022-05-17T09:02:24Z,@mintchocochicken3239,Nothing! Just our boys killing it!,0
TNX,4C7xGubTL90,2022-05-17T09:02:24Z,@tubatulife,WYAHAISJAI OMGGGG,0
TNX,4C7xGubTL90,2022-05-17T09:02:23Z,@naylaazzahra9248,really touched,0
TNX,4C7xGubTL90,2022-05-17T09:02:23Z,@meiganda5754,CONGRATULATIONS TNX FOR YOUR SUCCESSFUL DEBUT!,0
TNX,4C7xGubTL90,2022-05-17T09:02:22Z,@evieflynn233,Guys this is so cool omg,1
TNX,4C7xGubTL90,2022-05-17T09:02:22Z,@kathakwithunnati,Omg I am so happy that they finally debuted!!!! Proud to be a tnx Stan from INDIA🇮🇳🇮🇳🇮🇳,3
TNX,4C7xGubTL90,2022-05-17T09:02:22Z,@juliediagmel8613,WHAAAAA,0
TNX,4C7xGubTL90,2022-05-17T09:02:22Z,@putrimeciislamiah9388,Keren banget,0
TNX,4C7xGubTL90,2022-05-17T09:02:22Z,@joanvienmagmanlac9869,yeees mga mahal!!!,0
TNX,4C7xGubTL90,2022-05-17T09:02:21Z,@dimaalnuaimi8346,THIS IS SO GOOD ALL THIS WAITING WAS WORTH IT,14
TNX,4C7xGubTL90,2022-05-17T09:02:21Z,@cclea777,STR34MMMMM,0
TNX,4C7xGubTL90,2022-05-17T09:02:21Z,@mariachristylanciola3092,Wahhhhhhhhhhhhhh❤️❤️,0
TNX,4C7xGubTL90,2022-05-17T09:02:21Z,@kimiapaktab7578,Omg💪❤️,0
TNX,4C7xGubTL90,2022-05-17T09:02:21Z,@tzuwiee,DANNGGG,0
TNX,4C7xGubTL90,2022-05-17T09:02:21Z,@oshjwwml2397,CONGRATULATIONS boysss😭😭🥺,0
TNX,4C7xGubTL90,2022-05-17T09:02:20Z,@slayeveryday,4TH GEN ICONS!!!,0
TNX,4C7xGubTL90,2022-05-17T09:02:20Z,@Marie-dx1ur,OMHYGOSHHHH.... THE START OF YOUR JOURNEY BEGINS NOW... IM ALWAYS ROOTING FOR YALL...YOUR HARDWORK IS FINALLY HERE...MOVEE EVERYBODYYY THEYRE HEREE!!!! Just so excited sorrey!,0
TNX,4C7xGubTL90,2022-05-17T09:02:20Z,@RyneCaldi,Go boys!!!,0
TNX,4C7xGubTL90,2022-05-17T09:02:20Z,@vivivii286,They have Great Visuals Great Talents,0
TNX,4C7xGubTL90,2022-05-17T09:02:20Z,@layla6402,it’s happening,0
TNX,4C7xGubTL90,2022-05-17T09:02:20Z,@hdd982,FINALLYYYY😭🔥🔥,0
TNX,4C7xGubTL90,2022-05-17T09:02:19Z,@kaychwita,IM BEYOND PROUD OF THEM !! THIS IS THEIR MOMENT 😭😭🦖,9
TNX,4C7xGubTL90,2022-05-17T09:02:19Z,@cheixxgei_,los amo mucho,0
TNX,4C7xGubTL90,2022-05-17T09:02:19Z,@nadyadewi8168,OMG 😻😻😻😻,0
TNX,4C7xGubTL90,2022-05-17T09:02:19Z,@Sunnnwoozzz,I&#39;m just stan Hwi but it&#39;s really hard to ignore the others,0
TNX,4C7xGubTL90,2022-05-17T09:02:19Z,@catrinasulit2549,"it&#39;s so addicting, what should i do?!!!",1
TNX,4C7xGubTL90,2022-05-17T09:02:19Z,@val7450,WHY ARE THEY GROWLING SO MUCH?????,0
TNX,4C7xGubTL90,2022-05-17T09:02:18Z,@eriscadini1582,CONGRATS ON YOUR DEBUT!!!!,0
TNX,4C7xGubTL90,2022-05-17T09:02:18Z,@yunseo2209,Amazing &lt;33,0
TNX,4C7xGubTL90,2022-05-17T09:02:17Z,@napollleee,OMGGGGGGGG DHISISUSISIS,0
TNX,4C7xGubTL90,2022-05-17T09:02:17Z,@xian223,POR FIN LLEGÓ EL DÍA 🤧❤️🔥,0
TNX,4C7xGubTL90,2022-05-17T09:02:17Z,@zulfalailatulmuachirin5774,Arghhhhhh,0
TNX,4C7xGubTL90,2022-05-17T09:02:17Z,@eunhwiiipogiii6052,Oh my goshhhhh TNX is finally here !,0
TNX,4C7xGubTL90,2022-05-17T09:02:17Z,@yllwblue8602,congrats on the debut TNX!!❤️‍🔥❤️‍🔥❤️‍🔥❤️‍🔥❤️‍🔥,0
TNX,4C7xGubTL90,2022-05-17T09:02:16Z,@ayesssie,HUHU FINALLY DEBUT MV EMDHDND,0
TNX,4C7xGubTL90,2022-05-17T09:02:16Z,@sedraattieh,Wow it is amazing I&#39;m so proud of them,1
TNX,4C7xGubTL90,2022-05-17T09:02:16Z,@chaeeunprk440,휘야 사랑해😭,0
TNX,4C7xGubTL90,2022-05-17T09:02:16Z,@deadeasijeunii4457,woahhhh,0
TNX,4C7xGubTL90,2022-05-17T09:02:16Z,@darieluvuuu6428,мои мальчики наконец-то дебютировали 😭💗 какие они шикарные,1
TNX,4C7xGubTL90,2022-05-17T09:02:15Z,@_yawnn_ziee,THE BEST DEBUT OF 2022,0
TNX,4C7xGubTL90,2022-05-17T09:02:15Z,@laela7398,YEAYY FINNALY!,0
TNX,4C7xGubTL90,2022-05-17T09:02:15Z,@fushisawa,king 👑,0
TNX,4C7xGubTL90,2022-05-17T09:02:14Z,@voiceofreality1175,Wow,0
TNX,4C7xGubTL90,2022-05-17T09:02:14Z,@salwarizkyaulia4247,Luv them,0
TNX,4C7xGubTL90,2022-05-17T09:02:14Z,@zyli8512,Congratulations on your DEBUT!,0
TNX,4C7xGubTL90,2022-05-17T09:02:14Z,@ohjsu5101,OH MY GOD 😍🥺❤🔥,1
TNX,4C7xGubTL90,2022-05-17T09:02:13Z,@evieflynn233,Pre debut stans rise !!!,1
TNX,4C7xGubTL90,2022-05-17T09:02:13Z,@norsopheanajiha9722,AAAAAAAAAAAAAAAA,0
TNX,4C7xGubTL90,2022-05-17T09:02:13Z,@ditaagustin8195,COWOK COWOK GW AKKK,1
TNX,4C7xGubTL90,2022-05-17T09:02:13Z,@newjeans3483,Everything&#39;s is just perfects omg,0
TNX,4C7xGubTL90,2022-05-17T09:02:13Z,@cheixxgei_,estoy tan orgullosa,0
TNX,4C7xGubTL90,2022-05-17T09:02:12Z,@palmyachiika,กี้ดดดดด,0
TNX,4C7xGubTL90,2022-05-17T09:02:12Z,@Dxxnn-bj4od,APENAS EMPEZO Y YA ME ENCANTÓ,0
TNX,4C7xGubTL90,2022-05-17T09:02:12Z,@dakgaeulbi,AAAAAA IT&#39;S HEREEEE,0
TNX,4C7xGubTL90,2022-05-17T09:02:11Z,@shivaardina,Best MV 🥺,1
TNX,4C7xGubTL90,2022-05-17T09:02:11Z,@citrasuciramadanti7678,FINALLY!!!!! I LOVE U GUYS,0
TNX,4C7xGubTL90,2022-05-17T09:02:11Z,@user-po2jq1hg6m,Wowwww,0
TNX,4C7xGubTL90,2022-05-17T09:02:11Z,@cclea777,THEIR TALENT OH GOD,0
TNX,4C7xGubTL90,2022-05-17T09:02:10Z,@oliveslilou_6180,"finally your debut,congrats ✨",0
TNX,4C7xGubTL90,2022-05-17T09:02:10Z,@saharnaseriii,this is a bop,0
TNX,4C7xGubTL90,2022-05-17T09:02:10Z,@warriorforever4030,Tnx,0
TNX,4C7xGubTL90,2022-05-17T09:02:10Z,@ainasofiyaahmadfauzi4703,TNX LET’S GO !!!!!!!,0
TNX,4C7xGubTL90,2022-05-17T09:02:09Z,@juskylll,😭😭😭😭😭😭🤍🤍🤍🤍🤍🤍🤍🤍🤍🤍🤍🤍🤍🤍🤍🤍🫶🏼🫶🏼🫶🏼🫶🏼🫶🏼🫶🏼🫶🏼🫶🏼🫶🏼🫶🏼❤️‍🔥❤️‍🔥❤️‍🔥❤️‍🔥❤️‍🔥❤️‍🔥❤️‍🔥❤️‍🔥❤️‍🔥❤️‍🔥❤️‍🔥,0
TNX,4C7xGubTL90,2022-05-17T09:02:09Z,@fluffyb3rry861,SO FREAKING GOOD 😭😭💓💓💓,1
TNX,4C7xGubTL90,2022-05-17T09:02:08Z,@andisalsabila6066,WUUUU FINALLYYYYY YEYYEYEYEY,0
TNX,4C7xGubTL90,2022-05-17T09:02:08Z,@แมวน้ําแมวน้ํา-ผ6ธ,โหหหดีมากกก,0
TNX,4C7xGubTL90,2022-05-17T09:02:08Z,@nadiahusna9120,YOU GUYS DID SO WELL I LOVE YOU GUYS SO MUCH !!!!,1
TNX,4C7xGubTL90,2022-05-17T09:02:08Z,@creamysr,OMG!!!,0
TNX,4C7xGubTL90,2022-05-17T09:02:07Z,@claeriio,WAIT KYUNGJUNS DEEP VOICE?!😳,1
TNX,4C7xGubTL90,2022-05-17T09:02:06Z,@cheixxgei_,"me re gustan, basta",0
TNX,4C7xGubTL90,2022-05-17T09:02:06Z,@tzuwiee,&lt;3,0
TNX,4C7xGubTL90,2022-05-17T09:02:05Z,@user-w4lsvho0524p,TNX IS COMING FOR ROTY 2022,0
TNX,4C7xGubTL90,2022-05-17T09:02:05Z,@delfwqr,SUPERIOR,1
TNX,4C7xGubTL90,2022-05-17T09:02:05Z,@sanctuairy,very proud of you!,1
TNX,4C7xGubTL90,2022-05-17T09:02:05Z,@filzazatalina6732,I&#39;M SO PROUD OF YOU GUYS. YO DID WELL🎉🎉🎉😭😭,1
TNX,4C7xGubTL90,2022-05-17T09:02:05Z,@an-yx1sb,FINALLY BOYSS😍😍,0
TNX,4C7xGubTL90,2022-05-17T09:02:04Z,@jiwjiw0652,AAAAAAAAAAAAAAAAAA,0
TNX,4C7xGubTL90,2022-05-17T09:02:04Z,@Sgummi,Omgg,0
TNX,4C7xGubTL90,2022-05-17T09:02:04Z,@nayoyi,YEYYYYYYY,0
TNX,4C7xGubTL90,2022-05-17T09:02:04Z,@Hawamalahaw,AAAAA AKHIRNYA DEBUT AYANGGGG AKU SEMUANYA T_T,0
TNX,4C7xGubTL90,2022-05-17T09:02:03Z,@zalapaotongkhamsub2662,TNX 🔥🔥🔥🔥🔥🔥,0
TNX,4C7xGubTL90,2022-05-17T09:02:03Z,@warriorforever4030,Их вокал это что-то,0
TNX,4C7xGubTL90,2022-05-17T09:02:03Z,@JkFira,Let&#39;s make more action💥🔥🔥🔥,0
TNX,4C7xGubTL90,2022-05-17T09:02:03Z,@jeyiicaca,C&#39;monnnn,0
TNX,4C7xGubTL90,2022-05-17T09:02:03Z,@limegirl9370,LET&#39;S GO TNX🔥,0
TNX,4C7xGubTL90,2022-05-17T09:02:03Z,@byeol_131,Go!TNX 🔥🔥,0
TNX,4C7xGubTL90,2022-05-17T09:02:02Z,@apr8296,TAEHUN❤️‍🔥❤️‍🔥❤️‍🔥,1
TNX,4C7xGubTL90,2022-05-17T09:02:02Z,@vaishnavichiddarwar8790,Most awaited debut......😍,1
TNX,4C7xGubTL90,2022-05-17T09:02:01Z,@anyiacunagarcia3445,Preciososs🇵🇪,0
TNX,4C7xGubTL90,2022-05-17T09:02:01Z,@matildematias4119,I&#39;VE BEEN THINKING ABOUT THESE TWO FANDOM NAMES: INFINITIES (cause they are THE NEW SIX but the fandom will not stop growing on number so we kinda can be called INFINITIES) or NEWIES (it&#39;s just a cute term from the word NEW 🥺).<br>Let me know what you think!!!!!!!<br>Share your ideas too!!!!!!,0
TNX,4C7xGubTL90,2022-05-17T09:02:01Z,@gunghosshii,🌺🌺🌺🌺🎉🎉🎉🎉🎉😀😀😀🐥🍑🐱👻🐿️🐻,0
TNX,4C7xGubTL90,2022-05-17T09:02:00Z,@sephiaangelina,omggt,0
TNX,4C7xGubTL90,2022-05-17T09:02:00Z,@tzuwiee,EYYYY,0
TNX,4C7xGubTL90,2022-05-17T09:02:00Z,@user-xn8mq8xp8x,MAMAMANAGSBWHSNW,0
TNX,4C7xGubTL90,2022-05-17T09:02:00Z,@keechrs6832,MY BOYS DEBUTEDDDD,0
TNX,4C7xGubTL90,2022-05-17T09:01:59Z,@kinokyu8171,Babies,0
TNX,4C7xGubTL90,2022-05-17T09:01:59Z,@naegabyeonhae8193,WOYYYY!!!!,0
TNX,4C7xGubTL90,2022-05-17T09:01:58Z,@inbllqs,Congratulations TNX ❤️❤️❤️,2
TNX,4C7xGubTL90,2022-05-17T09:01:57Z,@cclea777,BROOOOOO,0
TNX,4C7xGubTL90,2022-05-17T09:01:57Z,@ssuminniee,TNX IS FINALLY DEBUT!!!!! 😭😭😭😭😭 I&#39;M A PROUD PREDEBUT STAN 🔥🔥,1
TNX,4C7xGubTL90,2022-05-17T09:01:57Z,@taianna-i,One of the best debuts ever),1
TNX,4C7xGubTL90,2022-05-17T09:01:57Z,@kaMEKAAA,LAGUNYA CANDU,0
TNX,4C7xGubTL90,2022-05-17T09:01:57Z,@DNconcepcion,yan ang mga bebu ko !,0
TNX,4C7xGubTL90,2022-05-17T09:01:57Z,@larissastuart5698,Move❤❤,0
TNX,4C7xGubTL90,2022-05-17T09:01:56Z,@mony6645,I&#39;m here since debute for the first time ..to those from the future plz mention me later,1
TNX,4C7xGubTL90,2022-05-17T09:01:56Z,@janejacques5444,😍!,0
TNX,4C7xGubTL90,2022-05-17T09:01:56Z,@yhj9990,와아 노래 너무 좋다!!<br>티엔엑스 대박 확실하네!!!<br>경준 태훈 현수 준혁 휘 성준<br>화이팅♡♡♡♡♡♡,0
TNX,4C7xGubTL90,2022-05-17T09:01:56Z,@chspjm280,EUNHWI YAA,0
TNX,4C7xGubTL90,2022-05-17T09:01:56Z,@shivaardina,THANK YOU FOR YOUR HARDWORK,1
TNX,4C7xGubTL90,2022-05-17T09:01:55Z,@_yawnn_ziee,ARE ICONIC,0
TNX,4C7xGubTL90,2022-05-17T09:01:55Z,@user-xn8mq8xp8x,YEAAAAY,0
TNX,4C7xGubTL90,2022-05-17T09:01:55Z,@nadxdzakira,YO THIS IS CRAZY,0
TNX,4C7xGubTL90,2022-05-17T09:01:55Z,@mintchoco_s,Officially debut now,0
TNX,4C7xGubTL90,2022-05-17T09:01:54Z,@8lowme8,FINALLY 😭❤️❤️❤️❤️,0
TNX,4C7xGubTL90,2022-05-17T09:01:54Z,@tnx226,I can&#39;tttt,0
TNX,4C7xGubTL90,2022-05-17T09:01:53Z,@tzuwiee,TNX WOAAAAAH,0
TNX,4C7xGubTL90,2022-05-17T09:01:52Z,@anyiacunagarcia3445,Los amooo,0
TNX,4C7xGubTL90,2022-05-17T09:01:52Z,@ffrncscaaa,FINALLYYYY,0
TNX,4C7xGubTL90,2022-05-17T09:01:52Z,@kpotato6080,MARK MY WORDS! TNX WILL BE BIG! 🔥🤞,0
TNX,4C7xGubTL90,2022-05-17T09:01:51Z,@khushi8130,Can&#39;t believe they&#39;ve finally debuted T_T<br>I&#39;m so proud of you boys 💕,22
TNX,4C7xGubTL90,2022-05-17T09:01:51Z,@warriorforever4030,Они моего возраста,0
TNX,4C7xGubTL90,2022-05-17T09:01:51Z,@jh.0013,this song is really good,0
TNX,4C7xGubTL90,2022-05-17T09:01:51Z,@loeyuniverse61,FINALLY!!! CONGRATS TNX❤️ you guys officially debuted❤️,0
TNX,4C7xGubTL90,2022-05-17T09:01:50Z,@床-n1j,え？めちゃくちゃええやん愛,0
TNX,4C7xGubTL90,2022-05-17T09:01:50Z,@byeol_131,🔥🔥🔥,0
TNX,4C7xGubTL90,2022-05-17T09:01:50Z,@jayyj3297,우왕,0
TNX,4C7xGubTL90,2022-05-17T09:01:50Z,@marjdian1124,FINALLY !!!!!!,0
TNX,4C7xGubTL90,2022-05-17T09:01:50Z,@kpop_leedo,I love u guys!!,0
TNX,4C7xGubTL90,2022-05-17T09:01:49Z,@Dxxnn-bj4od,OMG,0
TNX,4C7xGubTL90,2022-05-17T09:01:49Z,@bestboyhyunsoo,YESSS SLAY,0
TNX,4C7xGubTL90,2022-05-17T09:01:49Z,@zalapaotongkhamsub2662,🏁🏁🏁🏁🏁🏁,0
TNX,4C7xGubTL90,2022-05-17T09:01:48Z,@annie9752,Finally!!!!!,0
TNX,4C7xGubTL90,2022-05-17T09:01:48Z,@tnx226,Cryinggggg,0
TNX,4C7xGubTL90,2022-05-17T09:01:48Z,@hee_is_seung,IM SO PROUD OF THESE BOYS YOU GUYS ARE GONNA SHOW EVERYONE WHAT UR MADE OF,19
TNX,4C7xGubTL90,2022-05-17T09:01:48Z,@nideeeeeen,YESSSSS BESTIE,0
TNX,4C7xGubTL90,2022-05-17T09:01:48Z,@kiaaa5696,OMGGGG 🤧🤧,0
TNX,4C7xGubTL90,2022-05-17T09:01:47Z,@zuzuzuzu3050,พุมจัยนะคับ,0
TNX,4C7xGubTL90,2022-05-17T09:01:47Z,@nadiahusna9120,GOOD JOB BOYS 😭😭😭😭,0
TNX,4C7xGubTL90,2022-05-17T09:01:47Z,@f_ina_01,デビューおめでとう!!,0
TNX,4C7xGubTL90,2022-05-17T09:01:47Z,@indiancarateume9980,Finally our boys debuted &lt;3 n Pnation giving them all yes TT ( missing Koki sm :&quot;),0
TNX,4C7xGubTL90,2022-05-17T09:01:47Z,@parisanorouzi6848,Omooooooooo😭😭😭😭😭,0
TNX,4C7xGubTL90,2022-05-17T09:01:47Z,@limegirl9370,THIS IS A BOP🔥,0
TNX,4C7xGubTL90,2022-05-17T09:01:47Z,@minsungchanz,setting the standards HIGHHH,0
TNX,4C7xGubTL90,2022-05-17T09:01:46Z,@inan8teez906,LET&#39;S GO TNX!!!,0
TNX,4C7xGubTL90,2022-05-17T09:01:46Z,@nazwanuraeni2564,Aaaaaaa ganteng,0
TNX,4C7xGubTL90,2022-05-17T09:01:46Z,@mintchocochicken3239,We gonna make it louder,0
TNX,4C7xGubTL90,2022-05-17T09:01:45Z,@treasuremaknaezthing,omg bikyeora kajja,0
TNX,4C7xGubTL90,2022-05-17T09:01:45Z,@liaa7402,Bener-bener bikin speechless,1
TNX,4C7xGubTL90,2022-05-17T09:01:45Z,@Jcm_kyu,모두 데뷔 축하합니다.  정말 기다리고 있어요 이 날이 드디어 와요!!!!!,0
TNX,4C7xGubTL90,2022-05-17T09:01:44Z,@frenchiesausage2864,HWI IDK IM SO PROUD OF YOU,0
TNX,4C7xGubTL90,2022-05-17T09:01:44Z,@emmahallac6344,SLAAAAAY,0
TNX,4C7xGubTL90,2022-05-17T09:01:44Z,@그냥팬-j2g,PLOUDERS TO TNX!!♡ CONGRATS MY BABIES♡,0
TNX,4C7xGubTL90,2022-05-17T09:01:44Z,@shivaardina,SELAMAT BUAT DEBUT NYA,0
TNX,4C7xGubTL90,2022-05-17T09:01:44Z,@alyaaurellia3219,AAA FINALLY<br>SO PROUD OF U GUYS! LUV,0
TNX,4C7xGubTL90,2022-05-17T09:01:44Z,@warriorforever4030,Лучшие,0
TNX,4C7xGubTL90,2022-05-17T09:01:44Z,@onlyyou5004,Al fin con un grupo desde su debut,0
TNX,4C7xGubTL90,2022-05-17T09:01:43Z,@tteokuno,CONGRATS ON YOUR DEBUT !! &lt;3,0
TNX,4C7xGubTL90,2022-05-17T09:01:43Z,@fatimas.5025,YASSSSSSD LETS GOO MOVE!!,0
TNX,4C7xGubTL90,2022-05-17T09:01:43Z,@Underview.,امقققققق,0
TNX,4C7xGubTL90,2022-05-17T09:01:43Z,@Sarah-fs2qo,YASSSS,0
TNX,4C7xGubTL90,2022-05-17T09:01:42Z,@sanctuairy,AAAAAAA IM SCREAMING😭😭😭,1
TNX,4C7xGubTL90,2022-05-17T09:01:42Z,@claeriio,JUNHYEOKS VOCALS😭😭😭😭,0
TNX,4C7xGubTL90,2022-05-17T09:01:42Z,@saharnaseriii,no words can explain this masterpiece like i was waiting for this so badly ever since loud,35
TNX,4C7xGubTL90,2022-05-17T09:01:42Z,@Ms.babiduuu,CONGRATULATIONS,1
TNX,4C7xGubTL90,2022-05-17T09:01:42Z,@WATネ,Omg,0
TNX,4C7xGubTL90,2022-05-17T09:01:41Z,@irenic5996,OMG,0
TNX,4C7xGubTL90,2022-05-17T09:01:41Z,@HAN-u5h7o,First,0
TNX,4C7xGubTL90,2022-05-17T09:01:41Z,@nauraalyaaar2131,WIHHHHH DEBUT NIII,0
TNX,4C7xGubTL90,2022-05-17T09:01:40Z,@hae6227,YESHHH,0
TNX,4C7xGubTL90,2022-05-17T09:01:40Z,@dibo7674,BOP,0
TNX,4C7xGubTL90,2022-05-17T09:01:40Z,@yasiateez6630,Perfect,0
TNX,4C7xGubTL90,2022-05-17T09:01:40Z,@ara_diary4941,Wowwwwwww!!!! Let&#39;s go go go way up up up!!!!!!😍😍😍😍,0
TNX,4C7xGubTL90,2022-05-17T09:01:40Z,@aibu5296,แฟนคลับจากไทย🇹🇭,1
TNX,4C7xGubTL90,2022-05-17T09:01:39Z,@felloniefeveny6987,😍😍😍😍😍😍😍😍,0
TNX,4C7xGubTL90,2022-05-17T09:01:39Z,@warriorforever4030,I love you so much,0
TNX,4C7xGubTL90,2022-05-17T09:01:39Z,@_yawnn_ziee,THIS IS AMAZING,1
TNX,4C7xGubTL90,2022-05-17T09:01:39Z,@styrin9712,FIGHTING Y&#39;ALL🔥🔥🔥🔥🔥,2
TNX,4C7xGubTL90,2022-05-17T09:01:39Z,@yatta_puppy,경주나…데뷔축하해… 🎉💗,0
TNX,4C7xGubTL90,2022-05-17T09:01:39Z,@henaoctv1304,헐....야 이거 넘 멋지네...♡,0
TNX,4C7xGubTL90,2022-05-17T09:01:38Z,@keylazahwasyabila8627,YEAYYYY,1
TNX,4C7xGubTL90,2022-05-17T09:01:38Z,@teeessailo,My boys so cool 💓,0
TNX,4C7xGubTL90,2022-05-17T09:01:38Z,@winv167,✨🥳🥳,0
TNX,4C7xGubTL90,2022-05-17T09:01:38Z,@f4iryjin26,😭 finally our boys are here,0
TNX,4C7xGubTL90,2022-05-17T09:01:38Z,@Alex-wx8bp,❤❤❤❤❤❤❤,0
TNX,4C7xGubTL90,2022-05-17T09:01:37Z,@cheixxgei_,no podía esperar menos,0
TNX,4C7xGubTL90,2022-05-17T09:01:37Z,@seansadie,Congratulations on your debut,0
TNX,4C7xGubTL90,2022-05-17T09:01:37Z,@marjdian1124,EYYYYY CONGRATULATIONS BBs,0
TNX,4C7xGubTL90,2022-05-17T09:01:37Z,@nahomykim6959,Me encanta ✌✌espere tanto para este debut 💖,4
TNX,4C7xGubTL90,2022-05-17T09:01:37Z,@sunoocute1323,"LOS AMOOO, ESPERÉ TANTO TIEMPO SU DEBUT &lt;333",2
TNX,4C7xGubTL90,2022-05-17T09:01:37Z,@ChasteDragon,"Congratulations TNX (The New Six) To Debut <a href=""http://www.youtube.com/results?search_query=%23tnx"">#TNX</a>",0
TNX,4C7xGubTL90,2022-05-17T09:01:36Z,@nOomin_zh,Tremendo talento que se cargan,0
TNX,4C7xGubTL90,2022-05-17T09:01:36Z,@glowadd6124,Yaaa ku menunggu kalian,1
TNX,4C7xGubTL90,2022-05-17T09:01:36Z,@minsungchanz,literally so talented im so,2
TNX,4C7xGubTL90,2022-05-17T09:01:36Z,@nadiahusna9120,I’M SO PROUD OF YOU GUYS,13
TNX,4C7xGubTL90,2022-05-17T09:01:36Z,@alejandraguadalupemartinez5354,GO GO GO TNX,0
TNX,4C7xGubTL90,2022-05-17T09:01:35Z,@ateezatiny9926,가자,0
TNX,4C7xGubTL90,2022-05-17T09:01:35Z,@matchalatte.c,LET&#39;S GOOO,0
TNX,4C7xGubTL90,2022-05-17T09:01:35Z,@sachimabit5189,you should stan tnx,1
TNX,4C7xGubTL90,2022-05-17T09:01:34Z,@kathncla,YESSSS OMGGGGG,0
TNX,4C7xGubTL90,2022-05-17T09:01:34Z,@tzuwiee,OMGGGG,0
TNX,4C7xGubTL90,2022-05-17T09:01:34Z,@chacaarv27,OMG,0
TNX,4C7xGubTL90,2022-05-17T09:01:34Z,@tnx226,مفددردرظقع٧ثلبتنثخ٢هقهخفحصمؤنحقخبخب,0
TNX,4C7xGubTL90,2022-05-17T09:01:34Z,@maca9887,最高（ ;  ; ）♡,0
TNX,4C7xGubTL90,2022-05-17T09:01:33Z,@ditaagustin8195,GILAK GILAK GILAK LAGUNYAA,1
TNX,4C7xGubTL90,2022-05-17T09:01:33Z,@everywonuu,YAYAYYAYAYYAYA,0
TNX,4C7xGubTL90,2022-05-17T09:01:33Z,@sidousang4598,YASSSSSSSSS FINALLY,0
TNX,4C7xGubTL90,2022-05-17T09:01:33Z,@kpotato6080,LETS GO KINGS!,0
TNX,4C7xGubTL90,2022-05-17T09:01:33Z,@elzaivana9950,Huwaaaaa,1
TNX,4C7xGubTL90,2022-05-17T09:01:33Z,@lindare9476,congrats on your debut tnx!!!!!,0
TNX,4C7xGubTL90,2022-05-17T09:01:33Z,@fnykss,LETS GET IT BOYSSS,0
TNX,4C7xGubTL90,2022-05-17T09:01:33Z,@leebitevil,Me encanta que buen debut💕,1
TNX,4C7xGubTL90,2022-05-17T09:01:33Z,@rekhamaulidaa,im so proud of you guys!! you did well &lt;3,1
TNX,4C7xGubTL90,2022-05-17T09:01:32Z,@serlytriyana4631,dibuka oleh mas justin ok deh,0
TNX,4C7xGubTL90,2022-05-17T09:01:32Z,@zoza1284,Oh Finally tnx are the best,1
TNX,4C7xGubTL90,2022-05-17T09:01:31Z,@warriorforever4030,Голоса потрясающие,0
TNX,4C7xGubTL90,2022-05-17T09:01:31Z,@samanthaalvarado9055,Basta dios que emoción los re amo 🏃🏻‍♀️🦋,1
TNX,4C7xGubTL90,2022-05-17T09:01:31Z,@bbyjh1815,Aaaaaaaaaaa,0
TNX,4C7xGubTL90,2022-05-17T09:01:30Z,@tiney.7533,LET’S GOOO!!!,0
TNX,4C7xGubTL90,2022-05-17T09:01:30Z,@s_-xb1kf,Legends,1
TNX,4C7xGubTL90,2022-05-17T09:01:30Z,@andoryuu1185,OMG??????,0
TNX,4C7xGubTL90,2022-05-17T09:01:30Z,@safinakayyisah9553,"OMG THIS IS SO COOL, WHATTTT",0
TNX,4C7xGubTL90,2022-05-17T09:01:30Z,@shellsianabilami7711,CONGRATULATIONS ON YOUR DEBUTT💗💗💗,0
TNX,4C7xGubTL90,2022-05-17T09:01:30Z,@zellemanahan5303,BIKYEORA BUKYEOO,0
TNX,4C7xGubTL90,2022-05-17T09:01:29Z,@sedraattieh,واو واضح القوى,1
TNX,4C7xGubTL90,2022-05-17T09:01:29Z,@teeessailo,Best debut everrr,0
TNX,4C7xGubTL90,2022-05-17T09:01:29Z,@valeluvjeonnn,Podré faltar tarde a la escuela pero nunca tarde al debut de TNX,0
TNX,4C7xGubTL90,2022-05-17T09:01:28Z,@nennikoussani160,My babies rock it 🔥🔥🔥🔥,0
TNX,4C7xGubTL90,2022-05-17T09:01:28Z,@tnx226,ببكيييييي,0
TNX,4C7xGubTL90,2022-05-17T09:01:28Z,@abundoabigael9541,YAAAAAAASSSSSSS,0
TNX,4C7xGubTL90,2022-05-17T09:01:28Z,@hanieemochi6860,Meus meninos finalmente debutaram,0
TNX,4C7xGubTL90,2022-05-17T09:01:28Z,@l.o.v.e7195,We Pnation🥺🥺,0
TNX,4C7xGubTL90,2022-05-17T09:01:28Z,@치치-d1n,WE&#39;RE SO PROUD OF YOU GUYS❤,0
TNX,4C7xGubTL90,2022-05-17T09:01:28Z,@isabellasison7395,Im so proud being a pre-debut stan and I hope to be with them through their journey of being big and known.,3
TNX,4C7xGubTL90,2022-05-17T09:01:28Z,@NurAliyah_,❤❤❤,0
TNX,4C7xGubTL90,2022-05-17T09:01:27Z,@jannatulferdous._,my heartbeat is not okay<br>finally my boysssssssssssssssssss,0
TNX,4C7xGubTL90,2022-05-17T09:01:27Z,@rismawistiani614,Aaaaa finally debutt,1
TNX,4C7xGubTL90,2022-05-17T09:01:27Z,@cheixxgei_,los chicos se ven tan guapos,0
TNX,4C7xGubTL90,2022-05-17T09:01:27Z,@zahraaulia7194,AKHIRNYA KALIAN DEBUT T_T,0
TNX,4C7xGubTL90,2022-05-17T09:01:26Z,@ateezatiny9926,fighting my boys,0
TNX,4C7xGubTL90,2022-05-17T09:01:26Z,@val7450,TNX SOUNDS AMAZING I AM SO PROUD,0
TNX,4C7xGubTL90,2022-05-17T09:01:26Z,@nOomin_zh,Los amo,0
TNX,4C7xGubTL90,2022-05-17T09:01:26Z,@Kerusirebus,Here we goooo !!!,0
TNX,4C7xGubTL90,2022-05-17T09:01:26Z,@chelsealol9776,TNX ROTY,0
TNX,4C7xGubTL90,2022-05-17T09:01:26Z,@nadiahusna9120,OMG,0
TNX,4C7xGubTL90,2022-05-17T09:01:26Z,@parkyosi2797,❤️❤️❤️,0
TNX,4C7xGubTL90,2022-05-17T09:01:26Z,@muteber6908,Tnx welcome,0
TNX,4C7xGubTL90,2022-05-17T09:01:25Z,@juls8620,"Por fin, por fin pude llegar temprano a algo.",0
TNX,4C7xGubTL90,2022-05-17T09:01:25Z,@annss3319,WOOOWWW,0
TNX,4C7xGubTL90,2022-05-17T09:01:25Z,@Jneverbad,🔥🔥🔥M A S T E R P I E C E 🔥🔥🔥🔥👏👏,1
TNX,4C7xGubTL90,2022-05-17T09:01:25Z,@min-pu6tq,TNX OUR ROOKIE OF THE YEAR&lt;3,0
TNX,4C7xGubTL90,2022-05-17T09:01:24Z,@nadiya97,SCREAMING!!!!!! AAAAAAAAAAAAAAAA FINALLY MY BOYS DEBUT DAY! AAAAAAAAAAAAAAAA GOODLUCK,0
TNX,4C7xGubTL90,2022-05-17T09:01:24Z,@user-lq8xx8gb2s,🔥❤️,0
TNX,4C7xGubTL90,2022-05-17T09:01:24Z,@ohbabyboss6902,TAEHUNNN,0
TNX,4C7xGubTL90,2022-05-17T09:01:24Z,@catrinasulit2549,vocals and dance on point! love it,0
TNX,4C7xGubTL90,2022-05-17T09:01:24Z,@shivaardina,KEREN BANGETTT,0
TNX,4C7xGubTL90,2022-05-17T09:01:23Z,@chai18lover07,Their vocals ✨,1
TNX,4C7xGubTL90,2022-05-17T09:01:23Z,@lindare9476,lets goooo,0
TNX,4C7xGubTL90,2022-05-17T09:01:23Z,@un3hcorn,LET&#39;S GOOOOOOOOOOOOOOOOO,0
TNX,4C7xGubTL90,2022-05-17T09:01:23Z,@anethaselly,티엔엑스 가자아아아아아아아!!¡❤️❤️❤️❤️❤️,0
TNX,4C7xGubTL90,2022-05-17T09:01:22Z,@alejandraguadalupemartinez5354,Wooooooah que genial,0
TNX,4C7xGubTL90,2022-05-17T09:01:22Z,@yoonarlert7411,Don&#39;t use emoticons,0
TNX,4C7xGubTL90,2022-05-17T09:01:22Z,@jamilycosta8535,Eu esperei tanto por isso 😭😭😭😭,0
TNX,4C7xGubTL90,2022-05-17T09:01:22Z,@qkr_dbsdn,OMG!!!,0
TNX,4C7xGubTL90,2022-05-17T09:01:22Z,@zellemanahan5303,LEZGAUUURRR,0
TNX,4C7xGubTL90,2022-05-17T09:01:22Z,@an-yx1sb,YOOOO🔥🔥🔥,0
TNX,4C7xGubTL90,2022-05-17T09:01:21Z,@alwaysyourami,THIS IS SO GOOD WHAT,0
TNX,4C7xGubTL90,2022-05-17T09:01:21Z,@ankitabhuyan3510,Here since day 1. Since LOUD days. Proud of you boys. Congratulations on your debut. You all are under a good agency as well as sunbaes. Let&#39;s rise higher and higher from here.,14
TNX,4C7xGubTL90,2022-05-17T09:01:21Z,@HeyyyItsSarnik,AMAZING,0
TNX,4C7xGubTL90,2022-05-17T09:01:21Z,@t.dhritikeertana9091,TNX ARE HEREEEE TO DOMINATE AND SLAYYYY THEY LOOK SO GOOD AND THIS SONG IS SO CATCHY. LOVING IT.,10
TNX,4C7xGubTL90,2022-05-17T09:01:21Z,@theya4149,I&#39;M SO PROUD OF YOU BOYS😭❤️,0
TNX,4C7xGubTL90,2022-05-17T09:01:21Z,@teeessailo,I&#39;m so happy,0
TNX,4C7xGubTL90,2022-05-17T09:01:20Z,@emmahallac6344,early wow,0
TNX,4C7xGubTL90,2022-05-17T09:01:20Z,@kaneysss,Oh my goddddddddd love ittttttt,0
TNX,4C7xGubTL90,2022-05-17T09:01:20Z,@delfwqr,LOS AMO,1
TNX,4C7xGubTL90,2022-05-17T09:01:20Z,@parisanorouzi6848,Wowwwwwwwwwwwwwwwwwwww,0
TNX,4C7xGubTL90,2022-05-17T09:01:19Z,@nursyafiqah1193,aaaa everyone looks so goodddd,0
TNX,4C7xGubTL90,2022-05-17T09:01:19Z,@kitmonnyan3857,FINALLY 😭😭😭😭😭 LOVE YOU SO MUCH!!!!,0
TNX,4C7xGubTL90,2022-05-17T09:01:19Z,@naanaaheheh4818,FINALLY😭👍,0
TNX,4C7xGubTL90,2022-05-17T09:01:19Z,@bbyjh1815,Finallyyyyyy,0
TNX,4C7xGubTL90,2022-05-17T09:01:19Z,@apr8296,OMG CONGRATS ON YOUR DEBUT 🫶🏻🥺,1
TNX,4C7xGubTL90,2022-05-17T09:01:18Z,@minsungchanz,MY BOYSSS,0
TNX,4C7xGubTL90,2022-05-17T09:01:18Z,@fatinyildiz,❤️❤️❤️❤️❤️❤️❤️❤️❤️❤️❤️,0
TNX,4C7xGubTL90,2022-05-17T09:01:18Z,@Katman599,Je vous aimes Bravo 🫶❤️✨,0
TNX,4C7xGubTL90,2022-05-17T09:01:17Z,@sungjunfresitas1208,Q lindos,0
TNX,4C7xGubTL90,2022-05-17T09:01:17Z,@tiney.7533,OMGGG AAAAAA,0
TNX,4C7xGubTL90,2022-05-17T09:01:17Z,@byeol_131,OMG!!! Kung Jun ❤️,0
TNX,4C7xGubTL90,2022-05-17T09:01:17Z,@dd__5153,omg,0
TNX,4C7xGubTL90,2022-05-17T09:01:17Z,@strawberrymunn,THIS IS GONNA BE A MASTERPIECE Y ALL,10
TNX,4C7xGubTL90,2022-05-17T09:01:17Z,@cheixxgei_,"no, no, no, basta, me encanta",0
TNX,4C7xGubTL90,2022-05-17T09:01:16Z,@lo._raaaa,Aaaaa keren bgtt kalian 😄💗💗,0
TNX,4C7xGubTL90,2022-05-17T09:01:16Z,@dayskyy,THIS IS FIREEEEE🤌🏼💕💕,0
TNX,4C7xGubTL90,2022-05-17T09:01:16Z,@nabilah183,PNATION LESSSGOWWW TNX LESSGOW,0
TNX,4C7xGubTL90,2022-05-17T09:01:16Z,@lian3799,OMG LOVE IT,0
TNX,4C7xGubTL90,2022-05-17T09:01:16Z,@tubatulife,OMGGG,0
TNX,4C7xGubTL90,2022-05-17T09:01:16Z,@val7450,TAEHUN’S LOW VOICE??????,0
TNX,4C7xGubTL90,2022-05-17T09:01:15Z,@teeessailo,Oh my gawdddd,0
TNX,4C7xGubTL90,2022-05-17T09:01:15Z,@alllly0204,恭喜！,0
TNX,4C7xGubTL90,2022-05-17T09:01:15Z,@delfwqr,OMG,1
TNX,4C7xGubTL90,2022-05-17T09:01:15Z,@l.o.v.e7195,OMG.......😭😭,0
TNX,4C7xGubTL90,2022-05-17T09:01:15Z,@kabyarhsusan8351,😭🖐️💗,1
TNX,4C7xGubTL90,2022-05-17T09:01:15Z,@kimmoon444,"FINALMENTEEEE!!! LINDOS DMS, PERFEITOOOOS!",0
TNX,4C7xGubTL90,2022-05-17T09:01:15Z,@치치-d1n,GOOSEBUMPSSSS,0
TNX,4C7xGubTL90,2022-05-17T09:01:15Z,@szk.00k,CONGRATULATION FOR DEBUT TNX,0
TNX,4C7xGubTL90,2022-05-17T09:01:14Z,@warriorforever4030,Очень нравится начало,0
TNX,4C7xGubTL90,2022-05-17T09:01:14Z,@chelsealol9776,YESSSSS,0
TNX,4C7xGubTL90,2022-05-17T09:01:14Z,@mayabts9652,ااااافففف😭😭😭😭😭😭😭😭,1
TNX,4C7xGubTL90,2022-05-17T09:01:14Z,@wellengrasiely,"Maravilhososssss,ta lindo maravilhoso aaaa",0
TNX,4C7xGubTL90,2022-05-17T09:01:14Z,@manami5881,デビューおめでとう♡,0
TNX,4C7xGubTL90,2022-05-17T09:01:14Z,@sheinley5849,"STAN best boys, STAN best visuals, STAN best dancers, STAN best singers, STAN best producers, STAN best models, STAN best group, in short, STAN TNX!!",0
TNX,4C7xGubTL90,2022-05-17T09:01:13Z,@emmahallac6344,STANNING RN,0
TNX,4C7xGubTL90,2022-05-17T09:01:13Z,@richixblink7629,OMG YAS THEY DEBUTED,0
TNX,4C7xGubTL90,2022-05-17T09:01:13Z,@CelynCrisostomo,Congrats❤️,0
TNX,4C7xGubTL90,2022-05-17T09:01:12Z,@ivnarjoonie4923,A masterpiece indeed🔥🤩,1
TNX,4C7xGubTL90,2022-05-17T09:01:12Z,@hwaniesgf,huaaa kerenn😻😻,1
TNX,4C7xGubTL90,2022-05-17T09:01:12Z,@min-pu6tq,THEY&#39;RE FINALLY HERE! THE WAIT IS OVER!,7
TNX,4C7xGubTL90,2022-05-17T09:01:12Z,@mintchocochicken3239,Omggggg,0
TNX,4C7xGubTL90,2022-05-17T09:01:11Z,@thesunshinegypsy_1172,yasssss<br>finallyyyyyyyyyyy,0
TNX,4C7xGubTL90,2022-05-17T09:01:10Z,@jiyabaral,Yayyyyyyy!!!!!,0
TNX,4C7xGubTL90,2022-05-17T09:01:10Z,@Dan-uu3kz,Aaaaaaaaaaaaahhhhhh,0
TNX,4C7xGubTL90,2022-05-17T09:01:10Z,@sleepyash_17,YES,0
TNX,4C7xGubTL90,2022-05-17T09:01:10Z,@raaa007,PART HWI WOY,0
TNX,4C7xGubTL90,2022-05-17T09:01:09Z,@zellemanahan5303,ONGGGGGGG,0
TNX,4C7xGubTL90,2022-05-17T09:01:09Z,@hanieemochi6860,Debut do século,0
TNX,4C7xGubTL90,2022-05-17T09:01:09Z,@catrinasulit2549,cool guys are hereee!!!,0
TNX,4C7xGubTL90,2022-05-17T09:01:09Z,@pockyprincess5072,OH MY GOD,0
TNX,4C7xGubTL90,2022-05-17T09:01:08Z,@claeriio,I LOVE THE VIBE OF THE SONG,0
TNX,4C7xGubTL90,2022-05-17T09:01:08Z,@afsunoir1978,OH MY GOD,0
TNX,4C7xGubTL90,2022-05-17T09:01:08Z,@salomtzy,THIS YEAR TNX IS GONNA SLAYY,22
TNX,4C7xGubTL90,2022-05-17T09:01:08Z,@kailay6173,39s ago omg I love it,0
TNX,4C7xGubTL90,2022-05-17T09:01:08Z,@h.ello_eve,EVERYBODY LETS GET STARTEDDDD!!! THIS IS SO CATCHY AND I CANT WAIT FOR MORE!!,40
TNX,4C7xGubTL90,2022-05-17T09:01:07Z,@warriorforever4030,Вааааааауууууу,0
TNX,4C7xGubTL90,2022-05-17T09:01:07Z,@frenchiesausage2864,THE PRACTICE IS FINALLY PAID,0
TNX,4C7xGubTL90,2022-05-17T09:01:07Z,@restiansafitri2015,OMG i&#39;m so excited,1
TNX,4C7xGubTL90,2022-05-17T09:01:07Z,@01o3s,"IM SO HAPPY, IT&#39;S WORTH THE WAIT!!!",7
TNX,4C7xGubTL90,2022-05-17T09:01:07Z,@spiritlov3r.x,LETS GO TNX!!!!!,0
TNX,4C7xGubTL90,2022-05-17T09:01:06Z,@yedees12,PNATION FIRST BOY GROUP I A HUGE SUCCESS,0
TNX,4C7xGubTL90,2022-05-17T09:01:06Z,@hiqnirobiatunnabila2456,really cool lol,0
TNX,4C7xGubTL90,2022-05-17T09:01:06Z,@joongdunkrcj915,"Kerennnn banget, salam dari indonesia",0
TNX,4C7xGubTL90,2022-05-17T09:01:06Z,@yeojaofficial5087,So handsome,1
TNX,4C7xGubTL90,2022-05-17T09:01:06Z,@치치-d1n,WOOWWWW OMGGGGGGG,0
TNX,4C7xGubTL90,2022-05-17T09:01:06Z,@putrimeciislamiah9388,Congratulation boys,0
TNX,4C7xGubTL90,2022-05-17T09:01:06Z,@roshetb9412,Love you 💜💜💜💜,1
TNX,4C7xGubTL90,2022-05-17T09:01:06Z,@みみみ-q8e,だいっっすき,0
TNX,4C7xGubTL90,2022-05-17T09:01:06Z,@wandanurhalimah9302,KERENNN POLLLL,0
TNX,4C7xGubTL90,2022-05-17T09:01:06Z,@azieranazri1961,❤️❤️❤️❤️,0
TNX,4C7xGubTL90,2022-05-17T09:01:06Z,@0303b,Only 16 seconds in and it&#39;s so good!!,0
TNX,4C7xGubTL90,2022-05-17T09:01:05Z,@eduardoduque6,WAITING TO SEE U ON THE MUSIC SHOWS,0
TNX,4C7xGubTL90,2022-05-17T09:01:05Z,@novitiaa,Selamat debut kalian!!!!☺️😍😍😍,0
TNX,4C7xGubTL90,2022-05-17T09:01:05Z,@이정민-w8p,드디어 나왔당,0
TNX,4C7xGubTL90,2022-05-17T09:01:05Z,@helloworld8369,Omg this song is amazing,0
TNX,4C7xGubTL90,2022-05-17T09:01:05Z,@rmgrth,YOOOO THIS WAS LIT THIS GONNA BE BIG,1
TNX,4C7xGubTL90,2022-05-17T09:01:05Z,@reinestay227,OMGGGGG! THIS IS AMAZING!! THIS MV IS FIREEEE,0
TNX,4C7xGubTL90,2022-05-17T09:01:04Z,@shandaadela,TNX ROOKIE OF THE YEAR!,0
TNX,4C7xGubTL90,2022-05-17T09:01:04Z,@Naraa123_47,let&#39;s gooooo,0
TNX,4C7xGubTL90,2022-05-17T09:01:04Z,@marjorieparohinog2028,here we are!!,0
TNX,4C7xGubTL90,2022-05-17T09:01:04Z,@maerilody,OMGGGG FINALLY 😭❤❤❤❤❤,0
TNX,4C7xGubTL90,2022-05-17T09:01:04Z,@johnnazarethespiritu6497,TNX,0
TNX,4C7xGubTL90,2022-05-17T09:01:03Z,@raaa007,WOY PART &quot;WE PNATION&quot; KAGET BNGTTT,0
TNX,4C7xGubTL90,2022-05-17T09:01:03Z,@tiney.7533,YESSSS,0
TNX,4C7xGubTL90,2022-05-17T09:01:03Z,@stay1993,Yeahh my boy,0
TNX,4C7xGubTL90,2022-05-17T09:01:03Z,@mmtreasurez,GOOD JOB!!!!!!!,0
TNX,4C7xGubTL90,2022-05-17T09:01:03Z,@strawberrymunn,LAGUNYA ASIK BANGET,1
TNX,4C7xGubTL90,2022-05-17T09:01:03Z,@flowerbear2854,Proud to be their mom - eh i mean fans,0
TNX,4C7xGubTL90,2022-05-17T09:01:02Z,@sabrinaxd8902,Estoy aquí hoy y me pienso quedar toda la vida,0
TNX,4C7xGubTL90,2022-05-17T09:01:02Z,@yoonarlert7411,Ya ampun ganteng banget,0
TNX,4C7xGubTL90,2022-05-17T09:01:02Z,@iarits,Felicidades por su debut ❤️,0
TNX,4C7xGubTL90,2022-05-17T09:01:01Z,@sharonsl3959,AAAAA,0
TNX,4C7xGubTL90,2022-05-17T09:01:01Z,@arlettezepeda1083,"Ya lo esperabaaaaa ahhhh, mis favs",0
TNX,4C7xGubTL90,2022-05-17T09:01:01Z,@yeojaofficial5087,My lovely,0
TNX,4C7xGubTL90,2022-05-17T09:01:00Z,@chintiaputri8890,OMG AKHIRNYA KALIAN DEBUT,1
TNX,4C7xGubTL90,2022-05-17T09:01:00Z,@Meowbyeol8682,Jjang jjang 😍😍😍😍😍😍,0
TNX,4C7xGubTL90,2022-05-17T09:01:00Z,@bridgetmichael6847,hoyyyy ang pogiii,0
TNX,4C7xGubTL90,2022-05-17T09:01:00Z,@anethaselly,OMGOMG,0
TNX,4C7xGubTL90,2022-05-17T09:01:00Z,@Grlslslslslsl,😭😭😭❤️❤️❤️❤️,0
TNX,4C7xGubTL90,2022-05-17T09:00:59Z,@p6rplemoon0613,Omg I&#39;m so early &lt;3,0
TNX,4C7xGubTL90,2022-05-17T09:00:59Z,@maichamois,ISHDJDHDIDBDKDNDI YEAYYYY CONGRATULATIONS ON YOUR DEBUT TNX 💗💗🫶🏻🫶🏻🫶🏻,0
TNX,4C7xGubTL90,2022-05-17T09:00:59Z,@linaaa9263,AAAAAAAAAAAAA,0
TNX,4C7xGubTL90,2022-05-17T09:00:59Z,@naih5557,OMGGG,0
TNX,4C7xGubTL90,2022-05-17T09:00:59Z,@spearbsgf3543,i’m in love,0
TNX,4C7xGubTL90,2022-05-17T09:00:58Z,@aeririzzler,Congrats on your debut boys!!,0
TNX,4C7xGubTL90,2022-05-17T09:00:58Z,@tingwu0814,Finally!!!!!!!!,0
TNX,4C7xGubTL90,2022-05-17T09:00:58Z,@newjeans3483,Facts: &#39;MOVE&#39; is the best debut song 2022,2
TNX,4C7xGubTL90,2022-05-17T09:00:58Z,@salsul31088,I&#39;m crying😭😭😭😭,0
TNX,4C7xGubTL90,2022-05-17T09:00:57Z,@KRIS_LUNA11,"Wooaaaooow What a energy of dancing AND their stylish, outfit, expressions, vocals, rappers. TNX are allrounders. MOVE is Masterpiece.<br>TNX ARE VERY TALENT!",17
TNX,4C7xGubTL90,2022-05-17T09:00:57Z,@secret.garden.9,Omgggg,0
TNX,4C7xGubTL90,2022-05-17T09:00:57Z,@byeol_131,🔥🔥🔥🔥🔥,0
TNX,4C7xGubTL90,2022-05-17T09:00:57Z,@szk.00k,OMG,0
TNX,4C7xGubTL90,2022-05-17T09:00:57Z,@boopboop1760,FINALLY OH MY GOSH I AM EXCITED AAAAAA IM PROUD OF THEM 😭❤️,11
TNX,4C7xGubTL90,2022-05-17T09:00:57Z,@catherineverina,OH MY GODD FINALLY,0
TNX,4C7xGubTL90,2022-05-17T09:00:57Z,@namiechizen1923,OmG！！！！DEBUT！,0
TNX,4C7xGubTL90,2022-05-17T09:00:57Z,@Nanalovesilu,Im so happy for them ❤,0
TNX,4C7xGubTL90,2022-05-17T09:00:57Z,@tnxsdandelion637,OMG,0
TNX,4C7xGubTL90,2022-05-17T09:00:57Z,@jaehwyy,OMAYGHADDD,0
TNX,4C7xGubTL90,2022-05-17T09:00:57Z,@yongguri3148,💓💓💓,0
TNX,4C7xGubTL90,2022-05-17T09:00:56Z,@loafsaeonzz,TNX CONGRATS ON YOUR DEBUT,0
TNX,4C7xGubTL90,2022-05-17T09:00:56Z,@aisyahak.1945,omg…. Cry cry cry,0
TNX,4C7xGubTL90,2022-05-17T09:00:56Z,@kawther2.0,OMG the me is so good,1
TNX,4C7xGubTL90,2022-05-17T09:00:56Z,@masarina5531,HOLY SHIT EARLY,0
TNX,4C7xGubTL90,2022-05-17T09:00:56Z,@ohbabyboss6902,LESGOOO,0
TNX,4C7xGubTL90,2022-05-17T09:00:55Z,@roshetb9412,Good job,0
TNX,4C7xGubTL90,2022-05-17T09:00:55Z,@gforgioo,LET&#39;S GOOOOOOOOO TNX!!!!!,0
TNX,4C7xGubTL90,2022-05-17T09:00:55Z,@لولي-ر9ق,😭😭😭😭😭,0
TNX,4C7xGubTL90,2022-05-17T09:00:55Z,@01o3s,"I LOVE YOU, TNX",0
TNX,4C7xGubTL90,2022-05-17T09:00:55Z,@strawberrymunn,OMO OMOOO UDH RILIS,1
TNX,4C7xGubTL90,2022-05-17T09:00:55Z,@Sunnnwoozzz,Ayyy....,0
TNX,4C7xGubTL90,2022-05-17T09:00:54Z,@naJwaverse,Ueue😭❤️,0
TNX,4C7xGubTL90,2022-05-17T09:00:54Z,@belyle,aaaaaaaa,0
TNX,4C7xGubTL90,2022-05-17T09:00:54Z,@bbiniie,Aahhh God i love you my boys so so so proud finally you guys debuted as Idol 😭❤️❤️,0
TNX,4C7xGubTL90,2022-05-17T09:00:53Z,@min-qn6zz,휘야아ㅏㅏㅏㅏㅏㅏㅏ😭😭😭💘💘💘💘👏🏻👏🏻👏🏻👏🏻👏🏻,0
TNX,4C7xGubTL90,2022-05-17T09:00:53Z,@Grlslslslslsl,OMGGG,0
TNX,4C7xGubTL90,2022-05-17T09:00:53Z,@rinazilaaa,YASSSSS😭😭😭😭😭😭,0
TNX,4C7xGubTL90,2022-05-17T09:00:52Z,@jamilycosta8535,Meu Deus 😱😱😱,0
TNX,4C7xGubTL90,2022-05-17T09:00:52Z,@daydreamer_trsr,We should give win with this song,1
TNX,4C7xGubTL90,2022-05-17T09:00:52Z,@DaimuOwo,Diosss los amo se lucieron,1
TNX,4C7xGubTL90,2022-05-17T09:00:52Z,@iamhere5518,Omg,0
TNX,4C7xGubTL90,2022-05-17T09:00:52Z,@catrinasulit2549,let&#39;s gooooo!!!,0
TNX,4C7xGubTL90,2022-05-17T09:00:52Z,@matildematias4119,THIS AMOUNT OF PERFECTION SHOULD BE ILLEGAL🥺,1
TNX,4C7xGubTL90,2022-05-17T09:00:52Z,@wilgeneras,OMG! THIS IS IT! WORTH THE WAIT! 🔥🔥🔥🔥🔥🔥,0
TNX,4C7xGubTL90,2022-05-17T09:00:52Z,@creampxff8053,YAY,0
TNX,4C7xGubTL90,2022-05-17T09:00:52Z,@ruaflwr,YES,0
TNX,4C7xGubTL90,2022-05-17T09:00:52Z,@azieranazri1961,WAAAAA😭😭❤️❤️,0
TNX,4C7xGubTL90,2022-05-17T09:00:51Z,@aimaa11,OMGGGG!!!😍❤️❤️❤️,0
TNX,4C7xGubTL90,2022-05-17T09:00:51Z,@lemon0912,🤎,0
TNX,4C7xGubTL90,2022-05-17T09:00:50Z,@min-pu6tq,THE ROOKIES OF THE YEAR IS HERE!,0
TNX,4C7xGubTL90,2022-05-17T09:00:50Z,@marjorieparohinog2028,omg!!!,0
TNX,4C7xGubTL90,2022-05-17T09:00:50Z,@露伴-c8e,愛してるよ！,0
TNX,4C7xGubTL90,2022-05-17T09:00:50Z,@val7450,TNX IS CRAZY FOR THIS,0
TNX,4C7xGubTL90,2022-05-17T09:00:50Z,@rintanrahayu4473,BENTAR DLU ANJIR,0
TNX,4C7xGubTL90,2022-05-17T09:00:49Z,@aeririzzler,SUCH A BOP!!!,1
TNX,4C7xGubTL90,2022-05-17T09:00:49Z,@neetuan1304,มาแล้ววววววววววววว,0
TNX,4C7xGubTL90,2022-05-17T09:00:49Z,@aisyairdinao_,THE SONG IS FIREEE🔥🔥💗💗,1
TNX,4C7xGubTL90,2022-05-17T09:00:49Z,@NS-ou5yc,มาแล้วค่า,0
TNX,4C7xGubTL90,2022-05-17T09:00:49Z,@kjmhun,TNX FIGHTING,0
TNX,4C7xGubTL90,2022-05-17T09:00:49Z,@床-n1j,きた！！かっこいい！！,0
TNX,4C7xGubTL90,2022-05-17T09:00:48Z,@dahlolaaa9988,Omg to fastt🤣🤣,0
TNX,4C7xGubTL90,2022-05-17T09:00:48Z,@corrina_saranie,CONGRATULATIONS TNX ON YOUR DEBUT!!! 🖤🖤🖤,0
TNX,4C7xGubTL90,2022-05-17T09:00:48Z,@Aaaaahlice,"LETS GOOOO, HERE&#39;S HOPING FOR AN AMAZING DEBUT! LETS GET STREAMING",0
TNX,4C7xGubTL90,2022-05-17T09:00:47Z,@لولي-ر9ق,واهه,0
TNX,4C7xGubTL90,2022-05-17T09:00:47Z,@한은지-k9h,OMG ❤️,0
TNX,4C7xGubTL90,2022-05-17T09:00:46Z,@user-ci6dk9el7r,SOTY ME THINKS,0
TNX,4C7xGubTL90,2022-05-17T09:00:46Z,@roshetb9412,You are my life,0
TNX,4C7xGubTL90,2022-05-17T09:00:46Z,@Mandis0410,¡Felicidades por el debut chicos!,1
TNX,4C7xGubTL90,2022-05-17T09:00:46Z,@kiaaaats,Nangis gue keren bangeeet!!!,0
TNX,4C7xGubTL90,2022-05-17T09:00:46Z,@sophanethvong4637,💗💗💗,0
TNX,4C7xGubTL90,2022-05-17T09:00:45Z,@hiqnirobiatunnabila2456,Omggggt,0
TNX,4C7xGubTL90,2022-05-17T09:00:45Z,@raaa007,MABOK BIKYEO,0
TNX,4C7xGubTL90,2022-05-17T09:00:45Z,@nurulbunga6260,FINALLY,0
TNX,4C7xGubTL90,2022-05-17T09:00:44Z,@b_brightday4287,กริ๊ดดดดดดดดด,0
TNX,4C7xGubTL90,2022-05-17T09:00:44Z,@bridgetmichael6847,omgggggg,0
TNX,4C7xGubTL90,2022-05-17T09:00:44Z,@eduardoduque6,OMFGGGGG GUYS IVE BEEN WAITING FOR THIS,0
TNX,4C7xGubTL90,2022-05-17T09:00:44Z,@seanmanarang4054,LETS GO TNX!!!,0
TNX,4C7xGubTL90,2022-05-17T09:00:44Z,@falconcrowned3178,TNX IS THE FUTURE OF KPOP 🔥🔥🔥🔥,1
TNX,4C7xGubTL90,2022-05-17T09:00:44Z,@01o3s,AAAAAAAAAAAAA,0
TNX,4C7xGubTL90,2022-05-17T09:00:43Z,@kawther2.0,EARLLLYY,1
TNX,4C7xGubTL90,2022-05-17T09:00:43Z,@kohanei1787,CONGRATS ON YOUR DEBUT !!,0
TNX,4C7xGubTL90,2022-05-17T09:00:43Z,@helloworld8369,The first,0
TNX,4C7xGubTL90,2022-05-17T09:00:42Z,@kjmhun,OH MY GOD,0
TNX,4C7xGubTL90,2022-05-17T09:00:42Z,@pockyprincess5072,OHMGMGKGGK,0
TNX,4C7xGubTL90,2022-05-17T09:00:42Z,@loafsaeonzz,HWII KERENN,0
TNX,4C7xGubTL90,2022-05-17T09:00:41Z,@kidultlynn6734,TNX WORLD DOMINATION ‼️,0
TNX,4C7xGubTL90,2022-05-17T09:00:41Z,@frenchiesausage2864,GREAT JOBBBBBB IM SO PROUD OF YOU GUYS,0
TNX,4C7xGubTL90,2022-05-17T09:00:41Z,@haha97bangchan,Lettttttt&#39;s gooooo,1
TNX,4C7xGubTL90,2022-05-17T09:00:41Z,@fahlibe,So cool,1
TNX,4C7xGubTL90,2022-05-17T09:00:40Z,@lexifaith_,THEY HAVE OFFICIALLY DEBUTED🎉🫶🏻 i am so proud of them!!! &lt;333,10
TNX,4C7xGubTL90,2022-05-17T09:00:40Z,@claeriio,AAAACCCCKKKK LEZZGO,0
TNX,4C7xGubTL90,2022-05-17T09:00:40Z,@moonracie,OMGGG,0
TNX,4C7xGubTL90,2022-05-17T09:00:40Z,@RUBA_TF3JHYXZT_,Omg,2
TNX,4C7xGubTL90,2022-05-17T09:00:39Z,@ano6216,おめでとう💞,1
TNX,4C7xGubTL90,2022-05-17T09:00:39Z,@Sunnnwoozzz,HWI ku ganteng😭😭😭,1
TNX,4C7xGubTL90,2022-05-17T09:00:38Z,@theya4149,CONGRATULATIONS TNX!!!,1
TNX,4C7xGubTL90,2022-05-17T09:00:38Z,@raaa007,WOY TAEHUN,1
TNX,4C7xGubTL90,2022-05-17T09:00:38Z,@rintanrahayu4473,WOIII,1
TNX,4C7xGubTL90,2022-05-17T09:00:38Z,@소리2002,かっこいいよ😭,0
TNX,4C7xGubTL90,2022-05-17T09:00:37Z,@snoopyhan94,"This is what an impactful performance is. From the concept, fits, facial expressions, vocals, rap skills, dance moves, visuals to their choreography. Everything screams powerful and you&#39;ll know how big of a potential this group has. These six aces are exuding so much confidence and it&#39;s mind blowing. The song is powerful yet catchy enough to make you want to see more. I AM BLOWN AWAY BY THIS MASTERPIECE. Congratulations on finally debuting boys!! Your story officially starts and I am just so proud you are finally out for the world to see.  EVERYBODY LETS GET STARTED!!!!!!",60
TNX,4C7xGubTL90,2022-05-17T09:00:37Z,@am-fu9wf,1😍,0
TNX,4C7xGubTL90,2022-05-17T09:00:37Z,@eydanmono,Los amooooo,13
TNX,4C7xGubTL90,2022-05-17T09:00:37Z,@rammiguelb.apilado7664,First!!!!!,0
TNX,4C7xGubTL90,2022-05-17T09:00:37Z,@ohbabyboss6902,YAY FINALLY,1
TNX,4C7xGubTL90,2022-05-17T09:00:36Z,@eternalspringday,AYEYEYEYEY,0
TNX,4C7xGubTL90,2022-05-17T09:00:36Z,@Ayesha-we6ov,OMFG yay!!,1
TNX,4C7xGubTL90,2022-05-17T09:00:36Z,@Marie-dx1ur,SHEEESHHH,0
TNX,4C7xGubTL90,2022-05-17T09:00:36Z,@kdnishaaa,SLAYY,0
TNX,4C7xGubTL90,2022-05-17T09:00:36Z,@diayuwid8881,😭😭,0
TNX,4C7xGubTL90,2022-05-17T09:00:36Z,@t15yaaa,FINALLYYYYYYT,0
TNX,4C7xGubTL90,2022-05-17T09:00:36Z,@newjeans3483,Wow this is so good,0
TNX,4C7xGubTL90,2022-05-17T09:00:35Z,@zee6924,And this is what you call talenttttt....!!!!! loveeee themmmmmmm,14
TNX,4C7xGubTL90,2022-05-17T09:00:34Z,@abcdefghoranghae,❣️❣️❣️,0
TNX,4C7xGubTL90,2022-05-17T09:00:33Z,@mw8278,EY,0
TNX,4C7xGubTL90,2022-05-17T09:00:33Z,@yedees12,LOVEEEEE,0
TNX,4C7xGubTL90,2022-05-17T09:00:33Z,@nainakoo,HELOOOOOOO,0
TNX,4C7xGubTL90,2022-05-17T09:00:32Z,@miss-tl1ph,😍😍😍,2
TNX,4C7xGubTL90,2022-05-17T09:00:32Z,@sofiagimenez4522,AAAAMOOOO,0
TNX,4C7xGubTL90,2022-05-17T09:00:32Z,@kdnishaaa,OMG FINALLY,0
TNX,4C7xGubTL90,2022-05-17T09:00:31Z,@huangrenjun4030,LESGOOO,0
TNX,4C7xGubTL90,2022-05-17T09:00:30Z,@Nanalovesilu,Omggghh,0
TNX,4C7xGubTL90,2022-05-17T09:00:30Z,@TNXMademedoit,Here we are!!!!,0
TNX,4C7xGubTL90,2022-05-17T09:00:29Z,@val7450,TNX IS LITERALLY KILLING IT OMG,6
TNX,4C7xGubTL90,2022-05-17T09:00:28Z,@shashisushiii,"AHHH IM SO PROUD OF YALL , TNX YOU&#39;VE MADE IT !!",19
TNX,4C7xGubTL90,2022-05-17T09:00:28Z,@박샛별-q7w,❤️,0
TNX,4C7xGubTL90,2022-05-17T09:00:28Z,@celsajaehyungf2716,AKHIRNYA 😭😭😭❤️❤️❤️❤️❤️❤️,2
TNX,4C7xGubTL90,2022-05-17T09:00:28Z,@04จุฑามาศดวงประทีป,❤,1
TNX,4C7xGubTL90,2022-05-17T09:00:27Z,@nily08_,OMGGGGGG,0
TNX,4C7xGubTL90,2022-05-17T09:00:27Z,@roshetb9412,Ilove youuuuu,0
TNX,4C7xGubTL90,2022-05-17T09:00:27Z,@genn3071,🗿,0
TNX,4C7xGubTL90,2022-05-17T09:00:26Z,@newjeans3483,"Omg, this sounds roty",0
TNX,4C7xGubTL90,2022-05-17T09:00:25Z,@user-zx4rk6lv9w,🤎✨✨,0
TNX,4C7xGubTL90,2022-05-17T09:00:24Z,@intak24,やっとだ〜！！！！！楽しみだった🥺,0
TNX,4C7xGubTL90,2022-05-17T09:00:23Z,@Yaelito.,♥︎♥︎♥︎,0
TNX,4C7xGubTL90,2022-05-17T09:00:20Z,@nihaofinesh1t,OHMYGOD,0
TNX,4C7xGubTL90,2022-05-17T09:00:19Z,@NathanielQuiameow,TNX is here and this debut feels like their most awaited comeback. They set the standard way too high and they literally going way up for this debut.,1206
TNX,4C7xGubTL90,2022-05-17T09:00:19Z,@loveislove741,"AS A PRE-DEBUT STAN I&#39;M SO PROUD OF THEM, THEY WILL GROW BIGGER IN FUTURE, FIGHTING!",347
TNX,4C7xGubTL90,2022-05-17T09:00:19Z,@megumiackerman,LOVE U,1
TNX,4C7xGubTL90,2022-05-17T09:00:18Z,@uri5213,デビューおめでとう、これから末永く一緒に歩いていこう🫶🏻,0
TNX,4C7xGubTL90,2022-05-17T09:00:15Z,@user-mo5du8vr3z,デビューおめでとう！！,1
TNX,4C7xGubTL90,2022-05-17T09:00:15Z,@nihaofinesh1t,OHMYGPD,0
TNX,4C7xGubTL90,2022-05-17T09:00:14Z,@nasrun_blinkbuddy,"there is no doubt that TNX is both handsome &amp; talented. even at pre-debut, their visuals are top-tier and all because of their talents to carry it all out. they&#39;re really amazing. that&#39;s for sure",165
TNX,4C7xGubTL90,2022-05-17T09:00:12Z,@haenami5494,And here&#39;s best rookie of this year! LET&#39;S CLAIM IT! TNX FOR THE WIN! TOGETHER WE SCREAM AND STREAM!,58
