group,video_id,publishedAt,author,text,likeCount
H1-KEY,imUUYMi2FXw,2022-01-05T15:00:13Z,@partytimata9079,ชอบมากเลยค่าา สวยเก่งทุกคน จิกกล้องแตกทุกคน เพลงดี ติดหูมากๆ ยังไงก็ขอฝากน้อง kep1er ด้วยนะคะ,3
H1-KEY,imUUYMi2FXw,2022-01-05T15:00:11Z,@TikTok-jx1cc,㋛︎,0
H1-KEY,imUUYMi2FXw,2022-01-05T15:00:08Z,@puangphetc.6246,เราว่าใช้ได้เลย นะ ชอบ ๆ จะเข้ามากดฟังบ่อย ๆ,0
H1-KEY,imUUYMi2FXw,2022-01-05T15:00:07Z,@bobbuloo,ลูกหนังเสียงเหมือนใช้ออโต้จูนมากกว่าคนอื่น แล้วทั้งmvก็ใส่ชุดเดิมสับไปสับมา,0
H1-KEY,imUUYMi2FXw,2022-01-05T15:00:06Z,@phiblp1623,The first girl group to debut in North Korea🥴,2
H1-KEY,imUUYMi2FXw,2022-01-05T14:59:19Z,@Mary-nw8ef,เพราะมากค่ะชัพพอร์ตเสมอนะคะ The weekend love u the weekend,0
H1-KEY,imUUYMi2FXw,2022-01-05T14:59:13Z,@ดวงเดือนอังศุเกษตร,สมกับที่รอคอยเพลงเพราะเต้นดีปังมากไปโลด,0
H1-KEY,imUUYMi2FXw,2022-01-05T14:58:55Z,@nadearsiriwat262,ทำไมท่าเต้นตลก? แอโรบิกปะ,0
H1-KEY,imUUYMi2FXw,2022-01-05T14:58:51Z,@kethi3929,💜💜💜 👍🏻🤟🏻,0
H1-KEY,imUUYMi2FXw,2022-01-05T14:58:51Z,@lineidpailee9711,ยอดวิว ต้อง ปังกว่า แบล็คพิงค์ นะครับ . ไม่งั้นคือ เสียศักดิ์ศรี มาก,0
H1-KEY,imUUYMi2FXw,2022-01-05T14:58:41Z,@tanadtiewchannel,โอ้โห ปังมาก ฟังครั้งแรกเพลงติดหู เต้นดี แร๊พดี ไม่มีอะไรให้หักเลย 🤍🤍🤍🤍,12
H1-KEY,imUUYMi2FXw,2022-01-05T14:58:41Z,@MinlizeMin,รอใส่เสื้อเหลืองไปคอนอยู่นะงืออออ พร้อมโบกธงชาติให้ด้วยเลออออ ปังมาค่าาาาาา,1
H1-KEY,imUUYMi2FXw,2022-01-05T14:58:28Z,@nxdanntp24,ถ้าเธอเห็นเม้นนี้ รู้มั้ยฉันควรมีอนาคตที่ดีกว่านี้🙂🙂🙂🙂 เพราะพ่อเธอทำให้คนไทยหลายคนจน เพราะพ่อเธอทำให้คนไทยหลายคนไม่มีอนาคต เธอก็ควรไม่มีอนาคตที่ดี 🤢🤢🤮🤮🤮🤮🤮🤮🤮,1
H1-KEY,imUUYMi2FXw,2022-01-05T14:58:24Z,@twenty_Tt,หูวววว treasureจะคัมแล้ว👏🏻💎🥰,1
H1-KEY,imUUYMi2FXw,2022-01-05T14:58:24Z,@pang_dnp9158,🤢🤢🤢🤢🤢🤢🤢🤢🤮🤮🤮🤮🤮🤮🤮🤮🤮🤮🤮🤮👎👎👎👎👎👎👎,3
H1-KEY,imUUYMi2FXw,2022-01-05T14:58:19Z,@alexjoess6945,โชว์ยอดดิสไลด์หน่อยสิ จะได้เห็นกันไปเลย,1
H1-KEY,imUUYMi2FXw,2022-01-05T14:57:58Z,@TikTok-jx1cc,シ︎,0
H1-KEY,imUUYMi2FXw,2022-01-05T14:57:48Z,@jaijaieiei_44,ชอบอะ เพลงเพราะมาก ชอบๆๆๆๆๆๆ เพราะที่สุด หูเคลือบทองคำเลย เต้นก็เก่ง โคตรปังเลย จะซัพพอร์ตพวกนายตลอดไปนะ enhypen&lt;33,19
H1-KEY,imUUYMi2FXw,2022-01-05T14:57:42Z,@sunghoonn._6621,ดีอ่ะ เอ็มวีก็ดี ชุดก็ดี เต้นก็ดีเราจะซัพพอร์ตBTSต่อไปนะ สู้ๆนะเป็นกำลังใจ😳,0
H1-KEY,imUUYMi2FXw,2022-01-05T14:57:34Z,@Poundnie,หุ่นกับเต้นดีนะคะ เหมาะไปเป็นครูสอนเอโรบิกมากๆเลยค่ะ,2
H1-KEY,imUUYMi2FXw,2022-01-05T14:57:08Z,@คิมเบอรี่ส์แก้ว,Music video is so great. I love this song on my first listening.,16
H1-KEY,imUUYMi2FXw,2022-01-05T14:56:48Z,@เกตุกนกดวงมณี,เต็ม10ไม่หักค่าาาาาา จะคอยซับพอร์ตตลอดไปนะคะ BlackPink สู้ๆค่ะ เอ้าลืมมม ยังไม่คัมแบ็คเลอ,1
H1-KEY,imUUYMi2FXw,2022-01-05T14:56:24Z,@nidtayajara2991,ปังมากค่าาารอคัมเพลงต่อไปนะคะBlackpinkขายของนานไปแล้วค่า,2
H1-KEY,imUUYMi2FXw,2022-01-05T14:56:06Z,@kcc297,ชอบค่ะ supportอยู่นะคะ treasure,0
H1-KEY,imUUYMi2FXw,2022-01-05T14:55:49Z,@พัชรีภรณ์พระชะนะ-ฮ8ล,หน้าตาทุกคนดีมาก วิชวลสุดๆร้องก็ดีแร็ปก็เริ่ด ขอให้ปังๆวงดังขึ้นมีคนรู้จักเยอะๆนะคะ&quot; ENHYPEN &quot;,0
H1-KEY,imUUYMi2FXw,2022-01-05T14:55:44Z,@thanawatyurawong1977,If only 3 people would be better,0
H1-KEY,imUUYMi2FXw,2022-01-05T14:55:40Z,@siradasi6478,🤮🤮🤮🤮,0
H1-KEY,imUUYMi2FXw,2022-01-05T14:55:28Z,@fuangfasiri,Blackpink forever,0
H1-KEY,imUUYMi2FXw,2022-01-05T14:55:15Z,@Punsquare,เเงงท่าเต้นคือ ปัง mv คือปัง ทุกอย่างปัง วงitzy คือดีมากกกก,0
H1-KEY,imUUYMi2FXw,2022-01-05T14:55:06Z,@miss_somsri6665,เพลงดี เราตามเพลงน้องใหม่จากการประกวดอยู่ แต่เพลงนี้มันดึงดูดกว่า คนละแบบ,0
H1-KEY,imUUYMi2FXw,2022-01-05T14:54:56Z,@พาวพาว-ฝ3ษ,ปังมากๆค่ะ เสื้อผ้าหน้าผมปังจริงๆ เสียงก็เพราะ ชื่นชมค่ะ ดีหมดทุกอย่าง หน้าตาก็ดี รักนะคะblackpink,0
H1-KEY,imUUYMi2FXw,2022-01-05T14:54:55Z,@อ๋อ-ฟ9ด,มาเต้นแอโรบิคกันน เอ้าโยกซ้าย โยกขวา เอ้า กระโดนตบ วู้วว,1
H1-KEY,imUUYMi2FXw,2022-01-05T14:54:54Z,@TikTok-jx1cc,ఌ︎,0
H1-KEY,imUUYMi2FXw,2022-01-05T14:54:49Z,@hxrszlq3113,เห้ยย เพลงปังมากค่ะ ขนาดเพิ่งเดบิวต์นะเนี่ย ท่าเต้นร้องอะไรปังมาก เมมเบอร์ก็สวย สู้ต่อไปนะคะ วง&quot;kep1er&quot;,1
H1-KEY,imUUYMi2FXw,2022-01-05T14:54:30Z,@Heha_channel,🤮🤮🤮,1
H1-KEY,imUUYMi2FXw,2022-01-05T14:54:27Z,@nxdanntp24,🤮🤮🤮🤢🤢🤢🤢🤢 พ่อของเธอทำอนาคตคนไทยพัง Sitala father ruined the future of us Thai people. 그녀의 아버지는 태국 사람들의 미래를 망쳤습니다. Bapanya merosakkan masa depan rakyat Thai. دمر والدها مستقبل الشعب التايلاندي. #go out sitala🤮🤮🤢🤢🤢🤮🤮🤮,0
H1-KEY,imUUYMi2FXw,2022-01-05T14:54:13Z,@KokohKantapat,เราจะรักพวกเธอตลอดไป Blackpink,0
H1-KEY,imUUYMi2FXw,2022-01-05T14:53:52Z,@pamikabuako4574,คือเราว่านะถ้าไม่ชอบคือก็ไม่ต่องกูไม่จำเป็นต้องมาคอมเม้นเราไม่ได้ก็เเค่เฉยๆกับนางนะแต่เราไม่รู้จะด่าทอไปเพื่ออะไรเพราะมันก็ไม่ได้ทำให้เรื่องในอดีตดีขึ้นได้เรารู้นะว่าพ่อกับนางทำไรไว้บ้าง,0
H1-KEY,imUUYMi2FXw,2022-01-05T14:53:49Z,@พี่เจ้นท์,ใครจะด่าอย่าไปสนนะคะเราเป็นกำลังใจให้นะคะเป็นคนไทยด้วยกันต้องให้กำลังใจกันอยู่แล้วค่ะ เตนล์ และ ลูคัส nct,2
H1-KEY,imUUYMi2FXw,2022-01-05T14:53:49Z,@hunah444,I’m so addicted to this song! Love 💗💗💗,7
H1-KEY,imUUYMi2FXw,2022-01-05T14:53:26Z,@gowentandgone,สงสารเมมเบอร์อื่นจัง เอาตรงๆมั้ย เพลงมันก็ดีนะ แต่ไม่เอาอะ กุไม่ซัพพอร์ต,1
H1-KEY,imUUYMi2FXw,2022-01-05T14:53:20Z,@nuti6714,ปังมากอะblackpink🖤💗,0
H1-KEY,imUUYMi2FXw,2022-01-05T14:53:20Z,@polathepmahattanakul5883,Cool 😎,1
H1-KEY,imUUYMi2FXw,2022-01-05T14:53:03Z,@ptsentertainment9427,คอนเซ็ป แอโรบิคหรอ55 ถวายพระพรหรอ 55,1
H1-KEY,imUUYMi2FXw,2022-01-05T14:52:57Z,@MIGUEL-ep1wn,ทำความฝันคนอื่นพังเเต่ตัวเองกลับ?,0
H1-KEY,imUUYMi2FXw,2022-01-05T14:52:50Z,@immumma1072,โหววสามการรอคอยมากก เพลงปังมาก สุดยอดเลย เห็นพัฒนาการเพิ่มขึ้นมากเลยอ่ะ สนับสนุนค่ะ kep1er,7
H1-KEY,imUUYMi2FXw,2022-01-05T14:52:42Z,@DJ_Monsterhouse,SITALA IS DICTATOR ARTIST. ❌❌❌,3
H1-KEY,imUUYMi2FXw,2022-01-05T14:52:34Z,@あーあー-v4x,売れそう！,1
H1-KEY,imUUYMi2FXw,2022-01-05T14:52:32Z,@melyfranco_,"Qué hermosaaaasss, la canción está ufff y el MV está genial, las amo mil &lt;3",25
H1-KEY,imUUYMi2FXw,2022-01-05T14:52:20Z,@qi4oyxn587,วงนี้สอนเต้นแอโรบิคเหรอคะ,4
H1-KEY,imUUYMi2FXw,2022-01-05T14:51:58Z,@TikTok-jx1cc,WOW,0
H1-KEY,imUUYMi2FXw,2022-01-05T14:51:57Z,@Allisonwunderlandd,This is definitely an earworm! I&#39;ve listened to it so many times already! 💟💟💟💟,71
H1-KEY,imUUYMi2FXw,2022-01-05T14:51:48Z,@TikTok-jx1cc,I LOVE IT,5
H1-KEY,imUUYMi2FXw,2022-01-05T14:51:42Z,@tonokailand,พ่อกลับมาดูความสำเร็จหน่อย,0
H1-KEY,imUUYMi2FXw,2022-01-05T14:51:40Z,@Itim027,เต้นทีหน้าอย่างกับจะขาดใจตาย หมายถึงH1 Keyนี่แหละ ไม่ได้หมายถึงวงอื่น,0
H1-KEY,imUUYMi2FXw,2022-01-05T14:51:38Z,@TikTok-jx1cc,THIS SO GOOD,25
H1-KEY,imUUYMi2FXw,2022-01-05T14:51:35Z,@mooham5895,บูดดดดดมาก,0
H1-KEY,imUUYMi2FXw,2022-01-05T14:51:27Z,@hunah444,They are rookie monster their performance is on top! The concept is so powerful and energetic!,12
H1-KEY,imUUYMi2FXw,2022-01-05T14:51:23Z,@aranyabunla1944,คอนเซปเหลืองเอาใจด้อมเหลืองปะคะ5555,1
H1-KEY,imUUYMi2FXw,2022-01-05T14:51:22Z,@TikTok-jx1cc,OK,0
H1-KEY,imUUYMi2FXw,2022-01-05T14:51:08Z,@nnnnnnnnn4050,เมมเบอร์ คนไทยเก่งมาก และหล่อเว่อร์ ปริ๊นซ์ghost9 เด็กไทยที่หลายๆคนยังไม่รู้จัก มาซัพพอร์ตน้องกันเถอะ,0
H1-KEY,imUUYMi2FXw,2022-01-05T14:51:00Z,@ppdeedee9747,The song is really good 😊😊😊,9
H1-KEY,imUUYMi2FXw,2022-01-05T14:50:42Z,@openmindmind,แรกๆก็เฉยๆไม่คิดว่าจะดีขนาดนี้เพลงดีร้องดีเต้นดีทุกคนเลย ชอบท่อนแร็พ sitala rap!!!,11
H1-KEY,imUUYMi2FXw,2022-01-05T14:50:14Z,@iamygstan876,ชอบอ่ะเนื้อเพลงดีท่อนฮุคดีจะซัพพอร์ดวง black pink และBTS Foreverนะคะ,1
H1-KEY,imUUYMi2FXw,2022-01-05T14:50:08Z,@nxdanntp24,#go out Sitala🤮🤮🤮🤢🤢🤢,2
H1-KEY,imUUYMi2FXw,2022-01-05T14:50:03Z,@askapku1884,Indonesia supports you&#39;re,2
H1-KEY,imUUYMi2FXw,2022-01-05T14:50:02Z,@kiki-uc4rb,ไปอยู่ในประเทศที่มีหนังซีรีย์ที่เป็นประชาธิปไตยเเต่ครอบครัวตัวเองกลับเป็นพวกนกหวีดหนุขำอ่ะ พี่ลูกหนัง,0
H1-KEY,imUUYMi2FXw,2022-01-05T14:50:00Z,@adisornmaothong4352,วงเกิร์ลกรุป ในดวงใจของผม. ......blackpink,1
H1-KEY,imUUYMi2FXw,2022-01-05T14:49:45Z,@firerose75,Wow! Love this song. Would love to dance now😄😄😄,33
H1-KEY,imUUYMi2FXw,2022-01-05T14:49:41Z,@GuKonThai,ที่1ในใจเลยครับblackpink ทั้งร้องทั้งแร็ปทั้งเต้น เก่งสุดๆ,0
H1-KEY,imUUYMi2FXw,2022-01-05T14:49:32Z,@best8432,I do not support dictatorship,0
H1-KEY,imUUYMi2FXw,2022-01-05T14:49:31Z,@poppapjk123,"Hello FC in Korea, I hope you will always support H1-Key and screen fake news from Thai anti-FC.",1
H1-KEY,imUUYMi2FXw,2022-01-05T14:49:24Z,@mycxrpxrknw1319,กูละอย่างชอบเม้นคนไทย55555555555555555⅝5555,0
H1-KEY,imUUYMi2FXw,2022-01-05T14:49:10Z,@qi4oyxn587,เลิศมากค่ะ ลายเต้นดีมาก เสียงดี ดนตรีดี คอสตูมดี เลิศสุดเลิศทั้งวงปังมากกก จะคอยซัพพอร์ตตลอดไปเลยนะคะblackpink,5
H1-KEY,imUUYMi2FXw,2022-01-05T14:48:51Z,@kavinnnn.,ชอบมากๆอ่ะ เต็มสิบให้ล้าน แร็ปดีมาก โวคอลก็เสียงดีสุดๆ แถมล็อคท่ากันเป๊ะมากด้วย จะคอยซัพพอร์ตตลอดไปนะคะ หมายถึง BTS💜💜,2
H1-KEY,imUUYMi2FXw,2022-01-05T14:48:29Z,@ThawatchaiNew,ดีใจมาก รอคอยมานาน กลับมารวมวงกันแล้ว GOT7,3
H1-KEY,imUUYMi2FXw,2022-01-05T14:48:18Z,@tainess,ชอบมาก เต้นดี แร็พเก่ง always support นะ #into1,1
H1-KEY,imUUYMi2FXw,2022-01-05T14:48:15Z,@oliveroverth,"we dont need to actually bring them down, the song and the dance lines are already draged them down.",16
H1-KEY,imUUYMi2FXw,2022-01-05T14:48:14Z,@purkyplory,that starting position! omg,10
H1-KEY,imUUYMi2FXw,2022-01-05T14:47:57Z,@whale8517,ชียังมีหน้ามาเดบิวต์ได้ จริงๆเลยอ่ะ55555555,0
H1-KEY,imUUYMi2FXw,2022-01-05T14:47:44Z,@pervis4767,พ่อมึงดับฝันคนอื่นขนาดนั้นกล้าดียังไงไปทำตามความฝันตัวเองอ่ะ,0
H1-KEY,imUUYMi2FXw,2022-01-05T14:47:32Z,@ThanaphatRatthonglang,ชอบtwice,0
H1-KEY,imUUYMi2FXw,2022-01-05T14:47:17Z,@kiki-uc4rb,ลูกหนังไปเดบิวเฉิดฉายในเกาหลีในขณะที่ไทยกำลังเครียดว่าพรุ่งนี้จะมีไรกินบ้างทำไรไว้ควรได้สิ่งนั้นตอบเเทนนะคะ,0
H1-KEY,imUUYMi2FXw,2022-01-05T14:47:16Z,@banana-ej2dw,ชอบอ่ะ เอ็มวีคือดีมากกก สวยทุกคนเลย รักนะคะ red velvet,0
H1-KEY,imUUYMi2FXw,2022-01-05T14:47:09Z,@เป็นควยไรถึงสาระแนในที่ของพวก,เก่งมากเลยอ่ะ คือไม่เข้าใจว่าคนๆนึงต้องเก่งขนาดนี้เลยอ๋อ ฮือออ เต้นเก่งมากๆเลย ร้องก็เพราะ น่าภูมิใจมากๆเป็นคนไทยหนึ่งเดียวในวงอีกด้วยรักนะคะและจะสนับสนุนตลอดไป เลิฟๆงับ พี่เตนล์ ชิตพล NCT ❤️🥺,8
H1-KEY,imUUYMi2FXw,2022-01-05T14:46:49Z,@teerayutbunsutee9461,อีสลิ่ม,0
H1-KEY,imUUYMi2FXw,2022-01-05T14:46:42Z,@moomi3911,อิสนันสนุนเผด็จการ,0
H1-KEY,imUUYMi2FXw,2022-01-05T14:46:31Z,@ชาร์จเเบต,Ilovecatandyoumie,1
H1-KEY,imUUYMi2FXw,2022-01-05T14:46:01Z,@aranyabunla1944,ดิสไลค์เลยค่ะ🤣,1
H1-KEY,imUUYMi2FXw,2022-01-05T14:45:58Z,@user-zm8lf3yt5b,1:42 ตามลอยเท้าพ่อสุดอะไอดอลเลอ,0
H1-KEY,imUUYMi2FXw,2022-01-05T14:45:40Z,@Myyeonny,|||,0
H1-KEY,imUUYMi2FXw,2022-01-05T14:45:35Z,@frloisy,เอ็มวีดีมาก นึกว่าจะไม่มาซะแล้ว เก่งมากเลย black pink💗🖤,1
H1-KEY,imUUYMi2FXw,2022-01-05T14:45:10Z,@mmmag2710,"Que buena producción, desde el mv hasta la canción en sí, me sorprendió demasiado ✨",8
H1-KEY,imUUYMi2FXw,2022-01-05T14:45:08Z,@immine49,โอ้ยยยยเริสมากดีทุกอย่างเลยวงนี้เสื้อผ้าหน้าผมปังไม่ไหวความวิชวลนี่ยกให้วงนี้เลยค่ะiveไปฟังไปเป็นเมนกันได้เลยนะคะน่ารักทุกคนเพลงดีเริสสับปังทุกคนค่า,0
H1-KEY,imUUYMi2FXw,2022-01-05T14:45:00Z,@wulandharinaibaho8498,keren bgt,0
H1-KEY,imUUYMi2FXw,2022-01-05T14:44:51Z,@alenamalysh21,Где русские комментарии,2
H1-KEY,imUUYMi2FXw,2022-01-05T14:44:35Z,@cat-gy6ge,เอาจริงๆก็อยากเป็นแอนตี้ แต่ไม่ดีกว่าเพราะว่าสงสารเมมเบอร์ในวงทั้งสามนอกจากลูกหนัง เมมเบอร์ในวงเขาคงไม่รึเรื่องอะไร,2
H1-KEY,imUUYMi2FXw,2022-01-05T14:44:27Z,@nittip7842,Any song is not fun at all. The choreography is like aerobic rap. It&#39;s not good. Fighting with other bands. Not fooling around. How many years have you practiced? It&#39;s just that. Dancing is not good. Singing is normal. The face is not very beautiful. Can this just debut?,0
H1-KEY,imUUYMi2FXw,2022-01-05T14:44:22Z,@ssss7763,น่ารักมากครับ เต้นก็เก่ง loona,0
H1-KEY,imUUYMi2FXw,2022-01-05T14:43:57Z,@reinventionofnature7430,Por que tá todo mundo comentando nome do grupo ao lado? É trolls pro grupo? (em tailandês),0
H1-KEY,imUUYMi2FXw,2022-01-05T14:43:56Z,@panudejgallery2039,💛💛💛,0
H1-KEY,imUUYMi2FXw,2022-01-05T14:43:44Z,@atcharaluthi2663,Good job,0
H1-KEY,imUUYMi2FXw,2022-01-05T14:43:42Z,@natthakitbutchun5766,ขอให้ทนกระแสดราม่าให้ไหวนะ อิๆๆๆๆ สู้ๆ รีบกลับมาคัมแบคที่ไทยด้วย,0
H1-KEY,imUUYMi2FXw,2022-01-05T14:43:17Z,@onb.6643,Support Sitala!!! คนที่ไม่ชอบเค้าแต่ตามมาส่องเค้าตั้งแต่วันแรกเลย คอมเม้นก็ไร้มารยาท นิสัยแบบขี้อิจฉาอ่ะ555 ไม่ชอบก็ไม่ต้องเข้ามาดูค่ะ น้องลูกหนังไม่ต้องไปสนใจหมาเห่าเครื่องบินนะคะ บินหนีไปให้ไกลๆค่ะ,0
H1-KEY,imUUYMi2FXw,2022-01-05T14:43:02Z,@suraphonchai4868,#Sitala very good 👍🇹🇭,2
H1-KEY,imUUYMi2FXw,2022-01-05T14:42:57Z,@TI_jaii,รักวงนี้ชอบมากๆ 10-10ไปเลย รักและห่วงใยblackpink💗💖,1
H1-KEY,imUUYMi2FXw,2022-01-05T14:42:57Z,@kraweetreeamnuk2549,ชอบมากกกก,0
H1-KEY,imUUYMi2FXw,2022-01-05T14:42:55Z,@ภาคิณขันตี,สุดยอดดดดด เต้นเป๊ะเวอร์ น้าโย่งน้าพวงน้านง ว่างจะเข้ามาอ่านคอมเม้นนะคับ,0
H1-KEY,imUUYMi2FXw,2022-01-05T14:42:52Z,@บราบรา-ฤ8ฃ,นี่เต้นแอโรบิคหรอเนี่ย!,0
H1-KEY,imUUYMi2FXw,2022-01-05T14:42:43Z,@dewyskiratikit,หนึ่งในกำลังใจจากประเทศไทยนะครับ น้องเก่งและเหมาะสม สู้ต่อนะ #sitala,10
H1-KEY,imUUYMi2FXw,2022-01-05T14:42:41Z,@songforparksoo-young1266,เท่สุดๆรักนะ วง &quot;itzy&quot;,0
H1-KEY,imUUYMi2FXw,2022-01-05T14:42:40Z,@phawitasangsasithon4710,SITALA ❤️❤️❤️ H1-KEY ❤️❤️❤️ ALWAYS SUPPORT YOU,12
H1-KEY,imUUYMi2FXw,2022-01-05T14:42:11Z,@uiui1580,ชอบทั้ง3คนมากกก,0
H1-KEY,imUUYMi2FXw,2022-01-05T14:41:58Z,@eri_eri6549,เสียงลูกหนังเหมือนคนหายใจไม่ทัน พยายามต่อไปนะคะ ยังไงก็ไม่มีทางดังหรอกค่ะ 🙄🙄,0
H1-KEY,imUUYMi2FXw,2022-01-05T14:41:57Z,@taoqtie,เองช่ลูกผัดเผ็ดกัรไม ?,0
H1-KEY,imUUYMi2FXw,2022-01-05T14:41:41Z,@ppjj4658,เพราะมาก เป็นกำลังใจให้ วงนี้ปังมากค่ะ,18
H1-KEY,imUUYMi2FXw,2022-01-05T14:41:29Z,@ぱかぱか-m1t,めっちゃ好き。カバーダンスしたくなる,3
H1-KEY,imUUYMi2FXw,2022-01-05T14:41:21Z,@cat-gy6ge,ดีมากกก,0
H1-KEY,imUUYMi2FXw,2022-01-05T14:41:03Z,@Amthika06,สนุกมากเลย เพลงเพราะมาก ท่าเต้นน่ารักมากเลย เพลงQueendom red velvet พี่แบเต้นน่ารักมาก #redvelvet,0
H1-KEY,imUUYMi2FXw,2022-01-05T14:41:02Z,@bankkzerits9279,dislike8k+,1
H1-KEY,imUUYMi2FXw,2022-01-05T14:40:45Z,@reaperlongsword6269,"Never forgive, Never forget .We always remember what you have done.",6
H1-KEY,imUUYMi2FXw,2022-01-05T14:40:25Z,@popeyeolive1932,"Keep fighting, you can do it ... Sitala 💃",9
H1-KEY,imUUYMi2FXw,2022-01-05T14:40:20Z,@สรสิทธิ์กลิ่นลูกจันทร์,เชี้ยเพลงดือมากกก สนับสนุนตลอดไป On the ground rosé อะ,1
H1-KEY,imUUYMi2FXw,2022-01-05T14:39:51Z,@crowsdew5951,ผมรักเขา รยูจิน itzy 💚,1
H1-KEY,imUUYMi2FXw,2022-01-05T14:39:43Z,@rainyseason5867,ลูกหนังเอวลอย+ปั่นจักรยาน อืมมมมเหมือนเคยเห็นที่ไหนมาก่อนนะ??,2
H1-KEY,imUUYMi2FXw,2022-01-05T14:39:34Z,@benchamadrimteerakul6096,รักมา 15 ปีแล้วค่ะ Super Junior,0
H1-KEY,imUUYMi2FXw,2022-01-05T14:39:31Z,@namputhanachat9615,dictator left❌❌❌⚔️💣🔪🪓,0
H1-KEY,imUUYMi2FXw,2022-01-05T14:39:26Z,@alexx8582,"Por lo menos tomen en cuenta a las otras chicas y solo ignoren a sitala, las otras chicas también se esforzaron para debutar.",0
H1-KEY,imUUYMi2FXw,2022-01-05T14:39:11Z,@everyday5561,เริศอยู่นะ 4eve 4ever!!!!!!,1
H1-KEY,imUUYMi2FXw,2022-01-05T14:39:09Z,@bebee7706,เห็นชุดแล้วอยากลุกไปออกกำลังกาย😒,0
H1-KEY,imUUYMi2FXw,2022-01-05T14:39:01Z,@สรสิทธิ์กลิ่นลูกจันทร์,เหลืองเด่นเชียวน้าาา,2
H1-KEY,imUUYMi2FXw,2022-01-05T14:38:51Z,@chidsanupongkunsuwan5633,คีตานางคือผมม่วงใช่มั๊ย,0
H1-KEY,imUUYMi2FXw,2022-01-05T14:38:48Z,@ธีรศักดิ์จันทะรี,😓😓😓😓🥱🥱🥱,0
H1-KEY,imUUYMi2FXw,2022-01-05T14:38:33Z,@สรสิทธิ์กลิ่นลูกจันทร์,อืมมมมมนะตามสภาพ,1
H1-KEY,imUUYMi2FXw,2022-01-05T14:38:32Z,@andabellez9822,รักมากเลยค่ะ ฟังตลอดเลยค่ะ exid,0
H1-KEY,imUUYMi2FXw,2022-01-05T14:38:30Z,@emanoelle_mascarin,Eu não conheço nada sobre o grupo mas eu amei simplesmente tudo!! Debut perfeitooo,4
H1-KEY,imUUYMi2FXw,2022-01-05T14:38:23Z,@foortunecookie_,somehow this song is really unique,26
H1-KEY,imUUYMi2FXw,2022-01-05T14:38:17Z,@Sle3Pyiiz,เอาจริงๆนะวงนี้ไม่พร้อมเดอะไม่มีออร่ามีกลั้นยิ้มกลั้นหัวเราะค่ายเอามาเดได้ไง,0
H1-KEY,imUUYMi2FXw,2022-01-05T14:38:15Z,@chanapar.8309,I hope blackpink comeback soooonn,0
H1-KEY,imUUYMi2FXw,2022-01-05T14:37:56Z,@papislurpmycvm8121,หูยย เก่งอ่ะ เพลงดีมาก บีทดี ชอบๆ รอเพลงต่อๆไปอยู่นะคะฟ Enhypen🤩🤩🤩🤏🏻🤏🏻🤏🏻🥺🥺,142
H1-KEY,imUUYMi2FXw,2022-01-05T14:37:46Z,@strateprod,Pls guys you can cancel Sitala if you want but don&#39;t cancel the others pls,0
H1-KEY,imUUYMi2FXw,2022-01-05T14:37:45Z,@zoozaazeed,Awesome ❤❤❤,5
H1-KEY,imUUYMi2FXw,2022-01-05T14:37:44Z,@Ilove2u,🤢🤮,0
H1-KEY,imUUYMi2FXw,2022-01-05T14:37:41Z,@musicislife2559,No sitala,0
H1-KEY,imUUYMi2FXw,2022-01-05T14:37:41Z,@inthetian,เพลงปังมากค่ะ Twice,0
H1-KEY,imUUYMi2FXw,2022-01-05T14:37:38Z,@dorothygel,เดมาจ้างเต้นหน้าตลาดสดเร็ววว,0
H1-KEY,imUUYMi2FXw,2022-01-05T14:37:37Z,@norisnowri,H1 key ສູ້ໆ✌ ຫ້າມທໍ ນ້ອງເປັນກຳລັງໃຫ້ ສູ້ໆພີ່ໆທຸກຄົນ ຕິດຕາມເພລງຕໍ່ໄປເດິ❤,15
H1-KEY,imUUYMi2FXw,2022-01-05T14:37:21Z,@siriwanpath,เป็นกำลังใจให้นะคะ ภาพรวมดีจังเลยค่ะ,1
H1-KEY,imUUYMi2FXw,2022-01-05T14:37:03Z,@nicech522,4 คนนี้น่ารักมากๆ เลยครับ เก่งด้วย BLACKPINK 🖤💖,0
H1-KEY,imUUYMi2FXw,2022-01-05T14:37:02Z,@dyuwuttipong0044,มาเป็นกำลังใจให้ศิลปินทุกคนเลย และพี่ลูกหนังด้วยครับ🥳❤️,2
H1-KEY,imUUYMi2FXw,2022-01-05T14:36:59Z,@สรสิทธิ์กลิ่นลูกจันทร์,อ้าวววมาแล้วย่ออออคุูณพี่ลิ่ม,1
H1-KEY,imUUYMi2FXw,2022-01-05T14:36:50Z,@immie1376,เพลงดีมากๆๆ ชอบมากๆ เสียงดีทุกคนเลย เป็นกำลังใจให้นะคะ STAYC ! 💕💞💓💗💖💘💝,52
H1-KEY,imUUYMi2FXw,2022-01-05T14:36:43Z,@w00dstucky,แอโรบิคหน้าโลตัส,1
H1-KEY,imUUYMi2FXw,2022-01-05T14:36:38Z,@rainyseason5867,สนับสนุนคนไทย ไปไกลระดับอินเตอร์ครับ Blackpink,2
H1-KEY,imUUYMi2FXw,2022-01-05T14:36:30Z,@Asstlmp,เพลงดีเว่อ ติดหูมากเต้นดีล็อคท่าดีทุกคนเลย ประทับใจมากกกกก แนะนำเพลงนี้ไปฟังกันค่ะทุกคนuniverse nct💚,20
H1-KEY,imUUYMi2FXw,2022-01-05T14:36:27Z,@bboy4339,Go girls 😍😍😍😍,1
H1-KEY,imUUYMi2FXw,2022-01-05T14:36:06Z,@benjaratpathumvan7554,คอมเม้นคนนไทยคือปั่นมาก 55 (|||),1
H1-KEY,imUUYMi2FXw,2022-01-05T14:36:02Z,@Bond-hv9et,สุดยอดครับ เพลงดีมากๆ ฟังแล้วอยากเซิ้ง เอาใจช่วยให้หายป่วยไวๆคับ ลำไย ไหทองคำ,0
H1-KEY,imUUYMi2FXw,2022-01-05T14:35:58Z,@sealteamsix6939,ไปกวังยากัลลlet’s goooooo💕💕💕,1
H1-KEY,imUUYMi2FXw,2022-01-05T14:35:58Z,@pcnskw9237,wowwwwww I LOVE..... BLACK PINK I LOVE LISA ❤❤❤❤❤ BLACK PINK IS THE BEST 😌😌,0
H1-KEY,imUUYMi2FXw,2022-01-05T14:35:56Z,@truemobile6987,เราอยากจะบอกว่า...เรารักgot7กับinto1มากๆน่ะรีบกับมาคัมเร็วๆน่ะรออยู่💚💜💙,0
H1-KEY,imUUYMi2FXw,2022-01-05T14:35:54Z,@black_18_berry,H1-KEY 0:13 || Riina 0:23 || Seoi 0:31 || Sitala 0:52 || Yel,14
H1-KEY,imUUYMi2FXw,2022-01-05T14:35:46Z,@berrygood_bolivia,🥳🥳🥳🥳🥳,0
H1-KEY,imUUYMi2FXw,2022-01-05T14:35:43Z,@ປຸກ-ມ7ຫ,Love you ma meow~🧡🐈,2
H1-KEY,imUUYMi2FXw,2022-01-05T14:35:34Z,@berrygood_bolivia,Me encanta,1
H1-KEY,imUUYMi2FXw,2022-01-05T14:35:31Z,@nekogenre_,เพลงจะดีมากถ้าไม่มีลูกหนัง,0
H1-KEY,imUUYMi2FXw,2022-01-05T14:35:24Z,@kiattisakrittisakdikul7858,I LOVE THIS SONG . SO COOL.,9
H1-KEY,imUUYMi2FXw,2022-01-05T14:35:21Z,@DalkAlap,ดีงามครับ ฟังชิล ๆ ดูเพลิน ๆ,0
H1-KEY,imUUYMi2FXw,2022-01-05T14:35:13Z,@ชนินทร์แก้วกล้า-ท8ฒ,MVจuไม่ไหว,0
H1-KEY,imUUYMi2FXw,2022-01-05T14:35:06Z,@juthatip31yamyolsri11,นี่ท่าเต้นGirls groupหรือกายภาพบำบัดค่ะ? 😕,0
H1-KEY,imUUYMi2FXw,2022-01-05T14:34:52Z,@tanakorn2522,เปิดวนไป,2
H1-KEY,imUUYMi2FXw,2022-01-05T14:34:46Z,@indyhome26,It&#39;s such a Great Song Wonderful Debut.!!!,5
H1-KEY,imUUYMi2FXw,2022-01-05T14:34:42Z,@tulayalamatya3165,❤️❤️❤️❤️,0
H1-KEY,imUUYMi2FXw,2022-01-05T14:34:31Z,@garnrscb2srsc841,เพลงดีมากครับ​ อนาคตไกล​ สู้ๆครับ,1
H1-KEY,imUUYMi2FXw,2022-01-05T14:34:28Z,@mommi6575,เซ็กซี่อ่ะ เพลงไม่ติดหูเลย เนื้อร้องดีมากค่ะฟังไม่รู้เรื่อง ชื่อวงคือเริศเอ๊ะวงไรวะ แต่ละคนน่ารักมากสวยสุดอ่ะ โดยเฉพาะลิซ่า โรเซ่ พิซู เจนนี่ อ่าวคนละวงโทษๆ ชุดคือเริศอยู่เด้อไปว่าไม่ได้นะ กูมีเหมือนกันเปี๊ยบเลย ที่เห็นก็มี2ชุดปะ555 เยอะอยู่น้าาาว่าไม่ได้ 2ชุดเอง เอ็มวีคือดีมากเหมือนมาฝึกโยคะยุคโควิด บริหาร1 2 3 ไปคะ ขาขึ้น หน้าเชิด ดีวเว่อ ยอดวิวปังมาก แค่หมื่นๆเอง เเบล็คพิ้งคือเงิ้บไปเลยอ่ะ แค่1ชั่วโมง ยอดเกือบล้าน ปังมากกกกกกกกก ลูกหนังความหวังของชาวไมย ไวบ ไฝย โอ้ยยยเขียนผิดเว่อ เซ็งอ่ะ อวยจนน้ำลายแห้งมือหงิกเยย,0
H1-KEY,imUUYMi2FXw,2022-01-05T14:34:26Z,@chanintemsirisak1643,ชอบๆ,2
H1-KEY,imUUYMi2FXw,2022-01-05T14:34:12Z,@porpor6937,แร็ปเก่งค่ะเพลงติดหู,10
H1-KEY,imUUYMi2FXw,2022-01-05T14:34:05Z,@alexx8582,"Esta buena la canción, y me gustan así las 4 miembros, pero debieron de haber sacado a la morra, solo le afectara a las otras tres, o nunca debió de haber dicho que su padre era su modelo a seguir",2
H1-KEY,imUUYMi2FXw,2022-01-05T14:33:52Z,@khemjiratmuangsri2442,สู้ๆนะคะกูอ่ะสู้ๆนะ,0
H1-KEY,imUUYMi2FXw,2022-01-05T14:33:50Z,@blueberrykr1126,จริงๆเพลวดีนะ แต่เราดูที่คนร้องด้วย,1
H1-KEY,imUUYMi2FXw,2022-01-05T14:33:21Z,@trafalgark6920,"🤮 SITALA, seriously you don’t know about democracy? Pls stop faking it! Don’t claim that time you were as a young girl and didn’t know about the situation and democracy. The fact, that’s time you were a high school. You grew up. It’s impossible that the high school will not teach about democracy. You can’t change the past. You already have selected the coup! You can’t lie yourself. Many ppl had a big debt around millions ฿ and some bankrupted from your dad, your team and you! that joined the protest, you guys closed the airport affected ppl can’t export goods and you guys are the only group that claim for the coup to cover the country!!! I give dislike 👎 for this video because her. Sorry for another 3members. You guys are da best. Moreover, her talent is not shine like another member. 🙂",0
H1-KEY,imUUYMi2FXw,2022-01-05T14:33:12Z,@banpot9217,อย่าอ้างว่าเป็นเด็ก แล้วโทษพ่อตัวเอง Shame on you. Do not blame your daddy for money. Please be matual and say truely sorry for what you have done. One &quot;dislike&quot; from me for her who has supported Thai dictatorship.,0
H1-KEY,imUUYMi2FXw,2022-01-05T14:33:07Z,@memokwang,รอเตรียมซื้อบงเชียร์ ตกลงทางค่ายจะทำมือตีนตีเปาะแปะ รึ นกหวีดให้เป่าคะ ตีมสีวง ตกลงเอาสีอะไรคะ เหลือง รึ สลิ่ม(ชมพู เขียว ขาว) ค่ะ ของที่ต้องการให้ซับพอร์ตตกลงเอาเป็นกะทิกล่องรึกะทิขวดดีคะ เก็บเงินรอวืดไม่ไหวและค่ะ,0
H1-KEY,imUUYMi2FXw,2022-01-05T14:32:58Z,@isaiasmoura1031,perfeitas 💗,1
H1-KEY,imUUYMi2FXw,2022-01-05T14:32:12Z,@mintcmt6603,🤢,0
H1-KEY,imUUYMi2FXw,2022-01-05T14:32:05Z,@leximercimurcs,เพลงเพราะมากเลยค่ะ ชอบท่าเต้นมาก โวคอล แร็ปปังสุดๆ ไม่ว่ายังไงก็จะซัพพอร์ตต่อไป blackpink aespa ทั้งใจ ot4🥰🥰,1
H1-KEY,imUUYMi2FXw,2022-01-05T14:31:57Z,@indyhome26,You &#39;re girls so sexy O M G !!!,1
H1-KEY,imUUYMi2FXw,2022-01-05T14:31:53Z,@fluffylee6323,เต้นแอโรบิคหรอ,1
H1-KEY,imUUYMi2FXw,2022-01-05T14:31:52Z,@ฝฃล,เพลงดีมาก เป็นกำลังใจให้นะครับ ไม่ว่าเป็นยังไงพวกเราจะอยู่กับวง girl’s generation ต่อไปเรื่อยๆเลยนะค่ะ,32
H1-KEY,imUUYMi2FXw,2022-01-05T14:31:48Z,@mai7287,Stan H1-KEY💕,0
H1-KEY,imUUYMi2FXw,2022-01-05T14:31:30Z,@mai7287,Let&#39;s go girls!!!,3
H1-KEY,imUUYMi2FXw,2022-01-05T14:31:25Z,@ck.8370,👎👎👎👎👎👎,0
H1-KEY,imUUYMi2FXw,2022-01-05T14:31:20Z,@nattawanphuwakun5210,ถือว่าดีนะแต่ไม่ดีเท่ากับหลายๆวงที่เดบิวต์ช่วงนี้ถึงบอกว่าค่ายเล็กก็เถอะแต่ก็มีค่ายเล็กที่ทำดีกว่าอ่ะ,1
H1-KEY,imUUYMi2FXw,2022-01-05T14:31:18Z,@ณริศรากระต่ายทอง-ฉ4ฐ,🤮🤮🤮🤮🤮🤮🤮🤮🤮🤮🤮🤮🤮🤮🤮🤮🤮🤮🤮🤮🤮🤮🤮🤮🤮🤮🤮🤮🤮🤮🤮🤮🤮🤮🤮🤮🤮🤮🤮🤮🤮🍓🍓🍓🍓🍓🍓,0
H1-KEY,imUUYMi2FXw,2022-01-05T14:31:16Z,@minjoeng5865,คือเพลงดีมาก เต้นดีมากอะ เสียงก็ดี สมแล้วที่สนับสนุนมาตลอด Kep1er,0
H1-KEY,imUUYMi2FXw,2022-01-05T14:30:46Z,@ณริศรากระต่ายทอง-ฉ4ฐ,🤮🤮🤮🤮🤮🤮,0
H1-KEY,imUUYMi2FXw,2022-01-05T14:30:37Z,@nickynoi-g4j,Perfect ❤❤❤,6
H1-KEY,imUUYMi2FXw,2022-01-05T14:30:37Z,@STORYPRIM_Channe,🌹🌹🌹🌹🌹,1
H1-KEY,imUUYMi2FXw,2022-01-05T14:30:33Z,@PEACH-vw5dh,ถ้ามองข้ามอัคตินะ นางศรีก็สวยอยู่(สวยจริงๆ ไม่ใช่อยู่แบบจะเทยพูดนะ) -เพลง” รู้สึกเฉยๆมากไม่ติดหูอะไรอย่างใดเลย ฟังไป2 รอบจำท่อนฮุคยังไม่ได้อยู่ -Mv ปวดหัวมากก ซูมไม่ไหว โยกไม่ไหว จะตั้งใจดหน้าสมาชิกคนอื่นก็ตัดไปอีกฉากละ และที่พังสุดเสื้อผ้าแบบ โอ้วว สถาพพ เหมือนน้องอยู่ในห้องซ้อมแล้วโดนเรียกออกมาถ่ายเอ็มวี แต่ชุดดูไม่แพงเท่าพวก Aespa ใส่ซ้อมเพลง black mambaด้วยซ้ำ ยังไงก็สู้ๆนะจ๊ะคนดีของแผ่นดิน🙄,0
H1-KEY,imUUYMi2FXw,2022-01-05T14:30:21Z,@rs1652,Amazing coreography,4
H1-KEY,imUUYMi2FXw,2022-01-05T14:30:08Z,@Raphael-2,"They released the official instrumental! Go listen to it, it&#39;s SO GOOD !",55
H1-KEY,imUUYMi2FXw,2022-01-05T14:30:03Z,@memokwang,"걸그룹 H1-KEY와 GLG 음반사가 태국 군부 독재를 지지한다? 비록 부모님과 가족들이 #시탈라 군정을 지지하다 좋아요, 한국이 독재를 지지합니까? 누가 그것이 민주주의라고 말합니까? GLG가 그녀를 내보내지 않으면 망할 것입니다.",1
H1-KEY,imUUYMi2FXw,2022-01-05T14:29:59Z,@ณริศรากระต่ายทอง-ฉ4ฐ,ขำ,0
H1-KEY,imUUYMi2FXw,2022-01-05T14:29:58Z,@earthhemmarat6643,อยากฟังความเห็นทุกคนเกี่ยวกับเพลงนี้อะ ทั้งเพลง ชุด ฉาก มาแลกเปลี่ยนกันในเม้นท์เรานะคะ อยากอ่านจริงๆ เปิดเม้นท์มาาเจอแต่ปั่น(〒﹏〒),2
H1-KEY,imUUYMi2FXw,2022-01-05T14:29:58Z,@kotchakron373,พวกปั่นกากๆ มันจะมาตอบเม้นสามกีบในเพลงนี้ กูด้วย,1
H1-KEY,imUUYMi2FXw,2022-01-05T14:29:44Z,@StellaJolie.,Black pink is number1 ❤️lisa,0
H1-KEY,imUUYMi2FXw,2022-01-05T14:29:43Z,@barbieb9840,No​ One​,0
H1-KEY,imUUYMi2FXw,2022-01-05T14:29:34Z,@hon_data2244,3เมมคนเกาหลีสู้ๆจ้าเดี๋ยวนางก็บิน😖😖,1
H1-KEY,imUUYMi2FXw,2022-01-05T14:29:25Z,@mamnaka9388,สงสารจักรยาน,0
H1-KEY,imUUYMi2FXw,2022-01-05T14:29:14Z,@user-ds8yt1oc8b,เสียงทุกคนคือเพราะมาก เสียงทรงพลังมาก เราเป็นกำลังใจให้เสมอนะคะ สู้ๆนะ aespa!💗,7
H1-KEY,imUUYMi2FXw,2022-01-05T14:29:11Z,@katykate6940,🤮🤮🤮🤮🤮👎👎👎👎👎👎🤮🤮🤮🤮🤮🤮🤮🤮🤮🤮🤮🤮🤮🤮,0
H1-KEY,imUUYMi2FXw,2022-01-05T14:29:10Z,@วัยรุ่น90-ถ4ฬ,สุดยอดเลยครับ,1
H1-KEY,imUUYMi2FXw,2022-01-05T14:29:08Z,@สาระแน-บ4ข,อีก3คนเสียงดีมากกกกกก อีกคนนึงใครไม่รู้อะที่พ่อตัวเองก็เป็น1ที่ทำให้คนไทยชิบหาย ไม่รู้ใครจริงๆ,4
H1-KEY,imUUYMi2FXw,2022-01-05T14:29:06Z,@ffgsisa1201,เป็นคนไทย ในวงมี4คน ได้แร็ป ขายาว ใช่ค่ะฉันหมายถึงลิซ่า,1
H1-KEY,imUUYMi2FXw,2022-01-05T14:28:59Z,@thanawatphoobaibua8045,สู้ๆครับ,0
H1-KEY,imUUYMi2FXw,2022-01-05T14:28:30Z,@june3537,วิดิโอนี้ใช่วิดิโอสอนเต้นเเอโรบิคปะคะหรือเราเข้าผิด...เเต่เราว่าเราไม่น่าเข้าผิดนะเห็นเขาเต้นเฌอโรบิคอยู่,2
H1-KEY,imUUYMi2FXw,2022-01-05T14:28:26Z,@beebeauty6721,คอนเซปต์แอโรบิคหรอคะ??,0
H1-KEY,imUUYMi2FXw,2022-01-05T14:28:20Z,@kannikakhamson7599,❤❤❤💪👌🎶🎼🎸🇹🇭🌏,0
H1-KEY,imUUYMi2FXw,2022-01-05T14:28:17Z,@พิชิตมูลธิ-ร8ฌ,ไม่ปัง ไม่เริ่ด โจ๊กสุด,0
H1-KEY,imUUYMi2FXw,2022-01-05T14:27:51Z,@alinajummai1550,performanceดีมากร้องดีเต้นดีเพลงติดหูมากเลยอะ แร็ปเริศ ปังมากปังที่สุด ที่ร้องว่า WA DA DA DA หลอนหูมาเลยอ่ะค่ะ🤏🏻วงKep1er,3
H1-KEY,imUUYMi2FXw,2022-01-05T14:27:39Z,@kornpaphajr3020,❤️❤️❤️❤️👏🏻👏🏻👏🏻👏🏻H1KEY #BeStrong 🥰,15
H1-KEY,imUUYMi2FXw,2022-01-05T14:27:39Z,@ranugathaisuriyo218,Love H1-KEY 😊😘😁😄💚💛💜❤,12
H1-KEY,imUUYMi2FXw,2022-01-05T14:27:38Z,@thinnakritkongsontana2252,❤️❤️❤️,1
H1-KEY,imUUYMi2FXw,2022-01-05T14:27:24Z,@rs1652,LET&#39;S SUPPORT H1 KEY🌌🌌🌌🌌🌌,7
H1-KEY,imUUYMi2FXw,2022-01-05T14:27:01Z,@itsmeploy1816,Mvจนมาก5555555,0
H1-KEY,imUUYMi2FXw,2022-01-05T14:26:59Z,@mannnbam829,เต้นแข็งแรงมากค่ะ วิชวลทั้งวง เพลงดีติดหูจังหวะลงตัวสุดๆเลยค่ะทุกคนมีออร่าจับมากค่ะ โวคอลก็เสียงนุ่มมีพลัง แร๊ปก็ดุดันได้ใจ เมนแดนซ์นี่ยิ่งเข้าไปใหญ่เลยค่ะล็อคท่าเป๊ะแข็งแรง ไม่รู้จะอวยยังไงแล้วค่ะศลป.ก็มีความสามารถสุดๆ วงก็มีหลายคาแร็คเตอร์ รักที่สุกเลยรอคัมนะgot7💚💚,7
H1-KEY,imUUYMi2FXw,2022-01-05T14:26:52Z,@areechan448,ชอบค่ะ,1
H1-KEY,imUUYMi2FXw,2022-01-05T14:26:37Z,@odtoins1108,🤢🤢🤮🤮🤮,0
H1-KEY,imUUYMi2FXw,2022-01-05T14:26:35Z,@Meylue,แอโรบิคเพื่อพ่อ,0
H1-KEY,imUUYMi2FXw,2022-01-05T14:26:32Z,@มะลิลา-ฑ9ศ,ฟังครั้งแรกติดหูเลยหุ่นดีมากก,48
H1-KEY,imUUYMi2FXw,2022-01-05T14:26:17Z,@ttt3901,ลูกสาวเผด็จการ,0
H1-KEY,imUUYMi2FXw,2022-01-05T14:25:57Z,@chorlystyle7693,follow your father #ลูกหนัง,0
H1-KEY,imUUYMi2FXw,2022-01-05T14:25:56Z,@ghost.1162,I like this song,0
H1-KEY,imUUYMi2FXw,2022-01-05T14:25:47Z,@lollipopaum,ธรรมดามาก ๆ,0
H1-KEY,imUUYMi2FXw,2022-01-05T14:25:46Z,@indyhome26,สุดยอด สมการรอคอย 👍👍👍👏👏👏,1
H1-KEY,imUUYMi2FXw,2022-01-05T14:25:44Z,@akelovedog,สุดยอดครับ เต้นดี พร้อมเพียง พร้อมสนับสนุนครับ bts,0
H1-KEY,imUUYMi2FXw,2022-01-05T14:25:30Z,@vlovelisa5220,Nanno,0
H1-KEY,imUUYMi2FXw,2022-01-05T14:24:55Z,@patralak,Fully support BLACKPINK.,0
H1-KEY,imUUYMi2FXw,2022-01-05T14:24:54Z,@wisarootsang7039,บ้ง มากก,0
H1-KEY,imUUYMi2FXw,2022-01-05T14:24:52Z,@akkarawatloeswatthanathaku3666,ทีมเวิร์ค,1
H1-KEY,imUUYMi2FXw,2022-01-05T14:24:46Z,@Monday2536,โหย เมมเบอร์4คนไม่ทับไลน์กันเลยวิชวลทุกคนโวคอลก็ดีแร็ปก็ดีเต้นก็เด็ดสุดยอดแถมเพลงโครตจะติดหูสุดยอดเลยเด็กๆ aespa❤️🌙⭐️🦋,2
H1-KEY,imUUYMi2FXw,2022-01-05T14:24:30Z,@joannshabu9292,Really amazing girl group I am already addicted to it .... fighting athletic girl,7
H1-KEY,imUUYMi2FXw,2022-01-05T14:24:14Z,@7i7j2k,เป็นกำลังให้Btsนะคะ🥺🥺,0
H1-KEY,imUUYMi2FXw,2022-01-05T14:23:46Z,@fkuk288,กาก,0
H1-KEY,imUUYMi2FXw,2022-01-05T14:23:43Z,@warapornhanvittayanukool5445,เก่งจังค่ะ ขอสนับสนุนตลอดไปค่ะ :),5
H1-KEY,imUUYMi2FXw,2022-01-05T14:23:33Z,@user-beRis1991,Красивые девушки))),16
H1-KEY,imUUYMi2FXw,2022-01-05T14:23:19Z,@junoprince7387,I love you IZ*ONE,0
H1-KEY,imUUYMi2FXw,2022-01-05T14:23:15Z,@Flowersgrowback,ใครไม่ชอบแต่ฉันชอบจะซับพอร์ตต่อไปนะคะ BTS,0
H1-KEY,imUUYMi2FXw,2022-01-05T14:23:07Z,@ชมดอกไม้-ธ8ซ,เป็นเพลงที่ดีมากแต่ในวงมีแค่3คนใช้ัม้ยแต่ไม่ต้องเอาตัวประกอบมาอีกคนนะเห็นแล้วรก mv เขา5555,0
H1-KEY,imUUYMi2FXw,2022-01-05T14:22:54Z,@yookloongtookonkinkhekinye7026,คาริน่า กับวินเทอร์คือปังสุดไรสุด AESPA ไฟท์ติ้ง,1
H1-KEY,imUUYMi2FXw,2022-01-05T14:22:49Z,@joe-zj8zj,ร้องไรอะแย่มาก,0
H1-KEY,imUUYMi2FXw,2022-01-05T14:22:49Z,@numchainontakot6599,ยังมีคนที่ประเทศไทยอีกมาก ที่ให้กำลังใจ hikey และลูกหนังอยู่ สู้ต่อไปนะ สู้ๆ,12
H1-KEY,imUUYMi2FXw,2022-01-05T14:22:40Z,@mbkx5441,W..why your concept looks like Blackpink &amp; Itzy I&#39;m sorry I didn&#39;t mind them but you made me think like that,1
H1-KEY,imUUYMi2FXw,2022-01-05T14:22:11Z,@worraprodsouthreals804,ชอบมากอ่ะ รอผลงานตลอด​ ท่อนแร๊พยังเริ่ดเหมือนเคย​ ท่อนvocalsก็สุดพลังไม่เปลี่ยนแปลง​ ไม่เสียแรงที่ติดตามมา10ปี​ เป็นกำลังให้เสมอน้า Limp​ Bizkit😂🤟🔥🔥(ชั้นดูแก่ไปปะพวกเทอ55)​,9
H1-KEY,imUUYMi2FXw,2022-01-05T14:22:02Z,@m1e.10,เพลงดีมากค่ะ เอาไปเลย1นิ้วโป้ง หมายถึงสมาชิกคนอื่นแค่3คน ไม่ใช่ลูกหนัง,1
H1-KEY,imUUYMi2FXw,2022-01-05T14:21:53Z,@pratumtiptiffin5204,💖💖💖💖💖💖💖💖💖💖💖💖,2
H1-KEY,imUUYMi2FXw,2022-01-05T14:21:49Z,@rayongman,非常好！,1
H1-KEY,imUUYMi2FXw,2022-01-05T14:21:15Z,@sherlockholmes4134,ไม่รู้เราจะไปอยู่ KWANGYA 🕷,0
H1-KEY,imUUYMi2FXw,2022-01-05T14:21:12Z,@Leena-mr5hj,3 queens and 1 slim ToT,0
H1-KEY,imUUYMi2FXw,2022-01-05T14:21:11Z,@nextojunie,โอ้ย คลิปสอนเต้นแอโรบิคหรอคะ,0
H1-KEY,imUUYMi2FXw,2022-01-05T14:20:48Z,@bobbeee1699,เข้ามาอ่านเม้นอะ อย่างมันส์ส์ส์5555555,1
H1-KEY,imUUYMi2FXw,2022-01-05T14:20:31Z,@ssuraphornndeesungnoen8939,เก่งงดีมากกกเลยค้าาชอบไปหมดชอบทุกอย่างเลยปลื้มมสนับสนุนต่อไปนะคะnct,0
H1-KEY,imUUYMi2FXw,2022-01-05T14:20:30Z,@woodsws,ฝากถึงลูกหนังเธอไม่ต่างอะไรกับการเหยียบหัวคนอื่นเพื่อให้ตัวเองได้ดี,1
H1-KEY,imUUYMi2FXw,2022-01-05T14:20:02Z,@redmoon5934,สงสารเมมเบอร์คนอื่นอะ สวยๆกันทั้งนั้น😭 ทัวร์ลงทีคือลงทั้งวง,2
H1-KEY,imUUYMi2FXw,2022-01-05T14:20:01Z,@panonrerganan9676,No1 jen4,0
H1-KEY,imUUYMi2FXw,2022-01-05T14:19:44Z,@perfuse_6182,เลือกเมนไม่ได้เลยอะ ทุกคนสุดยอดมาก NCT 💚,0
H1-KEY,imUUYMi2FXw,2022-01-05T14:19:43Z,@Sakinahhhhmahmood,ฮื่อออชอบมากๆเลยนะคะพี่ๆblack pink เพลงดีมากกกกกเเร็ปคือปัง,0
H1-KEY,imUUYMi2FXw,2022-01-05T14:19:29Z,@catwantspellett,ท่าเต้นมีพลังมาก สมมงสุดๆ นาอิน !! turns จงเจริญ,4
H1-KEY,imUUYMi2FXw,2022-01-05T14:19:26Z,@sowhenever8939,Fighting looknung :),5
H1-KEY,imUUYMi2FXw,2022-01-05T14:19:24Z,@kepat.pp6d91,ทั้ง3คนสวยมากสู่ๆนะแต่ลำบากหน่อยมีตัวถ่วงอยู่ในทีม,0
H1-KEY,imUUYMi2FXw,2022-01-05T14:19:11Z,@sowhenever8939,So good!,9
H1-KEY,imUUYMi2FXw,2022-01-05T14:18:41Z,@morineme7936,รักนะคะช่วงนี้ทำงานหนักมากเลยสู้ๆนะคะ itzy💙💙,0
H1-KEY,imUUYMi2FXw,2022-01-05T14:18:36Z,@Ylity-b6s,เพลงดีมาก ชอบมาก ปังไม่ไหว ขอให้ปังปุริเยสืบไปน้าา เลิศมาก จะติดตามผลงานตลอดนะคะaespa 🥰🥰,14
H1-KEY,imUUYMi2FXw,2022-01-05T14:18:30Z,@choconana4276,"Wowww they did amazing I love the MV , I like Sitala part the most especially when she raps! I hope they all go far ! Let’s support our girls dream",4
H1-KEY,imUUYMi2FXw,2022-01-05T14:18:18Z,@TRAN-l1p,เต่างอย เต่างอย เต่างอย เต่า เต่า เต่างอย เฮ้!!~,1
H1-KEY,imUUYMi2FXw,2022-01-05T14:18:07Z,@Happy-Time2000,เพลงเพราะดีนะคะเสียงร้องเสียงแรปก็ดีถ้าฟังหลายรอบเพลงติดหูได้เลยครบแต่ถ้าคุณไม่สนับสนุนเผด็จการเหมือนพ่อของคุณและครอบครัวของคุณฉันบอกเลยอนาคตคุณจะสวยจะไปได้ดีเหมือนเด็กไทยทุกคนที่เป็นศิลปินที่เกาหลีหรือจีนและที่อื่นๆคนไทยพร้อมสนับสนุนค่ะแต่ถ้าเป็นแบบนี้ขอไม่สนับสนุนค่ะสู้ๆนะคะเป็นกำลังไจ๊!!!!!,1
H1-KEY,imUUYMi2FXw,2022-01-05T14:17:59Z,@waruru6458,ไม่อยากชมเลยเเต่ Mv โอเคเลยเเฮ่ะ คนในวงคนอื่นก็ดีมาก เเต่นั้นเเหละ😩 เเต่มาดู ไม่สนับสนุน,1
H1-KEY,imUUYMi2FXw,2022-01-05T14:17:46Z,@kilabrianna9168,เป็นกำลังใจให้นะคะ,2
H1-KEY,imUUYMi2FXw,2022-01-05T14:17:41Z,@CX_100-p9r,Ya!!!.. i love this mv. 🔥🔥,9
H1-KEY,imUUYMi2FXw,2022-01-05T14:17:39Z,@indythailand4304,คนไหนน้องหนังครับ สวยทุกคน,1
H1-KEY,imUUYMi2FXw,2022-01-05T14:17:39Z,@yxw0211,อ๋าาาาาาา สันติแบบนะค่ะ🤭,0
H1-KEY,imUUYMi2FXw,2022-01-05T14:17:35Z,@katykate6940,เต้นแอโรบิคละ1🤭อุ๊ป,1
H1-KEY,imUUYMi2FXw,2022-01-05T14:17:29Z,@framexxnn3299,ขอให้ยอดวิวไม่ขึ้นนะคะสาธุ,0
H1-KEY,imUUYMi2FXw,2022-01-05T14:17:27Z,@myloveitzy4526,วงนี้ดีมากครับ รักเลย Blackpink🖤💗,0
H1-KEY,imUUYMi2FXw,2022-01-05T14:17:12Z,@causemadsub4400,"Korean people love their Democracy so much no one can&#39;t touch the whole story of the great fight for the freedom nation, for now that&#39;s ridiculous. You let this debut? A supporter of military dictatorship. Korean people you don&#39;t care what Thai young generetion fight for the better days, our freedom future like you all in the past? You hurt my heart. For people around the world please see what happen in Thailand and sent your heart with us. Thank you.",0
H1-KEY,imUUYMi2FXw,2022-01-05T14:17:07Z,@khaooatjakkit7603,Blackpink in your area 🖤💖,0
H1-KEY,imUUYMi2FXw,2022-01-05T14:16:36Z,@v1bbu,i hope they do well in future I want them to get attention as they deserve 💕✨,28
H1-KEY,imUUYMi2FXw,2022-01-05T14:16:18Z,@kartopkung,มุขพูดดีแล้วตบท้ายด้วยชื่อวงอื่นของ3กีบแม่มโคตรเห่ยอะ เล่นกันทุกคลิปไม่เบื่อหรอ 5555555,3
H1-KEY,imUUYMi2FXw,2022-01-05T14:16:04Z,@Sooaya__,mayors,0
H1-KEY,imUUYMi2FXw,2022-01-05T14:15:52Z,@timejain7111,เขาเต้นซุมบ้าที่ฟิตเนตหรอ ชุดนี่ใช่เลยนะ,1
H1-KEY,imUUYMi2FXw,2022-01-05T14:15:46Z,@lnwza2232,ยุบวงไปเถอะสมเพช,3
H1-KEY,imUUYMi2FXw,2022-01-05T14:15:43Z,@อรปรียาศรีสุวรรณ,เฮ้อมาคัมซักทีนะgot7,2
H1-KEY,imUUYMi2FXw,2022-01-05T14:15:39Z,@lnwza2232,เพลงกากๆ,4
H1-KEY,imUUYMi2FXw,2022-01-05T14:15:38Z,@chanonnicky9987,อย่าไปสนใจนะสาวๆ พวกชอบ บูลลี่คนอื่น(ไม่เคยมองตัวเองดีรึยัง) เป็นกำลังใจให้จาก ประเทศไทย❤️❤️❤️🇹🇭,2
H1-KEY,imUUYMi2FXw,2022-01-05T14:15:35Z,@yim-wn4oj,2:52 ท่อนนี้คล้ายๆท่าเต้นแอโรบิคเลอ,11
H1-KEY,imUUYMi2FXw,2022-01-05T14:15:31Z,@lnwza2232,งั้นๆไม่ได้สวย,2
H1-KEY,imUUYMi2FXw,2022-01-05T14:15:28Z,@wilawan6898,ลูกหนังหรือลูกผีคะ!!!,4
H1-KEY,imUUYMi2FXw,2022-01-05T14:15:24Z,@นารูโตะนะจ๊ะ-ฏ7ภ,แต่หละคนสุดยอดเลย😍🤟😘,1
H1-KEY,imUUYMi2FXw,2022-01-05T14:15:02Z,@Exqme24,เพลงฝึกเต้นแอโรบิกเหรอว่ะ 555555,2
H1-KEY,imUUYMi2FXw,2022-01-05T14:15:00Z,@jitsupalabutdee377,เป็น4คนที่ลงตัวมากเลยอ่ะแง เอ็มวีดี เมมเบอร์สวยทุกคนเลย ชอบมากฮือblackpink😭💖,1
H1-KEY,imUUYMi2FXw,2022-01-05T14:14:46Z,@aectopus,Ok so there are some things that could be improved but you really really have my attention lol.,1
H1-KEY,imUUYMi2FXw,2022-01-05T14:14:14Z,@artymethawut5638,เพลงดีมาก ท่าเต้นเลิศ ขวัญใจกะเทยมากๆเลย กะเทยต้องแกะท่าตามเลย ขอบคุณที่ปล่อยเพลงนะคะ ติดตามผลงานเพลงและภาพยนตร์แม่นะคะ ❤️❤️love Lady Gaga❤️❤️,1
H1-KEY,imUUYMi2FXw,2022-01-05T14:14:03Z,@JeepT,มองอย่างไม่มีเบื้องหลัง สมาชิกวงสวยดีนะ เพลงใช้ได้ ชอบแนวออกกำลัง,1
H1-KEY,imUUYMi2FXw,2022-01-05T14:13:56Z,@nene_superstar591,โปรดสนับสนุนวง บงบงเกิร์ล303 🍭 ด้วยนะคะ มีสมาชิก7 คน มีคนไทย 1 ในนั้นคือ “เนเน่ พรนับพันหรือเจิ้นหน่ายซิน” ทั้งสวยเก่ง เรียนดี น่ารัก ขายขำเก่ง แต่งเพลงได้เล่นละครซีรี่ย์ พิธีกรได้และแถมเป็นแบบอย่างให้เด็กไทยที่อยากเดินตามความฝัน เหมือนกับสมาชิกคนไทยที่ประสบความสำเร็จ เช่น ลิซ่า แบมแบม เตนท์ นิชคุน มินนี่ สนับสนุนทุกคนด้วยนะคะ ♥️,3
H1-KEY,imUUYMi2FXw,2022-01-05T14:13:51Z,@worstthitiporn5429,เพลงดี เต้นก็ดี สวยทุกคน,15
H1-KEY,imUUYMi2FXw,2022-01-05T14:13:45Z,@MymeloGongOFFICIALCH,ฟังครั้งแรกคือ.......เอิ่ม...............,1
H1-KEY,imUUYMi2FXw,2022-01-05T14:13:38Z,@teerapatnokpompanoow2750,ชอบวงนี้👍👍👍👍,0
H1-KEY,imUUYMi2FXw,2022-01-05T14:13:34Z,@floverwithlove,คอนเซปไบค์ฟอแดด,0
H1-KEY,imUUYMi2FXw,2022-01-05T14:13:32Z,@suanmeesook7555,ดนตรีติดหูดีนะ ชอบ,2
H1-KEY,imUUYMi2FXw,2022-01-05T14:13:26Z,@kairos9514,สงสารเมมเบอร์คนอื่นจัง I fell sorry 3 member found this situation.,3
H1-KEY,imUUYMi2FXw,2022-01-05T14:13:25Z,@pkek5684,ตรีมเต้นแอโรบิค ถวาย.....นี่เอง,1
H1-KEY,imUUYMi2FXw,2022-01-05T14:13:04Z,@oyenberbuluketiak1794,☠︎︎,0
H1-KEY,imUUYMi2FXw,2022-01-05T14:13:04Z,@fervin3694,ohhh 🤢🤢🤢,1
H1-KEY,imUUYMi2FXw,2022-01-05T14:12:58Z,@benzchuayhua7715,ลูกหนังน่ารักมาก🥰🥰🥰🥰🇹🇭🇹🇭🇹🇭,2
H1-KEY,imUUYMi2FXw,2022-01-05T14:12:57Z,@Jamtwinkle,MV .... ? ย้อนยุคหรอ,1
H1-KEY,imUUYMi2FXw,2022-01-05T14:12:57Z,@Te_2552,พี่ๆปังกันมากเลยขอไห้ไปรอดกับวงการนี้น่ะรอซัพพอร์ตน่ะkep1er,1
H1-KEY,imUUYMi2FXw,2022-01-05T14:12:54Z,@แพรชมพู-ฬ1ฏ,มาร์คลีหล่อมาก,1
H1-KEY,imUUYMi2FXw,2022-01-05T14:12:36Z,@Dk-ev8ug,Black pink ❤️❤️❤️❤️,1
H1-KEY,imUUYMi2FXw,2022-01-05T14:12:35Z,@Eเป็ดโง่,ชอบมากเลยค่ะ เพลงจี่หอย พี่พีสะเดิด,1
H1-KEY,imUUYMi2FXw,2022-01-05T14:12:31Z,@chaiyutsununtamongkol8575,พวกไม่รู้จักแยกแยะยังไงนู๋ก็มีคนสนับสนุนแน่ๆคนรักชาติบ้านเมืองกะสัสเด่วลุงจะเอาไปบอกพวกลุงๆป้าช่วยสนับสนุนเอง ว่าแต่หาซื้อเทปได้ที่ไหนบ้าง,0
H1-KEY,imUUYMi2FXw,2022-01-05T14:12:31Z,@Raphael-2,If you want to fight against dictatorship then maybe you will have other priorities than complaining on a kpop mv.. just saying.,0
H1-KEY,imUUYMi2FXw,2022-01-05T14:12:26Z,@wowceen4804,เสียดายคอนเสปวง ไม่น่ามีสลิ่ม ot3 ได้มะ,1
H1-KEY,imUUYMi2FXw,2022-01-05T14:12:22Z,@boatmehee0809,โดเรมีฟาเวอร์ชั่นเกาหลี,0
H1-KEY,imUUYMi2FXw,2022-01-05T14:12:14Z,@Josias.R.P,"Muy buena canción, gran debut, suerte en futuras canciones. 💖",3
H1-KEY,imUUYMi2FXw,2022-01-05T14:12:04Z,@v1bbu,This song gets better everytime you listen to it 💃🏻🙆🏻,13
H1-KEY,imUUYMi2FXw,2022-01-05T14:11:44Z,@babyhongjoong_,โห เพลงปังมาก คือแบบแมสมากทั้งแรป ทั้งร้อง เต้นคือดีหมด คือเริ่ดมากจะซัพพอร์ตวง exo ต่อไปนะคะ💖,1
H1-KEY,imUUYMi2FXw,2022-01-05T14:11:36Z,@wildflowers-ih9ib,ชอบวงนี้มากเลยค่า กรี๊ดดดดด จะติดตามตลอดไปน้าา รักLOONA 🌕💖จุ๊บๆ,1
H1-KEY,imUUYMi2FXw,2022-01-05T14:11:31Z,@anuchayawanophat4666,เพลงเดรึแอโรบิค,0
H1-KEY,imUUYMi2FXw,2022-01-05T14:11:25Z,@Shumon95,โอ้ววววววว เพลงดีมากกกกกกกกก ชอบบบบบ น้ำตาจิไหลลลล ฟังครั้งแรก วงนี้ทำได้ดีมากๆ 😭😭😭😭😭😭 Blackpink twice itzy AESPA,1
H1-KEY,imUUYMi2FXw,2022-01-05T14:11:24Z,@no.7529,คอนเซ็ปท์เพลงคือไรอ่ะ เต้นเอโรบิกเหรอหรือเล่นโยคะ,0
H1-KEY,imUUYMi2FXw,2022-01-05T14:11:16Z,@pth0809,So flop,0
H1-KEY,imUUYMi2FXw,2022-01-05T14:11:09Z,@anuchayawanophat4666,ชอบเพลงดีเม็มน่ารักเป็นกำลังใจอยู่ข้างประชาชนชาวไทยมาโดยตลอด วง BNK48 CGM48 💖,0
H1-KEY,imUUYMi2FXw,2022-01-05T14:11:05Z,@nat-pa7628,love,2
H1-KEY,imUUYMi2FXw,2022-01-05T14:11:04Z,@MsThejourney,👏👏👏ติดหูมาก vocal rap and dance ผ่านหมด ดีเว่อร์,20
H1-KEY,imUUYMi2FXw,2022-01-05T14:10:56Z,@sunwoo4868,สนุกมากเลยเพลงใหม่ENHYPENอ่ะเอ้ายังไม่ปล่อยลืม,0
H1-KEY,imUUYMi2FXw,2022-01-05T14:10:45Z,@taebuckexchange5321,❤️❤️❤️wow,8
H1-KEY,imUUYMi2FXw,2022-01-05T14:10:42Z,@cherrybomb9173,ติดตามมานานค่ะ เบอร์ 1 เจน 4 สู้ๆนะคะ aespa!!,0
H1-KEY,imUUYMi2FXw,2022-01-05T14:10:02Z,@peetnmd,sitala She is a supporter of a dictator,0
H1-KEY,imUUYMi2FXw,2022-01-05T14:10:01Z,@BIGBLINK77,"The song is so good, the choreography is superb congratulations on your successful start !!!👏👏🏻👏🏽👏🏿",27
H1-KEY,imUUYMi2FXw,2022-01-05T14:09:06Z,@ithinkitscrazy3552,nct I love you,1
H1-KEY,imUUYMi2FXw,2022-01-05T14:09:05Z,@Nut-nv4lb,ชอบมากเลยครับ เพลงดี แร๊ปดี เต้นดี #blackpink 🖤💖,2
H1-KEY,imUUYMi2FXw,2022-01-05T14:09:02Z,@aylineraslan3836,I love thiiiis,0
H1-KEY,imUUYMi2FXw,2022-01-05T14:08:53Z,@ห้ามเข้า-ฎ4ง,คอมเม้นคือโดนใจมากอ่ะ555555555😹,2
H1-KEY,imUUYMi2FXw,2022-01-05T14:08:52Z,@strawberryprincess7219,Aespa เก่งมากเลยค่าาา🤩🤘🏿,1
H1-KEY,imUUYMi2FXw,2022-01-05T14:08:52Z,@beautiful-c2l,เพลงดีมากค่ะ เต็ม10! ดีทุกอย่าง เต้นดีมากก วิชวลทั้งวง!! รักนะคะ bts💜💜,3
H1-KEY,imUUYMi2FXw,2022-01-05T14:08:26Z,@rocket1251,เก่งมากค่ะ สนับสนุนน้องๆนะคะ 👍🏻❤️,4
H1-KEY,imUUYMi2FXw,2022-01-05T14:08:19Z,@จักรพรรดิพันทวี,รักนะศรีตลา😍😍😍,2
H1-KEY,imUUYMi2FXw,2022-01-05T14:08:18Z,@beeloves7896,น่ารักจัง...,10
H1-KEY,imUUYMi2FXw,2022-01-05T14:08:11Z,@cbb4349,Copy Blackpink !!!! both member nationality and the number of members!!!!! Copy Copy Copy!!!!!!!,5
H1-KEY,imUUYMi2FXw,2022-01-05T14:08:10Z,@001หนึ่งฤทัยแจ้งประดิษฐ์,สนับสนุนคนไทยด้วยกันคับ สาวๆเก่งกันมากๆเลย รอคัมต่อไปนะ 4eve,3
H1-KEY,imUUYMi2FXw,2022-01-05T14:07:58Z,@saengdhamma4477,วงเผด็จการ,3
H1-KEY,imUUYMi2FXw,2022-01-05T14:07:46Z,@สวัสดีวันจันทร์-ฉ4ง,สามารถซื้อแผ่น DVD ได้ตามร้านแมงป่องทั่วประเทศ,3
H1-KEY,imUUYMi2FXw,2022-01-05T14:07:44Z,@pievpiev2060,Good girls congratulations 🎉❤️❤️,4
H1-KEY,imUUYMi2FXw,2022-01-05T14:07:38Z,@dumbteengirl97,ชีลูกหนังท่องอาขยานหรอคะ,6
H1-KEY,imUUYMi2FXw,2022-01-05T14:07:38Z,@pzxez,ผู่ได๋สวดมนต์,3
H1-KEY,imUUYMi2FXw,2022-01-05T14:07:20Z,@_polaroid_1077,O:,0
H1-KEY,imUUYMi2FXw,2022-01-05T14:07:20Z,@ponlawatpattanasirikun3390,dictatorship’s blood 👍🏻,0
H1-KEY,imUUYMi2FXw,2022-01-05T14:07:13Z,@Raphael-2,"Wow, they&#39;re a total different group than Kep1er but they represent a big competition and also they&#39;re a permanent group.",2
H1-KEY,imUUYMi2FXw,2022-01-05T14:07:11Z,@001หนึ่งฤทัยแจ้งประดิษฐ์,โห เพลงดีมาก ติดหูมาก วิชวลทั้งวงยังไงก็ปัง เอ็มวีสวย สนับสนุนคับเกียมเงินซื้อบั้ม kep1er เก่งอะ 🤍🤍,1
H1-KEY,imUUYMi2FXw,2022-01-05T14:07:08Z,@kit_ti2216,วงไทยทำดีกว่าอะ​ หันมาสนับสนุน​วงไทยดีกว้า,2
H1-KEY,imUUYMi2FXw,2022-01-05T14:06:56Z,@njgamer7107,จะบอกว่าสีดำก็ไม่ได้เข้ากับทุกสีนะ5555,1
H1-KEY,imUUYMi2FXw,2022-01-05T14:06:38Z,@hiifsomedayiseeu3796,รวมความเเปลกของคอมเมนต์บางคอมเมนต์ 🙈🙉🙊,1
H1-KEY,imUUYMi2FXw,2022-01-05T14:06:16Z,@jokiehealhart,OMG ดี เลิศ มากเด้อออออ เริ่ดๆๆๆ 👍👍👍⭐🎊🎉✌️,12
H1-KEY,imUUYMi2FXw,2022-01-05T14:06:06Z,@napatjraf,The music is unique. Very good for not using overly used Eastern Asian beats like other bands 🙏👏 But please improve the girls&#39; costumes. I don&#39;t think the length of the pants is flattering. And please improve their dancing lines and synchronicity. Keep up the hard work. 💓,0
H1-KEY,imUUYMi2FXw,2022-01-05T14:06:02Z,@tunetha9226,"It is such a beautiful song, I love it.",22
H1-KEY,imUUYMi2FXw,2022-01-05T14:06:00Z,@Imfam,"this is definitely awesome cool !!! ฉันชอบมาก !!! Look and go forward, H1-KEY :)",8
H1-KEY,imUUYMi2FXw,2022-01-05T14:05:33Z,@jajxh2182,This comment like will show how many this vid dislike,7
H1-KEY,imUUYMi2FXw,2022-01-05T14:05:29Z,@minney17,🤬🤬🤬scary🤬🤬🤬,0
H1-KEY,imUUYMi2FXw,2022-01-05T14:05:08Z,@phimphatchaobthong3274,แก๊ เพลงที่ปล่อยออกมาแล้วดังเลยอ่ะมันไม่ได้มีเยอะนะ ชั้นชอบๆ สู้ๆนะคะวงive,2
H1-KEY,imUUYMi2FXw,2022-01-05T14:05:02Z,@ปกดปปร,ชอบค่ะดีมากเลย เสียงดี เต้นดี หน้าตาทั้งเลย เต็ม10ไม่หักเลยค่าา ค่อยซัพพอร์ตอยู่ตลอดนะคะ จะเป็นกำลังใจให้เสมอ รักนะคะNCT💚💚💚,17
H1-KEY,imUUYMi2FXw,2022-01-05T14:04:48Z,@trintreepipat9660,SITALA 😍❤️,3
H1-KEY,imUUYMi2FXw,2022-01-05T14:04:46Z,@heysup6510,นี่คือเลือกคนเดบิวต์ได้แค่นี้หรอ? คนอื่นก็มี สงสารเมมเบอร์อีก3คนอะ,1
H1-KEY,imUUYMi2FXw,2022-01-05T14:04:37Z,@user-rp2cl2ro4ll,นี้แต่เริ่มต้นนะจ๊ะ,1
H1-KEY,imUUYMi2FXw,2022-01-05T14:04:35Z,@fah6778,อยู่ภายในใจเป็นหมื่นล้านคำ😂,1
H1-KEY,imUUYMi2FXw,2022-01-05T14:04:21Z,@wanra1500,ทำไมทางค่ายต้องเอาตัวประกอบมาเพิ่มคะวงมีสามคนดีแล้วค่ะ,1
H1-KEY,imUUYMi2FXw,2022-01-05T14:04:05Z,@ณัฐภัทรร-ณ7ฌ,love SITALA,3
H1-KEY,imUUYMi2FXw,2022-01-05T14:04:00Z,@dogdog447,ขอบคุณสำหรับท่าเต้นแอโรบิคนะคะ,0
H1-KEY,imUUYMi2FXw,2022-01-05T14:03:43Z,@danrlady,top tier mv!,3
H1-KEY,imUUYMi2FXw,2022-01-05T14:03:35Z,@fysgo3202,เป็นไงละ สันติ ที่พูดถึง 55555 ก็สาปกันในเม้นไปเลยสิคะ สลิ่มกับสามกีบ ลุงๆป้ารอซื้อเทปอยู่ปังๆนะค๊าาา,0
H1-KEY,imUUYMi2FXw,2022-01-05T14:03:34Z,@numchainontakot6599,ลูกหนังสู้ๆ ทำดีมาก น่ารักและเก่งทุกคน เลย,3
H1-KEY,imUUYMi2FXw,2022-01-05T14:03:27Z,@prakaytiphaplakhorn9566,กูนึกว่ามาดูเขาสอนเล่นโยคะ เเต่ละชุดกูขรรมหนักมาก,1
H1-KEY,imUUYMi2FXw,2022-01-05T14:03:20Z,@limgeommii4926,เวียนหัวจัง,0
H1-KEY,imUUYMi2FXw,2022-01-05T14:03:06Z,@s.saichanapan8446,เพลงนี้คอนเซปต์คือเต้นแอโรบิคหรอ,0
H1-KEY,imUUYMi2FXw,2022-01-05T14:03:04Z,@chompoochom6887,โห้ปังมาดค้าาชอบๆนุ้รอคอนวงแบล็คพิ้งค์อยู่นะคะ😘,0
H1-KEY,imUUYMi2FXw,2022-01-05T14:02:53Z,@Raphael-2,How do we pronounce their name ? I keep forgetting that their name is not GLG.. because I can&#39;t remember their name. It&#39;s not that hard but I don&#39;t know how to pronounce it so I forget it.,0
H1-KEY,imUUYMi2FXw,2022-01-05T14:02:41Z,@Itjune__2007,เพลงดีนะคะแต่เสื้อผ้าเหมือนไม่มีงบอ่ะค่ะเมมเบอร์ทุกคนสวยมากค่ะสีตลาก็สวยค่ะแต่น่าเสียดายมากที่มึงเป็นสลิม😊😊😊👎🏻👎🏻👎🏻👎🏻👎🏻👎🏻🤢🤢🤢🤢🤢,0
H1-KEY,imUUYMi2FXw,2022-01-05T14:02:38Z,@สมาร์ทเอง-ณ5ด,สู้ๆ รักค่ะ NCT,0
H1-KEY,imUUYMi2FXw,2022-01-05T14:02:11Z,@kpopmixstan,I love how the rational thais ppl supporting them,0
H1-KEY,imUUYMi2FXw,2022-01-05T14:02:06Z,@UrfavUsereiei,เเงงชอบวงนี้มากเลย เพลงเพราะมากรักนะคะnctซัพพอร์ตต่อไปค่ะ💚💚💚💚💚💚💚🤟🏼🤟🏼🤟🏼🤟🏼🤟🏼🤟🏼,0
H1-KEY,imUUYMi2FXw,2022-01-05T14:02:03Z,@oppooppo-ff2wq,ปังๆนะคะน้องสุ้ๆพี่เป็นกำลังใจให้นะ น้องtreasure💎,2
H1-KEY,imUUYMi2FXw,2022-01-05T14:01:54Z,@KOPONDS888,เก่งมากๆๆๆๆๆครับ ชอบทั้ง4 ติดตามต่อไปครับ สู้ๆครับ,2
H1-KEY,imUUYMi2FXw,2022-01-05T14:01:50Z,@bounthongchanthavysouk525,F U SITALA,0
H1-KEY,imUUYMi2FXw,2022-01-05T14:01:41Z,@Noskybot,Fc ลูกหนัง 😝😝😝,0
H1-KEY,imUUYMi2FXw,2022-01-05T14:01:40Z,@iij3www719,โอยวงนี้ดีมากเบอ1เจน4ปังๆ ขอให้ปังแมสแบบนี้ต่อไปเรื่อยๆนะคะ kep1er จะรอซัพพอร์ตตลอดเลย😘🥰,11
H1-KEY,imUUYMi2FXw,2022-01-05T14:01:28Z,@Raphael-2,"The MV is so high quality in every aspect, camera move, lighting, set designs, editing, colors,...",26
H1-KEY,imUUYMi2FXw,2022-01-05T14:01:28Z,@kyrionlive-f1u,I love it this song from Poland,10
H1-KEY,imUUYMi2FXw,2022-01-05T14:01:16Z,@ndqee4379,"TYSM for make this song,it&#39;s give me more motivation to die.",0
H1-KEY,imUUYMi2FXw,2022-01-05T14:01:16Z,@satellaechidna7609,🥱🥱🥱,0
H1-KEY,imUUYMi2FXw,2022-01-05T14:01:02Z,@มาลินีพูลพล,สวย น่ารัก สู้ๆ เป็นกำลังใจให้น้า,8
H1-KEY,imUUYMi2FXw,2022-01-05T14:00:58Z,@TeeraratMname,"Dance like cool poses for althelic, good dance design. love their style.",32
H1-KEY,imUUYMi2FXw,2022-01-05T14:00:43Z,@cherrymudae,เริ่มเลย,0
H1-KEY,imUUYMi2FXw,2022-01-05T14:00:39Z,@napatjraf,I hope noone will try to silence people for their political view over here. Don&#39;t do what you don&#39;t want for your people. Peace.,0
H1-KEY,imUUYMi2FXw,2022-01-05T14:00:30Z,@dewdew7790,전두환이 이 노래를 자랑스러워한다.,0
H1-KEY,imUUYMi2FXw,2022-01-05T14:00:30Z,@tonaor55,มีสามกีบโรคจิตมาเม้นเพียบเลย 🤭🤭🤭🤭🤭🤭 เม้นของสวะสามกีบแต่ละตัวเหมือนพวกตาบอดหูหนวกสมองบวม ไม่เหี้ยจริงเม้นแบบที่พวกนี้เม้นไม่ได้นะค้า 🤣🤣🤣🤣🤣🤣 แต่เรามาดูเพราะชอบ 🥰🥰🥰🥰🥰🥰,1
H1-KEY,imUUYMi2FXw,2022-01-05T14:00:26Z,@Raphael-2,"2:21 this member reminds me of AFTER SCHOOL&#39;s Kahi, she has a similar vibe and that&#39;s a big compliment. Rookie idols these days rarely look mature and I think mature is the best.",11
H1-KEY,imUUYMi2FXw,2022-01-05T14:00:22Z,@wantanawongneam4846,beautiful👍❤❤❤❤,1
H1-KEY,imUUYMi2FXw,2022-01-05T14:00:20Z,@yanisajunpon2257,❤️ 4 ere,0
H1-KEY,imUUYMi2FXw,2022-01-05T14:00:18Z,@Pink200_,โห้ยวงนี้เต้นดีมากๆเลยค่ะร้องเพลงก็เพราะนักร้องก็หล่อจะซัพพอร์ตต่อไปนะคะวงtxtเจ้าทีเร้ก,1
H1-KEY,imUUYMi2FXw,2022-01-05T14:00:17Z,@sasitornchaichana4,มาอ่านเม้น,0
H1-KEY,imUUYMi2FXw,2022-01-05T14:00:15Z,@Nothingtolose_9,แอโรบิคหน้าโลตัส,1
H1-KEY,imUUYMi2FXw,2022-01-05T13:59:58Z,@Neommnin,รักนะคะ 2NE1,0
H1-KEY,imUUYMi2FXw,2022-01-05T13:59:52Z,@pp-traveler,มาให้กำลังใจน้องลูกหนัง,0
H1-KEY,imUUYMi2FXw,2022-01-05T13:59:49Z,@Patpol.a,เพลงดีมาก เพลง lalisa นะ,0
H1-KEY,imUUYMi2FXw,2022-01-05T13:59:45Z,@loveshi2305,🤮🤮🤮🤮🤮,0
H1-KEY,imUUYMi2FXw,2022-01-05T13:59:42Z,@yim-wn4oj,ปังมากเลอทั้ง3คน,0
H1-KEY,imUUYMi2FXw,2022-01-05T13:59:39Z,@supinyaanuntarapraserd5188,ดีชอบ ปังมาก สนับสนุนทุกคน,0
H1-KEY,imUUYMi2FXw,2022-01-05T13:59:28Z,@onteeramai,Mv ดูมาแบบสไตล์ยุคเก่าๆไงไม่รู้แฮะ,0
H1-KEY,imUUYMi2FXw,2022-01-05T13:59:24Z,@POOH3IEI,เพลงดีมาก แต่,0
H1-KEY,imUUYMi2FXw,2022-01-05T13:59:15Z,@kyuuby7744,เก่งอาะหมายถึงน้องจองอู,0
H1-KEY,imUUYMi2FXw,2022-01-05T13:59:04Z,@hihighhahaha,ชอบทั้งสีสาวเลย สวยทุกคน ร้องเพลงก็เพราะ เต้นก็ดี ปักเมนไม่ได้เลยย blackpink,3
H1-KEY,imUUYMi2FXw,2022-01-05T13:58:50Z,@kamonwanchucheep1111,ชอบมากค่ะ​ เก่งจัง​ ❤️🥰,4
H1-KEY,imUUYMi2FXw,2022-01-05T13:58:50Z,@chadaที่แปลว่าชาด๊าาา,ชอบมากค่ะ เต็ม 10 ไม่หักเลยค่ะ คือชอบตอนน้องแชงกับยัยเกี๊ยวเต้นคู่กันมาก พร้อมเป็นกำลังให้ Blackpink เสมอค่ะ🥰,1
H1-KEY,imUUYMi2FXw,2022-01-05T13:58:29Z,@ทาสหมาและเจ้านาย,넌 최선을 다했어 시탈라 사과하지마 너의 생각을 지지해 또한 확인했다 태국은 여전히 ​​좋다 그저 장관이 되지 않기 위해 나라를 더 나쁘게 만들려는 애국자들뿐이다. 스스로를 민주주의라고 부르지만 반대하는 사람들을 모욕하는 집단. 나는 태국을 사랑한다 나는 이 정부를 사랑한다 그녀는 최선을 다했다 #standwithSiTaLa #StandWithH1Key,2
H1-KEY,imUUYMi2FXw,2022-01-05T13:58:28Z,@cutemonkey8887,Cute 🥰 💝,0
H1-KEY,imUUYMi2FXw,2022-01-05T13:58:23Z,@pxpixng,สู้ๆๆนะเป็นกำลังจ๊ายยยยย ไม่ค่อยเข้าหูเลยอะ,0
H1-KEY,imUUYMi2FXw,2022-01-05T13:58:16Z,@sonicpola3,The worst debut ever.,0
H1-KEY,imUUYMi2FXw,2022-01-05T13:58:04Z,@4illtic,โอ้ยสวยเริ่ดเพลงดีชอบมากอะ เอสป้า มายนาวิสไอเลิฟยู,1
H1-KEY,imUUYMi2FXw,2022-01-05T13:57:58Z,@sorn711,Go Go Girls. Love♥️♥️♥️ !!!,8
H1-KEY,imUUYMi2FXw,2022-01-05T13:57:58Z,@riolish_channel9592,Good song good MV . Keep go on 4💓 Sitala you good Rap ! อะไรที่เห็นว่าดี เราขอชมว่าดี,5
H1-KEY,imUUYMi2FXw,2022-01-05T13:57:46Z,@rattanapronwsk292,❤️❤️❤️❤️❤️❤️❤️❤️👍👍👍👍👍👍👍👍👍👍👍,1
H1-KEY,imUUYMi2FXw,2022-01-05T13:57:38Z,@Raphael-2,"Their concept/sound is very similar to HOT ISSUE, but in a good way of course, and they are more impactful in my opinion. The MV is just WOW and the fact they&#39;re only 4 is great.",27
H1-KEY,imUUYMi2FXw,2022-01-05T13:57:25Z,@แก๊นน้ํา,ไม่น่าเลย ดีทุกอย่าง สงสารเมมเบอร์คนอื่น,1
H1-KEY,imUUYMi2FXw,2022-01-05T13:57:17Z,@feelnextlevelrhythm1247,disband when???,0
H1-KEY,imUUYMi2FXw,2022-01-05T13:57:16Z,@jkkk9665,ชอบมากๆเลยค่ะ ทุกอย่างคือดีปังมากๆเลย สนับสนุนตลอดเลยน่าา~ รักBTSตลอดนะคะ💜🔒,0
H1-KEY,imUUYMi2FXw,2022-01-05T13:57:14Z,@juncqt,ดีเริ่ดปังมากๆจะซัพพอร์ตตลอดไปนะคะblackpink,1
H1-KEY,imUUYMi2FXw,2022-01-05T13:57:09Z,@ployf2245,บ้งมากจ้าาาาาาาา ไม่มีความตื่นเต้น ไม่ติดหู มีแต่ความอิหยังวะมาก ท่าเต้นก็ไม่ปัง มันจะดังได้ยังไง 🤣,0
H1-KEY,imUUYMi2FXw,2022-01-05T13:56:58Z,@วุฒิพันสุวรรณเพชร,พักคะเราเปิดใจฟังแล้วนะ,0
H1-KEY,imUUYMi2FXw,2022-01-05T13:56:55Z,@iceenggg8009,พูดตรงๆคือ performance แย่ดูไม่พร้อมที่จะเดอ่ะ เทียบไม่ติดสักวงแต่สลิ่มยังกล้าเอาไปเทียบกับคนนู้นคนนี้ กุถามจริง เดะก็ดับมั้ยมึงดู โคตรง่อยคอนเซ็ปท์อะไรก็ไม่รู้อีก ค่ายก็ดูไม่ลงทุนอ่ะ เอาตรงๆเอ็มวีมึงเเอบเหมือนหลายๆวงด้วย ถ้าเอาไปเทียบกับ gen4 วงอื่นคือโดนตบหงายหลังอ่ะ เทียบไม่ติด,0
H1-KEY,imUUYMi2FXw,2022-01-05T13:56:54Z,@ละเอียดอยู่สวน,ชอบอ่ะ..เพลงเพราะ เสียงดี..เยี่ยมมาก,8
H1-KEY,imUUYMi2FXw,2022-01-05T13:56:50Z,@ตุ๊กตาเขียวหนู,ป๊าดดดเต้นแอโรบิคสู😂,0
H1-KEY,imUUYMi2FXw,2022-01-05T13:56:40Z,@newsdarachanel7963,🎉🎉🎉🎉🎉🎉🎉,0
H1-KEY,imUUYMi2FXw,2022-01-05T13:56:39Z,@Frrrdz,ผมพอจะซื้อน้ำเเข็งที่ไหนได้มั่งครับ,0
H1-KEY,imUUYMi2FXw,2022-01-05T13:56:36Z,@Raphael-2,2:33 I think this member looks like BoA,1
H1-KEY,imUUYMi2FXw,2022-01-05T13:56:32Z,@hihighhahaha,เพลงดีนะว่าไป เป็นกระแสฮอตฮิตไปทั่วโลกเลย ท่าเต้นปัง แรปก็ติดหูมาก ddu du ddu du🖤💗,143
H1-KEY,imUUYMi2FXw,2022-01-05T13:56:30Z,@alisamanu,ปังมาก เลิศมากกกคะ redvelvet,0
H1-KEY,imUUYMi2FXw,2022-01-05T13:56:06Z,@masakimuk6702,สวย เริ่ด performance ดีเวอร์ ไม่เสียแรงที่ติดตามมาตั้งแต่ประกาศเด SITALA สวยมาก,1
H1-KEY,imUUYMi2FXw,2022-01-05T13:56:04Z,@wattanalertplapong8378,เพลงเพราะ ศิลปินเเต่ละคนเท่มาก MV เลิศมาก เยี่ยมมาก,47
H1-KEY,imUUYMi2FXw,2022-01-05T13:55:57Z,@RememberofMJ,"Nice song, good artist, beautiful mv, congrats 🎊🎉🎈",8
H1-KEY,imUUYMi2FXw,2022-01-05T13:55:36Z,@หนูเป็นเป็ด,3คนนั้นคือเริ่ดอยู่นะ,0
H1-KEY,imUUYMi2FXw,2022-01-05T13:55:20Z,@supawatsuwanno5323,ทุกคนอย่าเข้ามาดูนะ มันเป็นการเพิ่มยอดวิวให้คลิปนี้รวมถึงเป็นการเพิ่มยอดการแนะนำในยูทูปนะคั้บ,1
H1-KEY,imUUYMi2FXw,2022-01-05T13:55:17Z,@saharatbunhaeng1398,ได้อยู่จ้าาา เต้นเเอโรบิคสวยมากค่ะ👏👏,1
H1-KEY,imUUYMi2FXw,2022-01-05T13:54:51Z,@SRREME,เก่งมากน้อง ดีกว่าวงบางวงอีก คนที่แซะนี่เป็นคนยังไง ขอให้น้องล่มจมไปกับน้ำทะเลเรื่อยๆ ถ้ายังสนับสนุนรัฐบาลและราชวงศ์ที่มาจากการโกง,2
H1-KEY,imUUYMi2FXw,2022-01-05T13:54:48Z,@เสกสินธุ์ภู่ขาว,👍👍✌️✌️🌷🌷❤️❤️,2
H1-KEY,imUUYMi2FXw,2022-01-05T13:54:36Z,@mumhan9173,ในเพลงดีหมดยกเว้นอยู่อย่างเดียว5555,0
H1-KEY,imUUYMi2FXw,2022-01-05T13:54:30Z,@pramakornphithaks8223,This good concept and good song,8
H1-KEY,imUUYMi2FXw,2022-01-05T13:54:24Z,@nortornr3616,โอ้ยเก่งอะ เอสป้าเก่งที่สุด💖💖,0
H1-KEY,imUUYMi2FXw,2022-01-05T13:54:21Z,@user-tq7oo9du8f,🤮🤮🤮🤢🤮🤮🤢🤮🤮🤢🤢🤢🤢🤮🤢🤢🤮🤢🤢🤢🤮🤮🤢🤮🤮🤢🤮🤮🤮🤮🤢🤮🤮🤢🤮🤮🤢🤮🤮🤢🤮🤮🤢🤮🤮,0
H1-KEY,imUUYMi2FXw,2022-01-05T13:54:11Z,@sakuraisp6974,Why can’t you show dislikes to the world ?,1
H1-KEY,imUUYMi2FXw,2022-01-05T13:54:10Z,@jorgecorrea1885,Yesss they Slay girll,21
H1-KEY,imUUYMi2FXw,2022-01-05T13:54:02Z,@1LovelyLab,So good 🤩,4
H1-KEY,imUUYMi2FXw,2022-01-05T13:53:45Z,@moomin9130,เมมเบอร์อีกสามคนสู้ชีวิตมากค่ะ,0
H1-KEY,imUUYMi2FXw,2022-01-05T13:53:37Z,@mayja4634,ชอบเพลงมากเลยเป็นกำลังใจให้นะคะ itzy,1
H1-KEY,imUUYMi2FXw,2022-01-05T13:53:35Z,@iamxaviaqx2514,ตอนท้ายนี่เต้นแอโรบิคเพื่อพ่อป่ะคะ555,0
H1-KEY,imUUYMi2FXw,2022-01-05T13:53:28Z,@khajarinchaykankla9110,งานดีทุกคนเลยค่า เต้นดี เพลงก็เพราะจะรอติดตามและซัพพอร์ตต่อไปนะคะ รักนะคะBTS💜,1
H1-KEY,imUUYMi2FXw,2022-01-05T13:53:16Z,@wittayachaemchoi9896,ชอบวงนี้ที่สุดเลย ปังสุดๆในเจน4แล้วนะ ive,0
H1-KEY,imUUYMi2FXw,2022-01-05T13:53:14Z,@palita-yo9oy,มาเต้นแอโรบิคหรอคะ,0
H1-KEY,imUUYMi2FXw,2022-01-05T13:53:06Z,@พลายุทธสัมฤทธิ์,ถ้าไม่มีเรื่องอคติ เพลงค่อนข้างติดหูอยู่นะ,1
H1-KEY,imUUYMi2FXw,2022-01-05T13:52:58Z,@adulturnprosocial7293,ยอดวิวสู้หมอลำซิ่งยังไม่ได้เลย,0
H1-KEY,imUUYMi2FXw,2022-01-05T13:52:52Z,@puwanaid622,เอาดีๆกูว่าดีกว่า aespa น่ะ😁,2
H1-KEY,imUUYMi2FXw,2022-01-05T13:52:50Z,@readygo8286,This group will be perfect without sitala🙄🙄🙄🙄,0
H1-KEY,imUUYMi2FXw,2022-01-05T13:51:56Z,@radarada2073,ถ้าไม่มีดราม่า ก็ไม่ได้ขี้เหร่นะ เอ็มวงเอ็มวีก็ดีอยู่ อยู่ที่ตัวสมาชิกแล้วละว่าจะผ่านมันมาได้หรือเปล่า,1
H1-KEY,imUUYMi2FXw,2022-01-05T13:51:38Z,@theflash3667,ชอบมากครับ สวยเก่งทั้งวง โดยเฉพาะคนไทยในวง ชอบมากเลยครับ เสียงมีเอกลักษณ์มากๆ จากคนไทยครับ ❤️Blackpink นะครับที่ชอบ,0
H1-KEY,imUUYMi2FXw,2022-01-05T13:51:36Z,@saengkram8223,สุดปังศิลปินดี ร้องเก่ง แร็ปเก่ง วงเบอร์0 BTSเก่งมาก,0
H1-KEY,imUUYMi2FXw,2022-01-05T13:51:26Z,@myfriendfamily996,สู้ๆคะชอบมากชอบพี่ลูกหนังชอบทุกคนเลยร้องเพราะมากเต้นเก่งด้วยแร็ปก็ดีขอให้ยอดวิวขึ้นไวๆนะคะปังๆ,3
H1-KEY,imUUYMi2FXw,2022-01-05T13:51:14Z,@akmawateemusor1725,ว้าววววว ดีมากกก เสียงก็เพราะมีคนไทยด้วยย จะรอติดตามผลงานต่อไปนะคะ BLACKPINK ♡,1
H1-KEY,imUUYMi2FXw,2022-01-05T13:51:04Z,@marijoung6920,어쩜 4명모두 넘이쁘고 노래도 너무좋아요 👍,0
H1-KEY,imUUYMi2FXw,2022-01-05T13:50:55Z,@Iloveitz,อยากด่านะ แต่กุสงสารเด็กเกาหลีอีก3คนอะ กว่าจะได้เด ต้องผ่านอะไรมาเท่าไหร่,2
H1-KEY,imUUYMi2FXw,2022-01-05T13:50:53Z,@19คีตภัทรเทพสังข์,ได้อยู่=..,1
H1-KEY,imUUYMi2FXw,2022-01-05T13:50:49Z,@arohaforever6002,"ไอนี้เราไม่ได้อยู่กลุ่มไหนนะ ไม่ได้เข้าข้างใครด้วย แต่รำคาญไอพวกที่มาพูดอวยพร พอพูดเสร็จก็บอก itzy treasure nct สู้ๆ ปัญญาอ่อนไอพวกตัวเงินตัวทอง ถ้าไม่ชอบก้ไม่ต้องกดเข้ามาดู คนไทยด้วยกันทำไมไม่สนับสนุน ไม่ดูกันที่ความสามารถ ไม่ดูที่ผลงาน ตัดสินเค้าแค่เรื่องในอดีต ปัญญาอ่อน ไม่มีสมอง หรือถ้ามีก็แค่เอาไว้คั้นหู H1-KEY , GLG Fighting",3
H1-KEY,imUUYMi2FXw,2022-01-05T13:50:49Z,@iggj5762,สู้ๆนะคะเดี๋ยวก็ผ่านไปได้พี่หนุ่มกรรชัยงานของพี่หนุ่มน่าปวดหัวมากแน่เลย!!,1
H1-KEY,imUUYMi2FXw,2022-01-05T13:50:47Z,@kanungnitkittiwat1099,Very well done 🙌🏼 love you Silita ❤️,2
H1-KEY,imUUYMi2FXw,2022-01-05T13:50:37Z,@roongkitlee1,Big congrats..,2
H1-KEY,imUUYMi2FXw,2022-01-05T13:50:37Z,@praewmom5026,เพราะมากค่ะ ฟังปัปติดหูปัป ชอบมากค่ะ สวยทุกคนเลย ขอกรี๊ดดดดังๆค่า❤️❤️❤️,1
H1-KEY,imUUYMi2FXw,2022-01-05T13:50:28Z,@Whatido555,เข้ามาดู,0
H1-KEY,imUUYMi2FXw,2022-01-05T13:50:26Z,@Anotherkii,สภาพ สไลด์หน้ากลับมาจ้าไปเกาะประเทศอื่นกินทำไม,0
H1-KEY,imUUYMi2FXw,2022-01-05T13:50:25Z,@ii-wk7vk,คลิปเพลง หรือ เพลงสอนเต้นอาระบิก,0
H1-KEY,imUUYMi2FXw,2022-01-05T13:50:11Z,@chainatkrudpuek1415,I LovE Sitala,1
H1-KEY,imUUYMi2FXw,2022-01-05T13:50:04Z,@No0kKie,🤮🤮🤮🤮🤮🤮🤮🤮🤮🤮🤮🤮🤮,1
H1-KEY,imUUYMi2FXw,2022-01-05T13:50:04Z,@hihighhahaha,ปังมาก แรปดีมาก โวคอลก็ปังมาก ชอบสุดๆ รอไปคอนเลย คนที่แรปสับๆคือเจนนี่กับลิซ่าใช่มั้ย จะติดตามผลงานตลอดไป blackpink🖤💗,31
H1-KEY,imUUYMi2FXw,2022-01-05T13:50:03Z,@crealkiller,I mean…. This is a good debut song.,24
H1-KEY,imUUYMi2FXw,2022-01-05T13:49:42Z,@qz0nlx946,ฉากในเอ็มวีมันซ้ำจนน่าเบื่อ ไม่มีใครไชน์อีก มันดูเฉื่อยๆ ออกเเนวน่าเบื่อนิดๆ ขอโทษที่ต้องพูดตามตรง,2
H1-KEY,imUUYMi2FXw,2022-01-05T13:49:41Z,@กัลยศุลีอินทร์ประโคน,H1-KEY keep going. Believe in your self ชอบแนวเพลงของวงนะคะ ดูจากผลงานเพลง ก็พอจะเห็นได้ถึงความตั้งใจของสมาชิกทุกคนในวง เรื่องในอดีตที่ผ่านมาแล้วไม่มีใครย้อนเวลากลับไปแก้ไขได้ ทำได้เพียงเรียนรู้จากสิ่งที่เกิดขึ้นในอดีตแล้วก็อยู่กับปัจจุบัน บางอย่างก็ต้องปล่อยให้เวลาเข้ามาพิสูจน์ ยังไงก็เป็นกำลังใจให้นะคะ จะรอติดตามผลงานเพลงต่อไปเรื่อยๆค่ะ ✌️,3
H1-KEY,imUUYMi2FXw,2022-01-05T13:49:28Z,@andrewsch3035,เก่งมากครับสาวๆ🥰✨✨ อย่าไปแคร์ไปใส่ใจ มากหน้าหลายปากทั้งหลายเลยครับ🙄🙄 เต้นโอเครแล้วครับ ต้องเป็น แบ็คอัพแดนซ์เซอร์ที่ได้ดิบได้ดีแน่ๆครับ จะต้องเติบโตจนได้ เดบิวต์ แน่ๆ,0
H1-KEY,imUUYMi2FXw,2022-01-05T13:49:28Z,@sashatriman6409,"The song is better than I thought, I really like it.",19
H1-KEY,imUUYMi2FXw,2022-01-05T13:49:22Z,@spohitrathonahongsa3605,เดย์อ่ะดีจนต้องกดดิสไลด์ให้เลย😢😢,0
H1-KEY,imUUYMi2FXw,2022-01-05T13:49:16Z,@molochyoshinobu5948,Support SITALA and her father&#39;s political stance from Thailand 👍👍👍 555,3
H1-KEY,imUUYMi2FXw,2022-01-05T13:49:15Z,@thasmaneedaniela4957,Bts bangtan💖💖💖💖💖Army,1
H1-KEY,imUUYMi2FXw,2022-01-05T13:49:14Z,@m1nse0y0b0,I haven&#39;t watched the MV for a second but I already know that it&#39;s not okay because….,0
H1-KEY,imUUYMi2FXw,2022-01-05T13:49:10Z,@임아이스,ชอบมากค่ะฟังกันเยอะๆนะเพลง who are you แบมแบมgot7ค่ะ💚🦅,1
H1-KEY,imUUYMi2FXw,2022-01-05T13:49:06Z,@pinkclub5,เอาจริงๆคือเต้นดีทุกคน เพลงเพราะ แต่ติดที่คนๆหนึ่ง ทำให้เราขอไม่สนับสนุนวงนี้,3
H1-KEY,imUUYMi2FXw,2022-01-05T13:48:54Z,@bemygrace,สลิ่มพรีบั้มเป็นอะยางงงงง มาให้นึสอนได้นะคะป้าๆ♥️😈😈😈 #ไฮเดียวที่ชอบคือไฮคิว,1
H1-KEY,imUUYMi2FXw,2022-01-05T13:48:53Z,@web.watcharapon2310,ชอบมากเลย 4 คนสวยมากกกกเหมือนหลุดมาจาก A.I เลยครับเป็นกำลังใจให้ Aespa ครับ 🥰,3
H1-KEY,imUUYMi2FXw,2022-01-05T13:48:51Z,@havaqa1681,คุ้นทุกฉาก หรือคิดไปเอง ?,1
H1-KEY,imUUYMi2FXw,2022-01-05T13:48:49Z,@kamimiu1472,เพลงสนุกมาก เต็ม10ไม่หัก 4สาวน่ารักทุกคนเลย โดยเฉพาะน้องหนาว AESPA,0
H1-KEY,imUUYMi2FXw,2022-01-05T13:48:47Z,@คนดีของแม่-ท2บ,เพลงดีค่ะเต้นเก่งมากๆๆสวยทุกคนเลยค่ะชอบๆๆๆๆ❤️❤️❤️❤️❤️,0
H1-KEY,imUUYMi2FXw,2022-01-05T13:48:39Z,@dek1dollar,รอซัพพอร์ตตลอดนะคะ น่ารักสุดๆ เพลงปังมากค่า aespa🤍,1
H1-KEY,imUUYMi2FXw,2022-01-05T13:48:38Z,@ประสงค์เเซ่ลิ้ม-ป5ย,เพลงไพเราะจังหวะดนตรีดีฟังแล้วติดหูอยากฟังอีก,1
H1-KEY,imUUYMi2FXw,2022-01-05T13:48:36Z,@zhanlismm3343,🤗🤗👍👍👏🏻👏🏻,1
H1-KEY,imUUYMi2FXw,2022-01-05T13:48:33Z,@pievpiev2060,🎊🎊🎊🎉❤️,1
H1-KEY,imUUYMi2FXw,2022-01-05T13:48:26Z,@n4xcha,เพื่อนเราเป็นโรคซึมเศร้า เราเลยเปิดเพลงนี้เค้าฟัง ตอนนี้เค้าผูกคอตายละค่ะ,0
H1-KEY,imUUYMi2FXw,2022-01-05T13:48:19Z,@m1nse0y0b0,"I like Yel Rina Seol, but they&#39;d have a much better future without a member like…",1
H1-KEY,imUUYMi2FXw,2022-01-05T13:48:12Z,@maple6537,🤮🤢🤢🤮🤮🤢🤮🤮🤮🤢🤮🤮🤮🤢🤮🤮🤢🤢🤮🤢🤢🤢🤮🤮🤮🤢🤮🤮🤢🤢🤮🤢🤮🤮🤮🤢🤮🤮,1
H1-KEY,imUUYMi2FXw,2022-01-05T13:48:12Z,@taneenis5502,Salim makkkkk ewwwwww,0
H1-KEY,imUUYMi2FXw,2022-01-05T13:48:11Z,@ธันยพรอาจสาลี,ชอบลูกหนังวะทำให้ป้าๆลุงๆที่ฟังเพลงpopไม่เป็นเริ่มฝึกฟังเพลงแล้ว วงนี้น่าจะไปได้สวยนะถ้าเดต่อน่าจะดังมากเลยทีเดียวแต่ในทางลบนะ เพราะแอนตี้เยอะกว่าแฟนคลับซะอีก ทุกคนในวงเต้นดี ร้องเก่งมีความสามารถ แต่ไม่อยากสนับสนุน ฉันอยากเข้ามาดูความสามารถของลูกหนังแต่ว่าไม่อยากเพิ่มยอดวิวฉันควรทำอย่างไร แต่ว่านะลูกหนังที่เกาหลีน่ะไม่เหมาะกับเธอเลยสักนิด เธอน่าจะเหมาะกับค่ายทหารประเทศบ้านเกิดของเธอมากกว่า ฉันเตือนด้วยความหวังดีนะ,1
H1-KEY,imUUYMi2FXw,2022-01-05T13:47:59Z,@maple6537,🤮🤢🤮🤮🤢🤮🤮🤢🤮🤮🤢🤢🤮🤢🤮🤢🤮🤢🤮🤮🤢🤮🤮🤮🤮🤢🤢🤮🤢🤢🤢🤢,1
H1-KEY,imUUYMi2FXw,2022-01-05T13:47:52Z,@22ปานไพลินโมลี,โง้ยยแบบเพลงเพราะมากค่าาารอชมผลงานนะสู้ๆต่อไปนะคะ Aespaของมัมหมี🤍🤍🤍,1
H1-KEY,imUUYMi2FXw,2022-01-05T13:47:50Z,@baimai8000,เสียดายเมมเบอร์คนอื่นๆเลย ได้เดกับคนๆนี้😓,1
H1-KEY,imUUYMi2FXw,2022-01-05T13:47:42Z,@lalirin5528,ว้าวคือปังมากจะติดตามต่อไปนะคะbts,2
H1-KEY,imUUYMi2FXw,2022-01-05T13:47:40Z,@bibble241,Copy lisa,1
H1-KEY,imUUYMi2FXw,2022-01-05T13:47:40Z,@nongzmuaytuajing555,ชอบค่ะ เด็กดรีมเก่งมากเลยค่ะแต่ละคนเต้นดีมากจะรอซัพพอร์ตต่อไปนะคะ🤗💚 (น้องๆอีกสามคนเก่งมากๆ! รอซัพพอร์ตน้องๆสามคนนะคะ😋),1
H1-KEY,imUUYMi2FXw,2022-01-05T13:47:36Z,@hanalulu1234,"I dont have rights to talk about sitala, but im just wishing things will be better for h1key !",0
H1-KEY,imUUYMi2FXw,2022-01-05T13:47:22Z,@maple6537,🤮🤢🤮🤮🤢🤢🤮🤢🤢🤮🤮🤢🤢🤮🤢🤢🤮🤢🤢🤢🤮🤮🤢🤮🤮🤢🤢🤮🤮🤢🤮🤢🤢🤮🤢🤢🤮🤢,0
H1-KEY,imUUYMi2FXw,2022-01-05T13:47:22Z,@ii-wk7vk,ชอบอ้ะเต็มสิบให้ล้าน วงไหนก็ทำไม่ได้ เก่งมาก บังทัน บังทันเบอร์ 1นะจ้ะ,6
H1-KEY,imUUYMi2FXw,2022-01-05T13:47:22Z,@AP-zv6ed,ให้เต็ม 100 เลย ไม่รู้จะหักตรงไหน สุดยอดเลย,0
H1-KEY,imUUYMi2FXw,2022-01-05T13:47:14Z,@bonas5421,เต้นแอโรบิคหรอคะ,0
H1-KEY,imUUYMi2FXw,2022-01-05T13:47:10Z,@sknnl1249,นี่ร้องหรืออ่าน อ่ออ่าน แต่เสียงเพราะนะว่าไม่ได้ aespa,1
H1-KEY,imUUYMi2FXw,2022-01-05T13:47:09Z,@maple6537,🤮🤢🤮🤮🤮🤢🤮🤢🤮🤢🤮🤢🤮🤢🤢🤢🤮🤮🤢🤢🤮🤢🤢🤮🤮🤮🤢🤮🤮🤢🤮🤢🤢🤮🤢🤢🤮,0
H1-KEY,imUUYMi2FXw,2022-01-05T13:47:06Z,@ชาติศาสนาพระมหาบังทัน-ข5ว,😃😃😃😃😃😃😃,0
H1-KEY,imUUYMi2FXw,2022-01-05T13:47:00Z,@hanalulu1234,Nice debut girls !,14
H1-KEY,imUUYMi2FXw,2022-01-05T13:47:00Z,@pulgsrikhun3889,จะซัพพอตตลอดไปนะคะเพลงดีมากดีทุกอย่างเลยอ่ะนักนะคะ SNSD❤❤,2
H1-KEY,imUUYMi2FXw,2022-01-05T13:46:58Z,@maple6537,🤮🤢🤮🤮🤢🤢🤮🤮🤮🤮🤮🤢🤢🤮🤢🤢🤮🤢🤢🤮🤢🤮🤮🤢🤢🤢🤮🤮,0
H1-KEY,imUUYMi2FXw,2022-01-05T13:46:55Z,@qz0nlx946,หรือฉันดูเขาออกกำลังกายกันอยู่?,0
H1-KEY,imUUYMi2FXw,2022-01-05T13:46:54Z,@remin4549,What do you know about the father of the members😭,1
H1-KEY,imUUYMi2FXw,2022-01-05T13:46:50Z,@njmobile174,โอ้ยอดมาก,2
H1-KEY,imUUYMi2FXw,2022-01-05T13:46:49Z,@ชาติศาสนาพระมหาบังทัน-ข5ว,🥰🙏🏻🇹🇭💛✌🏻🤟🏻💛🇹🇭💛✌🏻💛🙏🏻🇹🇭🇹🇭💛🇹🇭💛💛🙏🏻🙏🏻🤟🏻🤟🏻🙏🏻🙏🏻💛,0
H1-KEY,imUUYMi2FXw,2022-01-05T13:46:39Z,@maple6537,🤢🤢🤮🤮🤢🤮🤢🤮🤮🤢🤮🤮🤢🤢🤮🤮🤮🤢🤮🤢🤮🤮🤢🤮🤮🤮🤢🤢🤮🤮🤮🤮🤢🤮,0
H1-KEY,imUUYMi2FXw,2022-01-05T13:46:32Z,@ชาติศาสนาพระมหาบังทัน-ข5ว,ป้าคจีมินโคตรหล่อ,0
H1-KEY,imUUYMi2FXw,2022-01-05T13:46:26Z,@pinkclub5,ดีมากกอ่ะ เพลงเพราะมากก เต้นดีมาก ภูมิใจวงนี้มาก วง itzy เป็นวงทีดีมาก สวย เก่งทุกคน,2
H1-KEY,imUUYMi2FXw,2022-01-05T13:46:25Z,@sixseven9989,เพลงดีกว่าเอสป้าอีก,0
H1-KEY,imUUYMi2FXw,2022-01-05T13:46:25Z,@maple6537,🤮🤮🤮🤢🤮🤢🤮🤢🤮🤢🤮🤢🤮🤢🤮🤢🤮🤮🤢🤮🤮🤮🤮🤮🤮🤮🤢🤢🤢🤢🤢🤮🤮🤮🤮🤢🤮🤮🤮🤮,0
H1-KEY,imUUYMi2FXw,2022-01-05T13:46:23Z,@ชาติศาสนาพระมหาบังทัน-ข5ว,พี่ลิซ่าเก่งอะ💗🖤💗🖤💗🖤💗,0
H1-KEY,imUUYMi2FXw,2022-01-05T13:46:23Z,@April192536,✨✨✨✨ H1-KEY !!!! 💪💪💪💪,13
H1-KEY,imUUYMi2FXw,2022-01-05T13:46:23Z,@ชฎิลเกษมสันต์-บ7ฅ,เปิดตัวได้ดีครับ ไม่ผิดหวัง,2
H1-KEY,imUUYMi2FXw,2022-01-05T13:46:13Z,@maple6537,🤢🤢🤢🤮🤢🤮🤢🤮🤮🤮🤮🤮🤮🥺🤮🤮🤢🤮🤢🤢🤮🤢🤢🤮🤢🤢🤮🤮🤢🤮🤢🤮🤢🤮,0
H1-KEY,imUUYMi2FXw,2022-01-05T13:46:11Z,@pokpak8762,บูดจ้าจะอ้วก อี๋🥰,1
H1-KEY,imUUYMi2FXw,2022-01-05T13:46:04Z,@23อัฐมา,One H1-key&#39;s father promotes dictatorship!!!!!!! 한 H1-key의 아버지는 독재를 조장!!!!!!!,1
H1-KEY,imUUYMi2FXw,2022-01-05T13:46:02Z,@maliwaltamchaiyaphum9138,ท่าเต้นดีมากเลยค่ะเหมือนเต้นแอโรบิคหน้าโลตัสเลย,1
H1-KEY,imUUYMi2FXw,2022-01-05T13:46:02Z,@ruampattanprasert8029,เพลงดีมาก ซัพพอร์ตต่อไปENHYPEN,1
H1-KEY,imUUYMi2FXw,2022-01-05T13:46:01Z,@enfantofficial9296,เก่งมากครับทุกคน สวยมากกก สู้ๆครับ รักเสมอนะ BLACKPINK🤍🖤,8
H1-KEY,imUUYMi2FXw,2022-01-05T13:46:00Z,@QueenHelen989,เพลงเพราะมากๆ🥰เก่งที่สุด kep1er,5
H1-KEY,imUUYMi2FXw,2022-01-05T13:46:00Z,@issareepimpkhan7685,❤❤❤❤,1
H1-KEY,imUUYMi2FXw,2022-01-05T13:45:43Z,@maple6537,🤮🤮🤮🤮🤮🤮🤮🤮🤮🤮🤮🤮🤮🤮🤢🤢🤮🤮🤢🤮🤮🤢🤢🤮🤮🤢🤢🤢🤮🤮🤢🤮🤮🤢🤢🤮🤢🤢,1
H1-KEY,imUUYMi2FXw,2022-01-05T13:45:38Z,@เด็กหญิงนภัสนันท์เเซ่เเต้,หูวเริ่ดมากค่าเสียงคือดีท่าเต้นอีกดีม๊ากกก ซับพอร์ตเลยค่า เต็มที่มากๆๆดูดีทุกคนเลยง่า รักนะคะbts!!😜,1
H1-KEY,imUUYMi2FXw,2022-01-05T13:45:38Z,@28julychannel,Sitala เต้นง่อยมากกกก 🙄🙄🙄🙄,1
H1-KEY,imUUYMi2FXw,2022-01-05T13:45:33Z,@HKTCityPop,เผด็จการจงพินาศ ประชาธิปไตยจงเจริญ,1
H1-KEY,imUUYMi2FXw,2022-01-05T13:45:32Z,@ฝนขี้ดื้อ-ช8ช,เต้นออกกำลังกายหราาาาาค่าา,1
H1-KEY,imUUYMi2FXw,2022-01-05T13:45:22Z,@enfantofficial9296,🤮🤮🤮🤮🤮🤮🤮,0
H1-KEY,imUUYMi2FXw,2022-01-05T13:45:21Z,@n0rin435,เต้นแอโรบิกเก่งจังค่ะ,0
H1-KEY,imUUYMi2FXw,2022-01-05T13:45:18Z,@Pijann555,เก่งทุกคนเลยคะ เป็นกำลังใจให้คะH1-KEY น้องลูกหนัง,2
H1-KEY,imUUYMi2FXw,2022-01-05T13:45:10Z,@23ANY3,เอ็มวีดีเลิศ จะซับพอร์ตต่อนะคะ BTS,0
H1-KEY,imUUYMi2FXw,2022-01-05T13:45:10Z,@hanalulu1234,"I have to admit the song is really good, it has nice mixing, fresh beat and also great production value , it sounds like big 3 produced this , keep fighting girls ♥️",13
H1-KEY,imUUYMi2FXw,2022-01-05T13:44:40Z,@bbiw5348,เพลงออกกำลังกายหรอครับ?,1
H1-KEY,imUUYMi2FXw,2022-01-05T13:44:40Z,@rose-oi6nm,🤢🤢🤮🤮,0
H1-KEY,imUUYMi2FXw,2022-01-05T13:44:38Z,@Ritza004,เสียดายวงนี้จริง เพลงดี เมมดี ติดอย่างเดียวจริงๆ,0
H1-KEY,imUUYMi2FXw,2022-01-05T13:44:21Z,@papang626,เพลงดีจริงยอมรับ แต่ขอโทษเราเป็นแอนตี้ไปแล้วเพราะเธอคนนั้น มันยอมไม่ได้จริงๆ ลูกของคนที่ทำให้เราเป็นแบบนี้อนาคตย่ำแย่ เขาจะประสบความสำเร็จไม่ได้ เพราะเขาต้องเป็นเหมือนที่พวกเราคนไทยจะเป็น จากใจแอนตี้ ตั้งใจทำเพลงไปนะ จะคอยซัพพอร์ตUnlike ให้ทุกเพลงเลย 🤟🏻🤟🏻,6
H1-KEY,imUUYMi2FXw,2022-01-05T13:44:14Z,@slumAe0,ในเม้นอย่างปั่น แต่เพราะนะหมายถึงเพลงzooอ่ะ กวังยายาย่า,0
H1-KEY,imUUYMi2FXw,2022-01-05T13:44:13Z,@itsthirteenthursday1358,ไปสุดมากค่ะ เริ่ด เพลงดี ติดหู สง่าทุกคน เป็นกำลังใจให้นะคะ always support aespa 🥰🥰🥰🥰🥰🥰😚😚😚,65
H1-KEY,imUUYMi2FXw,2022-01-05T13:44:08Z,@RimuruSama28,ชอบมากเลยครับ Red velvet,2
H1-KEY,imUUYMi2FXw,2022-01-05T13:44:00Z,@30_taksapornbuakort33,เพลงเพราะมาก น่ารักทุกคนเลยค่ะkep1er อ่าว เม้นผิดที่&gt;&lt;,1
H1-KEY,imUUYMi2FXw,2022-01-05T13:44:00Z,@abcdefghijklnmopqrstuvwxyz1186,🤢🤢🤢🤢🤢🤮,0
H1-KEY,imUUYMi2FXw,2022-01-05T13:43:55Z,@pokpak8762,เธอมันแย่ชีลูกหนัง บูดมากไม่ปัง,2
H1-KEY,imUUYMi2FXw,2022-01-05T13:43:49Z,@08waaaaaki,Stan 3 girls &lt;3 fighting girlssss,1
H1-KEY,imUUYMi2FXw,2022-01-05T13:43:47Z,@15ปัญญาพรมิ่งมงคลรัศมี,เพลงดีมากค่ะ!ท่าเต้นคือเริ่ด ชอบมากค่ะเป็นกำลังใจให้นะคะ kep1er รักนะคะน้องยองอึนของมัมหมี๊,68
H1-KEY,imUUYMi2FXw,2022-01-05T13:43:40Z,@imyournew7865,🤢🤢🤢🤢🤢🤢🤢🤢,0
H1-KEY,imUUYMi2FXw,2022-01-05T13:43:36Z,@phutthiphongmarat5738,สามกีบมาปั่นคอมเม้นท์ แต่ก็ขอบคุณที่มาช่วยเพิ่มยอดวิว555,0
H1-KEY,imUUYMi2FXw,2022-01-05T13:43:35Z,@alsolllll,ไม่มีออร่าไอดอลสักคน5555555,0
H1-KEY,imUUYMi2FXw,2022-01-05T13:43:23Z,@23สรณ์สิริสติภา,ดีมากเลยค่าท่าเต้นสวยมากกกกกจะติดตามตลอดนะคะ.รักนะคะ kep1er,0
H1-KEY,imUUYMi2FXw,2022-01-05T13:43:23Z,@nightmaresbythesea,ขอโทษ แต่มองยังไงก็แอโรบิค 💔,0
H1-KEY,imUUYMi2FXw,2022-01-05T13:43:16Z,@KKKK-i1u9g,누구세요,0
H1-KEY,imUUYMi2FXw,2022-01-05T13:43:15Z,@Naiisuta,ขายขำ,0
H1-KEY,imUUYMi2FXw,2022-01-05T13:43:07Z,@คนเก่งของผม-ฎ5ช,ชอบวงนี้มากๆเลยครับ🤍 . . . วง bts อ่ะครับชอบมากๆๆ,0
H1-KEY,imUUYMi2FXw,2022-01-05T13:42:59Z,@พลอย-พ3จ,like aerobics not attractive,0
H1-KEY,imUUYMi2FXw,2022-01-05T13:42:15Z,@hanbinbi8292,อย่าลืมกลับมาดูสิ่งที่เธอกับพ่อเธอสร้างไว้ให้กับเด็กในประเทศที่อนาคตจะสดใสกว่านี้ถ้าพ่อเธอและเธอไม่ทำเรื่องเ_วๆลงไป ครอบครัวเผด็จการณ์,2
H1-KEY,imUUYMi2FXw,2022-01-05T13:42:11Z,@tanyaratsangsakun7483,เราซัพพอร์ต​ไม่ลงว่ะพอนึกถึงอดีต​ของเธอลูกหนัง​ ก็ขอให้กระแสดีต่อไปนะ,1
H1-KEY,imUUYMi2FXw,2022-01-05T13:42:10Z,@oak7697,ชอบและติดตามเสมอนะคะ ไม่ว่าพวกเธอจะเป็นยังไงก็จะคอยซัพพอร์ตตลอดนะคะ GOT7💚💚💚💚,1
H1-KEY,imUUYMi2FXw,2022-01-05T13:42:08Z,@ritasairung5126,🤢🤢🤢🤢,0
H1-KEY,imUUYMi2FXw,2022-01-05T13:42:01Z,@sunsun-bn4kj,อี๋เหม็นกลิ่นสลิ่ม,3
H1-KEY,imUUYMi2FXw,2022-01-05T13:42:00Z,@Nattanicha-py5gr,ค่ายทหารรอเธออยู่นะคะ,0
H1-KEY,imUUYMi2FXw,2022-01-05T13:41:54Z,@eggakra3715,😄เพลงดีเต้นดีครับ สวยทุกคนเลย เป็นกำลังใจให้น้องลูกหนังนะครับ😄,1
H1-KEY,imUUYMi2FXw,2022-01-05T13:41:35Z,@tonyrin5385,Great you go on H1-KEY,7
H1-KEY,imUUYMi2FXw,2022-01-05T13:41:26Z,@darinchayanin8015,Team report ! This way,1
H1-KEY,imUUYMi2FXw,2022-01-05T13:41:18Z,@t.r24b.38,3สาวน่ารัก,0
H1-KEY,imUUYMi2FXw,2022-01-05T13:41:08Z,@23อัฐมา,Is it the person who blows the whistle at the airport and causes trouble for other people? Lol 😙😙,0
H1-KEY,imUUYMi2FXw,2022-01-05T13:40:58Z,@Jojo-in2ov,ชอบมากกกก สวยทุกคนเลย จะติดตามต่อไปนะคะ twice,1
H1-KEY,imUUYMi2FXw,2022-01-05T13:40:57Z,@fullmoon_1579,"ฟังแค่ครึ่งเพลงให้3ผ่านเลยจ้า...so good, pretty&amp;strong👍✌❤",2
H1-KEY,imUUYMi2FXw,2022-01-05T13:40:42Z,@literallynoone9782,Just came here to drop the msg. to Sitala. You were not a child anymore. Own part of your guilty and take the responsibility for the consequences you&#39;ve caused. You called for the Coup and now Thai people are suffering. Those smiles are so remorseless.,0
H1-KEY,imUUYMi2FXw,2022-01-05T13:40:30Z,@ililcdevil3592,I just came here 4 report !! 🤗😏,0
H1-KEY,imUUYMi2FXw,2022-01-05T13:40:26Z,@michelle_lovebts1523,😭✌🏻🤟🏻🙏🏻🇹🇭💛🙏🏻🇹🇭🙏🏻🇹🇭🤟🏻,0
H1-KEY,imUUYMi2FXw,2022-01-05T13:40:19Z,@papayapapaya4016,ก็ดีนะ แต่😭….,0
H1-KEY,imUUYMi2FXw,2022-01-05T13:40:14Z,@pobthumkulayapurk7208,ชอบวงนี้มากเลยครับ TWICE,0
H1-KEY,imUUYMi2FXw,2022-01-05T13:40:07Z,@narindacherbet8819,ตุยได้แล้วน่ะ ลูกหนังกบ,1
H1-KEY,imUUYMi2FXw,2022-01-05T13:40:06Z,@travel2398,Love ❤️❤️❤️ Love,1
H1-KEY,imUUYMi2FXw,2022-01-05T13:40:03Z,@weerapongphothirot4026,❤❤❤❤,0
H1-KEY,imUUYMi2FXw,2022-01-05T13:39:55Z,@supatmay1966,🤢🤮,0
H1-KEY,imUUYMi2FXw,2022-01-05T13:39:52Z,@michelle_lovebts1523,😭😭😭😭😭,0
H1-KEY,imUUYMi2FXw,2022-01-05T13:39:46Z,@michelle_lovebts1523,😰😰😰😰😰😰,0
H1-KEY,imUUYMi2FXw,2022-01-05T13:39:45Z,@wn96_cper,มันจะดีกว่านี้ถ้าไม่มี,0
H1-KEY,imUUYMi2FXw,2022-01-05T13:39:33Z,@jajang192,Everyone so good. I&#39;ll support you 4mix,2
H1-KEY,imUUYMi2FXw,2022-01-05T13:39:30Z,@nar1nhere,Yay you succeeded. have a sweet life After your father after ruined Thailand,0
H1-KEY,imUUYMi2FXw,2022-01-05T13:39:27Z,@Hulosu12,👁👄👁,0
H1-KEY,imUUYMi2FXw,2022-01-05T13:39:27Z,@kumihohatakare2614,น่ารักมากก เอ็มวีปังมาก เป็นกำลังใจ รักนะ momoland,1
H1-KEY,imUUYMi2FXw,2022-01-05T13:39:25Z,@Mail-be9ky,👎👎👎👎,0
H1-KEY,imUUYMi2FXw,2022-01-05T13:39:23Z,@GemiGemini2000,เดบิวต์มาก็ปังเลย อะไร 1 นะ อ่อ Kep1er ชอบมาก WA DA DA สู้สู้จ้า เป็นกำลังใจ๊,6
H1-KEY,imUUYMi2FXw,2022-01-05T13:39:19Z,@taelykim3012,กุขำเม้นคนไทย555555666666655,1
H1-KEY,imUUYMi2FXw,2022-01-05T13:39:19Z,@สิริมาโพธิ์งาม-ศ4บ,โอ่ย,0
H1-KEY,imUUYMi2FXw,2022-01-05T13:39:05Z,@khanitapimson267,โอ้พระสงฆ์​คริปวิดีโอ​ตัวอย่างเต้นแอโรบิค​ที่ยอดเยี่ยม!,0
H1-KEY,imUUYMi2FXw,2022-01-05T13:38:52Z,@prophetk8218,2020년대버전 씨스타같은 느낌인데,0
H1-KEY,imUUYMi2FXw,2022-01-05T13:38:42Z,@กชกรฯ-ด7ฏ,ปังจังค่าาา รอคัมมานานมาก Bangtan,0
H1-KEY,imUUYMi2FXw,2022-01-05T13:38:29Z,@ggfsfhjhfx6821,ถึงจะไม่ชอบจริงๆแต่เอาแบบไม่อคติป่ะชุดแย่มากฉากก็ธรรมดาเฉยๆมากเมมเบอร์แต่ละคนไม่มีใครเด่นเลยเพลงก็ไม่ติดหูเสียงก็ดีเป็นบางคนแต่ไม่สุดสักคนที่ตะลึงสุดคือท่าเต้นแอโรบิคเว่อภาพแรกที่ขึ้นมาในหัวคือไม่พ้นเต้นแอโรบิคเลยท่าเต้นแย่สุดลิปสติกยังเกลี่ยไม่ดีเลยเอาจริงๆค่ายดันทุรังขนาดนี้ก็คิดว่ามันต้องปังระดับนึงแหละแต่นี่คือลวกมากเด็กยังไม่พร้อมเลยรีบเดไปไหนอะ,1
H1-KEY,imUUYMi2FXw,2022-01-05T13:38:09Z,@ครีมชี๊สสส-ช8ฑ,ศีตลาเธอมันปัง!!ปังปินาศิอ่ะสิ,0
H1-KEY,imUUYMi2FXw,2022-01-05T13:37:51Z,@weeweechannel8133,Dictator&#39;s daughter #SITALA,1
H1-KEY,imUUYMi2FXw,2022-01-05T13:37:41Z,@jamestheway4908,Black pink วงเดียวที่รักที่สุด 🇹🇭,1
H1-KEY,imUUYMi2FXw,2022-01-05T13:37:32Z,@nalinnuf4118,Stray kids i luv u,0
H1-KEY,imUUYMi2FXw,2022-01-05T13:37:30Z,@PeemPeem_5565,"Vocal, style , chero are on point! Love it!",1
H1-KEY,imUUYMi2FXw,2022-01-05T13:37:10Z,@Mood64868,ชอบทั้งสามคนนะ เก่งมาก ยกเว้น #SITALA แต่จะคอยซับพอร์ตเมมเบอร์คนอื่นค่ะ,3
H1-KEY,imUUYMi2FXw,2022-01-05T13:37:01Z,@babyxby9143,LOVE U YEL,0
H1-KEY,imUUYMi2FXw,2022-01-05T13:36:54Z,@muffineve8688,#SITALA and her family is dictatorship supporters. There are many innocent people died because their action.,0
H1-KEY,imUUYMi2FXw,2022-01-05T13:36:51Z,@babyxby9143,LOVE U RIINA,0
H1-KEY,imUUYMi2FXw,2022-01-05T13:36:44Z,@cgidolli,I wanna be a fan so can someone explain the situation with sitala :(,0
H1-KEY,imUUYMi2FXw,2022-01-05T13:36:42Z,@babyxby9143,LOVE U SEOI,0
H1-KEY,imUUYMi2FXw,2022-01-05T13:36:42Z,@kongst5781,อะไรอะ 🤣,0
H1-KEY,imUUYMi2FXw,2022-01-05T13:36:30Z,@LazyKzy,🤢,0
H1-KEY,imUUYMi2FXw,2022-01-05T13:36:28Z,@FridayBluemoon,Congratulations for your debut.,12
H1-KEY,imUUYMi2FXw,2022-01-05T13:36:19Z,@fluke_fl6394,มาเปิดคอนที่ไทยเป็นที่แรกนะคะ รอชม คนไทยรอชมเยอะเลย🤣,0
H1-KEY,imUUYMi2FXw,2022-01-05T13:36:14Z,@nareerat_piya,เพลงมันไม่ได้ทำให้รู้สึกว้าวอะ มันจะว้าวก็ว้าวไม่สุดอะ มันให้ความรู้สึกไม่ตื่นเต้นอะ แต่ต้องชมภาพนะสวยดี เราเชื่อว่ามันต้องดีกว่านี้นะ,0
H1-KEY,imUUYMi2FXw,2022-01-05T13:36:10Z,@Sydthesquid_sp,ปังมากค่ะBlackpink!!,0
H1-KEY,imUUYMi2FXw,2022-01-05T13:36:03Z,@babyrabbitiii,ชอบสาวๆ ทั้ง 4 มากเลยค่ะ มีเอกลักษณ์ทุกคน เพลงก็ดียอดวิวถล่มทลาย รอผลงานใหม่ของสาวๆ Blackpink อยู่นะคะ YG โปรดรับรู้,0
H1-KEY,imUUYMi2FXw,2022-01-05T13:36:00Z,@filmmii6920,🤮🤮,0
H1-KEY,imUUYMi2FXw,2022-01-05T13:35:59Z,@earthtopeterparker3764,Support Sitala from Thai fan,1
H1-KEY,imUUYMi2FXw,2022-01-05T13:35:49Z,@itthiphatmaka4999,Sitala🤮🤮🤮👎👎👎,0
H1-KEY,imUUYMi2FXw,2022-01-05T13:35:45Z,@budmdyy5516,หู้ววววววว,1
H1-KEY,imUUYMi2FXw,2022-01-05T13:35:27Z,@emmyisme,ฮู้ววววววสวยกันจังเลยค่ะวงaespa,0
H1-KEY,imUUYMi2FXw,2022-01-05T13:35:27Z,@mimojich6638,Ot3,0
H1-KEY,imUUYMi2FXw,2022-01-05T13:35:03Z,@สาวจี้ล้อน่าล้อ,เพลงเพราะมากๆ สุดยอดเลย Sitala,3
H1-KEY,imUUYMi2FXw,2022-01-05T13:34:42Z,@ppss2939,4 สาว คือดีมาก ลงตัวสุดจะติดตามตลอดไป รักน้าาา aespa💗💗💗,64
H1-KEY,imUUYMi2FXw,2022-01-05T13:34:32Z,@kwankao7123,LOVE YOU BLACKPINK 💘 Comblack pls BLACKPINK 💘,0
H1-KEY,imUUYMi2FXw,2022-01-05T13:34:15Z,@KKKK-i1u9g,สกปรก เขียด,0
H1-KEY,imUUYMi2FXw,2022-01-05T13:34:01Z,@tyt640,ชอบทุกคนนะคะสวยในแบบของตนเอง &quot;ยกเว้น คนที่เป็นสลิ่มหน่ะค่ะ &quot;,0
H1-KEY,imUUYMi2FXw,2022-01-05T13:33:55Z,@kankammc1313,Congratulation on your debut.,10
H1-KEY,imUUYMi2FXw,2022-01-05T13:33:51Z,@alisainwonderland1767,Come on! Show dislike number 😁😁,3
H1-KEY,imUUYMi2FXw,2022-01-05T13:33:49Z,@lightning9z,only สลิ่ม Like this thing,0
H1-KEY,imUUYMi2FXw,2022-01-05T13:33:42Z,@sahraschmidlin5430,I love BLACK PINK❤️,0
H1-KEY,imUUYMi2FXw,2022-01-05T13:33:41Z,@LoveEAndN90,"Good song!!, Love you itzy",0
H1-KEY,imUUYMi2FXw,2022-01-05T13:33:22Z,@warunyakantasa91,#เส้ปหู,0
H1-KEY,imUUYMi2FXw,2022-01-05T13:33:10Z,@sbjariya7521,ชอบมากเลยค่ะ เพลงติดหูมากค่ะท่าเต้นเป็นเอกลักษณ์มากค่ะaespa,1
H1-KEY,imUUYMi2FXw,2022-01-05T13:33:06Z,@bunnybonbon5931,เก่งจริงๆนะคะวงนี้ อยากจะอยู่ในด้อมตลอดไป อ่อหมายถึงวงอื่นนะคะ และอยากจะชื่นชมอีก3คนในวงนี้ที่ทำเต็มที่และออกมาดีค่ะ ส่วนเจ๊อีกคนในวงลอยทะเลไปเถอะค่ะ,3
H1-KEY,imUUYMi2FXw,2022-01-05T13:32:55Z,@sin857,ก็ดิสไลค์ไปเลยสิคะเออ,0
H1-KEY,imUUYMi2FXw,2022-01-05T13:32:55Z,@ppss2939,i love you aespa~~💗💗💗💗,0
H1-KEY,imUUYMi2FXw,2022-01-05T13:32:37Z,@lalitouk7528,สู้ๆนะเปันกำลังใจให้นะค่ะพี่สีตาลา..😊😊,0
H1-KEY,imUUYMi2FXw,2022-01-05T13:32:27Z,@senorita_sp,คลิปสอนโยคะมั้ยเนี่ย,0
H1-KEY,imUUYMi2FXw,2022-01-05T13:32:26Z,@phutthiphongmarat5738,So good from Thailand,2
H1-KEY,imUUYMi2FXw,2022-01-05T13:32:22Z,@mickeymick2189,I love how they combine choreography and catchy lyrics into a beautiful musical performance. They have a bright future ahead of them. Love them. #Blackpink,6
H1-KEY,imUUYMi2FXw,2022-01-05T13:32:09Z,@ahgaseinthailand9114,เพลงก็ถือว่าดีเลยนะคะแต่ช่างชุดและหน้าปกทำเหมือนฆ่าศิลปินเลยอ่ะคือมันไม่ได้เลย,0
H1-KEY,imUUYMi2FXw,2022-01-05T13:32:07Z,@เอิน-ฉ9ถ,เอ้ามาสอนเต้นแอโรบิคหรอคะเนี่ย ชุดคือใช่เลย,0
H1-KEY,imUUYMi2FXw,2022-01-05T13:32:04Z,@jheffsan9979,Vocês mesmo apoia idol racista quero ve ir ala enche o saco esses tailandês otarios,1
H1-KEY,imUUYMi2FXw,2022-01-05T13:32:02Z,@vanfirstjan,รอซัพพอร์ตนะคะ ตั๊กแตนชลดา,0
H1-KEY,imUUYMi2FXw,2022-01-05T13:31:59Z,@KKKK-i1u9g,Bye girl! be athletic girls and run to the hell.,0
H1-KEY,imUUYMi2FXw,2022-01-05T13:31:53Z,@ดาวดึงในฤดูเก็บเกี่ยว,I love mamamoo,0
H1-KEY,imUUYMi2FXw,2022-01-05T13:31:50Z,@22nur-ineechaipes38,ชอบมากกก Jisoo Black pink ร้องเพลงเพราะมาก🤟🤟🤟🤟🤟🤟,0
H1-KEY,imUUYMi2FXw,2022-01-05T13:31:36Z,@ดาวดึงในฤดูเก็บเกี่ยว,ขอบคุณเพลงดีจากวง MAMAMOO,0
H1-KEY,imUUYMi2FXw,2022-01-05T13:31:28Z,@Dreamingtoberichh,So Thai people will not give a chance to sitala because her and her family are very bad they make thai being very bad and they support dictator. Sitala family are doing something that is bad and the air port need to be closed in that day and many people have dept. So who are saying that will give a chance to her I dont care but thai people will not give a chance to her. (Only thai people that not a support dictator only),0
H1-KEY,imUUYMi2FXw,2022-01-05T13:31:23Z,@jheffsan9979,Sitala rainha e foda se,0
H1-KEY,imUUYMi2FXw,2022-01-05T13:31:20Z,@toon_tanutphat,สงสารเพื่อนในวงชี,0
H1-KEY,imUUYMi2FXw,2022-01-05T13:31:08Z,@Ladyjr1503,ชอบวงนี้มากเลยค่ะ BlackPink ที่ 1 ในใจเสมอไม่มีใครมาแทรกกลางระหว่างเราได้ 🖤💗😌,0
H1-KEY,imUUYMi2FXw,2022-01-05T13:30:42Z,@hongtaeee,ชอบทุกคนยกเว้นมัน,0
H1-KEY,imUUYMi2FXw,2022-01-05T13:30:40Z,@vianaak8063,ygsm?,0
H1-KEY,imUUYMi2FXw,2022-01-05T13:30:34Z,@bunnybonbon5931,กูนึกว่าดูเต้นแอโรบิคอยู่ ลูกหนังถ้าจะหน้าด้านอยู่ต่อในวงการต้องพัฒนานะ เพราะไม่มีออร่าความเป็นไอดอลเลย แค่เริ่มเดเธอก็โดนดราม่าลูกใหญ่ละ,1
H1-KEY,imUUYMi2FXw,2022-01-05T13:30:20Z,@22nur-ineechaipes38,I love Jisoo Jennie Lisa Rose🤟🖤💗,0
H1-KEY,imUUYMi2FXw,2022-01-05T13:30:15Z,@มายมายมายมาย-ป5ต,โอ้ยชอบมากเลยค่ะร้องก็ดีเต้นก็เก่งgot7 จะติดตามต่อไปนะคะอากาเซ่รออยู่จ้าไม่ไปไหน💚🕊️,2
H1-KEY,imUUYMi2FXw,2022-01-05T13:30:01Z,@bestkookv4663,Very nice 👍,2
H1-KEY,imUUYMi2FXw,2022-01-05T13:29:59Z,@murilo6668,matou,0
H1-KEY,imUUYMi2FXw,2022-01-05T13:29:42Z,@palurak,เป็นกำลังใจให้น้า ยังไงก็มีคนไทย น้องก็พยายามเต็มที่แล้ว,0
H1-KEY,imUUYMi2FXw,2022-01-05T13:29:41Z,@ballebola,เพลงสุดยอดเชียร์น้องลูกหนังสู้ๆนะครับ คนไทยเหมือนกัน,1
H1-KEY,imUUYMi2FXw,2022-01-05T13:29:35Z,@404newerror,"Please criticize It&#39;s one piece. Each one is beautiful. When it comes as a mixed stage (hook part), the color of the dress is not at all pretty. The dress is not quite beautiful (dress style). When the pink dress is beautiful, the dress is beautiful. The green dress is beautiful. Some episodes and dance moves are like aerobics. The rap part is ok And the last posture is like teaching aerobics. The song is ok. As for Luk Nang, She&#39;s good at it(?) but hey, the whistle is in Thai because the camp should know and that Thai people are not okay with Silta and finally to leave. is…ot3 (กูไปแปลภาษามา ถ้าเจอเม้นกู2ครั้งก็ไม่แปลก)",0
H1-KEY,imUUYMi2FXw,2022-01-05T13:29:31Z,@oathoxy_kissy,มันจะมีอีนึง..!!! คริคริ,0
H1-KEY,imUUYMi2FXw,2022-01-05T13:29:22Z,@mumijung8517,เพลงดีมากค่ะเพลงแบบถ้ามีเมมเบอร์แค่สามคนนะคะRIINA SEOI YEL,1
H1-KEY,imUUYMi2FXw,2022-01-05T13:29:15Z,@yamana5313,ในนี้มีสลิ่ม,1
H1-KEY,imUUYMi2FXw,2022-01-05T13:29:15Z,@thanawataonjaitum5733,ชอบมากๆ คับ จะติดตามเรื่อยๆน่ะคับ aespa 🥰💖🥰,1
H1-KEY,imUUYMi2FXw,2022-01-05T13:29:00Z,@22nur-ineechaipes38,I love Black Pink🖤💗,0
H1-KEY,imUUYMi2FXw,2022-01-05T13:28:51Z,@louiszx9773,ไปนอน,0
H1-KEY,imUUYMi2FXw,2022-01-05T13:28:46Z,@louiszx9773,พักๆๆๆ,0
H1-KEY,imUUYMi2FXw,2022-01-05T13:28:44Z,@bamkareemak699,อย่าทำเทปเเพงมากนะคะ เดี๋ยวของหวานซื้อไม่ได้,1
H1-KEY,imUUYMi2FXw,2022-01-05T13:28:36Z,@summertimewemet936,ดีมากเลย ได้กลิ่นความปังมาแต่ไกล #enhypen เบอร์ 1 เจน 4 คัมแบค 10 มกรานี้นะคะ,1
H1-KEY,imUUYMi2FXw,2022-01-05T13:28:29Z,@ดีเร-ว5ส,가족의 행동은 태국 어린이의 미래를 망치는 부분입니다. 어리다고 말하지마 당시 당신은 18-19세였습니다 민주주의를 위해 싸우지만 감옥에 가는 지금의 아이들에 비하면 당신은 더 이상 어리다고 생각하지 않습니다.,1
H1-KEY,imUUYMi2FXw,2022-01-05T13:27:34Z,@7iin557,เพลงดีมากเป็นกำลังใจให้นะติดตามอยู่เรื่อยนะคะจากใจแฟนคลับวงnct,0
H1-KEY,imUUYMi2FXw,2022-01-05T13:27:24Z,@22nur-ineechaipes38,ชอบมาก แสดงได้ดีมากsnowdrop,2
H1-KEY,imUUYMi2FXw,2022-01-05T13:27:23Z,@pronnatchachanprasop494,อุ้ยยยชอบมากเลยนะคะ เสียงบีทดีมากก อร้ายยยยยยย กริ๊ดดดดๆๆ #ซ้อมคอรอ Enhypen คัมแบ็ค 10 มค.จ้าา!!,433
H1-KEY,imUUYMi2FXw,2022-01-05T13:27:06Z,@xis1899,Yel&#39;s parts are so uselessly extra I love it. Great debut hope they&#39;ll go far,31
H1-KEY,imUUYMi2FXw,2022-01-05T13:27:05Z,@BioAcad,Very solid debut.,0
H1-KEY,imUUYMi2FXw,2022-01-05T13:26:59Z,@kpyaws1815,กล้ามาก เก่งมาก เอาไปเลยค่ะเพลงนี้เอาไปเลยหนึ่งนิ้วโป้ง หมายถึงเพลง ธรรมมะกระตุกจิต กระชากใจน่ะค่ะ,1
H1-KEY,imUUYMi2FXw,2022-01-05T13:26:41Z,@lilo3310,Lisa is the most successful kpop solo artist of all time&quot; - FORBES &quot; Lisa is a case study of what the future of kpop should look like&quot;- Kpop Globalization &quot; Lisa the most successful kpop female musician on BB&quot; - FORBES,1
H1-KEY,imUUYMi2FXw,2022-01-05T13:26:30Z,@phannarinix4641,🤢🤢🤮🤮🤮🤢🤢🤢🤢🤢🤢🤢🤮🤮,0
H1-KEY,imUUYMi2FXw,2022-01-05T13:26:12Z,@noomie1682,สลิ่มเตรียมซื้อบั้มนะ อย่างกค่าส่งกะภาษีละอีดอก 5555555555555555,0
H1-KEY,imUUYMi2FXw,2022-01-05T13:25:56Z,@bynaklas8541,ชอบมากค่ะท่าเต้นเหมากับการเต้นแอโรบิคที่สุด,0
H1-KEY,imUUYMi2FXw,2022-01-05T13:25:53Z,@piyapornsa-ardaiam499,กว่าวงจะเกิดหมดสัญญาพอดีเเหละดูทรง,1
H1-KEY,imUUYMi2FXw,2022-01-05T13:25:48Z,@Callmenightmars,สภาพ เดมาเป็นเบอร์ 1 คงยาก ผิดไปหมดทั้งคอนเซปต์ แนวเพลง หาความชัดเจนไม่ได้เลยว่าจะมาแนวไหน เพลงก็เบามาก ไม่มีท่อนติดหู ส่วนคนในวงบางคน ขอไม่พูดถึง กูเกลียดเผด็จการค่าาาา,0
H1-KEY,imUUYMi2FXw,2022-01-05T13:25:41Z,@Kaldris_Eion,ชอบนะคะทไวซ์,1
H1-KEY,imUUYMi2FXw,2022-01-05T13:25:17Z,@thisisboo3482,บูด,1
H1-KEY,imUUYMi2FXw,2022-01-05T13:25:12Z,@phutthiphongmarat5738,สนับสนุนคนไทยทุกคน,2
H1-KEY,imUUYMi2FXw,2022-01-05T13:25:00Z,@mastermateriall6300,I love you Blackpink ❤️❤️❤️❤️,1
H1-KEY,imUUYMi2FXw,2022-01-05T13:24:44Z,@forsorrr3531,เห้ยเพลงเดบิวต์ดีอะ เพลง WA DA DA ของ Kep1erอะ,0
H1-KEY,imUUYMi2FXw,2022-01-05T13:24:16Z,@bbaifxrn,เห็นเอ็มวีแล้วสุดยอดเลยค่ะ ถือว่าเป็นรุกกี้ที่น่าจับตามองมากๆ อย่าไปสนใจพวกแอนตี้มันนะคะ เป็นกำลังใจให้ค่ะ kep1er ไฟท์ติ้ง 💪💪💪,1
H1-KEY,imUUYMi2FXw,2022-01-05T13:24:13Z,@วัชระไพ,เพลงดีมากจะคอยสนับสนุนต่อไปนะคะ blackpink,1
H1-KEY,imUUYMi2FXw,2022-01-05T13:24:12Z,@pinpin592,เพลงดีมากค่ะ สนับสนุนต่อไปนะคะ blackpink อุ้ย ผิดเพลง แค่เห็นหน้าอีลูกหนังกูก็ไม่คิดจะดูละค่ะ บาย,0
H1-KEY,imUUYMi2FXw,2022-01-05T13:24:10Z,@nutthapatjitjak6639,เพลงปังมากเลยค่ะเราจะคอยซัพพอร์ตต่อไปนะคะ จะติดตามผลงานอยู่เรื่อยๆเลยค่ะสู้ต่อไปนะคะNCT 127,0
H1-KEY,imUUYMi2FXw,2022-01-05T13:23:58Z,@siraphatsornmichanan6975,♥️♥️,0
H1-KEY,imUUYMi2FXw,2022-01-05T13:23:55Z,@Sanwa_Wawa,........,0
H1-KEY,imUUYMi2FXw,2022-01-05T13:23:43Z,@maleekao1356,It s quite a good performance for their first single. เป็นกำลังใจ 💋❤️ #SITALA #YEL #SEOI #RIINA,12
H1-KEY,imUUYMi2FXw,2022-01-05T13:23:37Z,@fetchzhu,เก่งอ่ะ ชอบมากเลย เป็นกำลังใจให้นะคะaespa🥰🥰✌🏻✌🏻,2
H1-KEY,imUUYMi2FXw,2022-01-05T13:23:23Z,@w_interbear,ปกคริปแกงมาก5555555555555,0
H1-KEY,imUUYMi2FXw,2022-01-05T13:23:15Z,@pimchanokmanothararak388,ทำไมรู้สึกว่ามันแปกๆอะ555+,1
H1-KEY,imUUYMi2FXw,2022-01-05T13:23:07Z,@deboravitoria08,"mds eu ameii, perfeitas",19
H1-KEY,imUUYMi2FXw,2022-01-05T13:23:05Z,@Eakto,Good,1
H1-KEY,imUUYMi2FXw,2022-01-05T13:23:04Z,@phatcharapornsombatpiem1113,ชอบมากอะวงTwice,0
H1-KEY,imUUYMi2FXw,2022-01-05T13:23:03Z,@crazybeezch,เป็นกำลังใจให้ค่ะ ยินดีด้วยสำหรับการเปิดตัวค่ะ จะรอผลงานต่อไปนะคะ,5
H1-KEY,imUUYMi2FXw,2022-01-05T13:22:55Z,@Chevakickassthedog,aerobic dance,0
H1-KEY,imUUYMi2FXw,2022-01-05T13:22:17Z,@Ksp-fb3ns,ปังงงง ..พินาศ🥺,0
H1-KEY,imUUYMi2FXw,2022-01-05T13:22:06Z,@ypz1955,เเอนตี้พร้อม,2
H1-KEY,imUUYMi2FXw,2022-01-05T13:21:50Z,@คลั่งรักโจริญ,คุณภาพมากกกกกกกกกกก ปังๆนะคะ เบอร์1เจน4 æspa itzy ive,1
H1-KEY,imUUYMi2FXw,2022-01-05T13:21:46Z,@In3sx-x,"J’aime trop , c’est trop bien continuer comme ça les filles 👌✨🥰😘",9
H1-KEY,imUUYMi2FXw,2022-01-05T13:21:39Z,@viewwa_bunlap6703,นางไม่มีออร่าเลยอ่ะ เสน่ห์ก้ไม่มี ไม่เหมาะสมอ่ะ เหมือน แอโรบิค ไม่ใช่ ไม่ใช่ กายภาพบำบัด😑😂 เผด็จการ👎,0
H1-KEY,imUUYMi2FXw,2022-01-05T13:21:35Z,@MyZoologist,สรุป ยอดวิวมาจากคนไทยจ้า 555,1
H1-KEY,imUUYMi2FXw,2022-01-05T13:21:31Z,@sir.leovinoz,อุยปังมากค่ะ เอาไปเลย 10 นิ้วโป้ง พร้อมซัพพอร์ตนะคะ enhypen 🥰🥰,0
H1-KEY,imUUYMi2FXw,2022-01-05T13:21:17Z,@teepapolputtarach8434,วงนี้เหมือนวงแอโรบิกอะ เกรียบแอโรบิกเพื่อพ่ออออออออแ,0
H1-KEY,imUUYMi2FXw,2022-01-05T13:21:06Z,@rujiraladyoc4484,Dictator&#39;s daughter,0
H1-KEY,imUUYMi2FXw,2022-01-05T13:20:59Z,@CH-gb9qb,ถ้าจะก๊อปของวงอื่นมาก็ก๊อปให้เนียนกว่านี้หน่อยค่ะ,0
H1-KEY,imUUYMi2FXw,2022-01-05T13:20:55Z,@wtftha2419,Thai people do not support sitala,1
H1-KEY,imUUYMi2FXw,2022-01-05T13:20:03Z,@nayadakhampirol2561,เทอเลือกผิดจริงๆที่เดบิ้วท์ (เป็นแอนตี้ที่ทุกเวลา)😫,1
H1-KEY,imUUYMi2FXw,2022-01-05T13:20:01Z,@kimhunbin5461,วงนี้คุณภาพมากนะ BLACKPINK.,1
H1-KEY,imUUYMi2FXw,2022-01-05T13:20:00Z,@kppdpk8820,ปังมากค่าาาาาา อะไรมันจะเพอร์เฟคขนาดนี้ ยังไงก็เป็นกำลังใจให้นะ NCT,434
H1-KEY,imUUYMi2FXw,2022-01-05T13:19:59Z,@kaejunkunjae4847,เป็นกำลังจั้ยยยย ให้นะค่ะ,0
H1-KEY,imUUYMi2FXw,2022-01-05T13:19:57Z,@beyourporly744,ฮือ ชอบมากเลยค่ะ เสียงดี มีแต่วิชวลรวมแล้วเพลงเพราะติดหูมากเลยค่ะ kep1er,0
H1-KEY,imUUYMi2FXw,2022-01-05T13:19:52Z,@helloimlukked2707,เออปังนะหมายถึงaespaอ่ะปังเว่อ,0
H1-KEY,imUUYMi2FXw,2022-01-05T13:19:49Z,@Varilobpy,We do not support Sitara. Because she is the daughter of a dictator and she agrees with her father. causing many Thai children to run out of opportunities preventing them from studying abroad because her father closed the airport until many Thai children do not go abroad to study,0
H1-KEY,imUUYMi2FXw,2022-01-05T13:19:43Z,@คลั่งรักโจริญ,이 밴드의 태국인은 독재를 지지합니다. 일부 태국 사람들은 그녀를 싫어하기 시작했습니다.,0
H1-KEY,imUUYMi2FXw,2022-01-05T13:19:43Z,@priim6872,ปังมากค่ะ ดีทุกอย่าง หมายถึงitzy,0
H1-KEY,imUUYMi2FXw,2022-01-05T13:19:42Z,@cha7889,IOI stand ❤️❤️❤️❤️❤️❤️,0
H1-KEY,imUUYMi2FXw,2022-01-05T13:19:37Z,@yooo2690,ชุดพังเด้อ คนบางคนในวงก็พังไม่ต่างกัน🥰😇,0
H1-KEY,imUUYMi2FXw,2022-01-05T13:19:24Z,@user-gk3vm5ii6r,ชอบมาก ปังมาก ดีเลิศ เพลงดี จะติดตามต่อไปครับaespa,1
H1-KEY,imUUYMi2FXw,2022-01-05T13:19:17Z,@titiponsudfun5115,I love u. U r. No.1 gen5 goto chart billbord. Ingi mbc sbc dmc...,0
H1-KEY,imUUYMi2FXw,2022-01-05T13:19:15Z,@jeongwoo3231,😩😩😩,0
H1-KEY,imUUYMi2FXw,2022-01-05T13:19:02Z,@pingpong-bi8hm,สวยมากค่ะสวยมากๆดีไปหมดเลยเริสมากค่ะblack pink😋😇✅,2
H1-KEY,imUUYMi2FXw,2022-01-05T13:19:01Z,@jeongwoo3231,😑😑😑😑😑,0
H1-KEY,imUUYMi2FXw,2022-01-05T13:18:59Z,@pepperr2600,สนับสนุนค่ะ ดีมากเลย ทั้งท่่เต้น เนื้อร้อง mv เพลงปังสุดค่ะaespa,0
H1-KEY,imUUYMi2FXw,2022-01-05T13:18:36Z,@iamkanomjeen7675,สู้ๆน้า ขวัญจั๊ยต้าวหลิ่ม🤡📸,2
H1-KEY,imUUYMi2FXw,2022-01-05T13:18:31Z,@fifeera6577,สไตล์ลิสต์พังมาก!!!!! เพลงก็ไม่เข้าหู พยายามฟังแล้วแต่ไม่ได้จริงๆ ตุ๊บเลยจะบอกให้!!,0
H1-KEY,imUUYMi2FXw,2022-01-05T13:18:29Z,@rattanapermpool6604,ลูกหนังซีนตอนขี่จักรยานสวยดีค่ะ,0
H1-KEY,imUUYMi2FXw,2022-01-05T13:18:21Z,@panisara4969,สู้ๆนะคะ เพลงเพราะมากๆเลย,1
H1-KEY,imUUYMi2FXw,2022-01-05T13:18:16Z,@Win-wl3xg,จักอิหยัง,1
H1-KEY,imUUYMi2FXw,2022-01-05T13:18:15Z,@ananchaisekharariddhi6767,superbbbb,0
H1-KEY,imUUYMi2FXw,2022-01-05T13:17:51Z,@pkv8248,น้องหนังเสียงร๊อคมากก ชอบ แข็งแรงดี💟💖❤,9
H1-KEY,imUUYMi2FXw,2022-01-05T13:17:46Z,@wtftha2419,"Dictator, support the military",2
H1-KEY,imUUYMi2FXw,2022-01-05T13:17:40Z,@surapatv.3765,น่ารักทั้ง4คนเลย,1
H1-KEY,imUUYMi2FXw,2022-01-05T13:17:28Z,@khuanpunda6405,✌✌❤❤,1
H1-KEY,imUUYMi2FXw,2022-01-05T13:17:26Z,@คนหล่อที่สุด-ฝ8ย,ชอบมากครับขอให้ปังๆ 4mix😊💗,1
H1-KEY,imUUYMi2FXw,2022-01-05T13:17:23Z,@สุดซอยคอยรัก,เต้นเเอโรบิคก้บอกมาจร้,0
H1-KEY,imUUYMi2FXw,2022-01-05T13:17:22Z,@simp9812,เราว่าอย่าแอนตี้พี่เขาเลยนะคะ คือเราว่าเพลงนี้เพราะกว่าเบบี้ชาร์คอีกอะค่ะ,0
H1-KEY,imUUYMi2FXw,2022-01-05T13:17:19Z,@angkanalertboonkarnkit3899,จากเผด็จการ สู่การตามหาความฝันที่เกาหลี แบนนนนนนนนนน🥰,1
H1-KEY,imUUYMi2FXw,2022-01-05T13:17:19Z,@iamkanomjeen7675,🤣🤡📸,0
H1-KEY,imUUYMi2FXw,2022-01-05T13:17:19Z,@In3sx-x,wouah it’s the first time that i like a music at first hearing,76
H1-KEY,imUUYMi2FXw,2022-01-05T13:17:00Z,@pzcxana3134,สวยปังมากค่าาาาาาลายเต้นสวยทั้ง4คนเลยยยเป็นกำลังใจให้นะคะวง BP นะคะสู่ๆค่ะ,1
H1-KEY,imUUYMi2FXw,2022-01-05T13:16:58Z,@26กานต์รวีทั่งทอง,เอิ่มมมมม,1
H1-KEY,imUUYMi2FXw,2022-01-05T13:16:56Z,@에미-w8p,ชอบมากก สมกับที่รอนาน สวยปังทุกคนเลย โห ไม่กล้าเลือกเมนเลย เลือกยากมาก สวยทุกคนเก่งทุกคน เพลงเดบิวต์ปังมากwa da da วงkep1er เราเปนเคปเลี่ยนแร้วน้าารุ้ยัง😭😭❤️❤️,0
H1-KEY,imUUYMi2FXw,2022-01-05T13:16:54Z,@supharadaworld4920,........,0
H1-KEY,imUUYMi2FXw,2022-01-05T13:16:52Z,@iamkanomjeen7675,🤣🤣🤣🤣🤣,0
H1-KEY,imUUYMi2FXw,2022-01-05T13:16:49Z,@iucardserves,They&#39;re gonna shine in future!💛,18
H1-KEY,imUUYMi2FXw,2022-01-05T13:16:44Z,@studiomo5854,สวยมีสไตล์ทุกคน เพลงก็ดี ฟังเพลินไป Everyone so beautiful and this is very nice song.,11
H1-KEY,imUUYMi2FXw,2022-01-05T13:16:39Z,@ssndaajj2513,สภาพ55,0
H1-KEY,imUUYMi2FXw,2022-01-05T13:16:26Z,@มัมหมีน้องเตน่อ-ร9ฏ,ลูกหนังดรอปจริงๆนะ พร้อมเดแล้วจริงๆหรอร้องเต้นแรปแกพร้อมจริงดิพี่ จริงๆไม่ควรได้เดด้วยซ้ำ ทำไรไว้คนทั้งประเทศเค้าไม่ลืมนะคะ🤟🏻😓😓,1
H1-KEY,imUUYMi2FXw,2022-01-05T13:16:20Z,@realAkumon,ทำกายภาพบำบัด ??? หรือ เต้นแอโรบิค??,0
H1-KEY,imUUYMi2FXw,2022-01-05T13:16:01Z,@paisanyamalae9691,ดนตรี ติดหู MVดีกว่าที่คาดมาก,0
H1-KEY,imUUYMi2FXw,2022-01-05T13:15:57Z,@maykim2623,น้องลูกหนังเก่งมากๆค่ะ เป็นกำลังใจให้ทั้ง 4 สาวนะคะ,6
H1-KEY,imUUYMi2FXw,2022-01-05T13:15:47Z,@helloeverything5132,ตุ้บ เสียงตก,0
H1-KEY,imUUYMi2FXw,2022-01-05T13:15:34Z,@helloeverything5132,55555555,0
H1-KEY,imUUYMi2FXw,2022-01-05T13:15:30Z,@QQ-vi5hy,เขาทำตามความฝันได้เดบิวต์​แล้วนะ พวกเธอยังเป็นเด็กติ่งกันอยู่หรอ,4
H1-KEY,imUUYMi2FXw,2022-01-05T13:15:29Z,@kiara_111,Omg they are so thinspos,0
H1-KEY,imUUYMi2FXw,2022-01-05T13:15:28Z,@ปัญญาพรกาปัญญา,เต้นเก่งกันทุกคนเลย น่ารักมากๆ ร้องที่สุดๆนี้แหละเบอร์1เจน4น้องเอสป้าเก่งอะ,8
H1-KEY,imUUYMi2FXw,2022-01-05T13:15:26Z,@wanareethongjurai703,คนไหนคะอีลูกหนังมาองไม่เห็นไม่เด่นเลย,0
H1-KEY,imUUYMi2FXw,2022-01-05T13:15:25Z,@jojo24533,ไม่อคติลูกหนังนี่ได้เทรนด์จริงอะ? เต้นก็อ่อน ไลน์เต้นก็ไม่ได้ ร้องก็แปลก ไม่มีเสน่ห์เลย อย่าพูดว่าตั้งใจมากกับการเดบิวต์ เพราะมันไม่เห็นเลย เดมาเป็นตำแน่งตัวถ่วงเพื่อนเหรอ,1
H1-KEY,imUUYMi2FXw,2022-01-05T13:15:21Z,@asamo488,เกือบปังแต่สลิ่มพังไว้ก่อนเด,0
H1-KEY,imUUYMi2FXw,2022-01-05T13:15:19Z,@sasimarodprayoon7499,เห้ยยย แค่แจ้งเตือนก็เพราะแล้ว ซ้อมๆเผื่อบังทันคัมแบ็คคร้าาาาาาาาาาาาาา,2
H1-KEY,imUUYMi2FXw,2022-01-05T13:15:05Z,@กาย-ฮ1ช,แอนตี้มาแร้ว,1
H1-KEY,imUUYMi2FXw,2022-01-05T13:14:57Z,@rellslyn,คอนเซ็ปmvคือท์ปั่นเพื่อพ่อยกล้อเพื่อเเม่หรอคะตัวเอง,1
H1-KEY,imUUYMi2FXw,2022-01-05T13:14:52Z,@Ryo_CNX,วงเดใหม่ ปังมากกกกก สนับสนุน Kep1er กับ IVE ด้วยนะค้าบ,0
H1-KEY,imUUYMi2FXw,2022-01-05T13:14:12Z,@Jennie-kd4pw,ไม่มีความสร้างสรรค์เลย mvคือแย่มาก🙄,1
H1-KEY,imUUYMi2FXw,2022-01-05T13:14:09Z,@berbboo4467,หล่อน ชั้นขำปกคลิปเว่อ ฟิลเหมือนออกกำลังกายตอนป.3อ่ะ เหมือนตอนครูให้ยืดเส้นยืดสาย,0
H1-KEY,imUUYMi2FXw,2022-01-05T13:13:58Z,@ploychth7203,สวยกันมาก็เลยครับitzy,0
H1-KEY,imUUYMi2FXw,2022-01-05T13:13:55Z,@tin8173,รูปปกแกงมากแม่ 5555555555,1
H1-KEY,imUUYMi2FXw,2022-01-05T13:13:45Z,@simp9812,ขอบคุณที่ทำเพลงนี้ออกมานะคะ เหมาะกับแอโรบิกสวนหลวงมากเยย,2
H1-KEY,imUUYMi2FXw,2022-01-05T13:13:41Z,@ภาณุมาศอัครธราดล,เก่งมากครับ ... perfect debut,4
H1-KEY,imUUYMi2FXw,2022-01-05T13:13:23Z,@2นราวดีศุภรัตน์18,เต้นแอโรบิคเหรอคะ,0
H1-KEY,imUUYMi2FXw,2022-01-05T13:13:09Z,@noanih24,cute,1
H1-KEY,imUUYMi2FXw,2022-01-05T13:12:49Z,@tlngam,3คนเก่งมากครับ,0
H1-KEY,imUUYMi2FXw,2022-01-05T13:12:46Z,@n-ew_qxpo6591,ปกคริปก็คือดือมากจ้าาา,0
H1-KEY,imUUYMi2FXw,2022-01-05T13:12:37Z,@ChonladaMn,เพลงเพราะมากเลยค่ะ สวยกันทุกคนเลยจะรอสนับสนุนนะคะไม่ว่าใครจะด่าหรือยังใงก็ตาม ใช่ค่ะฉันหมายถึง black pink,0
H1-KEY,imUUYMi2FXw,2022-01-05T13:12:36Z,@ณัฐฑิชาศรีสุภาพ,Let&#39;s exercise 🔥🔥🔥,1
H1-KEY,imUUYMi2FXw,2022-01-05T13:12:28Z,@mr.playlist2129,ปังมาก นี้พึ่งเดบิวต์นะเนี่ยkep1erเก่งอ้ะ,0
H1-KEY,imUUYMi2FXw,2022-01-05T13:12:22Z,@sunchai08,ลองเหลือสามคนมั้ยคะ น่าจะปังกว่านี้😊,0
H1-KEY,imUUYMi2FXw,2022-01-05T13:12:11Z,@กวินน๊ะจ๊ะ,ทุกคนอย่าแอนตี้พี่เขาให้มากเลยนะคะ เราว่าพี่เขาออกจะผัวนะ ชอบนะคะ แต่พี่เขาเ_ี้ย ไปหน่อยแค่นั้นเอง,0
H1-KEY,imUUYMi2FXw,2022-01-05T13:11:54Z,@คลั่งรักโจริญ,ร่วมกันกันนะคะขึ้นเป็น เบอร์1เจน4 จับมือกะนไว้ค่ะ itzy æspa ive ปังแน่นอน,0
H1-KEY,imUUYMi2FXw,2022-01-05T13:11:48Z,@C161phasikasangpho,นี้เอ็มวีเพลง หรือไลฟ์โค้ชสอนออกกำลังกายในเฟสเนี่ย,0
H1-KEY,imUUYMi2FXw,2022-01-05T13:11:46Z,@thehunterboss9395,Do you know why many Thai people are anti-her?...,1
H1-KEY,imUUYMi2FXw,2022-01-05T13:11:46Z,@yungRSx,ดีทุกอย่างเลยอะ เพลงก็ดีติดหูมาก mv ก็ดีเว่อ รักเลยอะaespa I&#39;m on the next level,56
H1-KEY,imUUYMi2FXw,2022-01-05T13:11:42Z,@syliurr,ก็ดีอยู่นะ,0
H1-KEY,imUUYMi2FXw,2022-01-05T13:11:36Z,@toonarmy9855,Wow... It&#39;s great😍😍😍😍,4
H1-KEY,imUUYMi2FXw,2022-01-05T13:10:39Z,@sorachedy1416,💛❤💛💯,1
H1-KEY,imUUYMi2FXw,2022-01-05T13:10:39Z,@มะเขือม่วงเผา,เยี่ยมมากค่ะท่าเต้นปังเนื้อเพลงคือดือเด้อไม่มีที่ติเลยจริงๆขอให้ปังๆนะคะยอดวิวพลุ่งไวกว่าความเจริญประเทศไทยนะคะ (ซ้อมหวีดเผื่อปีนี้เทรเชอร์คัมแบคค่ะ),0
H1-KEY,imUUYMi2FXw,2022-01-05T13:10:28Z,@suparatthongpila334,I really like this song…. I’m on the Next Level. Let’s go to Kwangya,1
H1-KEY,imUUYMi2FXw,2022-01-05T13:10:24Z,@baitoey2820,😋,0
H1-KEY,imUUYMi2FXw,2022-01-05T13:09:59Z,@เรา-ฬ1ฉ,สภาพพพพพพพพพพพพพพำำ,0
H1-KEY,imUUYMi2FXw,2022-01-05T13:09:56Z,@Sawaddeekup555,ต้องพิมว่าปังไหม,1
H1-KEY,imUUYMi2FXw,2022-01-05T13:09:55Z,@atithayathongmak2821,โหววว เต้นดีมากเลย ตัวแทนคนเดียวของประเทศไทย ความภูมิใจของไทยแล๊นนนด์ รักหนู พร้อมสนับสนุนเสมอ ลิซ่า ลลิษา มโนบาล Always love and support you lisa lalisa manobal / lisa blackpink,0
H1-KEY,imUUYMi2FXw,2022-01-05T13:09:43Z,@umakornpark7633,บ้งค่ะศินตะลา,0
H1-KEY,imUUYMi2FXw,2022-01-05T13:09:39Z,@Mariade_art45,guys give them a chance they are talented and cool i love the song .,6
H1-KEY,imUUYMi2FXw,2022-01-05T13:09:32Z,@sspacemonkeefr66,ถ้าตัดเรื่องนั้นไป นางก็ได้อยู่นะ,0
H1-KEY,imUUYMi2FXw,2022-01-05T13:09:24Z,@bananabanphai1492,เริ่ดมากเลย hi-key❤❤❤❤😍😍,2
H1-KEY,imUUYMi2FXw,2022-01-05T13:09:24Z,@meatbunchae1727,ILY RIINA,0
H1-KEY,imUUYMi2FXw,2022-01-05T13:09:20Z,@sudanachanel7977,Support my girl.,3
H1-KEY,imUUYMi2FXw,2022-01-05T13:09:11Z,@meatbunchae1727,RIINA FIGHTING,1
H1-KEY,imUUYMi2FXw,2022-01-05T13:09:07Z,@apiwutpilaart6461,독재에 기여한 가족을 지원하지 않습니다,1
H1-KEY,imUUYMi2FXw,2022-01-05T13:09:04Z,@pussybomb,วันไหนวงเหลือสามคนฝากรีพลายหน่อยนะ จะได้มาตาม,2
H1-KEY,imUUYMi2FXw,2022-01-05T13:08:58Z,@sunchai08,.,0
H1-KEY,imUUYMi2FXw,2022-01-05T13:08:43Z,@s1in6_shot,เพลงดีมาก ปังมากเลย kep1er,1
H1-KEY,imUUYMi2FXw,2022-01-05T13:08:42Z,@viniy2k,SITALA E YEL RAINHAS DO RAP,2
H1-KEY,imUUYMi2FXw,2022-01-05T13:08:35Z,@jrchannel8859,เพลงเฉยๆ เอ็มวีทำได้ดี แต่รู้สึกไม่ดีกับเมมเบอร์คนไทยคนนี้มากๆ นางสนับสนุนเผด็จการ และค่ายน่าจะรู้ดีเกี่ยวกับเรื่องนี้แต่ก็ยังสนับสนุนต่อไป เกาหลีลืมช่วงเวลาที่ยากลำบากกับเผด็จการไปแล้วใช่ไหม???,0
H1-KEY,imUUYMi2FXw,2022-01-05T13:08:30Z,@monichan2441,เข้าใจละว่าทำไมถึงมีคนบอกว่า &quot;เหมือนดูวิดีโอสอนออกกำลังกาย เต้นแอโรบิค&quot;,1
H1-KEY,imUUYMi2FXw,2022-01-05T13:08:22Z,@meatbunchae1727,SEOI WHY U SO PRETTY?!!!,0
H1-KEY,imUUYMi2FXw,2022-01-05T13:08:21Z,@洪漢城,😘😘😘😘😘😘😘😘😘😘😘,1
H1-KEY,imUUYMi2FXw,2022-01-05T13:08:19Z,@Ganyaa.a,ยังจะได้เดอีก สภาพพ อิดอกกก,0
H1-KEY,imUUYMi2FXw,2022-01-05T13:08:12Z,@despairdeapair202,ต้องตามแล้ว😊👍👍,1
H1-KEY,imUUYMi2FXw,2022-01-05T13:08:11Z,@helpmepush6561,เปิดยอดดิสไลทฺ์หน่อยค่า,0
H1-KEY,imUUYMi2FXw,2022-01-05T13:08:08Z,@C161phasikasangpho,สุดยอด สวยมาก ร้องเก่งมาก เเร๊พอย่างเดือด หมายถึง วงblackpink น่ะ ไม่ใช่วงแถวนี้~~~,0
H1-KEY,imUUYMi2FXw,2022-01-05T13:08:05Z,@shinomiyakaguya2516,อีลูกสลิ่ม!!!,0
H1-KEY,imUUYMi2FXw,2022-01-05T13:08:03Z,@meatbunchae1727,1:07 SEOI,12
H1-KEY,imUUYMi2FXw,2022-01-05T13:08:01Z,@Peak-tz8zn,จะคอยติดตามเสมอค่ะ aespa,0
H1-KEY,imUUYMi2FXw,2022-01-05T13:07:51Z,@meatbunchae1727,QUEEN RIINA,0
H1-KEY,imUUYMi2FXw,2022-01-05T13:07:47Z,@viniy2k,SITALA I LOVE YOU,0
H1-KEY,imUUYMi2FXw,2022-01-05T13:07:44Z,@meatbunchae1727,QUEEN YEL,3
H1-KEY,imUUYMi2FXw,2022-01-05T13:07:38Z,@dprl1002,I like the rap style,1
H1-KEY,imUUYMi2FXw,2022-01-05T13:07:29Z,@Busmalin2511,Sitala 😍,1
H1-KEY,imUUYMi2FXw,2022-01-05T13:07:28Z,@Ganyaa.a,สภาพพพ,1
H1-KEY,imUUYMi2FXw,2022-01-05T13:07:15Z,@meatbunchae1727,QUEEN SEOI,2
H1-KEY,imUUYMi2FXw,2022-01-05T13:07:15Z,@viniy2k,ROTY,0
H1-KEY,imUUYMi2FXw,2022-01-05T13:07:14Z,@umakornpark7633,มากดดิสไลด์​ค่ะ,2
H1-KEY,imUUYMi2FXw,2022-01-05T13:07:08Z,@สุจิตตราศรีน้อยอ่อน,เพลงดีค่ะ เก่งทุกคน คุณมีความสามารถ แต่สิ่งที่คุณทำไว้จะไม่หายไป ทุกคนต่างก็มีความฝัน คุณจะมาบอกว่าตอนนั้นคุณเด็กยังไม่เข้าใจ สถานการณ์ที่ถูกต้องแต่ตอนนั้นคุณ17 18 นี่ไม่เด็กแล้วนะ,1
H1-KEY,imUUYMi2FXw,2022-01-05T13:07:05Z,@Solongkik,ชอบ อยากติดตาม love u black pink,0
H1-KEY,imUUYMi2FXw,2022-01-05T13:06:57Z,@meatbunchae1727,SO GOOD,0
H1-KEY,imUUYMi2FXw,2022-01-05T13:06:53Z,@keeratirof2728,Dictotor sitala,1
H1-KEY,imUUYMi2FXw,2022-01-05T13:06:51Z,@meatbunchae1727,GO RIINA,0
H1-KEY,imUUYMi2FXw,2022-01-05T13:06:50Z,@user-jk6id2iq2z,Without Sitala is too much better,1
H1-KEY,imUUYMi2FXw,2022-01-05T13:06:45Z,@meatbunchae1727,GO YEL,1
H1-KEY,imUUYMi2FXw,2022-01-05T13:06:39Z,@meatbunchae1727,GO SEOI,0
H1-KEY,imUUYMi2FXw,2022-01-05T13:06:33Z,@สุรพงษ์-ข8ข,ตบมือซิรออะรัย,0
H1-KEY,imUUYMi2FXw,2022-01-05T13:06:26Z,@YazeedAbudabi,จัดดิสไลค์ให้ วง Huay Kee หน่อยครับพี่น้องชาวไทย,1
H1-KEY,imUUYMi2FXw,2022-01-05T13:06:24Z,@Kiddoyj,duhhhhhh 10/100000000000,1
H1-KEY,imUUYMi2FXw,2022-01-05T13:06:08Z,@หมายักษ์,เพลงดีมากเลยครับ แต่เสียงเมมเบอร์คนหนึ่งแหลมเหมือนกินนกหวีดไปนิดนึงอ่ะครับ,3
H1-KEY,imUUYMi2FXw,2022-01-05T13:06:03Z,@deenylovelove1710,ว้าววววว..🤩🤩,2
H1-KEY,imUUYMi2FXw,2022-01-05T13:05:49Z,@baitoey2820,ทุเรด,0
H1-KEY,imUUYMi2FXw,2022-01-05T13:05:34Z,@Oongtong,"not disappointed at all, love so much !",17
H1-KEY,imUUYMi2FXw,2022-01-05T13:05:30Z,@lamdaunphuboonlab2657,เยี่ยมมากกกกกกก เริ่ด,0
H1-KEY,imUUYMi2FXw,2022-01-05T13:05:12Z,@Cher_tam_tam,ท่าเหมือนแอโรบิค แถวบ้านเลย เพลงไม่ค่อยปัง มีแต่คำว่าบ่ง และถ้าไม่มีลูกเผด็จการ คงจะปังน่าดู555555🙄🙄,1
H1-KEY,imUUYMi2FXw,2022-01-05T13:05:04Z,@แม่หญิง-ต2ส,so cute,1
H1-KEY,imUUYMi2FXw,2022-01-05T13:05:02Z,@Ilovekoreanmusicsong,"I love you, LISA Blackpink 🖤💗",1
H1-KEY,imUUYMi2FXw,2022-01-05T13:04:48Z,@NoobmanDKK,เชื่อละว่า เกาหลี สนับสนุน เผด็จการ ทั้งๆที่ประเทศตัวเอง เกือบโดนเผด็จการยึดครอง,2
H1-KEY,imUUYMi2FXw,2022-01-05T13:04:45Z,@joeymarut,Sitala 💩💩💩💩💩💩,0
H1-KEY,imUUYMi2FXw,2022-01-05T13:04:44Z,@cakety2797,ดิสไลค์เป็นแสนแน่ ขอร้องยูทูปเปิดเถอะ,1
H1-KEY,imUUYMi2FXw,2022-01-05T13:04:13Z,@narissaraphalahok7100,ทั้ง4สาวดีมากเลยค่ะ เต้นเก่งเสียงดี ออร่าดีมาก จะติดตามและสนับสนุนต่อไปเรื่อยๆ Aespa💛,3
H1-KEY,imUUYMi2FXw,2022-01-05T13:04:07Z,@joeymarut,🤮🤮🤮🤮🤮🤮🤮🤮,1
H1-KEY,imUUYMi2FXw,2022-01-05T13:03:56Z,@iseeudeadman239,wow! pretty &amp; differnt!,0
H1-KEY,imUUYMi2FXw,2022-01-05T13:03:44Z,@eatsmaruouy2083,||| SITALA get out |||,0
H1-KEY,imUUYMi2FXw,2022-01-05T13:03:12Z,@narxdhklzz3987,ตลก,1
H1-KEY,imUUYMi2FXw,2022-01-05T13:03:10Z,@user-vo5gp6yj2h,Cute！！！,2
H1-KEY,imUUYMi2FXw,2022-01-05T13:02:37Z,@janjirarodchum8464,เพลงเพราะมาก สวยทุกคนเลย MV ก็สวย เป็นกำลังใจให้นะคะ👍✌️💜,6
H1-KEY,imUUYMi2FXw,2022-01-05T13:02:13Z,@SiriratRatkaew,ขอเป็นลมแป๊บลิซ่างานดีมากเราจะสนับสนุนเขาตลอดไป black pink,2
H1-KEY,imUUYMi2FXw,2022-01-05T13:01:17Z,@TOTO-oy1cp,"SORRY, I DON’T LIKE.",1
H1-KEY,imUUYMi2FXw,2022-01-05T13:01:10Z,@tonhom4013,I love blackpink,2
H1-KEY,imUUYMi2FXw,2022-01-05T13:01:01Z,@lilianalockceil7909,Nothing interesting,1
H1-KEY,imUUYMi2FXw,2022-01-05T13:00:58Z,@kookie4277,👎🏻👎🏻👎🏻,1
H1-KEY,imUUYMi2FXw,2022-01-05T13:00:31Z,@smooth5763,ปังมากดีมากกกเพลงคือดี ดีเริศ ปัง ต๊าชชมากค่ะสาวๆBPสวยมากๆชอบมากๆเลยค่ะกิ้สสสรีบขายของให้เสร็จน้าา,1
H1-KEY,imUUYMi2FXw,2022-01-05T13:00:28Z,@negasonic5445,🤮🤮🤮🤮🤮🤮🤮🤮🤮🤮🤮🤮🤮🤮🤮🤮🤮🤮🤮🤮🤮🤮🤮🤮🤮🤮🤮🤮🤮🤮🤮🤮🤮🤮🤮🤮🤮🤮🤮,3
H1-KEY,imUUYMi2FXw,2022-01-05T13:00:27Z,@kaorijan4868,ชอบมาก ชอบลิซ่านะ,2
H1-KEY,imUUYMi2FXw,2022-01-05T13:00:26Z,@cheerleaderbyjnhoi2121,This is the best of girl group BlackPink,1
H1-KEY,imUUYMi2FXw,2022-01-05T13:00:24Z,@atomixmass8367,เพลงใช้ได้เลยนะ เอาจริงๆ เพราะอยู่ แต่อยากให้ลงspotifyด้วยนะ,1
H1-KEY,imUUYMi2FXw,2022-01-05T13:00:14Z,@kurokyevill3979,ครอบครัวสลิ่มมมมม,1
H1-KEY,imUUYMi2FXw,2022-01-05T12:59:41Z,@palmjohnproj,#ทีมผ่านเข้ามาแค่ดิสไลค์ 😌,0
H1-KEY,imUUYMi2FXw,2022-01-05T12:59:36Z,@user-yl4gj1kk8t,😡😡😡😡😠😠😠😠😠🖕🏻🖕🏻🖕🏻🖕🏻🖕🏻🖕🏻🖕🏻🖕🏻🤢🤢🤢🤢😡😂😠😠😡😡😡🤢🤢🤢🤢🤢😡😡😡🖕🏻🖕🏻🖕🏻🖕🏻🖕🏻😱😱😱😰😰😨😓😓😫😫😫😫😵😵😴😪😴😴🤮🤮🤢🤮🥴🥴🥴,1
H1-KEY,imUUYMi2FXw,2022-01-05T12:59:35Z,@kkanyalak890,❌❌❌❌❌,3
H1-KEY,imUUYMi2FXw,2022-01-05T12:59:31Z,@customerservice7423,H1-COUP,0
H1-KEY,imUUYMi2FXw,2022-01-05T12:59:23Z,@natnicha7844,กรี้ดดดดดดชอบมากๆๆเลย เต้นเก่ง ร้องเพลงได้ สวย และน่ารักมากที่สุดเลยย ลิซ่า เลิฟฟฟ lisa is very beautiful 🤲🏻🤍,0
H1-KEY,imUUYMi2FXw,2022-01-05T12:59:23Z,@archaneya,Wowww strong girl group🔥🔥🔥,5
H1-KEY,imUUYMi2FXw,2022-01-05T12:59:15Z,@oops2989,ewwwwwww In the first impassion i think to aerobic MV 😂🤣🤣 It’s look like BLACKPINK mv but not comparable because SITALA make all like too Cheap.,0
H1-KEY,imUUYMi2FXw,2022-01-05T12:59:09Z,@nuiriq4606,"Sound it&#39;s OK but girls look all the same, they should have their Identity",0
H1-KEY,imUUYMi2FXw,2022-01-05T12:59:00Z,@kikirana5872,น่ารักมากกก,1
H1-KEY,imUUYMi2FXw,2022-01-05T12:58:45Z,@ThanawatSuekeaw,ชอบมาก เสียงดี เต้นดี ดีทุกอย่างเลย รอผลงานต่อไปนะคะ เป็นกำลังใจให้ วงดีๆแบบนี้ควรสนับสนุนเป็นอย่างยิ่ง Twice &amp; Blackpink,2469
H1-KEY,imUUYMi2FXw,2022-01-05T12:58:30Z,@DDRO123,ดีงามมมมมมมชอบมากเลย,1
H1-KEY,imUUYMi2FXw,2022-01-05T12:58:24Z,@ญี่ปุ่นวันละนิด,ออกกำลังกายตอนเช้าแล้ว1,0
H1-KEY,imUUYMi2FXw,2022-01-05T12:58:23Z,@jaeminna8504,โอ้ยปังมากกกก สุดยอดเลย จะติดตามต่อไปเรื่อยๆนะคะ Aespa,18
H1-KEY,imUUYMi2FXw,2022-01-05T12:58:06Z,@kermit7689,The song is so good????? I&#39;m in shock rn,2
H1-KEY,imUUYMi2FXw,2022-01-05T12:57:39Z,@Wihokhirnlom,"Perfect song, such a powerful MV. I come here to support Sitala. 💖 I&#39;ve already pre-ordered this debut single. Due to Covid19, it take 1-2 months before the single arrive. Go Go H1-Keys. From today, this track will be my warm up song before workout &amp; running 🏃 Sincerely from athletic boy พี่ขอสนับสนุนน้องลูกหนังเต็มที่ครับ #wesupportsitala #supportsitala #sitala",22
H1-KEY,imUUYMi2FXw,2022-01-05T12:57:35Z,@sasiyalirdchitlakha7685,😍🥰😘🤩🎉🎉🎉🎉👍🏼👍🏼👍🏼👍🏼,0
H1-KEY,imUUYMi2FXw,2022-01-05T12:57:21Z,@sunset6395,อ้ย เบอ1เจน4แน่นอน เต้นดีร้องดีมีความสามารถอีก ร้องเสียงstable มาก ล็อคท่าโหดจีง แร็ปไฟลุกมาก เบอ1เจน4ค่ะ ชอบนะคะgidleติดตามอยู่ค่า,0
H1-KEY,imUUYMi2FXw,2022-01-05T12:57:19Z,@AA--pr6tu,Hahahahahahahahaaahahhahahahaahaaahahhahahahaahaaahahhahahahahahahahaahaahaahaaahahhahhahah huh?,1
H1-KEY,imUUYMi2FXw,2022-01-05T12:56:58Z,@dheariskitria2799,REALLY GOOD SONG!!! 😍😍😍😍,6
H1-KEY,imUUYMi2FXw,2022-01-05T12:56:49Z,@Creamybearr,โหสุดยอดเลยค่ะ ประทับใจมากๆเลย วง 4EVE เก่งมากๆเป็นกำลังใจให้นะคะ,2
H1-KEY,imUUYMi2FXw,2022-01-05T12:56:46Z,@STORYPRIM_Channe,"😍🥰,🥰😍😍🥳🥳🥳🥳🥰",2
H1-KEY,imUUYMi2FXw,2022-01-05T12:56:22Z,@samsungsangthai3943,เสียงลูกหนังทุเรศเรียศมากคร่ะพิ้ๆ,0
H1-KEY,imUUYMi2FXw,2022-01-05T12:56:16Z,@lilchannel4739,อันนี้วงที่ลูกหนังอยู่หรือป่าวคะ?,3
H1-KEY,imUUYMi2FXw,2022-01-05T12:55:59Z,@MoYo_jito,ตุ๊บตั้งแต่เพลงเดล่ะ😂😂😂,0
H1-KEY,imUUYMi2FXw,2022-01-05T12:55:50Z,@pritesama7120,ดูยอด dislike ตรงไหนอ่าครับบบ,1
H1-KEY,imUUYMi2FXw,2022-01-05T12:55:25Z,@Nachinachii,So so 🙄🙄🙄,0
H1-KEY,imUUYMi2FXw,2022-01-05T12:55:14Z,@aqrioah1102,ชอบเมมเบอร์ทั้ง4เลยค่ะ เพลงคือติดหูมากกกก จะสนับสนุนต่อไปนะคะ Wjsn-chocome,0
H1-KEY,imUUYMi2FXw,2022-01-05T12:55:14Z,@ธิติมาใต้หล้า8,ฉันจะเป็นแอนตี้วงนี้🤭👎,0
H1-KEY,imUUYMi2FXw,2022-01-05T12:55:09Z,@missdark_,ลูกหนังด้อยกว่าคนในวงมากจร้าาามาเอาไรก่อน,2
H1-KEY,imUUYMi2FXw,2022-01-05T12:54:42Z,@pratumpornbaothong5930,MV ดีมากๆ BLACKPINK,1
H1-KEY,imUUYMi2FXw,2022-01-05T12:54:27Z,@loverider100,สุดยอด ติดหูมาก ดีทุกคน,1
H1-KEY,imUUYMi2FXw,2022-01-05T12:54:04Z,@วิพัชญาศรลอย,อุ๊ปส์มาละหรอ🤘,0
H1-KEY,imUUYMi2FXw,2022-01-05T12:53:41Z,@user-yl4gj1kk8t,เพลงดีอ่ะติดหูมาก เป็นกำลังใจให้นะitzy,2
H1-KEY,imUUYMi2FXw,2022-01-05T12:53:39Z,@warisasoosilwat8854,เพลงดีมากๆเลยค่าาาาา🥰🥰🥰🥰 ใช่ค่ะเราหมายถึงitzy😘😘😘,10
H1-KEY,imUUYMi2FXw,2022-01-05T12:53:37Z,@จันทิมานาควิจิตร-น5ห,เพลงเพราะ​มาก​ เต้นก็ดีค่ะ​ เป็นกำลังใจให้ทุกคนนะคะ,2
H1-KEY,imUUYMi2FXw,2022-01-05T12:53:35Z,@nanamatch7059,Wow their&#39;s visual. So insane,5
H1-KEY,imUUYMi2FXw,2022-01-05T12:53:26Z,@gandumzero3580,"Sitala, beautiful and graceful, fell in love with her eyes.",41
H1-KEY,imUUYMi2FXw,2022-01-05T12:53:20Z,@uandmeandme,🤢🤢🤢🤢🤢,0
H1-KEY,imUUYMi2FXw,2022-01-05T12:53:18Z,@pai869,Great 👍 Great 👍 Great 👍 Great 👍,1
H1-KEY,imUUYMi2FXw,2022-01-05T12:53:14Z,@g.r3519,เพราะอยู่นะ,2
H1-KEY,imUUYMi2FXw,2022-01-05T12:52:54Z,@sonsnp9601,They really look like an athlete.!!,11
H1-KEY,imUUYMi2FXw,2022-01-05T12:52:52Z,@npsnpmk,มาเดที่ไทยค่ะสาวลูกหนัง,0
H1-KEY,imUUYMi2FXw,2022-01-05T12:52:26Z,@kanechin1,รับพรีออเด้อให้สลิ่ม..😆😆,0
H1-KEY,imUUYMi2FXw,2022-01-05T12:52:23Z,@pppapnpgg9140,ดีมาก ชอบ,0
H1-KEY,imUUYMi2FXw,2022-01-05T12:51:35Z,@หมูแจ๋ว-ฬ9ฅ,MV ดีอยู่นะคะ,2
H1-KEY,imUUYMi2FXw,2022-01-05T12:51:29Z,@dmmoh469,คุณทำลายประเทศไทย เราก็จะทำลายคุณ อย่าอ้างว่าเด็ก เพราะคุณเพิ่งไปเจอกับพวกสนับสนุนเผด็จการเมื่อปีก่อนๆ,1
H1-KEY,imUUYMi2FXw,2022-01-05T12:51:22Z,@nutthakarnjanporm5044,ได้อยู่,1
H1-KEY,imUUYMi2FXw,2022-01-05T12:51:08Z,@user-hs2fn2zs2z,🤮🤮🤮🤮🤮🤮🤮🤮🤮🤮🤮🤮🤢🤮🤮🤢🤮🤮🤮🤮🤢🤢🤮🤢🤮🤢🤮🤢🤮🤢🤮🤢🤮🤮🤢🤢🤮🤮🤮🤮🤮🤮🤢🤢🤮🤮🤮🤢🤢🤮🤮🤮🤮🤮🤢🤢🤮🤮🤮🤢🤮🤮🤢🤮🤢🤮🤢🤮🤮🤮🤮🤮🤮🤢🤮🤮🤮🤮🤮🤢🤮🤮🤮🤮🤮🤢🤮🤮🤮🤮🤢🤮🤮🤢🤮🤮🤮🤮🤮🤮🤮🤮🤢🤢🤢🤮🤮🤮🤢🤮🤮🤮🤮🤮🤮🤮🤮🤮🤮,0
H1-KEY,imUUYMi2FXw,2022-01-05T12:51:07Z,@fromanybody_,เต้นแอโรบิคเพื่อพ่อไปเลอ สลิ่มรอซื้อเทปได้เลยนะคะ,0
H1-KEY,imUUYMi2FXw,2022-01-05T12:51:03Z,@sundaybeadore2022,"eww disgusting 🤢🤢🤮🤮 Why can a tyrant&#39;s daughter become an idol? Why? her father, her mother and her family make it difficult for people in the country But why is she still debut in K-pop?",0
H1-KEY,imUUYMi2FXw,2022-01-05T12:51:01Z,@riolish_channel9592,Woooooow,1
H1-KEY,imUUYMi2FXw,2022-01-05T12:50:26Z,@jamekiller9479,เพลงแแอโรบิคหรอวะ,1
H1-KEY,imUUYMi2FXw,2022-01-05T12:50:14Z,@Tuna-Manx,กะทิบูดจ้าาาาาาาาาาาาาาาาาาาาาาาาาาาาาาาาาาาาาาาาาาาาาาาาาาาาา,1
H1-KEY,imUUYMi2FXw,2022-01-05T12:50:10Z,@nuttanonchankwang4466,เหม็นกระทิบูดค่าาาาาาาาาาาาาาาาาาาาาาาาาาาาาาาาาาาาาาาาาาาาาา,1
H1-KEY,imUUYMi2FXw,2022-01-05T12:50:08Z,@eobardthawne8371,Unlike เรียบร้อย แบนวนไป #แบนลูกหนัง,1
H1-KEY,imUUYMi2FXw,2022-01-05T12:50:03Z,@harleyfinn256,This is so bad. Music is bad.everything is bad. Also the member voice so bad. I don&#39;t understand why they release such a bad work like this,0
H1-KEY,imUUYMi2FXw,2022-01-05T12:50:00Z,@pritesama7120,Nice 🪖🪖🪖🪖🪖🪖 The Thailand military girl group So proud of you,0
H1-KEY,imUUYMi2FXw,2022-01-05T12:49:58Z,@missdark_,สลิ่มอย่าลืมพรีออร์เดอร์เทปกันเยอะๆนะคะ,3
H1-KEY,imUUYMi2FXw,2022-01-05T12:49:54Z,@โง่มากก็ไปแดกขี้,เต้นแอโรบิคหรอคะ,1
H1-KEY,imUUYMi2FXw,2022-01-05T12:49:28Z,@nillaratprapaipong5795,Well done 👍,25
H1-KEY,imUUYMi2FXw,2022-01-05T12:49:01Z,@rli8404,SITALA IS DICTATER!!!! 🤮🤮🤮,1
H1-KEY,imUUYMi2FXw,2022-01-05T12:48:58Z,@ทุลักทุเลทริป-ถ9ษ,👎🏻👎🏻👎🏻👎🏻👎🏻👎🏻👎🏻👎🏻👎🏻👎🏻,1
H1-KEY,imUUYMi2FXw,2022-01-05T12:48:52Z,@Cereswriter,So hot!!!! That&#39;s a beautiful MV &#39;Love sick girls&#39; Blackpink love u all way❤️,0
H1-KEY,imUUYMi2FXw,2022-01-05T12:48:44Z,@หมูแจ๋ว-ฬ9ฅ,หูยดีเว่ออ,3
H1-KEY,imUUYMi2FXw,2022-01-05T12:48:39Z,@Larsaw66,น้องคนไทยใส่ครอปท็อปคอสเพลย์เป็นเสี่ยโอหรอ,4
H1-KEY,imUUYMi2FXw,2022-01-05T12:48:12Z,@missshalinfa3186,❤️❤️❤️❤️,2
H1-KEY,imUUYMi2FXw,2022-01-05T12:47:50Z,@bananabahbah9998,ปังมากเลยค่า stayc,0
H1-KEY,imUUYMi2FXw,2022-01-05T12:47:30Z,@birdshanghai,💖🎶👍👍👍👍,3
H1-KEY,imUUYMi2FXw,2022-01-05T12:47:29Z,@ttt0193,โอ้ย ชอบวงนี้มากอะค่า อยากไปคอนมากๆเลยบงก็สวยเว้อ ติดตามต่อไปนะคะitzy,5333
H1-KEY,imUUYMi2FXw,2022-01-05T12:47:14Z,@Rathda.M,❤️❤️❤️❤️❤️❤️❤️❤️,2
H1-KEY,imUUYMi2FXw,2022-01-05T12:47:08Z,@chiimxn_4244,ออหอ คนไทยโคตรพ่อโคตรแม่สวย เต้นเก่งมากๆด้วย สู้ต่อไปนะคะพี่ลิซ่า,2
H1-KEY,imUUYMi2FXw,2022-01-05T12:47:06Z,@gakachagakacha2767,So good,3
H1-KEY,imUUYMi2FXw,2022-01-05T12:47:01Z,@patcharapamannuek,สู้ๆน๊าบบเนาจะเป็นแอนตี้พวกเทอเอง✌🏻💛,2
H1-KEY,imUUYMi2FXw,2022-01-05T12:47:00Z,@realzch4603,เพิ่งเดบิวต์แท้ๆ แต่ออกเพลงมาได้น่าสนใจขนาดนี้ น่าสนใจมากเลยครับ สู้ๆนะสาว kep1er &gt;&lt; WADADA 🎉,0
H1-KEY,imUUYMi2FXw,2022-01-05T12:46:59Z,@chiraphonofficial5155,เลาเปนแอนตี้นาคา,1
H1-KEY,imUUYMi2FXw,2022-01-05T12:46:28Z,@กานต์ธิดาสมคะเณย์,กรี้ดดดดดดดดด ปังมากแม่~~~ คือแบบโคตรดีเลยอ่ะ โอ้ยยยยยขนลุกไปหมดเลยNCT,1
H1-KEY,imUUYMi2FXw,2022-01-05T12:46:09Z,@อู้ฟู่-ฅ1ฌ,Every shot is beautifull 🥰,9
H1-KEY,imUUYMi2FXw,2022-01-05T12:45:39Z,@neverever1230,ลูกหนังคะ เต้นง่อยกว่าเพื่อนเลยค่ะ ภาระเพื่อนนะ,2
H1-KEY,imUUYMi2FXw,2022-01-05T12:45:26Z,@mecornpan4607,Love this concept..❤❤❤❤,7
H1-KEY,imUUYMi2FXw,2022-01-05T12:45:21Z,@อุสนาอมรเวล,Love this song,32
H1-KEY,imUUYMi2FXw,2022-01-05T12:45:18Z,@RTOYO,😍😍😍😍😍😍😍😍,2
H1-KEY,imUUYMi2FXw,2022-01-05T12:45:13Z,@ผู้ก่อดราม่า-ภ5ย,Duhh 🤮🤢,0
H1-KEY,imUUYMi2FXw,2022-01-05T12:45:06Z,@RTOYO,😍😍😍😍😍😍😍😍😍,1
H1-KEY,imUUYMi2FXw,2022-01-05T12:45:03Z,@nadear2356,เป็นแฟนคลับวงนี้มาทางนี้จ้า ส่วนชั้นจะไปทางแอนตี้วงนี้,2
H1-KEY,imUUYMi2FXw,2022-01-05T12:44:49Z,@SolarQuantam,สู้ๆครับ​ เป็นกำลังใจให้เสมอ #LOVESITALA,5
H1-KEY,imUUYMi2FXw,2022-01-05T12:44:34Z,@MrBoreBig,im from Thailand Military state,0
H1-KEY,imUUYMi2FXw,2022-01-05T12:44:19Z,@bangkokinsights,"ฟังครั้งเดียวติดหู น่าจะมีชอร์ตที่ตูมตูมอีกนิด แรพสั้นไปนิดแต่ก็พอได้ ไลน์เต้นสวย ความสวยโอเค สรุปว่าผ่าน ก็ต้องดูกันต่อไป Go Athletic girl, Go H1-KEY.",6
H1-KEY,imUUYMi2FXw,2022-01-05T12:44:05Z,@supasitpoochangtong9895,สลิ่มที่ไทยหวังชุปตัว ฉันขอให้ความเป็นสลิ่มติดตัวเธอไปจนตาย ลูกหลานอับอายด่าทอถึงพฤติกรรมของเธอที่เธอทำ ทุกคำพูดที่เธอพูดออกมาขอให้มันมัดตัวเธอให้คนสาปส่ง,1
H1-KEY,imUUYMi2FXw,2022-01-05T12:44:04Z,@siamdaralai1563,Keep ot3,0
H1-KEY,imUUYMi2FXw,2022-01-05T12:43:50Z,@missdark_,กรี๊ดดดดดดด ดีมากเลยค่ะ เพราะมากๆเลย เด่นมากๆเลยค่ะ ทำต่อไปอีกนะคะมันดีมากๆเลยค่ะ จะสนับสนุนต่อไปอีกนะคะลิซ่า♡,6
H1-KEY,imUUYMi2FXw,2022-01-05T12:43:19Z,@lulux.1731,หูยเริศมากเพลงดีมาก หมายถึง เคปเลอร์ อะ,1
H1-KEY,imUUYMi2FXw,2022-01-05T12:42:53Z,@TopsecretDot,เต้นยังกับออกกำลังกายตอนเช้าก่อนทำงานเลย,0
H1-KEY,imUUYMi2FXw,2022-01-05T12:42:50Z,@kotophotography2352,ชอบสาวๆ4คนมากเลยครับ จีซู เจนนี่ โรเซ่และลิซ่า BLACKPINK,1
H1-KEY,imUUYMi2FXw,2022-01-05T12:42:50Z,@user-zm8lf3yt5b,ขอแลกการ์ด เรา:ใบลูกหนังเสื้อเหลือง คุณ:ลูกหนังหวีดนกหวีด,0
H1-KEY,imUUYMi2FXw,2022-01-05T12:42:35Z,@19PAE101993,Love from Thailand 😍,2
H1-KEY,imUUYMi2FXw,2022-01-05T12:42:34Z,@howfarfromjerry,แก เคยดูน้องเอสป้ายัง เจน4เหมือนกัน แต่กระดูกคนละเบอร์อ่ะนะ,0
H1-KEY,imUUYMi2FXw,2022-01-05T12:42:22Z,@likitfharruaojasumanakon4943,ตลกอ่ะ 😏🤔,0
H1-KEY,imUUYMi2FXw,2022-01-05T12:42:07Z,@planetthsub5224,เก่งอ่ะ ยอดวิวเยอะมากหมายถึงKep1er,0
H1-KEY,imUUYMi2FXw,2022-01-05T12:42:02Z,@teru_ect,exercise？,0
H1-KEY,imUUYMi2FXw,2022-01-05T12:41:55Z,@hypeboiwrad,1st listen.. um ok? 2nd listen.. ok it&#39;s in my head.. 3rd listen.. IM ATHLETIC GIRLLLLLL! #GlowUp,6
H1-KEY,imUUYMi2FXw,2022-01-05T12:41:54Z,@iceamicy,สลิ่มและผองเพื่อนผู้น่าสงสาร,1
H1-KEY,imUUYMi2FXw,2022-01-05T12:41:42Z,@boonpunyaearth,❤❤❤❤❤❤❤❤❤❤❤,2
H1-KEY,imUUYMi2FXw,2022-01-05T12:41:32Z,@xenluvr2,this is really good i might stan,11
H1-KEY,imUUYMi2FXw,2022-01-05T12:41:27Z,@EvaBelenC,Go Riina! ♡ You will always be from our WM family Seunghyun 💙,24
H1-KEY,imUUYMi2FXw,2022-01-05T12:41:11Z,@narissara5409,❤️❤️❤️❤️,2
H1-KEY,imUUYMi2FXw,2022-01-05T12:41:04Z,@innosentable,ทำออกมาได้สมบูรณ์​แบบมาก​ ภาพ​ แสง​ สี​ เสียง​ จัดผสานได้อย่างลงตัว​ รู้จักและติดตาม​วงนี้เพราะ​ Sitala​ เลยครับ​ Love​ you​ all.🥰💕,8
H1-KEY,imUUYMi2FXw,2022-01-05T12:40:58Z,@NeverGiveUp-jm3me,#FIGHTINGHIHEY,2
H1-KEY,imUUYMi2FXw,2022-01-05T12:40:42Z,@งงจร้-ธ4ฑ,เก่งมากค่ะเด็กๆ,1
H1-KEY,imUUYMi2FXw,2022-01-05T12:40:27Z,@ช็อคโกแลต-ส3จ,คนที่ไปเป่านกหวีดทำลายอนาคตคนอื่นในวันนั้น กลับได้มาเต้นเฉิดฉายอยู่ในเกาหลี แฟร์ปะล่ะ,0
H1-KEY,imUUYMi2FXw,2022-01-05T12:40:21Z,@edelweiss8549,The MV so good,12
H1-KEY,imUUYMi2FXw,2022-01-05T12:40:12Z,@prammyat1373,ภาพฉากหลังดีมากค่ะรู้สึกเฉยมากไม่มีอะไรน่าตื่นตาตื่นใจเลยค่ะธรรมดามากค่ะคอนเซ็ปออกกำลังกายหรอค่ะดูเหมือนงบน้อยมากเลยนะคะชุดเลืองนี้ชุดเอาใจสลิ่มเอาใจพ่อของเมบเบอร์ลูกหนังหรอค่ะ😘😍🥰😊😋😭😣,0
H1-KEY,imUUYMi2FXw,2022-01-05T12:40:06Z,@tantipraksakunwittaya799,Sitala 그녀는 독재자 지지자의 딸이 아니지만 그녀는 독재자를 지지하는 사람입니다,0
H1-KEY,imUUYMi2FXw,2022-01-05T12:40:04Z,@BasInnocent1st,ลองเปลี่ยนชื่อเพลงเป็น Aerobics ท่าเต้นกับฝีมือการเต้นเหมาะมาก #อันนี้เม้นแบบเป็นกลางจากผลงานนะ5555,0
H1-KEY,imUUYMi2FXw,2022-01-05T12:39:59Z,@pkposr.4180,เก่งมากค่ะ ยอดวิวพุ่งปรี้ดเลย เคปเล่อสุดที่รัก💖💖,0
H1-KEY,imUUYMi2FXw,2022-01-05T12:39:10Z,@minicycle1993,ขอบคุณมากนะคะ ชอบมากกับการคัมแบ็ค GG รักเธอTell me your wish!???,2
H1-KEY,imUUYMi2FXw,2022-01-05T12:38:52Z,@ishalayne3796,Congratulations on your debut the song is so nice and catchy,2
H1-KEY,imUUYMi2FXw,2022-01-05T12:38:48Z,@veeview777,เพลงเพราะมากค่ะ เพลงติดหู เอ็มวีทำออกมาดีมาก ทุกอย่างสวย ลงตัว ปังๆนะคะทไวซ์ สู้ๆค่ะ! เป็นกำลังใจให้นะคะทไวซ์~^^,1
H1-KEY,imUUYMi2FXw,2022-01-05T12:38:29Z,@สมหมายพิริยะมาสกุล-ฤ7ศ,Slim,0
H1-KEY,imUUYMi2FXw,2022-01-05T12:38:03Z,@cheerlab,ซ่อนดิสไลก์หรอ ช่างทำ :),1
H1-KEY,imUUYMi2FXw,2022-01-05T12:37:58Z,@likitfharruaojasumanakon4943,เต้นแอโรบิคกันแหละ ตลก!!! 😕😒🤭🤫🤮🤮🤮🤮🤮,1
H1-KEY,imUUYMi2FXw,2022-01-05T12:37:40Z,@jetjayong12345,MV ดี เพลงดี เต้นดี ชอบมากๆน้องลูกหนัง และเม็มเบอร์ทุกคนสู้ๆนะครับ,0
H1-KEY,imUUYMi2FXw,2022-01-05T12:37:37Z,@yayahchyy,&quot;เธอไม่ใช่ลูกสาวของคนที่สนับสนุนระบอบเผด็จการทหาร แต่เธอคือคนที่สนับสนุนระบอบเผด็จการทหาร &quot;,2
H1-KEY,imUUYMi2FXw,2022-01-05T12:37:35Z,@gggodddesss,УРААА!!! С дебютом девчоночек!!! ПОНРАВИЛОСЬ ВСЁ!!!!!,19
H1-KEY,imUUYMi2FXw,2022-01-05T12:37:19Z,@likitfharruaojasumanakon4943,บูดสุด ㅌ #sitala 🤢🤮🤢🤮🤢🤮🤢🤮🤢🤮,1
H1-KEY,imUUYMi2FXw,2022-01-05T12:37:14Z,@pattrapornwa5781,คอนเส้ปด้อมเหลืองวิ่งเพื่อพ่อ,1
H1-KEY,imUUYMi2FXw,2022-01-05T12:36:47Z,@likitfharruaojasumanakon4943,เหมือนอนุบาลเต้นอ่ะ สงสาร 3 คนที่เหลือ 😒😒😒😒😒😒😒,1
H1-KEY,imUUYMi2FXw,2022-01-05T12:36:09Z,@Emana_,All style are cheated by blackpink,0
H1-KEY,imUUYMi2FXw,2022-01-05T12:35:51Z,@mnnnbn4766,กรี้ดดด!!!!รอมานานมากเว้ออออ ซ้อมไว้รอbpคัมค่ะตลกอ่าาาา,1
H1-KEY,imUUYMi2FXw,2022-01-05T12:35:50Z,@okyukito7762,สเตจเดบิวต์ ที่สนามหลวงคะ คอนเซ็ป แอร์โรบิค 🤮🤮🤮🤮🤮🤮🤮🤮🤮🤮🤮🤮🤮🤮🤮🤮🤮🤮🤮🤮🤮🤮🤮🤮🤮🤮🤮🤮🤮🤮🤮🤮🤮🤮🤮🤮🤮🤮🤮🤮🤮🤮🤮🤮🤮🤮🤮🤮🤮🤮🤮🤮🤮🤮🤮🤮🤮🤮🤮🤮🤮🤮🤮🤮🤮🤮🤮🤮🤮🤮🤮🤮🤮🤮🤮🤮🤮🤮🤮🤮🤮🤮🤮🤮🤮🤮🤮🤮🤮,1
H1-KEY,imUUYMi2FXw,2022-01-05T12:35:38Z,@witphong,Eeeewwwwww,1
H1-KEY,imUUYMi2FXw,2022-01-05T12:35:22Z,@nariebobo,みなさん綺麗だけどRIINAさん綺麗かっこいい👍,3
H1-KEY,imUUYMi2FXw,2022-01-05T12:35:20Z,@aphichartklibngern520,สวยๆ ดนตรีฟังสบายหู สดใสดีครับ เพิ่งเริ่มต้น ก้าวหน้าต่อไปครับ,8
H1-KEY,imUUYMi2FXw,2022-01-05T12:35:19Z,@okyukito7762,เตจเดบิวต์ ที่สนามหลวงคะ คอนเซ็ป แอร์โรบิค 🤮🤮🤮🤮🤮🤮🤮🤮🤮🤮🤮🤮🤮🤮🤮🤮🤮🤮🤮🤮🤮🤮🤮🤮🤮🤮🤮🤮🤮🤮🤮🤮🤮🤮🤮🤮🤮🤮🤮🤮🤮🤮🤮🤮🤮🤮🤮🤮🤮🤮🤮🤮🤮🤮🤮🤮🤮🤮🤮🤮🤮🤮🤮🤮🤮🤮🤮🤮🤮🤮🤮🤮🤮🤮🤮🤮🤮🤮🤮🤮🤮🤮🤮🤮🤮🤮🤮🤮🤮,0
H1-KEY,imUUYMi2FXw,2022-01-05T12:35:17Z,@xtenz416,シ︎,0
H1-KEY,imUUYMi2FXw,2022-01-05T12:35:17Z,@KORNOON30,I love bts💜💜💜💜💜,0
H1-KEY,imUUYMi2FXw,2022-01-05T12:35:13Z,@lanyazevedo7190,loving this concept!! my new fav gg,60
H1-KEY,imUUYMi2FXw,2022-01-05T12:34:54Z,@tantipraksakunwittaya799,Guy!!! you should know that one of them supports dictator!!!,0
H1-KEY,imUUYMi2FXw,2022-01-05T12:34:16Z,@panjaluke9377,💕💕💕💕💕,0
H1-KEY,imUUYMi2FXw,2022-01-05T12:34:10Z,@wichitaruamsub,เห้ยแกมันแบบได้นะ ชุดก็เพอร์เฟคดีไปหมดเลยอะ มันต้องได้แล้วปะ ขอบคุณBtsมากๆนะคะ,2
H1-KEY,imUUYMi2FXw,2022-01-05T12:34:05Z,@jsjung1786,เอาเวลาดูอีพวกนี้ไปรอ Treasure ดีกว่าค่ะ,0
H1-KEY,imUUYMi2FXw,2022-01-05T12:33:50Z,@indy9064,ตามมาจาก พ่อตั้ว ศรัญญู,0
H1-KEY,imUUYMi2FXw,2022-01-05T12:33:50Z,@supanitasa9043,เหลืองมาแต่ไกลเลยยย,1
H1-KEY,imUUYMi2FXw,2022-01-05T12:33:48Z,@okyukito7762,🤮🤮🤮🤮🤮🤮🤮🤮🤮🤮🤮🤮🤮🤮🤮🤮🤮🤮🤮🤮🤮🤮🤮🤮🤮🤮🤮🤮🤮🤮🤮🤮🤮🤮🤮🤮🤮🤮🤮🤮🤮🤮🤮🤮🤮🤮🤮🤮🤮🤮🤮🤮🤮🤮🤮🤮🤮🤮🤮🤮🤮🤮🤮🤮🤮🤮🤮🤮🤮🤮🤮🤮🤮🤮🤮🤮🤮🤮🤮🤮🤮🤮🤮🤮🤮🤮🤮🤮🤮,0
H1-KEY,imUUYMi2FXw,2022-01-05T12:33:34Z,@callycalloline423,สวยทุกคนเลย ปล.แดนซ์เซอร์อะนะ 😆,0
H1-KEY,imUUYMi2FXw,2022-01-05T12:33:19Z,@padcha5131,IO,0
H1-KEY,imUUYMi2FXw,2022-01-05T12:33:16Z,@issarossegirl,เอฟค่ะ จะเอาไปหาหมาใส่,0
H1-KEY,imUUYMi2FXw,2022-01-05T12:33:08Z,@lavichannel6357,"The song is good, but there&#39;s no one there who knows who&#39;s better. Hopefully in the future there will be some changes.",4
H1-KEY,imUUYMi2FXw,2022-01-05T12:32:57Z,@viewview7345,เพลงติดหูมากค่ะ หมายถึงเพลง next level ของ aespa🥰,0
H1-KEY,imUUYMi2FXw,2022-01-05T12:32:54Z,@okyukito7762,🤮🤮🤮🤮🤮🤮🤮🤮🤮🤮🤮🤮🤮🤮🤮🤮🤮🤮🤮🤮🤮🤮🤮🤮🤮🤮🤮🤮🤮🤮🤮🤮🤮🤮🤮🤮🤮🤮🤮🤮🤮🤮🤮🤮🤮🤮🤮🤮🤮🤮🤮🤮🤮🤮🤮🤮🤮🤮🤮🤮🤮🤮🤮🤮🤮🤮🤮🤮🤮🤮🤮🤮🤮🤮🤮🤮🤮🤮🤮🤮🤮🤮🤮🤮🤮🤮🤮🤮🤮🤮,0
H1-KEY,imUUYMi2FXw,2022-01-05T12:32:52Z,@fggfrhgf2615,17-18 ในตอนนั้นก็ไม่เด็กแล้วไหม จะเข้าสู่ช่วงมหาลัย พูดออกมาได้นะว่าตอนนั้นยังเด็ก คุณอายสิ่งที่ตัวเองพูดออกมาไหมนะ อยู่แบบสันติก็ไปบอกพวกเผด็จการเถอะ,1
H1-KEY,imUUYMi2FXw,2022-01-05T12:32:37Z,@Omakasame,เห้ยยยยดี คาดไม่ถึง ปังไม่ไหว คาแรคเตอร์ชัดทั้ง4คน //พอดีรอแบลคพิงค์คัมแบคแวะมาฝากร้าน,0
H1-KEY,imUUYMi2FXw,2022-01-05T12:32:14Z,@ชาญณรงค์จิรเดชศิริกุล,👍👍👍👍👍👍👍👍👍👍☺️🌿🌿🌿,0
H1-KEY,imUUYMi2FXw,2022-01-05T12:32:01Z,@nariebobo,凄く新鮮な感じでみなさん綺麗ですね〜💕 ヒット間違いなし👍,10
H1-KEY,imUUYMi2FXw,2022-01-05T12:31:31Z,@ing4512,. . . . . . . . . . . . . . .Kep1erร้องเพลงดีมากเลยค่ะตามเข้าได้ดูเลยค่ะ,1
H1-KEY,imUUYMi2FXw,2022-01-05T12:31:25Z,@tahkps7198,"So gooood! The Thai dancer is outstanding and very pretty! Go Lalisa, fighting! #lovelisa #lisablackpink #saynotodictatorship",0
H1-KEY,imUUYMi2FXw,2022-01-05T12:31:24Z,@enjoybouttaphanh9530,เคืองตามาก คนที่ชื่อลูกหนังอ่ะ,0
H1-KEY,imUUYMi2FXw,2022-01-05T12:31:21Z,@zw6541,ปังมาก หมายถึงnctน่ะ,0
H1-KEY,imUUYMi2FXw,2022-01-05T12:31:17Z,@xtenz416,H1-KEYシ︎♡︎,0
H1-KEY,imUUYMi2FXw,2022-01-05T12:30:53Z,@xtenz416,POWER,0
H1-KEY,imUUYMi2FXw,2022-01-05T12:30:52Z,@pokpak8762,ชีลูกหนัง ไม่ปัง ไม่ผ่าน,0
H1-KEY,imUUYMi2FXw,2022-01-05T12:30:47Z,@xtenz416,SUPER,0
H1-KEY,imUUYMi2FXw,2022-01-05T12:30:44Z,@sittichaiongran4055,Luve &lt;3 SITALA,1
H1-KEY,imUUYMi2FXw,2022-01-05T12:30:41Z,@xtenz416,NICE,2
H1-KEY,imUUYMi2FXw,2022-01-05T12:30:40Z,@phtaloblauw5707,I love this song,3
H1-KEY,imUUYMi2FXw,2022-01-05T12:30:33Z,@TiredofIdiotsUS,เหม็นสลิ่ม ๆ,0
H1-KEY,imUUYMi2FXw,2022-01-05T12:30:31Z,@xtenz416,GOOD,0
H1-KEY,imUUYMi2FXw,2022-01-05T12:30:26Z,@morlum_boonpeng,♥️🇹🇭♥️,2
H1-KEY,imUUYMi2FXw,2022-01-05T12:30:06Z,@nadialoveme4381,i support everyone 👏❤️,1
H1-KEY,imUUYMi2FXw,2022-01-05T12:30:02Z,@Tarotlnw,ไหนบอกว่ายุบค่ายไงจกตาอ้อ,0
H1-KEY,imUUYMi2FXw,2022-01-05T12:29:59Z,@Aele777,Awesome 👏,0
H1-KEY,imUUYMi2FXw,2022-01-05T12:29:39Z,@myioi9428,เฮ้ยยคนไทยต๊าชมากก ที่ชื่อมินนี่g idleอะ,2
H1-KEY,imUUYMi2FXw,2022-01-05T12:29:23Z,@ปุณณภาเรืองพุทธ-ฆ3ด,ยินด้วยนะคะที่ได้เดแล้วจะติดตามตลอดเลยค่ะ . . . . . . . . . . . . kep1er,3
H1-KEY,imUUYMi2FXw,2022-01-05T12:28:51Z,@dawnfmp,คือปังอ่ะแม่ โดยองสวย แจฮยอนหล่อ คู่นี้คือเข้ากันเว่อ,0
H1-KEY,imUUYMi2FXw,2022-01-05T12:28:40Z,@JJden_production,Goodbye rania,0
H1-KEY,imUUYMi2FXw,2022-01-05T12:28:04Z,@stang7954,สลิ่ม🤢🤢🤮🤮,2
H1-KEY,imUUYMi2FXw,2022-01-05T12:27:04Z,@thanyam186,เค้าขายชุดออกกำลังกายหรอ,0
H1-KEY,imUUYMi2FXw,2022-01-05T12:26:04Z,@bearcountrymusic,Congratulations 🎉🎉🎉,4
H1-KEY,imUUYMi2FXw,2022-01-05T12:25:28Z,@kixm_q2422,เหมือนโฆษณาชุดออกกำลังกายอ่ะ (เพลงเเปลกๆ),1
H1-KEY,imUUYMi2FXw,2022-01-05T12:25:21Z,@paryu1260,You all make us proud H1-KEY. The quality of your work is superb!! We’re gonna support you and don’t care for those haters.,17
H1-KEY,imUUYMi2FXw,2022-01-05T12:24:59Z,@iskomaxmin,這是一首糟糕的歌曲，充滿了Auto-tune，名叫sitala的歌手最差，我給它10分中的1分。,1
H1-KEY,imUUYMi2FXw,2022-01-05T12:24:41Z,@กันศรีสุข-ห9ฅ,ขอให้ปังๆ​นะ​ลิซ่า​Blackpink,0
H1-KEY,imUUYMi2FXw,2022-01-05T12:24:26Z,@iskomaxmin,それはオートチューンでいっぱいのひどい曲です、シタラという名前の歌手は最悪です、私はそれに1/10を与えます。,1
H1-KEY,imUUYMi2FXw,2022-01-05T12:24:03Z,@iskomaxmin,"Es una canción terrible, llena de Auto-tune, la cantante que se llama sitala es la peor, le doy 1 de 10.",0
H1-KEY,imUUYMi2FXw,2022-01-05T12:23:51Z,@kimsnapgirl__,"โหห ฟังครั้งเดียวติดหูเลยค่ะ Smooth like butter, like a criminal undercover ชอบท่อนนี้มาก🥺💕",15
H1-KEY,imUUYMi2FXw,2022-01-05T12:23:45Z,@iskomaxmin,Auto-tune으로 가득 찬 끔찍한 노래입니다. sitala라는 가수는 최악입니다. 저는 1/10을 줍니다.,0
H1-KEY,imUUYMi2FXw,2022-01-05T12:23:43Z,@Vvenusss_22,โห่ยเพลงดีมากเลยเพลงติดหูมากเลย savage aespa,0
H1-KEY,imUUYMi2FXw,2022-01-05T12:23:42Z,@113wannapa8,โฮ่~~ไม่อออกกก,0
H1-KEY,imUUYMi2FXw,2022-01-05T12:23:40Z,@nanana1414,Riina you are the best,1
H1-KEY,imUUYMi2FXw,2022-01-05T12:23:27Z,@Nana-nanachan,"To be honest , I&#39;m really dizzy after watching this MV that&#39;s too much camera moved !",1
H1-KEY,imUUYMi2FXw,2022-01-05T12:23:11Z,@Bpmy,Best of luck,2
H1-KEY,imUUYMi2FXw,2022-01-05T12:23:00Z,@soythonglim8659,Amazing debut girls. I really like this music style.,5
H1-KEY,imUUYMi2FXw,2022-01-05T12:22:50Z,@jonathandaniel8603,Hermosas!!!,20
H1-KEY,imUUYMi2FXw,2022-01-05T12:22:47Z,@nanana1414,Seoi our leader She&#39;s so pretty,1
H1-KEY,imUUYMi2FXw,2022-01-05T12:22:44Z,@parichatboutongboon5640,✌️✌️,2
H1-KEY,imUUYMi2FXw,2022-01-05T12:22:41Z,@jonathandaniel8603,OMG las blackpink pero en versión Talentosas 👏🏻,1
H1-KEY,imUUYMi2FXw,2022-01-05T12:22:37Z,@user-it3bx3fr2u,ได้อยู่,0
H1-KEY,imUUYMi2FXw,2022-01-05T12:22:24Z,@iskomaxmin,"Ужасная песня, полная автонастройки, худшая певица ситала, я ставлю ей 1 из 10.",0
H1-KEY,imUUYMi2FXw,2022-01-05T12:22:08Z,@marthaorozco6019,me gusto este grupo ella si cantan no como blackpin que solo gritan con sus voces chillona,0
H1-KEY,imUUYMi2FXw,2022-01-05T12:21:54Z,@jtp_bnl26hkm,4 queens 👏👏👏💗I think I love them,13
H1-KEY,imUUYMi2FXw,2022-01-05T12:21:52Z,@iskomaxmin,Auto-tune으로 가득 찬 끔찍한 노래입니다. 가수 sitala는 최악입니다. 1 of 10입니다.,1
H1-KEY,imUUYMi2FXw,2022-01-05T12:21:31Z,@iskomaxmin,"Itu lagu yang mengerikan, penuh Auto-tune, penyanyi sitala adalah yang terburuk, saya memberikannya 1 dari 10.",0
H1-KEY,imUUYMi2FXw,2022-01-05T12:21:21Z,@lol556____,ว๊าว เพลงเพราะ เก่งทั้งวง สนับสนุน ♥️✨🌻🌻🌻🌻✨♥️✌️✌️🇹🇭😊,8
H1-KEY,imUUYMi2FXw,2022-01-05T12:21:16Z,@iskomaxmin,"It&#39;s a terrible song, full of Auto-tune, singer sitala is the worst, I give it 1 of 10.",1
H1-KEY,imUUYMi2FXw,2022-01-05T12:21:03Z,@ปุ๊บปั๊ปรับของแข๋ง,เปิดตัวยิมออกกำลังกายหรอ,1
H1-KEY,imUUYMi2FXw,2022-01-05T12:21:02Z,@nanana1414,Good luck girls i will support you,5
H1-KEY,imUUYMi2FXw,2022-01-05T12:20:52Z,@221LuvSH,시탈라쨩 너무 멋있어☺️💚💛💜,16
H1-KEY,imUUYMi2FXw,2022-01-05T12:20:34Z,@Gakwikorn,เอาจริง แค่จะเข้ามาดูว่าดราม่าแค่ไหน อิห่าา เพลงดันติดหู เปิดฟังไป ทำงานไป วนไปเป็นชั่วโมงละ,2
H1-KEY,imUUYMi2FXw,2022-01-05T12:20:34Z,@Genkungblackcat,ทำประเทศชิบหายมา7-8ปี​ ร้องหาสันติ​ อิดอกกกกก,1
H1-KEY,imUUYMi2FXw,2022-01-05T12:20:15Z,@Shraddha_01-v5x,สอนเต้นแอโรบิคเหมือน,1
H1-KEY,imUUYMi2FXw,2022-01-05T12:19:48Z,@iskomaxmin,"It&#39;s a terrible song, full of auto tune. The singer named sitala sucks the most. I give it 1 of 10.",2
H1-KEY,imUUYMi2FXw,2022-01-05T12:19:09Z,@Tanlok_Watcharawit,"What part of the brain did those who reported this report actually think? It&#39;s not illegal. Well, besides, it&#39;s not porn, violence, or crime. I think it&#39;s just reporting that you don&#39;t like one of the band members like a moron. And will Youtube listen to this stupid reason? 😀😀😁😁",3
H1-KEY,imUUYMi2FXw,2022-01-05T12:19:07Z,@ชอบคนไทยค่ะลิซ่า,สงสารเพื่อนในวง,1
H1-KEY,imUUYMi2FXw,2022-01-05T12:19:03Z,@delgoku321,Good song 💕,3
H1-KEY,imUUYMi2FXw,2022-01-05T12:19:00Z,@ชอบคนไทยค่ะลิซ่า,เพราะอยู่,2
H1-KEY,imUUYMi2FXw,2022-01-05T12:18:59Z,@dajongkim8947,💞💞💞👏👏👏👏,2
H1-KEY,imUUYMi2FXw,2022-01-05T12:18:56Z,@nongmew3013,ขำ5555555555555555555555555555555555555555555555,0
H1-KEY,imUUYMi2FXw,2022-01-05T12:18:55Z,@ชอบคนไทยค่ะลิซ่า,หน้าด้านจัง,0
H1-KEY,imUUYMi2FXw,2022-01-05T12:18:45Z,@엽김동,SITALA ❤️,7
H1-KEY,imUUYMi2FXw,2022-01-05T12:18:42Z,@puttiya,ท่าโยคะเเล้วหนึ่งสงสารเมมเบอร์วงมากค่าที่ต้องมาอยู่กับนางนั่น,0
H1-KEY,imUUYMi2FXw,2022-01-05T12:18:25Z,@jameswan-jwn007,เพลงดี น้องๆก็ร้องเพราะมากกกก และเต้นกันเก่งมากกครับ ไม่ต้องไปฟังใคร ใครจะว่าอะไรก็ปล่อยผ่านไป น้องๆต้องสู้ๆให้คนที่ดูถูกน้องได้เห็นว่าเรามีดี และพวกเราจะคอยเป็นกำลังใจและจะคอยซับพอร์ตน้องๆวง 4EVE ตลอดไปครับ สวัสดีปีใหม่ครับน้องๆ #4EVE และ #XOXOentertainment I LOVE 4EVE,767
H1-KEY,imUUYMi2FXw,2022-01-05T12:18:05Z,@Allegrabum,"Congrat girls, riina seoi yel sitala. ❤️",16
H1-KEY,imUUYMi2FXw,2022-01-05T12:18:05Z,@10mev75,SITALA 🤮🤮🤮🤮,0
H1-KEY,imUUYMi2FXw,2022-01-05T12:18:03Z,@eonnijisoo1677,สวยมากๆๆ คือแบบเสียงดีมากเบอร์1เจน4 stayc,0
H1-KEY,imUUYMi2FXw,2022-01-05T12:17:10Z,@geemerzy7275,กี๊สสสสสสส!!!!!!!!!!!!!! !ชอบมากกกกรักวงนี้ที่สุดเลยแต่ละคนคือดือไม่ไหว เลือกเมนไม่ถูกเลย เราเมนทุกคนเลยได้มั้ยฮือออออ BTS💗,1
H1-KEY,imUUYMi2FXw,2022-01-05T12:17:05Z,@ellesomeelse7343,It will be a good song if donot sitala,0
H1-KEY,imUUYMi2FXw,2022-01-05T12:17:04Z,@aira.d08,❤️❤️❤️,2
H1-KEY,imUUYMi2FXw,2022-01-05T12:16:57Z,@joonniejxxn,🤢🤮🤮🤮🤮🤮🤮🤮,0
H1-KEY,imUUYMi2FXw,2022-01-05T12:16:35Z,@iskomaxmin,Ban Sitala,3
H1-KEY,imUUYMi2FXw,2022-01-05T12:16:34Z,@amaritj.7558,Congrats for U debut 🎁,3
H1-KEY,imUUYMi2FXw,2022-01-05T12:16:19Z,@porramarporn,"Seoi , Yell ​, Riina , SITALA go go fighting.😘😍",20
H1-KEY,imUUYMi2FXw,2022-01-05T12:16:11Z,@mimbeemittammana,สวยทุกคนเลย😊,1
H1-KEY,imUUYMi2FXw,2022-01-05T12:15:55Z,@kizzy9217,🤮🤮🤮🤮🤮🤮🤮🤮🤮,0
H1-KEY,imUUYMi2FXw,2022-01-05T12:15:41Z,@inka.asistores,"Never been excited for a girl group in AGES. Love the concept, choreography, and that water scene reminded me so much of SHINee&#39;s Ring Ding Dong set that it brought me to 🥺",18
H1-KEY,imUUYMi2FXw,2022-01-05T12:15:07Z,@jungwon624,เพลง งงๆ หรือฉันเข้าไม่ถึง เเต่ว่า GOT step back อย่าลืมไปฟังนะ,0
H1-KEY,imUUYMi2FXw,2022-01-05T12:14:58Z,@lessthan2nd531,🥴🥴🥴🥴,0
H1-KEY,imUUYMi2FXw,2022-01-05T12:14:50Z,@topppap2016,ป้าพูดได้ไหม Can I say?,0
H1-KEY,imUUYMi2FXw,2022-01-05T12:14:45Z,@chireeya6371,❤,1
H1-KEY,imUUYMi2FXw,2022-01-05T12:14:38Z,@alpacacqww,I love it ! ชอบมากค่ะ วง everglow 💖❕,55
H1-KEY,imUUYMi2FXw,2022-01-05T12:14:37Z,@Natthacha90,Sitala ❤️,7
H1-KEY,imUUYMi2FXw,2022-01-05T12:14:20Z,@natayaanudit8057,เป็นกำลังใจให้H1-KEY กับน้องศีตลาค่ะ,1
H1-KEY,imUUYMi2FXw,2022-01-05T12:14:12Z,@MrPYan-kv8sw,❤❤❤❤👍👍👍👍👍❤❤❤🥰🥰🥰😍😍😍👍👍😘😘😘,3
H1-KEY,imUUYMi2FXw,2022-01-05T12:14:03Z,@jtp_bnl26hkm,"Overall, the 4 of them did a good job and it was a good song and not boring to listen to, If focus on hard beats, it&#39;s not difficult to hit the international market.",38
H1-KEY,imUUYMi2FXw,2022-01-05T12:13:53Z,@jaru_m1481,So cool 😍,3
H1-KEY,imUUYMi2FXw,2022-01-05T12:13:50Z,@lessthan2nd531,ot3 4ever,0
H1-KEY,imUUYMi2FXw,2022-01-05T12:13:48Z,@Gogowa-u8x,งานของสลิ่ม ยอดวิว อันน้อยนิด,0
H1-KEY,imUUYMi2FXw,2022-01-05T12:13:45Z,@iskomaxmin,The singer names Sitala is the worst.,2
H1-KEY,imUUYMi2FXw,2022-01-05T12:13:10Z,@iskomaxmin,The most stupid song ever,2
H1-KEY,imUUYMi2FXw,2022-01-05T12:12:48Z,@pihqaemfekijw6352,Body shapely Love,1
H1-KEY,imUUYMi2FXw,2022-01-05T12:12:45Z,@iskomaxmin,"Like Father, Like Son. So Hate Father, Hate Daughter. hahaha 😆😆😆 Hate Saranyoo, Hate Sitala.",3
H1-KEY,imUUYMi2FXw,2022-01-05T12:12:40Z,@pinnypottychannel1252,She is very talented and I will continue to support her. i love you lisa❤️,0
H1-KEY,imUUYMi2FXw,2022-01-05T12:12:31Z,@patteera4788,เห้ยยยยยยดีนะทางนี้ว่าดีมากซ้อมไว้เผื่อแบล็คพิ้งจะคัมบ้าง,0
H1-KEY,imUUYMi2FXw,2022-01-05T12:12:28Z,@PatrickP2442,Fabulous!,9
H1-KEY,imUUYMi2FXw,2022-01-05T12:12:21Z,@ธาม-ช8ส,ปังปินาสสส,0
H1-KEY,imUUYMi2FXw,2022-01-05T12:12:16Z,@bbeunsang1359,คอนเซ็ปท์กายภาพบำบัดหรอคะ,0
H1-KEY,imUUYMi2FXw,2022-01-05T12:11:52Z,@いくら丼-w6r,บูดมากอีสลิ่ม,1
H1-KEY,imUUYMi2FXw,2022-01-05T12:11:42Z,@plathong2713,สู้ๆนะครับ ผ่านดราม่าให้ได้นะครับ เคปเลอร์,0
H1-KEY,imUUYMi2FXw,2022-01-05T12:11:35Z,@minnaa773,"Sorry, I like all 3 members except sitala.:)",1
H1-KEY,imUUYMi2FXw,2022-01-05T12:11:30Z,@pymmy555,"it is very good Don’t let what other people think, stop you from doing the things you love.",18
H1-KEY,imUUYMi2FXw,2022-01-05T12:11:21Z,@Popthebug,North korea?,0
H1-KEY,imUUYMi2FXw,2022-01-05T12:11:10Z,@LoveYou_L,สามกีบเข้ามาดิ้นเป็นเปรตเลย พวกมีปม พวกประสาทแดก ปัญญาอ่อน กูขำพวกมึง 555,1
H1-KEY,imUUYMi2FXw,2022-01-05T12:11:00Z,@jirachayapokathai,ปังมากกกบังทันอ่ะปังมากจองกุกคือดี,0
H1-KEY,imUUYMi2FXw,2022-01-05T12:10:58Z,@patty2550,Dictator&#39;s daughter debuted?🤢🤮 #แบนลูกหนัง #แบนศีตลา,1
H1-KEY,imUUYMi2FXw,2022-01-05T12:10:38Z,@kukuapap3399,มีท่าเต้นกระทิไหม,0
H1-KEY,imUUYMi2FXw,2022-01-05T12:10:37Z,@pm5576,ดูเสร็จแล้วอย่าลืมกดรายงานกันด้วยนะคะ,0
H1-KEY,imUUYMi2FXw,2022-01-05T12:10:33Z,@runnarinrin2063,ชุดออกกำลังกายแปลกไปอีกและสีตลาร้องแร็ปดี สีเหลืองเด่นไม่ลืมกปปส..ยอด,0
H1-KEY,imUUYMi2FXw,2022-01-05T12:10:33Z,@Zonnhl,อันนั้นท่าแอโรบิคมั้ยพี่ หู้ย😯,1
H1-KEY,imUUYMi2FXw,2022-01-05T12:10:11Z,@PepperMint-m18,สลิ่ม,1
H1-KEY,imUUYMi2FXw,2022-01-05T12:09:49Z,@ณัฐชมพรจารุเจตรังสรรค์,Be successful H1-Key 😍😍😍,3
H1-KEY,imUUYMi2FXw,2022-01-05T12:09:47Z,@xim4ny404,Oh my god i fk love ❤️ her she a great RAPPER great DANCER she is my queen LISA,4
H1-KEY,imUUYMi2FXw,2022-01-05T12:09:44Z,@เอาที่สบายใจ-ค2ฅ,ชอบๆ,2
H1-KEY,imUUYMi2FXw,2022-01-05T12:09:34Z,@siriyakornchaiya713,นึกว่าเต้นแอโรบิค,0
H1-KEY,imUUYMi2FXw,2022-01-05T12:09:27Z,@frank_qt,ฉันรัก แบล็คพิงค์ ขอบคุณ love you guys supporting แบล็คพิงค์ from Thailand 🇹🇭,2
H1-KEY,imUUYMi2FXw,2022-01-05T12:09:23Z,@รูปี-ค2ต,เพลงเข้าหูนะว่าไม่ได้,2
H1-KEY,imUUYMi2FXw,2022-01-05T12:09:15Z,@mucho4667,tryant daughter,1
H1-KEY,imUUYMi2FXw,2022-01-05T12:09:14Z,@pihqaemfekijw6352,Love Best song Love,2
H1-KEY,imUUYMi2FXw,2022-01-05T12:08:51Z,@jonxta,"Isso tá perfeito demais, tô em loop 🔥",5
H1-KEY,imUUYMi2FXw,2022-01-05T12:08:51Z,@hellendiangelo,Black mamba??,0
H1-KEY,imUUYMi2FXw,2022-01-05T12:08:41Z,@Zonnhl,เพลงดี3คนดีแต่พี่เสื้อคลุมเขียวบ้งนะคะ,3
H1-KEY,imUUYMi2FXw,2022-01-05T12:08:26Z,@namingen-3960,เก่งค่ะเพลงเพราะมากชอบมากค่ะenhypenทำดีมากเลย,3
H1-KEY,imUUYMi2FXw,2022-01-05T12:08:08Z,@kimhaebyeon8704,ลูกหนังหร๊อม?! อือ ๆ เคแก…,2
H1-KEY,imUUYMi2FXw,2022-01-05T12:07:56Z,@Tony-hk3mg,"Perfect, Beautiful",1
H1-KEY,imUUYMi2FXw,2022-01-05T12:07:53Z,@michelle_lovebts1523,เพลงดีมาก โคตรเพราะ ฟังแล้วติดหูมาก BTS😻💜,75
H1-KEY,imUUYMi2FXw,2022-01-05T12:07:37Z,@thitisarepat4561,wow !! so good,2
H1-KEY,imUUYMi2FXw,2022-01-05T12:07:31Z,@kimhaebyeon8704,เดบิ้วเพลงมายังไงให้คนไม่รู้จักเนี่ย,2
H1-KEY,imUUYMi2FXw,2022-01-05T12:07:24Z,@Zonnhl,ewwwwwww🤮🤮🤮🤮🤢🤢🤢🤢,14
H1-KEY,imUUYMi2FXw,2022-01-05T12:06:49Z,@pihqaemfekijw6352,Love Love Love,2
H1-KEY,imUUYMi2FXw,2022-01-05T12:06:39Z,@geroerkuyrai6592,555,0
H1-KEY,imUUYMi2FXw,2022-01-05T12:06:34Z,@kimhaebyeon8704,What’s a ห่า song!?!?,0
H1-KEY,imUUYMi2FXw,2022-01-05T12:06:15Z,@artyrockable,ปังมาก ๆ ค่ะ ชอบมากค่ะ เป็นกำลังใจให้นะคะ….น้องดาฮยอน Twice,22
H1-KEY,imUUYMi2FXw,2022-01-05T12:05:59Z,@hunah444,I love this sport girls concept it’s so powerful and the mv is so great than I expected I love every scenes. H1key fighting!,52
H1-KEY,imUUYMi2FXw,2022-01-05T12:05:49Z,@khunyo3406,Wowwwww let&#39;s go H1-HEY ❤️,27
H1-KEY,imUUYMi2FXw,2022-01-05T12:05:48Z,@jtp_bnl26hkm,"No matter what anyone says, Sitala, she&#39;s Thai, cheers for her 💗 and in fact, she&#39;s a great rap 😊",2
H1-KEY,imUUYMi2FXw,2022-01-05T12:05:34Z,@minniewowza,อร้ายยยยยยยยยยยยย รอมานานมากคัมเเบ็คสักที เพลงดี ร้องดี เสียงดีมาก mv เลิศ (ซ้อมรอ blackpink คัมแบ็ค),5
H1-KEY,imUUYMi2FXw,2022-01-05T12:05:31Z,@musicnow7638,the video quality is very good and the members are very attractive i hope they will be successful,46
H1-KEY,imUUYMi2FXw,2022-01-05T12:05:25Z,@st4rlightzchannel368,ได้อยู่แหละสาว ได้อยู่ = ... (จงเติมคำในช่องว่าง 10 คะแนน) /me กด Dislike แบบไม่คิด,1
H1-KEY,imUUYMi2FXw,2022-01-05T12:05:24Z,@michelle_lovebts1523,เก่งจัง ภูมิใจมาก เป็นหน้าเป็นตาให้ประเทศ มาไกลได้ขนาดนี้สุดยอด พี่ลิซ่า bp🥰😻💖🖤💖🖤💖🖤,24
H1-KEY,imUUYMi2FXw,2022-01-05T12:05:23Z,@nananamipu,so good,1
H1-KEY,imUUYMi2FXw,2022-01-05T12:05:18Z,@kimhaebyeon8704,จั๊งไร๊,0
H1-KEY,imUUYMi2FXw,2022-01-05T12:05:17Z,@Cyborg_Cat-v5n,เอิ่ม..MVเหมือนเอาฉากในบรรดาเพลงของbpช่วงเดบิวต์มายำรวมแต่ชุดที่ใส่กับการเต้นนั้นดูนักเต้นcoverบางช่องยังเต้นได้มีเสน่ห์กว่านี้,0
H1-KEY,imUUYMi2FXw,2022-01-05T12:05:15Z,@g.b.a.m.6412,Wow,0
H1-KEY,imUUYMi2FXw,2022-01-05T12:05:08Z,@oldcucumber,Hope this band will go down the drain as a consequence of a dictatorship mindset of its member and the ignorant of the label.,2
H1-KEY,imUUYMi2FXw,2022-01-05T12:05:00Z,@pimmadatalawat9756,🤢🤢🤢🤢 ขอบคุนค่ะ /พับไมค์,0
H1-KEY,imUUYMi2FXw,2022-01-05T12:04:53Z,@lavendersjay143,เพื่อนๆอีก 3 คนแบกหลังแอ่นมากกก สงสารเมมเบอร์ที่เหลือ ปลาเน่าตัวเดียว ตายทั้งฝูง!,3
H1-KEY,imUUYMi2FXw,2022-01-05T12:04:50Z,@minnaa773,I think I&#39;m the dictator&#39;s daughter. :) Quit pretending you know what your father did.,2
H1-KEY,imUUYMi2FXw,2022-01-05T12:04:35Z,@nana-it8ng,흠... 요즘 아이돌 노래 나올때마다 좀 아쉬운 노래가 많던데 이 노래도 좀 많이 아쉬워 나는 좀 별로다,0
H1-KEY,imUUYMi2FXw,2022-01-05T12:04:28Z,@Hmnmg,와우~대박~~,3
H1-KEY,imUUYMi2FXw,2022-01-05T12:04:25Z,@hellendiangelo,Perfeitas!!,4
H1-KEY,imUUYMi2FXw,2022-01-05T12:03:56Z,@Sarathornss,Little Mix - Strip (Official Video),0
H1-KEY,imUUYMi2FXw,2022-01-05T12:03:44Z,@서현-o2z,랩파트 넘 좋네,3
H1-KEY,imUUYMi2FXw,2022-01-05T12:03:37Z,@jiksoon1049,เอาเรื่องน้า หนับหนุนน้องๆครัช น่ารักทุกคน,2
H1-KEY,imUUYMi2FXw,2022-01-05T12:03:33Z,@aunmenasin2353,Oh!!! Like this,2
H1-KEY,imUUYMi2FXw,2022-01-05T12:03:32Z,@biwnaruwan5265,เหมือนดูการออกกำลังกายมากกว่าดู mv,1
H1-KEY,imUUYMi2FXw,2022-01-05T12:03:22Z,@baimhon8215,เพลงดีมากเลยอ่าฮื้อสุดยอดจริงๆสมแล้วที่ติดตามตั้งแต่เดบิ้วด์ bts😍,2
H1-KEY,imUUYMi2FXw,2022-01-05T12:03:13Z,@gonna8061,1 2 3 aerobics 4 5 6 aerobics 😒🤢🤮🤮🤮🤢🤢🤢🤢🤢🦠🦠🦠🦠🦠🦠🦠🦠 #BanSitala 🦠🐛🐛🐛🪲❌❌❌❌❌❌❌❌,4
H1-KEY,imUUYMi2FXw,2022-01-05T12:03:04Z,@dearzzn,"My best girls, IVE",0
H1-KEY,imUUYMi2FXw,2022-01-05T12:02:57Z,@nidapornanuyota9318,👍🤟❤️🇹🇭,2
H1-KEY,imUUYMi2FXw,2022-01-05T12:02:37Z,@st4rlightzchannel368,ดีจย์มาก ปังมากแม่ No.1 ชม Girls on top นะ ไม่ได้ชมวงนี้ เสียใจด้วยนะคะ,2
H1-KEY,imUUYMi2FXw,2022-01-05T12:02:23Z,@서현-o2z,음색 무슨일이야~~~~ 다예뻐다예뻐 !!!!,4
H1-KEY,imUUYMi2FXw,2022-01-05T12:02:22Z,@michelle_lovebts1523,หนูว่าพี่ลูกหนังใช้บ่อย 🥰😘🤟🏻🙏🏻🇹🇭💛,3
H1-KEY,imUUYMi2FXw,2022-01-05T12:02:16Z,@LoveYou_L,เก่งมาก SITALA from THAILAND ✌✌🤟🤟👍👍💛❤,2
H1-KEY,imUUYMi2FXw,2022-01-05T12:02:14Z,@keekml.2248,OMG!!! So good.,8
H1-KEY,imUUYMi2FXw,2022-01-05T12:01:44Z,@michelle_lovebts1523,🤮🤮🤮🤮🤮🤮🤮,3
H1-KEY,imUUYMi2FXw,2022-01-05T12:01:38Z,@michelle_lovebts1523,กุจ้วก,4
H1-KEY,imUUYMi2FXw,2022-01-05T12:01:28Z,@phone7307,ทุกอย่างจะดีขึ้นกว่านี้ ถ้าไม่มี sitala Everything would have been better without sitala.,3
H1-KEY,imUUYMi2FXw,2022-01-05T12:01:27Z,@winternew202,สีเหลืองถูกใจสลิ่ม,2
H1-KEY,imUUYMi2FXw,2022-01-05T12:01:14Z,@sensetion5841,❤️ you,1
H1-KEY,imUUYMi2FXw,2022-01-05T12:00:58Z,@SaifSam,wow that was actually a good debut! i was not expecting that honestly 👍🏻,3
H1-KEY,imUUYMi2FXw,2022-01-05T12:00:52Z,@p.n7750,ปังมาก เริ่ดโครต เเบบ ดีย์อะ ดีมาก ไม่ได้ชมวงนี้เเต่ชมTREASURE BLACKPINK โทดทีผิดคริป เเต่วงนี้มี3คนป้ะ มีเเดนเซอร์คนนึง,7
H1-KEY,imUUYMi2FXw,2022-01-05T12:00:48Z,@daughterriveryoona2488,"I still feel indifferent about this song, not even wow! Whatever it is, this performance is nothing short of spectacular compared to kep1er or IVE that launched in the same month. The group&#39;s performance quality is still very different.",2
H1-KEY,imUUYMi2FXw,2022-01-05T12:00:44Z,@zyzyzxyyy,รอซื้อเทปคะ,1
H1-KEY,imUUYMi2FXw,2022-01-05T12:00:42Z,@yymvs.,these girls gotta get recognize more😭 this debut is soo AMAZING!!!,87
H1-KEY,imUUYMi2FXw,2022-01-05T12:00:22Z,@Chaaaayi,เราว่ามันก็ดีนะ แต่..ก็นั่นแหละ,2
H1-KEY,imUUYMi2FXw,2022-01-05T12:00:18Z,@user-bb6xv6xx3l,f*ck up It&#39;s the worst girl group in gen 4 and all kpopppp 🤮🤮🤮🤮🤮,3
H1-KEY,imUUYMi2FXw,2022-01-05T12:00:17Z,@pxyfxii,"I&#39;m so proud. They dance well, sing well. I mean BTS.",1
H1-KEY,imUUYMi2FXw,2022-01-05T12:00:15Z,@sophie-ellentsague4868,underrated,1
H1-KEY,imUUYMi2FXw,2022-01-05T12:00:11Z,@John-kv4cw,특이하네 ..,0
H1-KEY,imUUYMi2FXw,2022-01-05T11:59:52Z,@alexjoess6945,อยากทราบยอดขายอัลบั้มตอนนี้จริงๆ ขายไปเท่าไหร่แล้ว ต่ำเตี้ยมากหรือเปล่า555555555,2
H1-KEY,imUUYMi2FXw,2022-01-05T11:59:37Z,@นับเมืองทอง,มาเป็นกำลังใจให้น้องลูกหนังครับ,2
H1-KEY,imUUYMi2FXw,2022-01-05T11:59:36Z,@thanpichasithep8394,คอนเซปต์วงคือเต้นแอโรบิคหรอ😬,2
H1-KEY,imUUYMi2FXw,2022-01-05T11:59:02Z,@jeon_moasan6900,รอติดตามเลยยย คัมเเบ็คหน้าTXT,1
H1-KEY,imUUYMi2FXw,2022-01-05T11:58:59Z,@petongchaipedch1783,ซัพพอร์ตค่ะๆๆๆรักมากๆ คนไทยด้วยกันไม่ว่าลูกใครก็อยากซัพพอร์ต รักนะคะ blackpink มีคนไทยสร้างชื่อเสียงด้วยลิซ่า,3
H1-KEY,imUUYMi2FXw,2022-01-05T11:58:11Z,@นฤมลภูตาคม,Lisa so beautiful #iloveblackpink 💗🖤,1
H1-KEY,imUUYMi2FXw,2022-01-05T11:58:10Z,@โดคยองซู-น2ฑ,คนไทยแร๊พปังมากกกกกก ดังแน่ๆลลิษา มโนบาล,1
H1-KEY,imUUYMi2FXw,2022-01-05T11:58:08Z,@MMPP650,Love ❤️❤️❤️,3
H1-KEY,imUUYMi2FXw,2022-01-05T11:58:01Z,@แมวมอง-ย1ม,Aw........so bad and disgusting,2
H1-KEY,imUUYMi2FXw,2022-01-05T11:57:48Z,@lenci2519,That was so good the girls did really well. 😁,79
H1-KEY,imUUYMi2FXw,2022-01-05T11:57:32Z,@annalee9511,กรี๊สสสสส มาแล้วววววววว 😊😊😊🎉🎉🎉🎉,0
H1-KEY,imUUYMi2FXw,2022-01-05T11:57:27Z,@nonnoj5184,เพลงมันก็ติดหูดีนะนางก็สวยอยู่นะแต่นั่นแหละ.....,0
H1-KEY,imUUYMi2FXw,2022-01-05T11:57:17Z,@kidneytitle9180,III,1
H1-KEY,imUUYMi2FXw,2022-01-05T11:57:17Z,@natdnatd3657,เพลงดีมากคะ ร้องดี เต้นเก่ง สวยทุกคนคะ,4
H1-KEY,imUUYMi2FXw,2022-01-05T11:56:46Z,@billygodsmack8989,"Sitala,, 💝💖",0
H1-KEY,imUUYMi2FXw,2022-01-05T11:56:42Z,@kyieap,น้องลุกหนังซวยมากลุกป้าเปนกะลังใจหัย🥰🥰🥰🥰🥰🥰,0
H1-KEY,imUUYMi2FXw,2022-01-05T11:56:40Z,@ศากุนเจตน์รังสรรค์,Sitala rap so gooddddddd,2
H1-KEY,imUUYMi2FXw,2022-01-05T11:56:38Z,@phonphonstyle289,😍🇹🇭👍,1
H1-KEY,imUUYMi2FXw,2022-01-05T11:56:10Z,@nekomojii,เก่งมากเลยค่ะ เต้นแข็งแรงมาก แร็ปดีเว่อ เบอร์เจน4ปะเนี่ย รักน้าาน้องๆaespa💞,412
H1-KEY,imUUYMi2FXw,2022-01-05T11:56:10Z,@korapinthaweewong3491,สดดดดสดดยยยด เอ็มวีดีมาก แบบ ชอบมากๆเลยฮือ กรี๊ด?!!!!!!!!!!!€|€|*|*|*|*| รอมานาน ซ้อมไว้เผื่อ BTSคัมอีก,2
H1-KEY,imUUYMi2FXw,2022-01-05T11:56:03Z,@นฤมลภูตาคม,Lisa so beautiful,1
H1-KEY,imUUYMi2FXw,2022-01-05T11:55:56Z,@쁘룸,Seoi sitala love you 사랑합니다 시탈라고 서이야😘,3
H1-KEY,imUUYMi2FXw,2022-01-05T11:55:11Z,@14วนัชพร,สุดยอดครับ,0
H1-KEY,imUUYMi2FXw,2022-01-05T11:54:57Z,@grceow,"for those who are confused about a few of the dont support comments please read : sitala&#39;s famous actor late father supported the military regime in thailand, he was one of the core leaders of the anti-democracy protest back in 2014. that protest led the country into a coup and thailand has fallen into a military regime since. she uses the i was young card when she wasn&#39;t she was 17/18 its not like she was in diapers which makes her old enough to understand what her father believed in and that it was wrong. young thai&#39;s don&#39;t want her in the group because of what her family supports. i hope this clears things up :))",3
H1-KEY,imUUYMi2FXw,2022-01-05T11:54:51Z,@nongsalee7537,เห็นมันผ่านหน้า suggest อ่ะค่ะเลยกดเข้ามา ทางออกไปเพลงอื่นอยู่ที่ไหนหรอคะ 😅,0
H1-KEY,imUUYMi2FXw,2022-01-05T11:54:50Z,@เป็นเหี้ยอะไรกับกูมากป้ะ,ไม่สวย,1
H1-KEY,imUUYMi2FXw,2022-01-05T11:54:41Z,@ศากุนเจตน์รังสรรค์,Awesome,1
H1-KEY,imUUYMi2FXw,2022-01-05T11:54:25Z,@เป็นเหี้ยอะไรกับกูมากป้ะ,ไม่สวยค่ะ,1
H1-KEY,imUUYMi2FXw,2022-01-05T11:54:18Z,@satwisutsrimarn9538,Very nice 👍👏👏👏👏👏👏👏👏👏😘,3
H1-KEY,imUUYMi2FXw,2022-01-05T11:54:13Z,@phnpp_08,The song would have been great without someone named Luknang.,2
H1-KEY,imUUYMi2FXw,2022-01-05T11:54:02Z,@niceluck9751,ปังมากค่ะ..เพลงดีมิวสิคดีชุดดี 10-10-10 🧡💛💚💣💥 #สามกีบกรีดร้อง,3
H1-KEY,imUUYMi2FXw,2022-01-05T11:53:27Z,@CC-mk6uc,SITALA Rap part on fire 🌋,14
H1-KEY,imUUYMi2FXw,2022-01-05T11:52:35Z,@jittimapuchakanit,🥰❤👍,0
H1-KEY,imUUYMi2FXw,2022-01-05T11:52:15Z,@noppornlekuthai4098,อยากฟังเพลงดีๆไปฟังเพลงจากวงอื่นค่า,3
H1-KEY,imUUYMi2FXw,2022-01-05T11:52:14Z,@aftermerry17,เเอโรบิคสนามหลวง,4
H1-KEY,imUUYMi2FXw,2022-01-05T11:52:01Z,@aesurangkana8889,❤️❤️❤️❤️,0
H1-KEY,imUUYMi2FXw,2022-01-05T11:51:44Z,@beominjunghyun4573,🤮🤮🤮🤮🤮🤮🤮🤮🤮🤮🤮🤮🤮🤮🤮🤮🤮🤮🤮🤮🤮🤮🤮🤮🤮🤮🤮🤮🤮🤮🤮🤮🤮🤮🤮🤮🤮🤮🤮🤮🤮🤮 🤮🤮🤮🤮🤮🤮🤮🤮🤮🤮🤮🤮🤮🤮🤮🤮🤮🤮🤮🤮🤮🤮🤮🤮🤮🤮🤮🤮🤮🤮🤮🤮🤮🤮🤮🤮🤮🤮🤮🤮🤮🤮 🤮🤮🤮🤮🤮🤮🤮🤮🤮🤮🤮🤮🤮🤮🤮🤮🤮🤮🤮🤮🤮🤮🤮🤮🤮🤮🤮🤮🤮🤮🤮🤮🤮🤮🤮🤮🤮🤮🤮🤮🤮🤮 🤮🤮🤮🤮🤮🤮🤮🤮🤮🤮🤮🤮🤮🤮🤮🤮🤮🤮🤮🤮🤮🤮🤮🤮🤮🤮🤮🤮🤮🤮🤮🤮🤮🤮🤮🤮🤮🤮🤮🤮🤮🤮 🤮🤮🤮🤮🤮🤮🤮🤮🤮🤮🤮🤮🤮🤮🤮🤮🤮🤮🤮🤮🤮🤮🤮🤮🤮🤮🤮🤮🤮🤮🤮🤮🤮🤮🤮🤮🤮🤮🤮🤮🤮🤮,5
H1-KEY,imUUYMi2FXw,2022-01-05T11:51:36Z,@dokdaisy7589,ตลก,3
H1-KEY,imUUYMi2FXw,2022-01-05T11:51:19Z,@sunshine4327,"her family selfish her dad steal Our hopes, our dreams, our Thai children&#39;s futures but her lived a happy life it not fair for us #BANSITALA",8
H1-KEY,imUUYMi2FXw,2022-01-05T11:51:12Z,@kimkim461,กี้ดดดดดกดดด โคตรปังเลยอะ เต้นปัง ร้องปัง ทุกคนสวย (Queendom-red velvet),17
H1-KEY,imUUYMi2FXw,2022-01-05T11:51:10Z,@Rizalldin,Omg your voice girls 😍❤️❤️❤️,6
H1-KEY,imUUYMi2FXw,2022-01-05T11:50:55Z,@meensup,🥰❤,0
H1-KEY,imUUYMi2FXw,2022-01-05T11:50:45Z,@빈-c8m,노래좋은데 ???,0
H1-KEY,imUUYMi2FXw,2022-01-05T11:50:43Z,@mrriecup,Thank you for remixing the exercise choreography. you guys so talented aespa,5
H1-KEY,imUUYMi2FXw,2022-01-05T11:50:02Z,@ไปดูบอลกันเถอะ,ชอบมากค่ะ สาวๆ เคปเลอร์ 😬,1
H1-KEY,imUUYMi2FXw,2022-01-05T11:49:57Z,@nani.3357,mv ออกมาแย่มาก เสียงร้องพอใช้ได้ ไม่ว้าว เต้นแข็งมาก ถามจริงฝึกกี่เดือนอ่ะ ชุดคือจะไปเต้นเเอโรบิคหรอ กากมาก ห่วยสุดๆ คือหาตรีมจากเอมวีนี้แทบไม่เจอ แถมมีสมาชิกสนับสนุนเผด็จการ ยุบๆวงไป เพลงไม่ติดหู วงกากมากๆ,3
H1-KEY,imUUYMi2FXw,2022-01-05T11:49:41Z,@noiprae3066,Well done! Would be great if you can put Eng sub for Int&#39;l fan :),35
H1-KEY,imUUYMi2FXw,2022-01-05T11:49:28Z,@WinterWold-d8p,JYPn,0
H1-KEY,imUUYMi2FXw,2022-01-05T11:49:08Z,@くん安西,มันตลก55555555,2
H1-KEY,imUUYMi2FXw,2022-01-05T11:49:05Z,@RB-ro4zv,ปังปินาสสสส,1
H1-KEY,imUUYMi2FXw,2022-01-05T11:49:04Z,@Jipp1993,ถ้าไม่ปังโดนยุบแน่นอนนะจะบอกให้ เพราะคนสนับสนุนคือแฟนคลับ แต่ถ้าเขาไม่เอาล่ะ หมดอนาคตเลยนะ,1
H1-KEY,imUUYMi2FXw,2022-01-05T11:48:52Z,@kiattirathhengrasmee7175,Good job!!!,2
H1-KEY,imUUYMi2FXw,2022-01-05T11:48:43Z,@doujin30,"Wow, It&#39;s good song and concept, I will support forever. We&#39;re Kep1er! ♥",4
H1-KEY,imUUYMi2FXw,2022-01-05T11:48:33Z,@noppornlekuthai4098,สลิ๊มม,0
H1-KEY,imUUYMi2FXw,2022-01-05T11:48:25Z,@nickykim7125,Sitala so shine I Love you 💕,0
H1-KEY,imUUYMi2FXw,2022-01-05T11:48:24Z,@onniemosnx9981,เก่งอะ เพอฟอร์มโคตรดี แต่ละคนปังมาก รักเลย หมายถึง aespa,5
H1-KEY,imUUYMi2FXw,2022-01-05T11:48:21Z,@hereistand2008,Love this band already!,43
H1-KEY,imUUYMi2FXw,2022-01-05T11:48:15Z,@peachzilla.z,Sitala ❤❤❤,1
H1-KEY,imUUYMi2FXw,2022-01-05T11:47:59Z,@정윤오-n8f,เพลงคือดีมากเลยค่า ขอให้เพลงของหนูรัตน์ปังๆนะคะ❤️ จะคอยซัพพอร์ตหนูรัตน์🎉,7
H1-KEY,imUUYMi2FXw,2022-01-05T11:47:58Z,@zozozozozozozo5117,ขวัญใจสลิ่ม,4
H1-KEY,imUUYMi2FXw,2022-01-05T11:47:38Z,@mont2846,ไหนใครเข้ามารีพอร์ต​😂,0
H1-KEY,imUUYMi2FXw,2022-01-05T11:47:20Z,@kimkim461,โหหห ดีมากชอบมากถึงมากที่สุด beautiful nct2021อะ💚,2
H1-KEY,imUUYMi2FXw,2022-01-05T11:47:15Z,@사랑옵다-v2l,하이키 😊😊😊 ㅎㅇㅌ,0
H1-KEY,imUUYMi2FXw,2022-01-05T11:47:14Z,@Jei_LC,i love all is cool. Fighting H1-KEY. Special for you SITALA ภูมิใจในตัวหนูนะ เก่งมากค่ะ สู้สู้คนสวย,2
H1-KEY,imUUYMi2FXw,2022-01-05T11:47:07Z,@bxx3680,ซับพอร์ตต่อไปนะ kep1er😘,3
H1-KEY,imUUYMi2FXw,2022-01-05T11:46:34Z,@FillMeWithFood,ออร่าไม่จับเลย😑,2
H1-KEY,imUUYMi2FXw,2022-01-05T11:46:32Z,@zozozozozozozo5117,Sitala🤮🤮🤮🤮🤮🤮🤮🤮🤮🤮🤮🤮🤮🤮🤮🤮🤮🤮🤮🤮🤮🤮🤮🤮🤮🤮🤮🤮🤮🤮🤮🤮🤮🤮🤮🤮🤮🤮🤮🤮🤮🤮🤮🤮🤮🤮🤮🤮🤮🤮🤮🤮🤮🤮🤮🤮🤮🤮🤮🤮🤮🤮🤮🤮🤮🤮🤮🤮,6
H1-KEY,imUUYMi2FXw,2022-01-05T11:46:30Z,@yahbanamyuk2133,I like this song but don&#39;t like ...,2
H1-KEY,imUUYMi2FXw,2022-01-05T11:46:29Z,@chompunut6799,Amazing👍👍👍👍❤,1
H1-KEY,imUUYMi2FXw,2022-01-05T11:45:41Z,@immay8667,You guys want to support the dictator?,5
H1-KEY,imUUYMi2FXw,2022-01-05T11:45:24Z,@Pratchaya21081,Say No To Salim,0
H1-KEY,imUUYMi2FXw,2022-01-05T11:45:24Z,@henry_livinus,2:50 เหมือนแอโรบิคมาก,8
H1-KEY,imUUYMi2FXw,2022-01-05T11:45:06Z,@สแตนเคพึลลอ,i love this part 3:44,23
H1-KEY,imUUYMi2FXw,2022-01-05T11:44:54Z,@myninepp1963,for the dictator&#39;s daughter The only thing I got was a report from me.,4
H1-KEY,imUUYMi2FXw,2022-01-05T11:44:50Z,@hanyuub543,"She is not the daughter of a supporter of the military dictatorship, but she is a supporter of the military dictatorship. How difficult must the Thai people be because of your family? Don&#39;t expect to live comfortably in a democratic country.",4
H1-KEY,imUUYMi2FXw,2022-01-05T11:44:49Z,@livsu8431,oooh will definitely need to keep an eye on this group!,9
H1-KEY,imUUYMi2FXw,2022-01-05T11:44:32Z,@typemmo6750,Mvเดบิ้วท์ปังมากเลยนะบอกเลยเบอ1แน่ๆเด็กๆ Kep1er,1
H1-KEY,imUUYMi2FXw,2022-01-05T11:44:24Z,@supersoyer5358,good,2
H1-KEY,imUUYMi2FXw,2022-01-05T11:44:16Z,@copter2020,เพลงดีมาก ท่อนเสียงสูงคือดีมาก เต้นดีมาก วิชวลสวยทุกคน ปัง เริศ ราชนิกุลมาก รวมตัวท็อปเลย ชอบมากๆๆๆๆ ฟังกันเยอะๆนะตัวแม่สุดวงนี้ (หมายถึง girl on top - step back นะ),11
H1-KEY,imUUYMi2FXw,2022-01-05T11:44:12Z,@bxx3680,I curse everyone who supports a dictatorship to fall.🤬🤬,2
H1-KEY,imUUYMi2FXw,2022-01-05T11:44:09Z,@paulkellerman4392,อ๋อจร้าๆสู้ๆเป็นกำลังใจให้แบบนะค่ะ,2
H1-KEY,imUUYMi2FXw,2022-01-05T11:43:47Z,@daisy_ed,เจ๊ง!,1
H1-KEY,imUUYMi2FXw,2022-01-05T11:43:40Z,@daisy_ed,มันจะมีอีนึง,3
H1-KEY,imUUYMi2FXw,2022-01-05T11:43:37Z,@kaewLunlah,Good🥰🥰🥰 love this concept,12
H1-KEY,imUUYMi2FXw,2022-01-05T11:43:35Z,@narcissamalfoy983,🤮🤮🤮🤮🤮🤮🤮🤮🤮🤮🤮🤮🤮🤮,3
H1-KEY,imUUYMi2FXw,2022-01-05T11:43:29Z,@maneemikemoon3797,ชอบมากเลยค่า😍❤️ยินดีที่เดบิวต์นะคะวงH1-KEY 🥳👏🏻💕💕💕 i love this girlgroup H1-KEY !!!,9
H1-KEY,imUUYMi2FXw,2022-01-05T11:43:22Z,@praneenajar4695,Wow!🥰,4
H1-KEY,imUUYMi2FXw,2022-01-05T11:43:20Z,@kasareev7,Good job good song,1
H1-KEY,imUUYMi2FXw,2022-01-05T11:43:10Z,@patiparnchaichana,KEP1ER GOING WA DA DA DA,0
H1-KEY,imUUYMi2FXw,2022-01-05T11:42:47Z,@iizsa0o673,i love it,1
H1-KEY,imUUYMi2FXw,2022-01-05T11:42:45Z,@MPMMLLP,very beautiful means blackpink,3
H1-KEY,imUUYMi2FXw,2022-01-05T11:42:33Z,@jayoonie,โหววว เพลงดีมาก ติดหูมากเลย Dreams come true aespa,17
H1-KEY,imUUYMi2FXw,2022-01-05T11:42:27Z,@narcissamalfoy983,🐸🤮🤮🤮🤮🤮 sitala 🤮🤮🤮🤮🤮🤮🤮🤮,2
H1-KEY,imUUYMi2FXw,2022-01-05T11:42:12Z,@imhappy.2599,o(￣▽￣)ｄ ❤️,1
H1-KEY,imUUYMi2FXw,2022-01-05T11:42:02Z,@narcissamalfoy983,🤮🤮🤮🤮🤮🤮🤮🤮🤮🤮🤮🤮🤮🤮🤮🤮🤮🤮🤮🤮🤮🤮🤮🤮🤮🤮🤮🤮🐸🐸🐸🐸🐸,2
H1-KEY,imUUYMi2FXw,2022-01-05T11:41:57Z,@acikrd8939,🔥,0
H1-KEY,imUUYMi2FXw,2022-01-05T11:41:36Z,@kotchakornkunsiri2280,Sitala comes back to Thailand pls 👌🏻👌🏻👌🏻,2
H1-KEY,imUUYMi2FXw,2022-01-05T11:41:05Z,@tomtomsteps207,"완전 귀여워요 너를 사랑해, 알았지☺️",2
H1-KEY,imUUYMi2FXw,2022-01-05T11:40:57Z,@tangmonipapon6815,1:41 ปั่นเพื่อพ่อหรอจ๊ะ,9
H1-KEY,imUUYMi2FXw,2022-01-05T11:40:51Z,@hanyuub543,"At that time, she was 16-17, said she still couldn&#39;t decide by herself, but she posted a Facebook status insulting the Prime Minister, she forgot, she made all Thai people have a bad life. Don&#39;t be selfish like your father.",2
H1-KEY,imUUYMi2FXw,2022-01-05T11:40:45Z,@甘語軒,好聽👍👍,20
H1-KEY,imUUYMi2FXw,2022-01-05T11:40:42Z,@NeverGiveUp-jm3me,#HIKEY #SPORTSGIRLS #ILOVEYOUALL #FIGHTING,2
H1-KEY,imUUYMi2FXw,2022-01-05T11:40:19Z,@pomo7667,Everyone can do it except Sitala.😶,1
H1-KEY,imUUYMi2FXw,2022-01-05T11:40:14Z,@zeaew,👏🏻👏🏻👏🏻👏🏻,0
H1-KEY,imUUYMi2FXw,2022-01-05T11:40:13Z,@Ixg_n,ไม่เปิดดิสไลด์​ให้ดูอ่ะ แย่จังอยากเห็นนะ😭,5
H1-KEY,imUUYMi2FXw,2022-01-05T11:40:03Z,@k4risha,I&#39;m in LOVE it&#39;s so good,14
H1-KEY,imUUYMi2FXw,2022-01-05T11:39:57Z,@pironman7442,Sitala she is so good😘😘😘😘,1
H1-KEY,imUUYMi2FXw,2022-01-05T11:39:50Z,@mojichan3712,เอาตรงๆนะชอบทั้ง3คนเลยอ่าาาา,5
H1-KEY,imUUYMi2FXw,2022-01-05T11:39:33Z,@tangmonipapon6815,0:58 เสียงเหมือนคนป่วยเลยอะ,14
H1-KEY,imUUYMi2FXw,2022-01-05T11:39:29Z,@ice3997,หดหีู่มากค่า เลิกๆ เฟอร์ฟอไม่ไหวอะ นี่เรียกว่าวงแล้วรึ,4
H1-KEY,imUUYMi2FXw,2022-01-05T11:39:19Z,@bxx3680,"Your family is ruining the country, Sitala.🤮🤮🤮",5
H1-KEY,imUUYMi2FXw,2022-01-05T11:39:19Z,@h8llier,yel🥺💖,0
H1-KEY,imUUYMi2FXw,2022-01-05T11:39:14Z,@AUTIC26,How come she is in a democratic country when she once supported for the coup at her birthplace ?!?!,3
H1-KEY,imUUYMi2FXw,2022-01-05T11:39:01Z,@blacksuperman4328,ทำไมไม่กลับมาเดบิ้วที่ประเทศที่ประท้วงละครับ #อิสลิ่ม,5
H1-KEY,imUUYMi2FXw,2022-01-05T11:38:52Z,@adrianbonney6994,"To be honest, after watching the video over and over again, I see that there’s a whole lot of things that need to be improved. Both individually and as a group But the song and the video was ok",70
H1-KEY,imUUYMi2FXw,2022-01-05T11:38:50Z,@อร่อยเนาะมาม่า,not because,1
H1-KEY,imUUYMi2FXw,2022-01-05T11:38:44Z,@anuluckpingyod2239,Great job girls! You all are amazing.,11
H1-KEY,imUUYMi2FXw,2022-01-05T11:38:11Z,@สแตนเคพึลลอ,ชอบมากค่ะ สนุกมาก หนังลุงน้องเดียว,2
H1-KEY,imUUYMi2FXw,2022-01-05T11:38:01Z,@Forever-mn3qb,เห้ยยยย mv ปังมาก ชอบที่สุดนะเอาจริง ชุดปังมาก แสงสีดีไปหมด อะไรจะเข้ากันกว่านี้ไม่มี๊ เต้นกันดีมากเสียงก็ดีสมเป็นEnhypen ตายจริงเอนไฮเพ่นเก่งกันทุกคนเลยอ่ะ,33
H1-KEY,imUUYMi2FXw,2022-01-05T11:38:01Z,@Jinjinsy,Ewww 🤢🤮 just 3 Many houses are in debt because of your family so u deserve this STL.,5
H1-KEY,imUUYMi2FXw,2022-01-05T11:37:52Z,@Meow-p8d,i love y&#39;all . really good ! I&#39;ll support you ive 🍄,10
H1-KEY,imUUYMi2FXw,2022-01-05T11:37:45Z,@tmu-gu7jt,มันไม่จบแค่หรอก😼,1
H1-KEY,imUUYMi2FXw,2022-01-05T11:37:43Z,@LoneWolf-bb5eq,🥰😍🥰😍😍🥰🥰,0
H1-KEY,imUUYMi2FXw,2022-01-05T11:37:41Z,@willowtree006,"그룹 멤버들이 불쌍하네 최순실 딸,조국딸 이런 애랑 같은 팀이라 데뷔전부터 부정적여론이라니",1
H1-KEY,imUUYMi2FXw,2022-01-05T11:37:38Z,@konytean9175,ทำได้ดีนะคะ หมายถึงการเอาคาเเรคเตอร์เพลงหลายๆวงมายำรวมได้ในเพลงเดียว,0
H1-KEY,imUUYMi2FXw,2022-01-05T11:37:11Z,@aodon3105,🥰🥰🇹🇭🇹🇭🇰🇷,0
H1-KEY,imUUYMi2FXw,2022-01-05T11:36:59Z,@Mastermsy,But thay chose not to support you. Thay don&#39;t want to come in here and going to add you views.,0
H1-KEY,imUUYMi2FXw,2022-01-05T11:36:34Z,@สแตนเคพึลลอ,ชอบท่อนแรปมากเลยค่ะ ดายอนแรปเกร๋มากจึ้งเวอร์ ทำไมบาฮีได้ท่อนน้อยคะ อีเวค,0
H1-KEY,imUUYMi2FXw,2022-01-05T11:36:27Z,@ilhxmzz8131,เหมือนเต้นเเอโรบิกหน้าบิ๊กซีเลยค่ะ,8
H1-KEY,imUUYMi2FXw,2022-01-05T11:36:11Z,@tongg1998,ตุยแบบวันที่ดือ,1
H1-KEY,imUUYMi2FXw,2022-01-05T11:35:50Z,@toey_ty9951,👎,3
H1-KEY,imUUYMi2FXw,2022-01-05T11:35:45Z,@ppj147,Shame on u,2
H1-KEY,imUUYMi2FXw,2022-01-05T11:35:33Z,@panuice2010,Please be careful of a small group of Thai political fanatics who come to comment maliciously..... ------------- Most Thai people fully support Korean artists. ----very cute,2
H1-KEY,imUUYMi2FXw,2022-01-05T11:35:27Z,@อายิโนะโมโต๊ะ-ษ4อ,ฉากหลายฉากคล้ายmvของแบล็คพิ้งกับgot7เวอร์,0
H1-KEY,imUUYMi2FXw,2022-01-05T11:35:13Z,@จิดาภาทับทาบ-ฆ9ณ,รักนะคะ . . . . GOT7,2
H1-KEY,imUUYMi2FXw,2022-01-05T11:35:10Z,@สุประวีณ์โกศลหิรัญสกุล,Sound so good ! ❤️❤️,10
H1-KEY,imUUYMi2FXw,2022-01-05T11:34:52Z,@nicekanyaphorn8374,ขอโทษนะอีก3คน,2
H1-KEY,imUUYMi2FXw,2022-01-05T11:34:40Z,@congratulationspop8813,เก่งมากเลยค่า เอสปา,5
H1-KEY,imUUYMi2FXw,2022-01-05T11:34:36Z,@อร่อยเนาะมาม่า,ยังมีความหน้าด้านเด,2
H1-KEY,imUUYMi2FXw,2022-01-05T11:34:15Z,@SidepoolCat,High key but Low Humanity : Dad of Looknung,0
H1-KEY,imUUYMi2FXw,2022-01-05T11:34:08Z,@jenniemissyour1289,เพราะมากเลยติดหูสุดๆ เพลง wadada ของkep1er,9
H1-KEY,imUUYMi2FXw,2022-01-05T11:34:00Z,@อาจิบานะ,🙄😮😏🤩🤩,0
H1-KEY,imUUYMi2FXw,2022-01-05T11:33:50Z,@sangmee8889,เพราะมาก เพลงเเรกเลยที่เราชอบมสกๆในชีวิต ฟังวนครบจะร้อยรอบเเล้วสู้ต่อไปนะคะ!!(Beautiful NCT),23
H1-KEY,imUUYMi2FXw,2022-01-05T11:33:49Z,@studio3t770,เป็นกำลังใจให้ครับ ❤️💙💛,1
H1-KEY,imUUYMi2FXw,2022-01-05T11:33:40Z,@watcharaponchoedsri274,ปังมากเลย สำหรับเพลง beautiful nct นะรอเพลงใหม่อยู่จากชาว nctizen,3
H1-KEY,imUUYMi2FXw,2022-01-05T11:33:36Z,@มาเอาไร-อ6ฅ,เต้นอย่างกะแอโรบิค เริสๆ,2
H1-KEY,imUUYMi2FXw,2022-01-05T11:33:22Z,@no-gi8pv,"sitala and sitala fathers do not support democracy But support the violence to the Thai people, corruption, you can look at the stories on social media right away. #Bansitala #แบนลูกหนัง sitala와 sitala 아버지는 민주주의를 지지하지 않지만 태국 국민에 대한 폭력, 부패를 지지합니다. 소셜 미디어에서 바로 그 이야기를 볼 수 있습니다. #Bansitala #แบนลูกหนัง",4
H1-KEY,imUUYMi2FXw,2022-01-05T11:33:13Z,@Mastermsy,"It&#39;s a good thing that YouTube puts out an audience that doesn&#39;t like this video, or else you&#39;ll see millions of dislikes",2
H1-KEY,imUUYMi2FXw,2022-01-05T11:33:02Z,@moccama5342,Wow Good song girls I am sooooo proud of you H1-KEY,3
H1-KEY,imUUYMi2FXw,2022-01-05T11:32:54Z,@jingjommaroeng6366,ใครทำอะไรไว้ในอดีตเกียมขิตนะ,7
H1-KEY,imUUYMi2FXw,2022-01-05T11:32:47Z,@donut.s_r3007,"All four of them are very capable. And yes, I&#39;m talking about blackpink.",5
H1-KEY,imUUYMi2FXw,2022-01-05T11:32:29Z,@sangmee8889,I don&#39;t like,3
H1-KEY,imUUYMi2FXw,2022-01-05T11:32:23Z,@zaguiro,โอ้ยสวยอ่ะ ดีเว้อ หมายถึงเมมเบอร์อีกสามคนจ้า,3
H1-KEY,imUUYMi2FXw,2022-01-05T11:32:20Z,@CHXDXPXRN,เพลงดีมากเลยค่ะ ปังๆเด้อ เบอร์หนึ่งของจริง eleven ไอบึ,2
H1-KEY,imUUYMi2FXw,2022-01-05T11:32:15Z,@aphisara2321,ทั้งสามคนน่ารักมากก,4
H1-KEY,imUUYMi2FXw,2022-01-05T11:32:14Z,@sorapongboonsang4154,Wow ..,1
H1-KEY,imUUYMi2FXw,2022-01-05T11:32:08Z,@chaanwang185,คอนเซป ปั่นเพื่อพ่อ,3
H1-KEY,imUUYMi2FXw,2022-01-05T11:32:08Z,@porramarporn,so cute 🥰,8
H1-KEY,imUUYMi2FXw,2022-01-05T11:32:03Z,@chipperjamren525,ทุกคนสวยน่ารักเสียงดีมากกกยกเว้นลูกหนัง🙂,5
H1-KEY,imUUYMi2FXw,2022-01-05T11:31:51Z,@marigold1005,พี่เป็นแทกุกไลน์ที่เก่งมากๆค่ะมีความสามารถเยอะมากโวคอลปังเต้นดีวิชวลมากกกกเรื่องที่พลาดในอดีตเราจะไม่เหมารวมเนอะรอซัพพอร์ตอยู่นะคะ “พี่มินนี่(g)idle”🥰🥰🥰,0
H1-KEY,imUUYMi2FXw,2022-01-05T11:31:44Z,@photodemon9922,ปังมากกก kep1er,1
H1-KEY,imUUYMi2FXw,2022-01-05T11:31:41Z,@okyukito7762,🤮🤮🤮🤮🤮🤮🤮🤮🤮🤮🤮🤮🤮🤮🤮🤮🤮🤮🤮🤮🤮🤮🤮🤮🤮🤮🤮🤮🤮🤮🤮🤮🤮🤮🤮🤮🤮🤮🤮🤮🤮🤮🤮🤮🤮🤮,2
H1-KEY,imUUYMi2FXw,2022-01-05T11:31:35Z,@โฮะ,เพลงได้ เอ็มวีเริ่ด จะดีมากกว่านี้ถ้าไม่มี SITALA บายๆไทยแลนด์ ปิ๊วววว,2
H1-KEY,imUUYMi2FXw,2022-01-05T11:31:31Z,@gogogo999,🥲🥲🥲🥲🥲🥲🤢🤢🤮🤮🤢🤮,3
H1-KEY,imUUYMi2FXw,2022-01-05T11:31:14Z,@seraphine._4075,ออโต้จูนแรงมากแก5555555,3
H1-KEY,imUUYMi2FXw,2022-01-05T11:31:11Z,@ปัญญากรปัญญากร-ฝ2ภ,อีก3คนเก่งค่ะ ยกเว้นลูกสลิ่ม,2
H1-KEY,imUUYMi2FXw,2022-01-05T11:31:00Z,@yaring6732,โหยดืออะ เริด ปัง เยี่ยม เบอร์1เลยอ่า เพลงดี ลงตัวมาก น้องiveดือมากงื้ออออ,7
H1-KEY,imUUYMi2FXw,2022-01-05T11:30:58Z,@khachapatrachatamethin7484,Perfect!,3
H1-KEY,imUUYMi2FXw,2022-01-05T11:30:51Z,@vvvvy5077,อยู่อย่างสันติในไทย ฝันอยู่หรอคะ? ทำลายความฝันอนาคตของคนอื่นแล้วยังมาขอสันติแถมไม่มีแม้แต่คำขอโทษไว้มาไทยเมื่อไหร่จะเป่านกหวีดไล่ใส่เสื้อเหลืองหวีดกลับก็แล้วกันนะคะ,7
H1-KEY,imUUYMi2FXw,2022-01-05T11:30:41Z,@แก๋วววว-ซ8ถ,เพลงดี ปัง ปัง ปัง(เคปเล่อนะ),2
H1-KEY,imUUYMi2FXw,2022-01-05T11:30:33Z,@ปัญญากรปัญญากร-ฝ2ภ,ลูกเผด็จการจ้า เชิญขิต ขอให้ไม่มีใครติดตาม ขอให้ครอบครัวมันล่มจม,2
H1-KEY,imUUYMi2FXw,2022-01-05T11:30:32Z,@ahnhehe8927,จะหาว่ามาช่วยเพิ่มยอดวิวก็ได้ แค่อยากมาดูหน้าลูกกปปสบนแผ่นดินประชาธิปไตยเฉยๆ ก็โอเคสวยหมายถึง3คนนะ,2
H1-KEY,imUUYMi2FXw,2022-01-05T11:30:28Z,@babymoo8858,😍😍😍,2
H1-KEY,imUUYMi2FXw,2022-01-05T11:30:22Z,@okyukito7762,🤮🤮🤮🤮🤮🤮🤮🤮🤮🤮🤮🤮🤮🤮🤮🤮🤮🤮🤮🤮🤮🤮🤮🤮🤮🤮🤮🤮🤮🤮🤮🤮🤮🤮🤮🤮🤮🤮🤮🤮🤮🤮🤮🤮🤮🤮🤮🤮🤮🤮🤮🤮🤮🤮🤮🤮🤮🤮🤮🤮🤮🤮🤮🤮🤮🤮🤮🤮🤮🤮🤮🤮🤮🤮🤮🤮🤮🤮🤮🤮🤮🤮🤮🤮🤮🤮🤮🤮🤮🤮🤮🤮🤮🤮🤮🤮🤮🤮🤮🤮🤮🤮🤮🤮🤮🤮🤮🤮🤮🤮🤮🤮🤮🤮🤮🤮🤮🤮🤮🤮🤮🤮🤮🤮🤮🤮🤮🤮🤮🤮🤮🤮🤮🤮🤮🤮🤮🤮🤮🤮🤮🤮🤮🤮🤮🤮🤮🤮🤮🤮🤮🤮🤮🤮🤮🤮🤮🤮🤮,3
H1-KEY,imUUYMi2FXw,2022-01-05T11:30:08Z,@okyukito7762,🤮🤮🤮🤮🤮🤮,2
H1-KEY,imUUYMi2FXw,2022-01-05T11:30:04Z,@okyukito7762,😅😅🦠🦠🦠🤮🤮,2
H1-KEY,imUUYMi2FXw,2022-01-05T11:30:03Z,@tama2146,H1-KEY fightiiiiiing!,1
H1-KEY,imUUYMi2FXw,2022-01-05T11:30:00Z,@อภิญญาฯ-ฝ7ฎ,สภาพนะน้องนะ,18
H1-KEY,imUUYMi2FXw,2022-01-05T11:30:00Z,@okyukito7762,🦠🤮🤮🦠🦠😅,3
H1-KEY,imUUYMi2FXw,2022-01-05T11:29:55Z,@okyukito7762,🦠🦠🤮🤮🦠,3
H1-KEY,imUUYMi2FXw,2022-01-05T11:29:52Z,@okyukito7762,🤮🤮🤮🦠🦠,3
H1-KEY,imUUYMi2FXw,2022-01-05T11:29:50Z,@Khing-ph2xz,กรี๊ดดดดดปังมากรอนานมากๆเลยดีที่สุดเลิฟๆ (ซ้อมไว้เผื่อเอ็กโซคัมแบ็ก),2
H1-KEY,imUUYMi2FXw,2022-01-05T11:29:48Z,@okyukito7762,🤮🦠🦠🤮,1
H1-KEY,imUUYMi2FXw,2022-01-05T11:29:47Z,@icexpvax8731,ท่าเต้นว่าเหมือนเต้นแอโรบิคแล้วชุดยังเหมือนอีก เฮ้อชีวิต,7
H1-KEY,imUUYMi2FXw,2022-01-05T11:29:44Z,@okyukito7762,🦠🤮,1
H1-KEY,imUUYMi2FXw,2022-01-05T11:29:41Z,@okyukito7762,🤮🦠🦠,1
H1-KEY,imUUYMi2FXw,2022-01-05T11:29:40Z,@bbebob9689,"Even their debut song they nailed it, they are so beautiful and talented we&#39;ll always love and support you, Kep1er",9
H1-KEY,imUUYMi2FXw,2022-01-05T11:29:38Z,@okyukito7762,🦠🤮🤮🤮,1
H1-KEY,imUUYMi2FXw,2022-01-05T11:29:33Z,@Coral-j3u,Wow sitala 💕❤️,1
H1-KEY,imUUYMi2FXw,2022-01-05T11:29:28Z,@mobileocta4239,Support H1-KEY from Thailand 💖,2
H1-KEY,imUUYMi2FXw,2022-01-05T11:29:27Z,@okyukito7762,🦠🦠🦠🦠🤮🤮🤮🤮🤮,0
H1-KEY,imUUYMi2FXw,2022-01-05T11:29:22Z,@suchunyachaydee398,คนพวกนี้ไม่ควรได้เด😒🙄🖕🏿🖕🏿🖕🏿🖕🏿🖕🏿,3
H1-KEY,imUUYMi2FXw,2022-01-05T11:29:03Z,@goodgysang6248,วิธีแบน ถ้ากดเข้ามาดูแล้ว คือ 1.ไปที่ประวัติการดู 2.กดลบประวัติการดู ***แนะนำให้ทำกันทุกคนน้า🥰,7
H1-KEY,imUUYMi2FXw,2022-01-05T11:28:57Z,@thitimach.3075,So Goooooooooooooood👍👍👍👍,1
H1-KEY,imUUYMi2FXw,2022-01-05T11:28:56Z,@idnukulkarn3936,🥰🥰🥰🥰,1
H1-KEY,imUUYMi2FXw,2022-01-05T11:28:41Z,@April192536,🌟🌟🌟😍😍😍💪💪💪✨✨✨🎉🎉🎉👏👏👏💗💗💗💗👍👍👍👍,1
H1-KEY,imUUYMi2FXw,2022-01-05T11:28:40Z,@treasure7084,เพลงเหมาะกับเต้นออกกำลังกายตอนเช้าในค่ายทหารไทยเลย,11
H1-KEY,imUUYMi2FXw,2022-01-05T11:28:30Z,@ideknoykxnyaaaaaz,ฮือ เพลงดีท่าเต้นดีมากค่ะ เราชอบม้ากติดหูเว่อ เป็นกำลังใจให้นะคะ ive ♥️♥️♥️♥️♥️,425
H1-KEY,imUUYMi2FXw,2022-01-05T11:28:28Z,@nevertheless_m,เต้นเก่งมาก สวย ปังปุริเย้ ต๊าช stayc,0
H1-KEY,imUUYMi2FXw,2022-01-05T11:28:26Z,@YOUANDI-m7v,Coking show🤮🤢,1
H1-KEY,imUUYMi2FXw,2022-01-05T11:28:10Z,@wwsp_psmwwwww,ท่าเต้นเหมาะกับ แก๊ง อสม.มากกกกกก,0
H1-KEY,imUUYMi2FXw,2022-01-05T11:28:03Z,@reiririn,"wow wow, many Thai zombies were disappointed when saw her debut, poor poor Thai zombies hahaha &gt;.....&lt; p.s. keep going H1-KEY I will stand by all of you",3
H1-KEY,imUUYMi2FXw,2022-01-05T11:28:01Z,@mrvariant3snh246,Excellent 👍 fighting 😊...,2
H1-KEY,imUUYMi2FXw,2022-01-05T11:27:56Z,@stepcopyeasyway,นะคะ ก็ อืม นั่นแหละค่ะ รู้ๆกันอยู่,0
H1-KEY,imUUYMi2FXw,2022-01-05T11:27:48Z,@waki4627,อุ้ยปังเว่ออะเป็นเพลงเดบิ้วที่ดีจริงๆ จะสนับสนุนต่อไป kep1er,9
H1-KEY,imUUYMi2FXw,2022-01-05T11:27:43Z,@nostalgia7294,ทั้ง 3 คนเก่งมากๆๆๆ,1
H1-KEY,imUUYMi2FXw,2022-01-05T11:27:42Z,@defanilusiana8468,Semangat pasti bakal jadi idol terkenal 1 tahun kedepannn go go go,6
H1-KEY,imUUYMi2FXw,2022-01-05T11:27:39Z,@leelee4762,I’m so proud of you.,24
H1-KEY,imUUYMi2FXw,2022-01-05T11:27:30Z,@jindapattamanont4767,น้องลูกหนังเก่งมากๆค่ะ เป็นกำลังใจให้นะคะ,2
H1-KEY,imUUYMi2FXw,2022-01-05T11:27:28Z,@Tanlok_Watcharawit,สมาชิกทั้ง4คือปังมากก สมการรอคอยจริงๆเลยครับ 👍👏💖💖 #WeSupportSITARA,15
H1-KEY,imUUYMi2FXw,2022-01-05T11:27:18Z,@bxb_b5894,ชุดแปลกตาดีคะ,1
H1-KEY,imUUYMi2FXw,2022-01-05T11:27:17Z,@thelittlemomaid,เก่งอะ สุดยอด เริส เพลงดีไปป่ะ หมายถึง เอนไหอะ แม่งเอ้ย โคตรสุด คัมแบค 10มกราน้า 😘😘,3
H1-KEY,imUUYMi2FXw,2022-01-05T11:26:59Z,@Hollitaima,"What a refreshing debut, hope H1-KEY get the love they deserve x",9
H1-KEY,imUUYMi2FXw,2022-01-05T11:26:51Z,@hisashi7479,อ่อเดแล้วเหรอ สู้ๆนะ วงนี้เป็นวงแรกที่อยากเข้าด้อมมากเลย หมายถึงด้อมแอนตี้อ่ะค่ะ แนวเพลงตลกดี ท่าเต้นเหมือนท่าออกกำลังกายแบบคนแก่5555554455555555,3
H1-KEY,imUUYMi2FXw,2022-01-05T11:26:42Z,@ศุภรัสมิ์อิทธิกุลเสฏฐ์,Sitala💕,1
H1-KEY,imUUYMi2FXw,2022-01-05T11:26:41Z,@twentyjj012,วางคอนเซปท์นักกีฬา แต่เหมือนมาสอนเต้นแอโรบิค งงเว่อ,0
H1-KEY,imUUYMi2FXw,2022-01-05T11:26:38Z,@wareesanvilid2245,🤧🤧🤧🤮,1
H1-KEY,imUUYMi2FXw,2022-01-05T11:26:22Z,@จริยพรพิกุลหอม-ฉ2ห,ทั้ง3สวยเเละเก่งมากๆเลยค่ะ,3
H1-KEY,imUUYMi2FXw,2022-01-05T11:26:20Z,@สุกัญญาฯ-ศ3ฌ,ลิซ่าสวยมาก,1
H1-KEY,imUUYMi2FXw,2022-01-05T11:26:17Z,@itthiphonitthiphon1626,Beautiful,1
H1-KEY,imUUYMi2FXw,2022-01-05T11:26:01Z,@MADAMENIKITA,อุ้ยย ดีมาก เพลงดีสุด ชั้นร้องกรี้ดเลยชุดก็สวย ใช่เราหมายถึงaespa,6
H1-KEY,imUUYMi2FXw,2022-01-05T11:26:00Z,@อายีอาหยี๋-พ4ท,"Peace? May Thailand be peaceful? It&#39;s funny. Peace has been gone since you joined the government. Until now, many people have died because of her because dozens of her families had lost loved ones because of her actions at that time. Is there still a page to say that you want peace? Other people&#39;s lives were ruined because that day she whistled. Well, the soldier came up as prime minister. Cheating the country for 7 years She lived a happy life. But people in the country do not have a home to live in. They are unemployed and have no food to eat. That day, the day that her family and the government closed the airport It puts many families in trouble. Some people can&#39;t export goods. Some have even reached the point of negative business. bankruptcy business She was already grown up. old enough to think But she&#39;ll still do it. It&#39;s funny.",1
H1-KEY,imUUYMi2FXw,2022-01-05T11:25:46Z,@imyourfei3624,🤢🤢🤢🤢🤮🤮🤮,6
H1-KEY,imUUYMi2FXw,2022-01-05T11:25:41Z,@tozza6370,Wowwwww 🥰🥰🥰 H1-KEY Fighting,9
H1-KEY,imUUYMi2FXw,2022-01-05T11:25:40Z,@bibbibbee2847,ฟังรอบแรกแปลกๆ​ ฟังรอบสองเริ่มเพราะ​ รอบสามนี่เพลงติดหูเลย​ สรุปเพลงดี​ mv สวย​ ลูกหนังก็สวย​ เสียงก็มีเอกลักษณ์​ ทุกคนเด่นในแบบของตัวเอง,6
H1-KEY,imUUYMi2FXw,2022-01-05T11:25:38Z,@มันคืออารายย,อิหยังว๊ะสาตาลี บ่ผ่านค๊า ไปเต้นอยู่ค่ายทหารเด้อค้า คือสิดังกว่านี่อยู่ หมายถึง ลำโพงหนะคือสิดังกว่านี้อยู่,3
H1-KEY,imUUYMi2FXw,2022-01-05T11:25:21Z,@luvu_.4477,🤣🤣🤣🤣🤣🤣🤣🤣🤣🤣😂😂😂😂😂😂😂😂😆😆😆😆😆😂🤣🤣😆😆😆😆😆😆😂🤣🤣😂😂🤣🤣😆😆🤣🤣😂😂🤣🤣🤣🤣😂😂😂😂😂🤣🤣🤣😆😆😆😆😆😆😆🤣🤣😆🤣😆😂🤣🤣🤣😂😆🤣😂😂😆🤣🤣😆😆😂😂🤣😆😆🤣😆🤣😆🤣😂😆🤣🤣😆🤣😆😆🤣🤣😆😂😆😆🤣😂😂😆🤣😂🤣🤣😂😂😂😂😂,0
H1-KEY,imUUYMi2FXw,2022-01-05T11:25:19Z,@fiftyone5151,"OHHHHH Myyyyy this is superb, standing ovation!!!",11
H1-KEY,imUUYMi2FXw,2022-01-05T11:25:06Z,@36yakpenfanpheeseung89,อห.วงนี้ดีมากกกกกก เต้นก็เก่งเสียงก็ดี โอเอ็มจี อาร์มี่อย่างเราภูมิใจมากๆค่ะวงBTS,6
H1-KEY,imUUYMi2FXw,2022-01-05T11:24:59Z,@goodgirlnx9558,เหมือนเต้นอารบิกเลอ,1
H1-KEY,imUUYMi2FXw,2022-01-05T11:24:58Z,@sweetieheart8093,ต้มเล้งอ่อมบูด,1
H1-KEY,imUUYMi2FXw,2022-01-05T11:24:57Z,@ฮอืแแแแปงอทอ่อืแอืแอทอ,แกนั่นท่าเต้นหรอวะ52535353535 คอสตูมก็5252636363636แกรึฃึภึำคฃ255×_@5÷7337÷÷763737,0
H1-KEY,imUUYMi2FXw,2022-01-05T11:24:46Z,@pokpak8762,บูดดด,1
H1-KEY,imUUYMi2FXw,2022-01-05T11:24:37Z,@imyourfei3624,เหมือนทำโยคะอะ,2
H1-KEY,imUUYMi2FXw,2022-01-05T11:24:36Z,@becauseimme3909,So pretty...twice,1
H1-KEY,imUUYMi2FXw,2022-01-05T11:24:27Z,@frenchmin2214,ปังมากกกกกหมายถึง ขนมปัง,1
H1-KEY,imUUYMi2FXw,2022-01-05T11:24:24Z,@ด.ชเก่ง-ข4ฦ,คุณไม่เห็นค่าผู้ใดคุณคือผเด็จ​การที่ทรงมีปมด้อยอยู่ในใจ,1
H1-KEY,imUUYMi2FXw,2022-01-05T11:24:20Z,@ถาวรบุญเกื้อ,Perfect,23
H1-KEY,imUUYMi2FXw,2022-01-05T11:24:14Z,@becauseimme3909,ชุดเหมือนจะไปเต้นแอโรบิกหน้าโลตัส,1
H1-KEY,imUUYMi2FXw,2022-01-05T11:24:13Z,@abhibhatraprangsuwan5127,Bood =,0
H1-KEY,imUUYMi2FXw,2022-01-05T11:24:12Z,@idadiiz2203,No support!,2
H1-KEY,imUUYMi2FXw,2022-01-05T11:24:12Z,@zgmf-x20a88,IO​ มาปั่นช่วยแล้วครับเด้วเขารอซื้อเทปครับ,2
H1-KEY,imUUYMi2FXw,2022-01-05T11:24:10Z,@woojin_miflaco5295,Amo,1
H1-KEY,imUUYMi2FXw,2022-01-05T11:24:05Z,@imyourfei3624,สู้ๆนะคะ ไม่ต้องสนใจคำชม,2
H1-KEY,imUUYMi2FXw,2022-01-05T11:23:58Z,@tt-yf7hq,H1- KEYยอดเยี่ยม เพลงดีมาก❤💛💚💙🤟,4
H1-KEY,imUUYMi2FXw,2022-01-05T11:23:57Z,@mornor7720,ดีเลยจะได้เตรียมเป็นเเอนตี้,1
H1-KEY,imUUYMi2FXw,2022-01-05T11:23:56Z,@darlieblackpink2517,🤘👌👍😻😼😽,0
H1-KEY,imUUYMi2FXw,2022-01-05T11:23:55Z,@pokpak8762,เหม็นกระทิ,2
H1-KEY,imUUYMi2FXw,2022-01-05T11:23:55Z,@mzcgjutgm9765,เสียด้ายจังไม่มีฉากปิดสนามบินและยืนตากฝนไม่เก๋เลย,2
H1-KEY,imUUYMi2FXw,2022-01-05T11:23:50Z,@행복한가족-u6w,너무 멋지고 이뻐요 ^^,3
H1-KEY,imUUYMi2FXw,2022-01-05T11:23:50Z,@kmpatcharin,good job cheer up !!,1
H1-KEY,imUUYMi2FXw,2022-01-05T11:23:47Z,@chanchao3135,เพลงปังมาก ติดหูสุดๆ เราซ้อมไว้ตอนblackpinkคัม,2
H1-KEY,imUUYMi2FXw,2022-01-05T11:23:43Z,@meetanglim6427,So good 😍😍😍,4
H1-KEY,imUUYMi2FXw,2022-01-05T11:23:39Z,@pimxnqz_4095,🖤,3
H1-KEY,imUUYMi2FXw,2022-01-05T11:23:38Z,@jtp_n4269,ฮือ ปังมากค่ะ อย่าสนว่าจะมีใครเป็นแอนตี้นะคะ เราคนนึงค่ะที่พร้อมสนับสนุน สู้ๆนะคะเป็นกำลังใจให้ยังรักเสมอ ..exo…💖,45
H1-KEY,imUUYMi2FXw,2022-01-05T11:23:34Z,@oj3027,love u Sitala 😘😘 hwaiting!!,4
H1-KEY,imUUYMi2FXw,2022-01-05T11:23:33Z,@palm1599,ในคณะที่คนรุ่น เธอ ต้องเสียโอกาศทำตามความฝัน โดน112 แต่เธอผู้สนับสนุนเผด็จการกลับมาได้ดีและไปใช้ชีวิตในที่ๆมีเสรีภาพแล้ว ไหนบอกรักไทยทำไม่ไม่อยู่ไทยละ,0
H1-KEY,imUUYMi2FXw,2022-01-05T11:23:27Z,@mamariyadamm8028,🤢🤢🤢🤮🤮🤮🤮🤮🤮🤮🤮🤮🤮🤮🤮🤮🤮🤮🤮🤮,0
H1-KEY,imUUYMi2FXw,2022-01-05T11:23:23Z,@3abywinnter,รายงานวีดีโอเลยจ้า,1
H1-KEY,imUUYMi2FXw,2022-01-05T11:23:13Z,@mitmookda7530,สลิ่ม,0
H1-KEY,imUUYMi2FXw,2022-01-05T11:23:10Z,@auixsk4484,Gorgeous girls 💗💗💗💗💗💗💗💗💗💗💗💗💗💗💗💗💗💗💗i will support you ✌🏻✌🏻✌🏻✌🏻✌🏻,2
H1-KEY,imUUYMi2FXw,2022-01-05T11:23:10Z,@สติสัมปชัญญะ007,Perfect,2
H1-KEY,imUUYMi2FXw,2022-01-05T11:23:10Z,@chaiyut4810132,So cool!,2
H1-KEY,imUUYMi2FXw,2022-01-05T11:23:06Z,@haesoo3156,💩💩💩💩💩🤢🤢🤢🤢🤮🤮🤮🤮🤮🤮,1
H1-KEY,imUUYMi2FXw,2022-01-05T11:23:06Z,@himitzuuu.,เข้ามาด่า+ดินไลค์,0
H1-KEY,imUUYMi2FXw,2022-01-05T11:22:58Z,@apisaraxx1804,ดีเลิศ ดีเยี่ยม ที่สุด รอมาตั้งนาน เปล่านะหมายถึงซ้อมรอแบล็คพิ้งค์คัมแบคเฉยๆ,14
H1-KEY,imUUYMi2FXw,2022-01-05T11:22:53Z,@haesoo3156,กำลังเต้นเเอโรบิกอยู่หรอคะ,1
H1-KEY,imUUYMi2FXw,2022-01-05T11:22:51Z,@bp2373,beautiful 🥰,4
H1-KEY,imUUYMi2FXw,2022-01-05T11:22:40Z,@bp2373,everyone is so beautiful ❤️,26
H1-KEY,imUUYMi2FXw,2022-01-05T11:22:38Z,@fangyue4472,ชอบมากค่ะเต้นดีมากค่ะรักนะคะGot7💚💚💚💚,3
H1-KEY,imUUYMi2FXw,2022-01-05T11:22:37Z,@snpn6341,ชอบแค่ทำนอง.....ส่วนคนร้องคนนั้นก็....ไม่พูดดีกว่า,1
H1-KEY,imUUYMi2FXw,2022-01-05T11:22:31Z,@huiocvg3448,ใครแบนมาร่วมกันตรงนี้ค่ะ📣📣,2
H1-KEY,imUUYMi2FXw,2022-01-05T11:22:10Z,@lejikkii5020,เพลงดีมากMVสวยสนับสนุนต่อไปนะรักkep1erที่สุดดด,6
H1-KEY,imUUYMi2FXw,2022-01-05T11:22:09Z,@bp2373,perfect 🥰🥰🥰,0
H1-KEY,imUUYMi2FXw,2022-01-05T11:22:08Z,@loveshicha,ชีสวย ชีเลิศ แต่ชีสนับสนุนเผด็จการ😞,1
H1-KEY,imUUYMi2FXw,2022-01-05T11:21:45Z,@twentyjj012,ชั้นอยู่ด้อมนี้ค่ะ หมายถึงอยู่เป็นแอนตี้ด้อมนี้,1
H1-KEY,imUUYMi2FXw,2022-01-05T11:21:40Z,@bexmki3127,🤢🤢🤢🤢🤢🤢🤮,3
H1-KEY,imUUYMi2FXw,2022-01-05T11:21:34Z,@pitchayadasangdee4930,เหมือนเต้นแอโรบิคหน้าโลตัส🤡😈,6
H1-KEY,imUUYMi2FXw,2022-01-05T11:21:31Z,@peachymimmi,เป็นกำลังใจให้&quot;นะค่ะ&quot;ต้องดังแน่นอน ขวัญใจด้อมเหลืองเลยนะเนี่ย🥰🥰,82
H1-KEY,imUUYMi2FXw,2022-01-05T11:21:31Z,@n4ttha,ได้อยู่ =,1
H1-KEY,imUUYMi2FXw,2022-01-05T11:21:27Z,@baimintbaimint9709,กลับมาชิบหายด้วยกันก่อนค่า,4
H1-KEY,imUUYMi2FXw,2022-01-05T11:21:17Z,@blink4k558,There&#39;s one bad girl in here.😐😡,1
H1-KEY,imUUYMi2FXw,2022-01-05T11:21:12Z,@ThanapornPhokpoonA,ชุดดูจนมาก,4
H1-KEY,imUUYMi2FXw,2022-01-05T11:21:03Z,@cameerasung6433,I don&#39;t know what to say hahaha,2
H1-KEY,imUUYMi2FXw,2022-01-05T11:21:01Z,@kachanonsari3921,Antifans from Thailand!!!! Don&#39;t support looknung.,0
H1-KEY,imUUYMi2FXw,2022-01-05T11:20:58Z,@baimintbaimint9709,🤮🤮🤮🤮🤮,0
H1-KEY,imUUYMi2FXw,2022-01-05T11:20:51Z,@no-gi8pv,เม้นสลิ่มขำดี สลิ่มอย่าลืมสมัครแอคมาปั่นวิวเยอะๆน้าา,1
H1-KEY,imUUYMi2FXw,2022-01-05T11:20:42Z,@fxsaitf124,เก่งมากค่ะ Aespa เบอร์1ปังๆ🥰,25
H1-KEY,imUUYMi2FXw,2022-01-05T11:20:29Z,@pokpak8762,อ่ยจะอ้วก,1
H1-KEY,imUUYMi2FXw,2022-01-05T11:20:28Z,@นรีกานต์ตรีลาภี,ทำไมไม่เซ็นสัญญากับค่ายทหาร,1
H1-KEY,imUUYMi2FXw,2022-01-05T11:20:24Z,@cgamechopsanuk5556,Your song is good itzy,2
H1-KEY,imUUYMi2FXw,2022-01-05T11:20:13Z,@pinmook804,Mvดูจนมาก🤢🙄,3
H1-KEY,imUUYMi2FXw,2022-01-05T11:20:11Z,@sinsin7758,🤮🤮🤮🤮🤮🤮🤮,0
H1-KEY,imUUYMi2FXw,2022-01-05T11:20:10Z,@baimintbaimint9709,เต้นแอโรบิคหรอคะ,1
H1-KEY,imUUYMi2FXw,2022-01-05T11:20:08Z,@小可爱-c1f,ใครเป็นแฟนคลับ Sitala มาตรงนี้ ส่วนกูจะไปทางโน้น,4
H1-KEY,imUUYMi2FXw,2022-01-05T11:20:00Z,@randomchannel4380,งง,0
H1-KEY,imUUYMi2FXw,2022-01-05T11:19:53Z,@gamei5641,🤢🤢,1
H1-KEY,imUUYMi2FXw,2022-01-05T11:19:46Z,@kimmy4759,เข้ามากดดินไลค์,1
H1-KEY,imUUYMi2FXw,2022-01-05T11:19:41Z,@pokpak8762,บูดๆๆๆ,6
H1-KEY,imUUYMi2FXw,2022-01-05T11:19:39Z,@kanyanatsansima2183,สลิ่มจ้าๆ,3
H1-KEY,imUUYMi2FXw,2022-01-05T11:19:37Z,@aileen2387,หุ้ยยยย ปังมากกกก อิทจีกับเอสป้า 🤷🏻‍♀️,13
H1-KEY,imUUYMi2FXw,2022-01-05T11:19:31Z,@sweetieheart8093,สวยนะค่ะ,0
H1-KEY,imUUYMi2FXw,2022-01-05T11:19:20Z,@DINTHPL,จะอ้วก,6
H1-KEY,imUUYMi2FXw,2022-01-05T11:19:06Z,@Paracetamon.,สู้ๆ เป็นกำลังใจให้&quot;นะค่ะ&quot;,11
H1-KEY,imUUYMi2FXw,2022-01-05T11:19:04Z,@miracat7730,I love kepler😊😊😆😆😆😆,1
H1-KEY,imUUYMi2FXw,2022-01-05T11:18:56Z,@วันวิสา-ฑ3ฌ,สู้ๆนะเดี๋ยวก็ดับ^^,2
H1-KEY,imUUYMi2FXw,2022-01-05T11:18:26Z,@งับๆๆๆๆๆๆ,ไหนบอกดีกว่าลิซ่าlisa 1 ชั่วโมงเป็นล้านวิวแล้วแม่สภาพมากMV นี้,1
H1-KEY,imUUYMi2FXw,2022-01-05T11:18:14Z,@sweetieheart8093,ก็ออกกำลังกายไปเลยสิคะ อัพแอนดาวเริ่ม55555 ภำมาก,10
H1-KEY,imUUYMi2FXw,2022-01-05T11:18:10Z,@jaruwanmakkeao8215,Wow so good from Thailand,2
H1-KEY,imUUYMi2FXw,2022-01-05T11:18:06Z,@mokoko699,OMG THIS IS SOOO GOOD !!!!,1
H1-KEY,imUUYMi2FXw,2022-01-05T11:18:02Z,@pokpak8762,บ้งๆบูดๆ เทอไม่ควรได้ไปต่อจ้าชีลูกหนัง,2
H1-KEY,imUUYMi2FXw,2022-01-05T11:17:57Z,@mynameisoreo_reo_oho2481,🤢🤢🤢🤢🤢🤢🤢🤢🤢🤢,1
H1-KEY,imUUYMi2FXw,2022-01-05T11:17:24Z,@urasim4318,"Excellent, waiting equation, well matched sound. She is beautiful, everyone is cute, I like it very much.🥰😍😍❤❤✌✌",23
H1-KEY,imUUYMi2FXw,2022-01-05T11:16:56Z,@tonliw9819,เต้นออกกำลังกายได้เก๋มากเลยค่ะ!!!?!,36
H1-KEY,imUUYMi2FXw,2022-01-05T11:16:45Z,@งับๆๆๆๆๆๆ,แอนตี้พร้อมมากคะ,11
H1-KEY,imUUYMi2FXw,2022-01-05T11:16:42Z,@Rockslipz,🤮🤢🤮🤢🤮🤢,1
H1-KEY,imUUYMi2FXw,2022-01-05T11:16:38Z,@kanomsijin9267,เอาจิงง กุลองเข้ามาดูมึงเพลงดีระดับนึงเลยนะรวมๆแล้วดีเลยแล้วหุ่นคือเท่าๆกันเลยเป็นไอดอลแล้วยังเป็นนางแบบได้อีกก ร้องเพราะถือว่าใช้ได้เลยแต่ด้วยอะไรต่างๆ อาจจะต้องใช้เวลานิดนุง กุไม่ได้มาอวยหรืออะไรแต่ดูด้วยการลดอคติเท่านั้นน #อย่ามาด่ากุนะกุแค่เข้ามาฟังเพลงแสดงความคิดเห็นเฉยๆ พับเพียบกราบบบ😳,9
H1-KEY,imUUYMi2FXw,2022-01-05T11:16:33Z,@two5520,Support from Thailand 🇹🇭,2
H1-KEY,imUUYMi2FXw,2022-01-05T11:16:24Z,@tonram36gaming88,อิบูด,2
H1-KEY,imUUYMi2FXw,2022-01-05T11:16:04Z,@CheckkyCG,ช่างกล้า🙄😂🤬😖😣🤮🤮,2
H1-KEY,imUUYMi2FXw,2022-01-05T11:16:03Z,@Ultraman-qz2hk,How can a group go with a member being hate by her own country&#39;s people ?,0
H1-KEY,imUUYMi2FXw,2022-01-05T11:15:58Z,@pokpak8762,บูดจ้าบูดมากเหม็นบูดชีลูกหนังไม่ควรได้ไปต่อ,2
H1-KEY,imUUYMi2FXw,2022-01-05T11:15:55Z,@ทาสหมาและเจ้านาย,I’m ATHLETIC GIRL No 필요 없지 escort 내 안의 #Glowup 멈추지 않지 GO RUN!! #H1KEY #하이키 #ATHLETIC_GIRL,1
H1-KEY,imUUYMi2FXw,2022-01-05T11:15:40Z,@cherosqz7328,บ้ง,1
H1-KEY,imUUYMi2FXw,2022-01-05T11:15:27Z,@chutikanlakkampheng5988,ได้อยู่,2
H1-KEY,imUUYMi2FXw,2022-01-05T11:15:25Z,@Rockslipz,I like all three and the song is great. But I insist on liking only three. I can&#39;t like someone who ruined my life and so many people. I&#39;m really sorry.😊,0
H1-KEY,imUUYMi2FXw,2022-01-05T11:15:24Z,@อายีอาหยี๋-พ4ท,Are you proud of what you are? Really disgusting All Thai people have been struggling for years with what she has done. Many Thai children have to stop their dreams. because of what you did many years ago But did you follow your dreams?? Where&#39;s the justice? Dedicated to Sitala,1
H1-KEY,imUUYMi2FXw,2022-01-05T11:15:19Z,@merk__th133,Ot3,1
H1-KEY,imUUYMi2FXw,2022-01-05T11:15:05Z,@kxlkm86,1:24 This woman keeps the ratings low.🙃,0
H1-KEY,imUUYMi2FXw,2022-01-05T11:15:02Z,@h4vylous217,บูดค่ะนางลูกหนัง อย่ามามั่นมึงบูดค้า,2
H1-KEY,imUUYMi2FXw,2022-01-05T11:14:56Z,@madamasia2273,เพลงเพราะนะเเต่ท่าเต้นเปลกๆเเถมมีคนเเปลกพวกด้วย |||,2
H1-KEY,imUUYMi2FXw,2022-01-05T11:14:44Z,@FC-en5kz,🤢🤮🤮🤮🤮🤮🤮🤮🤮🤮🤮🤮🤮🤮🤮🤮🤮🤮🤮🤮🤮🤮🤮🤮🤮🤮🤮🤮🤮🤮🤮🤮🤮🤮🤮🤮🤮🤮🤮🤮,2
H1-KEY,imUUYMi2FXw,2022-01-05T11:14:12Z,@KpopPlane,kesini karena melihat showcase mereka. aku tidak tau apapun tentang mereka. ini benar-benar lagu yang bagus. aku menyukai bagian rapnya,1
H1-KEY,imUUYMi2FXw,2022-01-05T11:14:12Z,@alone6753,สงสารคนอื่นในวงอ่ะ ทุกอย่างดีหมดเลยถ้ามีแค่3คน,24
H1-KEY,imUUYMi2FXw,2022-01-05T11:14:00Z,@สิริญญานามโชติ,ปังนะ ปล่อยเพลงออกมา2ชั่วโมง ได้ยอดวิวตั้งหมื่นกว่า 🎉🎉,2
H1-KEY,imUUYMi2FXw,2022-01-05T11:13:48Z,@haruharull,lll,1
H1-KEY,imUUYMi2FXw,2022-01-05T11:13:48Z,@kanyaratsuethae5814,🤮🤮🤮🤮🤮🤮,2
H1-KEY,imUUYMi2FXw,2022-01-05T11:13:41Z,@kanyaratsuethae5814,🤢🤢🤢🤢🤢,2
H1-KEY,imUUYMi2FXw,2022-01-05T11:13:30Z,@ศิรินทิพย์เทียนทอง,เเอลโรบิค😒,2
H1-KEY,imUUYMi2FXw,2022-01-05T11:13:06Z,@alexxfox2925,Congrats gurls! Cant wait to see you guys live!!,68
H1-KEY,imUUYMi2FXw,2022-01-05T11:12:58Z,@amarawadeeseneechai8722,👍👍👍👍👍👍👍👍,0
H1-KEY,imUUYMi2FXw,2022-01-05T11:12:52Z,@bonnxbubbleg480,ในฐานะที่เปนคนไทย หนูจะกดไลค์ให้พี่ลูกหนังสองครั้งค่ะ,5
H1-KEY,imUUYMi2FXw,2022-01-05T11:12:49Z,@jaemon777,Love everything!! The song is catchy and you girls are so pretty and talented..❤❤❤,17
H1-KEY,imUUYMi2FXw,2022-01-05T11:12:46Z,@artsaurus_d,Nice concept and choreo &lt;3,22
H1-KEY,imUUYMi2FXw,2022-01-05T11:12:45Z,@userRanoni,Queens,0
H1-KEY,imUUYMi2FXw,2022-01-05T11:12:36Z,@favrainy_,ไม่ได้เต้นนะ โชว์ยิมนาสติก,1
H1-KEY,imUUYMi2FXw,2022-01-05T11:12:36Z,@YUMI-og1uj,I like all three very much.💗,2
H1-KEY,imUUYMi2FXw,2022-01-05T11:12:17Z,@donuttv1015,เสียงมีเสน่ห์มาก เพลงเพราะ ลายเต้นดีและชัด ชอบตอนพี่ลูกหนังแร็ปมาก ชอบมาก แต่งอีกนะคะ จะรอชมอีกค่ะ,2
H1-KEY,imUUYMi2FXw,2022-01-05T11:12:17Z,@arisarasilawat4607,Hate the supporters of the dictatorship that Thailand doesn&#39;t even deserve to debut.,0
H1-KEY,imUUYMi2FXw,2022-01-05T11:12:12Z,@amrinladayouknowyesiknow3984,love you lisaaa💖💖💖,2
H1-KEY,imUUYMi2FXw,2022-01-05T11:12:12Z,@michaeldeleon3251,Seunghyun I&#39;m miss you alot I always support you and all of your members in wm ggumnamu 🌳💚,0
H1-KEY,imUUYMi2FXw,2022-01-05T11:12:07Z,@26.17,เอ่อออ ไม่พูดดีกว่า,1
H1-KEY,imUUYMi2FXw,2022-01-05T11:11:57Z,@user-jm5dc7fd2w,"No matter what, you are still reputed to be the daughter of a dictator. You used to go out to blow the whistle and your father closed the airport. You destroyed the dreams of many Thai children. You said that Thailand is the best. Come and stay in Thailand. Don&#39;t go in Countries that have a democracy",1
H1-KEY,imUUYMi2FXw,2022-01-05T11:11:49Z,@NT-fk7ye,"❤️❤️❤️❤️ I love you all H1key, Sitala and Yel rap is perfect. 👍",18
H1-KEY,imUUYMi2FXw,2022-01-05T11:11:39Z,@paweethidaairair4486,ใครชอบก็เรื่องของมึง​ กูไ​ม่ชอบ​ กูจะเป็นแอนตี้🤡📸,4
H1-KEY,imUUYMi2FXw,2022-01-05T11:11:35Z,@speedup_f0rme,ก็ไม่เท่าไหร่เอาดีๆคือแย่อะอีคนทำลายประเทศ,2
H1-KEY,imUUYMi2FXw,2022-01-05T11:11:30Z,@พี่มิ้น-ฤ2น,ยังจะกล้าออกmv,0
H1-KEY,imUUYMi2FXw,2022-01-05T11:11:27Z,@jaemin_jeno1239,MVสวยนะ ว่าไม่ได้,0
H1-KEY,imUUYMi2FXw,2022-01-05T11:11:24Z,@sukans.3057,ไม่รู้สึกอะไรบ้างเลยหรอ ถามจริง?,0
H1-KEY,imUUYMi2FXw,2022-01-05T11:11:23Z,@favrainy_,แน่จริงแกก็เปิดdislikeดิเยอะแน่552525255526252555,0
H1-KEY,imUUYMi2FXw,2022-01-05T11:11:02Z,@anetaplaylist3433,Dance practice for this one would be lit 🙈,3
H1-KEY,imUUYMi2FXw,2022-01-05T11:10:40Z,@kkmtaya7055,อ้วกแทบพุ่ง,1
H1-KEY,imUUYMi2FXw,2022-01-05T11:10:30Z,@지훈-y8c,เป็นเพลงที่เหี้*มาก,1
H1-KEY,imUUYMi2FXw,2022-01-05T11:10:11Z,@user-rs9oe1cn5t,สู้ๆนะคะพี่ลิซ่า,1
H1-KEY,imUUYMi2FXw,2022-01-05T11:09:55Z,@bennynill6681,Fighthing H1-KEY gurllll woohoo!,0
H1-KEY,imUUYMi2FXw,2022-01-05T11:09:54Z,@pitz.chaxz.9460,อ๋อออ,1
H1-KEY,imUUYMi2FXw,2022-01-05T11:09:49Z,@pornpawee924,ทั้ง 3 คนเก่งมากๆเลยค่ะ👏🏻👏🏻👏🏻,22
H1-KEY,imUUYMi2FXw,2022-01-05T11:09:18Z,@pppppppppp_p10_,sitara 💩,0
H1-KEY,imUUYMi2FXw,2022-01-05T11:09:17Z,@lnwmanu5766,ไม่โชว์ยอด Dislike 👎,2
H1-KEY,imUUYMi2FXw,2022-01-05T11:09:08Z,@papajigg,i saw HOOK!!,0
H1-KEY,imUUYMi2FXw,2022-01-05T11:08:58Z,@ryushi_,"Why everyone look like sitala, What happening?",0
H1-KEY,imUUYMi2FXw,2022-01-05T11:08:54Z,@saudade4435,There&#39;s one thing for sure. Thai people are just angry and yeah they have every rights. Who fucking supports dictatorship btw. Inhumane,0
H1-KEY,imUUYMi2FXw,2022-01-05T11:08:48Z,@l1I1Il,wanna see the dislikes,1
H1-KEY,imUUYMi2FXw,2022-01-05T11:08:40Z,@iqdesign8341,ดีหมดยกเว้นลูกหนัง 😊,3
H1-KEY,imUUYMi2FXw,2022-01-05T11:08:19Z,@palisasuntorasawate116,สู้ๆนะลูกหนังแร๊ปเผ็ชมากค่ะป้าเป็นกำลังใจเล็กๆให้หนูนะคะ🇹🇭🖤🤎💞💚💗💙❤️💓❤️‍🩹❤️‍🔥,1
H1-KEY,imUUYMi2FXw,2022-01-05T11:08:06Z,@panggealyes3025,Scream guys 👌👌👌👌 ..very talented,3
H1-KEY,imUUYMi2FXw,2022-01-05T11:07:27Z,@woniebbl701,This is so cool,2
H1-KEY,imUUYMi2FXw,2022-01-05T11:07:22Z,@____isme7214,Sitala get out!,0
H1-KEY,imUUYMi2FXw,2022-01-05T11:07:17Z,@thamonthanyathondonlapuk6845,😍😍😍😍😍😍😍😍😍😍😍😍😍😍😍😍😍😍สุดยอดสวยทุกคนเลยเก่งมากๆ^^,3
H1-KEY,imUUYMi2FXw,2022-01-05T11:07:11Z,@arwenundomielles,Dislike 👎👎👎👎👎👎👎👎👎👎👎👎👎,5
H1-KEY,imUUYMi2FXw,2022-01-05T11:07:05Z,@biologyunkown1292,Perfect..🤩🤩🤩,18
H1-KEY,imUUYMi2FXw,2022-01-05T11:07:04Z,@iuprune,"Eu realmente gostei, elas tem talento. Espero que faça sucesso estarei torcendo por elas. 🇧🇷🇧🇷",9
H1-KEY,imUUYMi2FXw,2022-01-05T11:06:54Z,@JEMXliveChannel,Fighting !!!,7
H1-KEY,imUUYMi2FXw,2022-01-05T11:06:26Z,@maleesrakaew8235,So good,0
H1-KEY,imUUYMi2FXw,2022-01-05T11:06:16Z,@kornn6773,Wowwwww,0
H1-KEY,imUUYMi2FXw,2022-01-05T11:06:14Z,@milk-yd5rb,🤬🤬🤬🤬🤬🤬🤬🤬🤬🤬🤬,0
H1-KEY,imUUYMi2FXw,2022-01-05T11:06:12Z,@chompooj82,Congrats on your debut😍 น้องลูกหนังสวยมากกก เก่งมากๆค่ะ,5
H1-KEY,imUUYMi2FXw,2022-01-05T11:06:08Z,@maleesrakaew8235,🎉🎉🇹🇭💪👍👍👍,0
H1-KEY,imUUYMi2FXw,2022-01-05T11:06:00Z,@maleesrakaew8235,Gg,0
H1-KEY,imUUYMi2FXw,2022-01-05T11:05:49Z,@thaniz724,สลิ่มโบกธงเชียร์เหนื่อยยัง55555,3
H1-KEY,imUUYMi2FXw,2022-01-05T11:05:14Z,@am_ice0552,이 밴드에는 독재를 지지하는 멤버가 있으며 그녀는 태국 출신입니다🇹🇭!!,13
H1-KEY,imUUYMi2FXw,2022-01-05T11:05:08Z,@สกมลนพดลรัตน์กุล,Great opening for all H1-KEY members. Welcome all to the world of K-pop fans and non-fans. Sitala is the pride of Thailand and Thai people. Nice matching with her Korean bandmates. Thai people are following both Korean members as well as Sitala. Cheers!!! Nice debut indeed.,1
H1-KEY,imUUYMi2FXw,2022-01-05T11:05:00Z,@Yeodity,Wow🥰​🎶...ชอบๆ​...I love this song. {^~^}​💕​,4
H1-KEY,imUUYMi2FXw,2022-01-05T11:04:58Z,@rt-ik6lg,🤩🤩🤩🎊🎉🎉❤❤❤❤❤,1
H1-KEY,imUUYMi2FXw,2022-01-05T11:04:53Z,@xtenz416,10,0
H1-KEY,imUUYMi2FXw,2022-01-05T11:04:48Z,@xtenz416,9,0
H1-KEY,imUUYMi2FXw,2022-01-05T11:04:43Z,@xtenz416,8,0
H1-KEY,imUUYMi2FXw,2022-01-05T11:04:42Z,@cutelakwangvian2384,OMG😍 SUPER FIRE🔥They are amazing😍Love you all💕,11
H1-KEY,imUUYMi2FXw,2022-01-05T11:04:39Z,@xtenz416,7,0
H1-KEY,imUUYMi2FXw,2022-01-05T11:04:34Z,@xtenz416,6,0
H1-KEY,imUUYMi2FXw,2022-01-05T11:04:32Z,@jenniephounia1920,กากงับ,2
H1-KEY,imUUYMi2FXw,2022-01-05T11:04:30Z,@xtenz416,5,0
H1-KEY,imUUYMi2FXw,2022-01-05T11:04:25Z,@xtenz416,4,0
H1-KEY,imUUYMi2FXw,2022-01-05T11:04:21Z,@xtenz416,3,0
H1-KEY,imUUYMi2FXw,2022-01-05T11:04:17Z,@xtenz416,2,0
H1-KEY,imUUYMi2FXw,2022-01-05T11:04:13Z,@xtenz416,1,0
H1-KEY,imUUYMi2FXw,2022-01-05T11:04:10Z,@jkkanyakorn3483,#H1 -KEY Woww... เพอร์เฟค​ สวยวิชวลทุกคน​ ได้กลิ่นความปัง​ วงนี้จะดังแน่นอนค่ะ ไปให้สุดค่ะสาวๆ​ 🎉🎊💐💐💐,4
H1-KEY,imUUYMi2FXw,2022-01-05T11:04:07Z,@am_ice0552,이 밴드에는 독재를 지지하는 멤버가 있으며 그녀는 태국 출신입니다!!,4
H1-KEY,imUUYMi2FXw,2022-01-05T11:03:49Z,@A-ggang,뮤비 색감 진짜 좋고 구도도 엄청 좋고 너무 잘 찍었다 음악도 좋아요 멤버들 합도 진짜 좋고 준비 엄청 한 것 같네요 화이팅!! (근데 논란 멤버는...),17
H1-KEY,imUUYMi2FXw,2022-01-05T11:03:15Z,@ju9ills,หน้าด้านมากเลยงับชื่นชมๆ🥰🥰🥰🥰🥰🥰🥰🥰🥰,4
H1-KEY,imUUYMi2FXw,2022-01-05T11:03:05Z,@am_ice0552,This band has members supporting the dictatorship and she from Thailand.,1
H1-KEY,imUUYMi2FXw,2022-01-05T11:02:56Z,@onlypatcha4476,ดันทุรังจัง5555555555555,0
H1-KEY,imUUYMi2FXw,2022-01-05T10:59:26Z,@lastwordproject,lll,2
H1-KEY,imUUYMi2FXw,2022-01-05T10:59:03Z,@jerdjin,"Perfect, good job",4
H1-KEY,imUUYMi2FXw,2022-01-05T10:59:02Z,@NoName-us3xe,กดดิสไลค์ให้แล้ว👎👎👎,0
H1-KEY,imUUYMi2FXw,2022-01-05T10:58:26Z,@양몽콜,Woww🥰 Iove your song I love your dance.,2
H1-KEY,imUUYMi2FXw,2022-01-05T10:57:39Z,@Sainttแซงต์,Dictator&#39;s Child 😌👏🏻,4
H1-KEY,imUUYMi2FXw,2022-01-05T10:57:21Z,@iamdaisy4858,สลิ่ม,3
H1-KEY,imUUYMi2FXw,2022-01-05T10:57:07Z,@kpopmixstan,"But girls .. why you are so tall :&#39;) 169, 172, 173 ,172 ...may god protect you",1
H1-KEY,imUUYMi2FXw,2022-01-05T10:56:16Z,@yupgiboyza,So beautiful !! #SITALA,3
H1-KEY,imUUYMi2FXw,2022-01-05T10:56:04Z,@line7685,the voices are amazing omg,22
H1-KEY,imUUYMi2FXw,2022-01-05T10:56:03Z,@Sainttแซงต์,รอสมน้ำหน้าอยู่นะคะ จุ้บๆ,2
H1-KEY,imUUYMi2FXw,2022-01-05T10:55:24Z,@ปฏิพัทธ์-ฝ4ฎ,สู้ๆนะครับ,2
H1-KEY,imUUYMi2FXw,2022-01-05T10:54:35Z,@catarwow6502,dictator girl group . May there be an only disaster in K-pop.,0
H1-KEY,imUUYMi2FXw,2022-01-05T10:54:34Z,@tigertigger6001,เพราะครับคนไทยทุกคนเป็นกำลังใจให้ลูกหนังนะ❤️❤️,3
H1-KEY,imUUYMi2FXw,2022-01-05T10:54:34Z,@Alifah-jb8qd,Nice song omg,0
H1-KEY,imUUYMi2FXw,2022-01-05T10:54:18Z,@pang_dnp9158,🤢🤢🤮🤮 #Bansitala,5
H1-KEY,imUUYMi2FXw,2022-01-05T10:54:14Z,@bkk1157,🤢🤢🤢🤢🤢🤢🤮🤮🤮🤮🤮🤢🤢🤮🤢🤮🤮🤮🤮🤢🤢🤢🤢🤢🤢🤢🤢🤢🤢🤮👎👎👎👎,2
H1-KEY,imUUYMi2FXw,2022-01-05T10:54:09Z,@เพลงที่ชอบ-ม5ห,มาเเสดง กำลังใจ ให้น้องลูกหนัง ครับ นี้ คือ การเริ่มต้น ยังมีสนามอีกยาวไกล เเต่ไปให้ถึงฝั่ง ฝัน น่ะ ครับผม 💛คิดจะเป็นเสือ อย่าไป สนใจ หมาเห่า,3
H1-KEY,imUUYMi2FXw,2022-01-05T10:54:08Z,@enseven13,ชอบครับ Overall เยี่ยม เป็นกำลังใจให้ครับผม &lt;3,5
H1-KEY,imUUYMi2FXw,2022-01-05T10:53:15Z,@otakulife9275,Congrats on ur debut!! I love the song!,24
H1-KEY,imUUYMi2FXw,2022-01-05T10:53:04Z,@aoraurora3483,"Wow! perfect debut, I love it. H1-KEY fighting !",80
H1-KEY,imUUYMi2FXw,2022-01-05T10:52:58Z,@kpopmixstan,No one like them This song sounds weird to me but at the same time it&#39;s make me wanna listen to it more than 100x times I love it Fighting girls ... Don&#39;t listen to haters,16
H1-KEY,imUUYMi2FXw,2022-01-05T10:52:55Z,@keawintaratong6888,Let&#39;go,0
H1-KEY,imUUYMi2FXw,2022-01-05T10:52:14Z,@catarwow6502,그들을 죽이기 위해 서울로 걸어가는 폭군을 보지 마십시오.,1
H1-KEY,imUUYMi2FXw,2022-01-05T10:50:53Z,@wasanthonsrirash2949,Love​ from Thailand.,3
H1-KEY,imUUYMi2FXw,2022-01-05T10:50:35Z,@comewithme9683,❤️❤️❤️,2
H1-KEY,imUUYMi2FXw,2022-01-05T10:50:28Z,@NeverGiveUp-jm3me,i like this song i like girls #HI -KEY #SPORTSGIRLS,17
H1-KEY,imUUYMi2FXw,2022-01-05T10:49:52Z,@PaCatcat,Cool,1
H1-KEY,imUUYMi2FXw,2022-01-05T10:49:21Z,@iowa6363,ot3 for me,2
H1-KEY,imUUYMi2FXw,2022-01-05T10:49:08Z,@shuretty6963,H1 girls,1
H1-KEY,imUUYMi2FXw,2022-01-05T10:48:37Z,@1theklipsmovierecap,They do have an athletic body,7
H1-KEY,imUUYMi2FXw,2022-01-05T10:48:22Z,@livee8048,มีสลิ่ม1ตัว,2
H1-KEY,imUUYMi2FXw,2022-01-05T10:48:21Z,@shuretty6963,Perfect girls,11
H1-KEY,imUUYMi2FXw,2022-01-05T10:48:20Z,@letsdive1780,Wow H1-KEY,5
H1-KEY,imUUYMi2FXw,2022-01-05T10:47:32Z,@extremedesign1,All 4 of them are awesome. May you be famous all over the world.,39
H1-KEY,imUUYMi2FXw,2022-01-05T10:47:11Z,@saisudy5030,มีสลิ่ม1,2
H1-KEY,imUUYMi2FXw,2022-01-05T10:47:10Z,@devhasya,IM SPEECHLESS,0
H1-KEY,imUUYMi2FXw,2022-01-05T10:45:54Z,@twinsmarvelmoneymhanee4675,support you from thailand,4
H1-KEY,imUUYMi2FXw,2022-01-05T10:45:52Z,@inspijk5173,สุดยอด เสียงเอกลักษณ์ดี👍,9
H1-KEY,imUUYMi2FXw,2022-01-05T10:45:42Z,@สมเกรียนหมูแพง,เพลงสนุกดี ชอบ รักศีตาลา,0
H1-KEY,imUUYMi2FXw,2022-01-05T10:44:54Z,@jitsupajsamnuan8499,เก่งมากค่ะ4สาว blackpink,3
H1-KEY,imUUYMi2FXw,2022-01-05T10:44:18Z,@fairymaan,"this is really good, i&#39;m happily suprised! will be checking this group out more!",50
H1-KEY,imUUYMi2FXw,2022-01-05T10:44:05Z,@stmpz5892,COOL AND STRONG,4
H1-KEY,imUUYMi2FXw,2022-01-05T10:43:52Z,@IamGUNNN,กรี๊ดดด ดืออออมากเลยยย สู้ๆ นะครับ ไอบึ,22
H1-KEY,imUUYMi2FXw,2022-01-05T10:43:19Z,@Raphael-2,"THE MV LOOKS AMAZING !! This group has so much potential, this needs to blow up",83
H1-KEY,imUUYMi2FXw,2022-01-05T10:43:09Z,@ThailandWorld-OK,i like this song &amp; performance,5
H1-KEY,imUUYMi2FXw,2022-01-05T10:42:54Z,@draw1340,브라보,0
H1-KEY,imUUYMi2FXw,2022-01-05T10:42:27Z,@bangbang67890,มาดูเม้นสลิ่ม !,4
H1-KEY,imUUYMi2FXw,2022-01-05T10:42:23Z,@13oecyyxy45,OT3 :) fighting girls,0
H1-KEY,imUUYMi2FXw,2022-01-05T10:42:17Z,@sunoo515,สู้ๆสาวๆทั่ง4เป็นกำลังใจไห้💘,15
H1-KEY,imUUYMi2FXw,2022-01-05T10:42:06Z,@rebecca-qx6xr,perfection,3
H1-KEY,imUUYMi2FXw,2022-01-05T10:41:59Z,@hunah444,Stan H1key! 0:15 Riina 0:23 Seoi 1:23 Sitala 1:34 Yel,15
H1-KEY,imUUYMi2FXw,2022-01-05T10:41:54Z,@sunoo515,ปังเด้อสูว่าบ่ได๋,3
H1-KEY,imUUYMi2FXw,2022-01-05T10:41:44Z,@NoThinkThatMuch,ชอบนะ😘 ชอบ concept ชอบท่อนที่ใช้พลังเสียงในการร้อง เสียงพุ่งได้อยู่นะ แร๊พก็เท่ดี SITALA เสียงต่ำห้าวๆ น้อง YEL คือแสบซ่าๆ RIINA คือเฟียซมาก SEOI ก็เสียงหวาน มีสเน่ห์ โดยรวมเพลงออกมาดีนะ รอดูพัฒนาการเลยจ้า👍👍😍,21
H1-KEY,imUUYMi2FXw,2022-01-05T10:41:43Z,@sunoo515,WOW,0
H1-KEY,imUUYMi2FXw,2022-01-05T10:41:21Z,@st3599,曲めっちゃいい！！！！ソイちゃんかわいい😭,59
H1-KEY,imUUYMi2FXw,2022-01-05T10:40:16Z,@juliaskz,This Song is very addictive,4
H1-KEY,imUUYMi2FXw,2022-01-05T10:40:12Z,@sassawatchoochottavorn3810,Prettiest girl group ever,1
H1-KEY,imUUYMi2FXw,2022-01-05T10:39:51Z,@juliaskz,Let&#39;s give our girls a lot of support. &lt;3,14
H1-KEY,imUUYMi2FXw,2022-01-05T10:39:15Z,@redferrari,Incredible performance,0
H1-KEY,imUUYMi2FXw,2022-01-05T10:39:11Z,@juliaskz,best debut!!,0
H1-KEY,imUUYMi2FXw,2022-01-05T10:38:53Z,@chanonnicky9987,มิสสิควิดีโอ เสียงร้อง ความสวย ครบ สุดยอด👍👍👍,5
H1-KEY,imUUYMi2FXw,2022-01-05T10:38:26Z,@ด.ช.ปังปอน,"wonderful song, I love SITALA",9
H1-KEY,imUUYMi2FXw,2022-01-05T10:37:51Z,@lovepenthousedrama9630,Wow wow wow its really good !!,0
H1-KEY,imUUYMi2FXw,2022-01-05T10:37:50Z,@user-ic4qb5su8r,ตั้วไม่น่ารีบตายเลยเนาะ น่าจะอยู่ดูลูกโยนขี้ให้พ่อก่อน,2
H1-KEY,imUUYMi2FXw,2022-01-05T10:37:46Z,@koala_SJ,good luck H1-KEY,0
H1-KEY,imUUYMi2FXw,2022-01-05T10:37:23Z,@ด.ช.ปังปอน,สำเนีย sitala เป๊ะมาก ปังแน่ๆจ้า,1
H1-KEY,imUUYMi2FXw,2022-01-05T10:37:16Z,@user-ji7ng7lz8n,ฟังแล้วเสนียดติดหูไปฟังลาลิษาเพื่อล้างเสนียดดีกว่า #bansitala,2
H1-KEY,imUUYMi2FXw,2022-01-05T10:36:40Z,@xiaoli5460,สภาพพ,2
H1-KEY,imUUYMi2FXw,2022-01-05T10:36:39Z,@erinoret,หุ่นดีกันทุกคนเลยนะ,1
H1-KEY,imUUYMi2FXw,2022-01-05T10:36:26Z,@kimimiki9929,"Sitala get out, You should go back to your country and look what you&#39;ve made",0
H1-KEY,imUUYMi2FXw,2022-01-05T10:36:25Z,@Noni_16ll,شذا الجمال شذي الروعه شذا الابداع ^^,1
H1-KEY,imUUYMi2FXw,2022-01-05T10:36:00Z,@adlina9030,"나는 그 노래를 좋아해, 그것은 좋아!",0
H1-KEY,imUUYMi2FXw,2022-01-05T10:35:10Z,@oyenberbuluketiak1794,♡︎,0
H1-KEY,imUUYMi2FXw,2022-01-05T10:34:51Z,@pimmarry2762,❤️❤️,0
H1-KEY,imUUYMi2FXw,2022-01-05T10:34:34Z,@meteumemymidzy3947,Kecee,0
H1-KEY,imUUYMi2FXw,2022-01-05T10:33:42Z,@matchaer4138,"This girls so stunning, the song so🤩",31
H1-KEY,imUUYMi2FXw,2022-01-05T10:33:06Z,@movie_jjx.channels3136,สู้ๆนะ สาวๆBlackpink เลิกขายของแล้วกลับมาร้องเพลงได้แล้ว,1
H1-KEY,imUUYMi2FXw,2022-01-05T10:32:57Z,@Chancesean439,I wasn&#39;t expecting it to sound so good,28
H1-KEY,imUUYMi2FXw,2022-01-05T10:32:37Z,@mayumimcdison6514,พี่สาวชาวไทย คุณน้องลูกหนังนางบอกอยากอยู่อย่างสันติค่าาา😌(🙄) พูดง่ายอ่า แกมาดูคนที่ได้รับผลกระทบจากคนบ้านแก ลองมาเป็นแบบนี้ดูบ้าง คนแบบนี้สันติไม่ใช่ทางออกเนอะ,7
H1-KEY,imUUYMi2FXw,2022-01-05T10:32:28Z,@MRCHAI-kw3et,สุดยอดครับ...น้องลูกหนัง 💗💗💗💗💗💗💗💗👍👍👍👍👍👍👍👍👍💗💗💗,0
H1-KEY,imUUYMi2FXw,2022-01-05T10:32:20Z,@leeheeseunglover2001,Favorite song!!!,2
H1-KEY,imUUYMi2FXw,2022-01-05T10:32:09Z,@HappyKanomKrox,"amazing!!! 🥰🥰🥰🥰 Sitala, you are awesome!!!!! 💛💛💛💛💛💛💛💛💛💛💛💛💛",29
H1-KEY,imUUYMi2FXw,2022-01-05T10:31:53Z,@2tssk,Low class girl group,0
H1-KEY,imUUYMi2FXw,2022-01-05T10:30:53Z,@whatido.whoami,❤❤❤❤❤❤,1
H1-KEY,imUUYMi2FXw,2022-01-05T10:30:31Z,@ทรงชัยแซ่โต๋ว,👏👏👏👍👍👍🤟🤟🤟😍😍😍♥️♥️♥️,1
H1-KEY,imUUYMi2FXw,2022-01-05T10:30:26Z,@Smttmbt,❤️❤️❤️❤️,1
H1-KEY,imUUYMi2FXw,2022-01-05T10:30:02Z,@theyansterr,Damn this is a really cool debut song,4
H1-KEY,imUUYMi2FXw,2022-01-05T10:30:02Z,@MR-fc6tu,Wow!They are so good.I&#39;m waiting their stage.,64
H1-KEY,imUUYMi2FXw,2022-01-05T10:30:02Z,@user-ez6nm3ej4l,シ︎,0
H1-KEY,imUUYMi2FXw,2022-01-05T10:29:57Z,@โมลีจะไป,🙄🙄🙄🙄🙄,0
H1-KEY,imUUYMi2FXw,2022-01-05T10:29:48Z,@양병규-q4d,I love this song🥰,9
H1-KEY,imUUYMi2FXw,2022-01-05T10:29:03Z,@sonatwice9457,Wow as expected the song is amazing!!! I love this concept and this sound,14
H1-KEY,imUUYMi2FXw,2022-01-05T10:28:30Z,@망나뇽뇽-w4j,1군급 포텐 ㄷㄷㄷㄷ 홍보가 안된게 너무 아쉽네,1
H1-KEY,imUUYMi2FXw,2022-01-05T10:28:25Z,@moulinmoulin4253,SITALA SEOI RIINA YEL👍😍,0
H1-KEY,imUUYMi2FXw,2022-01-05T10:27:46Z,@user-ez6nm3ej4l,WOW,0
H1-KEY,imUUYMi2FXw,2022-01-05T10:27:28Z,@Minmin-fi1jn,The song is good :O,1
H1-KEY,imUUYMi2FXw,2022-01-05T10:27:25Z,@ศิรินทร์ลดาหมานมานะ,Wow they are so beautiful XXX❤️❤️❤️,7
H1-KEY,imUUYMi2FXw,2022-01-05T10:27:01Z,@khonsuay6450,เพลงดีชุดดีเทสดีเสียงไพเราะแนะนำวงtreasureนะคะหล่อทุกคนเลยค่ะ💓,95
H1-KEY,imUUYMi2FXw,2022-01-05T10:26:53Z,@idkannaclara,tudo perfeito.,4
H1-KEY,imUUYMi2FXw,2022-01-05T10:26:41Z,@mitritham8626,🇹🇭🇹🇭🇹🇭🇹🇭👍👍👍👍🇰🇷🇰🇷🇰🇷🇰🇷,0
H1-KEY,imUUYMi2FXw,2022-01-05T10:26:32Z,@leeheeseunglover2001,ʏᴇss,1
H1-KEY,imUUYMi2FXw,2022-01-05T10:25:04Z,@TheZeya5,"Congratulations to the dictator&#39;s daughter for making her debut in a democratic country. She should have debuted in North Korea more. or come back to Thailand We&#39;re waiting for you to go to hell together, Sritala.",2
H1-KEY,imUUYMi2FXw,2022-01-05T10:25:01Z,@TikTok-jx1cc,💯✨,0
H1-KEY,imUUYMi2FXw,2022-01-05T10:24:50Z,@TikTok-jx1cc,AMAZING!!🔥,9
H1-KEY,imUUYMi2FXw,2022-01-05T10:24:42Z,@nontapan.sriakkrapong,"Congratulations girls. Strong steps and singing with full of joy , confident and beautiful, they are the great debut. Keep fighting #H1KEY and #SITALA . 🥰",6
H1-KEY,imUUYMi2FXw,2022-01-05T10:24:36Z,@shuretty6963,2:35 i love this part,9
H1-KEY,imUUYMi2FXw,2022-01-05T10:24:31Z,@TikTok-jx1cc,H1-KEY🔥,0
H1-KEY,imUUYMi2FXw,2022-01-05T10:24:21Z,@TikTok-jx1cc,GO GO GO🔥,0
H1-KEY,imUUYMi2FXw,2022-01-05T10:24:16Z,@shuretty6963,The mv is interesting,0
H1-KEY,imUUYMi2FXw,2022-01-05T10:24:00Z,@รัตถพงศ์ภู,เก่งมากๆ,0
H1-KEY,imUUYMi2FXw,2022-01-05T10:23:50Z,@shuretty6963,OMG im in love with seoi voice,3
H1-KEY,imUUYMi2FXw,2022-01-05T10:23:26Z,@TikTok-jx1cc,H1-KEY💯✨,0
H1-KEY,imUUYMi2FXw,2022-01-05T10:23:18Z,@kengkaimongta7701,Ban thailand,0
H1-KEY,imUUYMi2FXw,2022-01-05T10:23:12Z,@Chief6435,Love SITALA Rap Part so goodddddddddddddddddddddddddddddddd,33
H1-KEY,imUUYMi2FXw,2022-01-05T10:23:00Z,@imazhiim1055,Amazing debuttt h1-key!!!!,17
H1-KEY,imUUYMi2FXw,2022-01-05T10:22:54Z,@charm6973,U r superb !!! Sitala . 🔥🔥🔥,14
H1-KEY,imUUYMi2FXw,2022-01-05T10:22:44Z,@mabuhayuniverse1454,Copy blackpink,0
H1-KEY,imUUYMi2FXw,2022-01-05T10:22:21Z,@cherryist.,THIS IS SO INCREDIBLE HOW HAVE I NOT HEARD OF THEM YET?!?!,22
H1-KEY,imUUYMi2FXw,2022-01-05T10:22:11Z,@nursajatgonggong4590,シ︎,0
H1-KEY,imUUYMi2FXw,2022-01-05T10:21:32Z,@วิรัต2538,สุดยอด🇹🇭😍,2
H1-KEY,imUUYMi2FXw,2022-01-05T10:21:21Z,@wpdiypwcactus6487,"Wow, you guys did a great job. I love the song. I feel like it&#39;s really cool. I&#39;m rooting for everyone. ♥️♥️♥️♥️ 🎊🎉",9
H1-KEY,imUUYMi2FXw,2022-01-05T10:21:04Z,@TH-JP2003,ยอดวิวปังมากครับ 1วัน10กว่าล้านวิววแล้วKe1per,15
H1-KEY,imUUYMi2FXw,2022-01-05T10:21:00Z,@macb00kpro43,"wow, so good this song is so good.",32
H1-KEY,imUUYMi2FXw,2022-01-05T10:20:57Z,@pensripraseeratesang5399,love love,0
H1-KEY,imUUYMi2FXw,2022-01-05T10:20:30Z,@alexjoess6945,อยากดูยอดขายอัลบั้มมากกว่านะ ขายไปได้เท่าไหร่แล้ว5555555555,2
H1-KEY,imUUYMi2FXw,2022-01-05T10:20:24Z,@notbillcipher,i don&#39;t know if it&#39;s the lighting or makeup or cinematography but it makes them look so much prettier and more natural than usual gg mvs,119
H1-KEY,imUUYMi2FXw,2022-01-05T10:19:50Z,@Sabye_Sabye_channel,Cool. 100ล้านวิวแน่นอนเพลงนี้ติดหูมาก,0
H1-KEY,imUUYMi2FXw,2022-01-05T10:19:15Z,@urBoyCJ,ว้ายๆๆ มีลูกสลิ่มด้วย,1
H1-KEY,imUUYMi2FXw,2022-01-05T10:18:58Z,@จ้นทร์ทิพย์ป้อมสุข,โอ้..แม่เจ้า..เป็นวง girl group.ที่สุดยอดมาก วงนี้ดังเปรี้ยงปร้าง..แน่นอนค่ะ แต่ละนางเสียงไพเราะมาก ดนตรีเร้าใจให้ติดตาม ตลอดทั้งเพลง ทุกคนในวง สวย.และน่ารักหมด หุ่นดีมากทุกคน โดยเฉพาะน้องลูกหนัง แร็พ.ได้ดีอ่ะ นี่ไม่ได้เป็นติ่งน๊ะ แต่ดูกี่รอบก็ชอบมากค่ะ,6
H1-KEY,imUUYMi2FXw,2022-01-05T10:18:44Z,@TheSup1975,Love you 💕💕❤️❤️😍😍😍,1
H1-KEY,imUUYMi2FXw,2022-01-05T10:18:30Z,@huihuali717,Fighting!!!,0
H1-KEY,imUUYMi2FXw,2022-01-05T10:18:14Z,@sofifia_t2027,BRO THATS THE BEST DEBUT I’VE SEEN,13
H1-KEY,imUUYMi2FXw,2022-01-05T10:18:04Z,@Jokaiden,Oh!Girls look really cool style,1
H1-KEY,imUUYMi2FXw,2022-01-05T10:18:03Z,@Altiel-7467,เพลงดีนะเราว่า แต่ท่าเต้นมันดูแปลกๆ อะ เหมือนท่ากายภาพบําบัดเลย,0
H1-KEY,imUUYMi2FXw,2022-01-05T10:18:00Z,@모충동장군,노래 좋은데 중소 답지 촌스럽지 않게 잘뽑았네,0
H1-KEY,imUUYMi2FXw,2022-01-05T10:17:40Z,@imyourcxtee9383,เป็นเพลงที่แย่มากค่ะ🥰🥰 ฟังแล้วหูเคลือบดินเลยค่ะ,5
H1-KEY,imUUYMi2FXw,2022-01-05T10:17:36Z,@zrliu8116,승현아 데뷔 축하해요. 응원할게요. 하이키 화이팅!,7
H1-KEY,imUUYMi2FXw,2022-01-05T10:17:32Z,@นารูโตะนะจ๊ะ-ฏ7ภ,Love😍😍,1
H1-KEY,imUUYMi2FXw,2022-01-05T10:16:56Z,@heelift391,เสียดายอีก3 คนนะเสียงเพราะ เเต่ก็นั่นเเหละ 55,2
H1-KEY,imUUYMi2FXw,2022-01-05T10:16:40Z,@somtratra5582,Goodddd,0
H1-KEY,imUUYMi2FXw,2022-01-05T10:16:10Z,@jangykiky,💖💖💖,1
H1-KEY,imUUYMi2FXw,2022-01-05T10:16:06Z,@hathaipornhathaiporn2964,I love h1-key.💕,6
H1-KEY,imUUYMi2FXw,2022-01-05T10:15:50Z,@loveme4reasons,So beautiful 💗💗💗,1
H1-KEY,imUUYMi2FXw,2022-01-05T10:15:50Z,@uoiyui6865,Hot🔥🔥,0
H1-KEY,imUUYMi2FXw,2022-01-05T10:15:49Z,@idfynthh,you did a good job! your training is not in vain! well done😍🤩😘🥰,40
H1-KEY,imUUYMi2FXw,2022-01-05T10:15:41Z,@zrliu8116,All the best for the girls!,6
H1-KEY,imUUYMi2FXw,2022-01-05T10:15:34Z,@moulinmoulin4253,H1-KEY Let&#39;s go🙌❤,8
H1-KEY,imUUYMi2FXw,2022-01-05T10:15:29Z,@Tikynaz,"Sitala, I support you. Awesome girl group.",8
H1-KEY,imUUYMi2FXw,2022-01-05T10:15:25Z,@amarawadeeseneechai8722,😚🥰🥰🥰🥰🥰💘💘💘💘,0
H1-KEY,imUUYMi2FXw,2022-01-05T10:15:22Z,@bo3912,sitala กล้าบอกให้คนไทยในประเทศอยู่อย่างสงบสุข? สอนให้ตัวเองมีความเป็นคนก่อน โคตรทุเรศ สลิ่มเอ้ย อีก3 คนก็สู้ๆนะคะ,3
H1-KEY,imUUYMi2FXw,2022-01-05T10:15:19Z,@rainjung2206,Good Good Good 👍👍👍,0
H1-KEY,imUUYMi2FXw,2022-01-05T10:15:11Z,@idollastandolla6961,H1-KEY,0
H1-KEY,imUUYMi2FXw,2022-01-05T10:15:06Z,@ilanesrn,ถ้าตัดความอคติออกไปคือเพลงดีเลยนะ ติดหู,8
H1-KEY,imUUYMi2FXw,2022-01-05T10:14:42Z,@idollastandolla6961,LOVE THIS SONG,19
H1-KEY,imUUYMi2FXw,2022-01-05T10:14:16Z,@chaleetum,WOW..Soooo good,2
H1-KEY,imUUYMi2FXw,2022-01-05T10:14:15Z,@iliasrigas6768,❤️yel❤️ ❤️Seoi❤️ ❤️Sitala❤️ ❤️Riina❤️ 💖H1-key💖,2
H1-KEY,imUUYMi2FXw,2022-01-05T10:13:41Z,@ll-wh5tu,"I loved this debut, so perfect!!!! 🥰",65
H1-KEY,imUUYMi2FXw,2022-01-05T10:13:35Z,@เสือเสือ-ฐ9บ,😍🔥😍🤟love,1
H1-KEY,imUUYMi2FXw,2022-01-05T10:13:28Z,@supattrakannuch5439,Great,1
H1-KEY,imUUYMi2FXw,2022-01-05T10:13:24Z,@Artyshiya,They will surely gain popularity this debut is bop!,16
H1-KEY,imUUYMi2FXw,2022-01-05T10:13:20Z,@su_q8819,ถ้าพูดถึงเรื่องความสามารถก็คงต้องยอม🙂👍,3
H1-KEY,imUUYMi2FXw,2022-01-05T10:12:49Z,@FanBOYZi,ท่าเต้นคือดีมากค่ะ ทำนองน่าจดจำ รักนะคะ backstreet boys😍😍😍😍,4
H1-KEY,imUUYMi2FXw,2022-01-05T10:12:37Z,@pimthaimaidaitv5507,เเร็ปเอกกูดูดีขึ้นมาทันที,0
H1-KEY,imUUYMi2FXw,2022-01-05T10:12:33Z,@Moeimieo1,Dictators will love this song.,1
H1-KEY,imUUYMi2FXw,2022-01-05T10:12:26Z,@jhopesspriteufellinniagara163,🤩,1
H1-KEY,imUUYMi2FXw,2022-01-05T10:12:15Z,@idollastandolla6961,AMAZING !!,15
H1-KEY,imUUYMi2FXw,2022-01-05T10:12:14Z,@miracat7730,เต้นเหมือนกายภาพบำบัด สงสารคนในวงที่มีสลิ่ม,1
H1-KEY,imUUYMi2FXw,2022-01-05T10:11:57Z,@claritorommelf.5823,Amazinggggg omg,3
H1-KEY,imUUYMi2FXw,2022-01-05T10:11:47Z,@idfynthh,good luck to you girls! you are very cool. from Russia,2
H1-KEY,imUUYMi2FXw,2022-01-05T10:11:34Z,@นานานานา-ถ2ศ,สุดยอด😍😍 #h1key,4
H1-KEY,imUUYMi2FXw,2022-01-05T10:11:34Z,@engene873,คนไทยว่าไงอ่ะ,1
H1-KEY,imUUYMi2FXw,2022-01-05T10:11:22Z,@นัฐพลอรุณกิจชัย,❤️👍,1
H1-KEY,imUUYMi2FXw,2022-01-05T10:11:13Z,@Khunkatuii,ยินดีด้วยกับการเดบิวต์ของสี่สาว ~~ เป็นกำลังใจให้น้องๆ ครับ fighting !! (≧ω≦)(≧ω≦)(≧ω≦),6
H1-KEY,imUUYMi2FXw,2022-01-05T10:11:01Z,@exsundalberbulu6399,シ︎,0
H1-KEY,imUUYMi2FXw,2022-01-05T10:10:46Z,@stardiy6534,Love H1-KEY Love SITALA❤❤💖💖,8
H1-KEY,imUUYMi2FXw,2022-01-05T10:10:42Z,@beowner7725,SITALA 🥰🥰🥰🥰🥰,2
H1-KEY,imUUYMi2FXw,2022-01-05T10:10:34Z,@julapornpadungsak739,I&#39;ll be their fan..,3
H1-KEY,imUUYMi2FXw,2022-01-05T10:10:21Z,@ort7839,Nice performed! 👍👍👍,3
H1-KEY,imUUYMi2FXw,2022-01-05T10:09:41Z,@rapeepanchuekittisak2125,Fighting 🤟🏻🤟🏻🤟🏻,5
H1-KEY,imUUYMi2FXw,2022-01-05T10:09:17Z,@kongngunsripanuskul7253,สี่สาวสวยมากจริงๆ,3
H1-KEY,imUUYMi2FXw,2022-01-05T10:08:37Z,@คูณแสงทองคํา,แร็ฟคึอดีมากๆๆคะ🥰🥰🥰💓💓💓,9
H1-KEY,imUUYMi2FXw,2022-01-05T10:07:52Z,@김외금-l8o,SEOI is great!! ❤ Fantastic!!,2
H1-KEY,imUUYMi2FXw,2022-01-05T10:07:46Z,@supachaipumarin340,GoOd​ job,1
H1-KEY,imUUYMi2FXw,2022-01-05T10:07:41Z,@7MetalStar,Thailand🥇,2
H1-KEY,imUUYMi2FXw,2022-01-05T10:07:39Z,@aaaalyw8568,Sitala noob 👎🏻👎🏻👎🏻👎🏻👎🏻👎🏻👎🏻👎🏻👎🏻👎🏻👎🏻👎🏻👎🏻👎🏻👎🏻👎🏻👎🏻👎🏻👎🏻👎🏻👎🏻👎🏻👎🏻👎🏻👎🏻👎🏻👎🏻👎🏻👎🏻👎🏻👎🏻👎🏻👎🏻👎🏻👎🏻👎🏻👎🏻👎🏻👎🏻👎🏻👎🏻👎🏻👎🏻👎🏻👎🏻👎🏻👎🏻👎🏻👎🏻👎🏻👎🏻👎🏻👎🏻👎🏻👎🏻👎🏻👎🏻👎🏻👎🏻👎🏻👎🏻👎🏻👎🏻👎🏻👎🏻👎🏻👎🏻👎🏻👎🏻👎🏻👎🏻👎🏻👎🏻👎🏻👎🏻👎🏻👎🏻👎🏻👎🏻👎🏻👎🏻👎🏻👎🏻👎🏻👎🏻👎🏻,0
H1-KEY,imUUYMi2FXw,2022-01-05T10:07:35Z,@eliass4291,A bop,1
H1-KEY,imUUYMi2FXw,2022-01-05T10:07:28Z,@eliass4291,A very solid debut!,8
H1-KEY,imUUYMi2FXw,2022-01-05T10:07:27Z,@alexbussaba7508,ท่อนจบเหมือนไม่จบ อ้าว ยังไม่จบเหรอ กำลังบิวท์ๆ อ้าวจบละ แต่ชอบบีทชอบท่าเต้นชอบการแบ่งพาร์ทร้องของสาวๆ ลงตัวดีทั้งสี่คน มีคนบอกว่าใช้ ref ของดำชมพู แต่นี่มองแว๊บแรกคิดว่าเป็นองค์สาวเอมากกว่า คาแรคเตอร์สาวผมยาวหน้าม้า นี่ซูจีชัดๆ ฟังไปดูไปหาผ้ามาคล้องเสาเตรียมโยคะฟลายตาม #supportHiKey,2
H1-KEY,imUUYMi2FXw,2022-01-05T10:07:25Z,@Itsmetatar,let&#39;s go 3 Korean girls 💖 #OT3,0
H1-KEY,imUUYMi2FXw,2022-01-05T10:07:02Z,@aoraaurora,Stunning for me. fighting !!,1
H1-KEY,imUUYMi2FXw,2022-01-05T10:06:55Z,@KrystalStyle,Keep Going Girl 💕🎶,6
H1-KEY,imUUYMi2FXw,2022-01-05T10:06:55Z,@ikrzz,"That sounds so so good, they are so talented!! H1-KEY FIGHTING!!&lt;33",15
H1-KEY,imUUYMi2FXw,2022-01-05T10:06:17Z,@katerina_dan,"Потрясающая песня, хороший клип, девочки хорошо постарались ради дебюта. Надеюсь они станут очень успешной группой!!",26
H1-KEY,imUUYMi2FXw,2022-01-05T10:06:06Z,@channel-xz6zn,they are very good Beautiful strong dance. I like it very much. The MV is very good. I like them very much. ready to support them.,4
H1-KEY,imUUYMi2FXw,2022-01-05T10:06:00Z,@wintersome4933,"i love the song, i was so shocked about how good it is!",16
H1-KEY,imUUYMi2FXw,2022-01-05T10:05:56Z,@anguilita_morenita,"oh wow... this is actually a solid debut, the song is fire! the rap is so good ! i like how this sounds like a 2nd gen kpop song but it also has present day types of styles to it",42
H1-KEY,imUUYMi2FXw,2022-01-05T10:05:53Z,@방과후설레는덕질활동,일본애니 주인공 각성할때 같은 브금에 kpop을 합쳐놓은느낌인데 신박해서 좋다,0
H1-KEY,imUUYMi2FXw,2022-01-05T10:05:51Z,@Rຮt,STREAM !!,1
H1-KEY,imUUYMi2FXw,2022-01-05T10:05:33Z,@Rຮt,🥰💯✨,1
H1-KEY,imUUYMi2FXw,2022-01-05T10:05:31Z,@김외금-l8o,서이 최고!화이팅♡♡,5
H1-KEY,imUUYMi2FXw,2022-01-05T10:04:45Z,@Rຮt,GO H1-KEY🔥✨,45
H1-KEY,imUUYMi2FXw,2022-01-05T10:04:41Z,@fxxqq7113,ก็อปลิซ่า?ท่อนแร๊พ,0
H1-KEY,imUUYMi2FXw,2022-01-05T10:04:40Z,@napindy,fighting H1-KEY,0
H1-KEY,imUUYMi2FXw,2022-01-05T10:04:33Z,@MonkeyDLuffy-vc1eq,สลิ่มจงพินาศ!!,1
H1-KEY,imUUYMi2FXw,2022-01-05T10:04:25Z,@ALEYAMMA398,There are 1000 dislikes :((,0
H1-KEY,imUUYMi2FXw,2022-01-05T10:04:12Z,@mildxxx5929,bike for dad??? ขอยาดขำนะคะ55555554545454454455555655555,0
H1-KEY,imUUYMi2FXw,2022-01-05T10:03:59Z,@ladyy9791,This is sooo good! I’m so excited to see Riina debuting! She trained at WM with Izone’s Chaeyeon for so long!,2
H1-KEY,imUUYMi2FXw,2022-01-05T10:03:38Z,@hatairatkaewngam2154,ชอบๆ,2
H1-KEY,imUUYMi2FXw,2022-01-05T10:03:12Z,@snowykyogre3117,This song is hot fire,3
H1-KEY,imUUYMi2FXw,2022-01-05T10:03:08Z,@toomtamtoomtam1489,❤️❤️❤️❤️,1
H1-KEY,imUUYMi2FXw,2022-01-05T10:02:57Z,@Rຮt,POWER,1
H1-KEY,imUUYMi2FXw,2022-01-05T10:02:51Z,@Rຮt,SUPER,2
H1-KEY,imUUYMi2FXw,2022-01-05T10:02:41Z,@Rຮt,WOW !!,2
H1-KEY,imUUYMi2FXw,2022-01-05T10:02:34Z,@MINJI1231,뮤비부터 퀄이 너무 좋아요. 멤버들 전부 장신에 비쥬얼도 엄청나네요. 활동 기대할께요~!! 꽃길 걸으세요.,22
H1-KEY,imUUYMi2FXw,2022-01-05T10:02:14Z,@rkm6109,H1-KEY ❤,1
H1-KEY,imUUYMi2FXw,2022-01-05T10:02:05Z,@kararakforever28,Cheer up for Pretty girl groups ✌🏻✌🏻,2
H1-KEY,imUUYMi2FXw,2022-01-05T10:01:46Z,@nanana1414,I like the melody it&#39;s sooo goood,6
H1-KEY,imUUYMi2FXw,2022-01-05T10:01:40Z,@jinnylee4048,색다른 매력의 걸그룹 이네요~ 노래도 좋아요! 서이 화이팅👍,15
H1-KEY,imUUYMi2FXw,2022-01-05T10:01:36Z,@benjaminzs,สาป เจ๊ง,0
H1-KEY,imUUYMi2FXw,2022-01-05T10:01:13Z,@nanana1414,Riina so pretty,1
H1-KEY,imUUYMi2FXw,2022-01-05T10:01:08Z,@SanEtheBigBoy,🔥🔥🔥🔥,2
H1-KEY,imUUYMi2FXw,2022-01-05T10:00:59Z,@tukkatalovelisa937,ดีมาก เป็นผลงานชิ้นแรกที่ยอดเยี่ยมจริงๆ อนาคตสดใสแน่นอน.,19
H1-KEY,imUUYMi2FXw,2022-01-05T10:00:57Z,@marvel98998,Woooow the song is really goooood and you all are so prettyyyy!!! Girls i really love it!!!,6
H1-KEY,imUUYMi2FXw,2022-01-05T10:00:17Z,@mzcgjutgm9765,ปังมากblackpink,0
H1-KEY,imUUYMi2FXw,2022-01-05T10:00:14Z,@หนาวมาเฟียอันดับ1,เก่งมากเลยค่ะ ดูดีมาก หมายถึงน้องๆเคปเล่อเพิ่งคัมไป,0
H1-KEY,imUUYMi2FXw,2022-01-05T10:00:00Z,@이강민-j8k,와 얼마나 열심히했을까... 진짜 멋지고 데뷔 축하해 ~🎉 🎉,40
H1-KEY,imUUYMi2FXw,2022-01-05T09:59:47Z,@kanapotleevatinsansuk4528,ถึอว่าดีอยู่ เพลงดี เอ็มวีสวย นึกว่าค่ายแม่พังจะแย่,2
H1-KEY,imUUYMi2FXw,2022-01-05T09:59:39Z,@studiomo5854,Not imagine this song will so cool. เพลงดีเลยนะเนี่ย,0
H1-KEY,imUUYMi2FXw,2022-01-05T09:59:32Z,@lunarsolarbrasil92,I found it very original,0
H1-KEY,imUUYMi2FXw,2022-01-05T09:59:28Z,@pacharapor6779,ชอบมาก สวยเก๋ วงนี้,3
H1-KEY,imUUYMi2FXw,2022-01-05T09:59:10Z,@spacious-f9p,H1KEY💯✨,0
H1-KEY,imUUYMi2FXw,2022-01-05T09:58:49Z,@spacious-f9p,$O GOOD💯✨,0
H1-KEY,imUUYMi2FXw,2022-01-05T09:58:47Z,@nana_434,4คนนี้ปังมากเลยค่ะ aespaเก่งมากเลยค่ะปังที่สุด🥰🥰,4
H1-KEY,imUUYMi2FXw,2022-01-05T09:58:43Z,@pacharapor6779,love you from Thailand 👍🏻😍,4
H1-KEY,imUUYMi2FXw,2022-01-05T09:58:31Z,@1tzzxeq376,เอาจริงๆเพลงดีมาก แต่มีคนเป็นสลิ่ม,1
H1-KEY,imUUYMi2FXw,2022-01-05T09:58:23Z,@supitapoolsombut548,เน้นความแข็งแรง สีสรร 🥰,0
H1-KEY,imUUYMi2FXw,2022-01-05T09:58:01Z,@nami9342,진짜 너무 멋있어🥺🥺🥺💕,16
H1-KEY,imUUYMi2FXw,2022-01-05T09:57:59Z,@6087ต้นไผ่,Love H1- Key,0
H1-KEY,imUUYMi2FXw,2022-01-05T09:57:43Z,@OpinionatedMatt,"It’s catchy, good debut! Welcome to the K-pop industry girls!",24
H1-KEY,imUUYMi2FXw,2022-01-05T09:57:16Z,@มินิมินิ-ร5ท,ศีตาลาออโต้จูนเยอะไปปะ? หรือออโตจูนเยอะทั้งวง คือมันไม่เป็นธรรมชาติอะ มันเยอะไปหน่อย,0
H1-KEY,imUUYMi2FXw,2022-01-05T09:57:05Z,@xhoui415,เพลงดีแต่มีกลิ่นกะทิ ไม่เอาไม่ชอบ🙄,0
H1-KEY,imUUYMi2FXw,2022-01-05T09:57:05Z,@pearl4872,Woww 👍👍👍👍 bias love the rap part.,0
H1-KEY,imUUYMi2FXw,2022-01-05T09:56:53Z,@mr.dino.official7346,GO GO GO H1-KEY🔥,5
H1-KEY,imUUYMi2FXw,2022-01-05T09:56:46Z,@badmotim684,วีโกอัพ บัทยูด้อนท์ค่ะ คนๆนั้น,2
H1-KEY,imUUYMi2FXw,2022-01-05T09:56:30Z,@JRjz49,เป็นกำลังใจให้ครับ,0
H1-KEY,imUUYMi2FXw,2022-01-05T09:56:25Z,@nningnydaruni7168,นั่งรออ่านเม้นไทยดีกว่า,0
H1-KEY,imUUYMi2FXw,2022-01-05T09:56:23Z,@ysklm3910,멋져요 HI-KEY 춤선도 진짜예뻐요 걸그룹 맴버들중 Grup top 이네요 이뻐요 맴버들 축하하요 globap 아이돌로 승승장구 하시고 국위선양 해서좋은 이미지 만큼 크게 성공하시길 사랑합니다 HI-KEY 이쁜모습 항상 보여주세요 핫팅입니다,19
H1-KEY,imUUYMi2FXw,2022-01-05T09:55:52Z,@Callmerxby,เห้ยยยยยยย มาละอ๋ออออ รออยู่พอดีเลยอ่ะ กรี้ดดดดด ปังมาก เริ่ดมาก ที่หนึ่ง ที่สุด นัมเบอร์วัน เริ่ด ดี เพลงดีมาก เสียงก็ดี อมก ดีไปหมดดดดดด (ซ้อมไว้เฉยๆเผื่อวายจีประกาศเทรเชอร์คัมแบ็ค),7668
H1-KEY,imUUYMi2FXw,2022-01-05T09:55:42Z,@emg0o,congrats on your debut !!,8
H1-KEY,imUUYMi2FXw,2022-01-05T09:55:37Z,@mr.dino.official7346,STAN H1-KEY,2
H1-KEY,imUUYMi2FXw,2022-01-05T09:55:32Z,@babyxby9143,GOOD,1
H1-KEY,imUUYMi2FXw,2022-01-05T09:55:28Z,@mr.dino.official7346,I LOVE THIS SONG✨,6
H1-KEY,imUUYMi2FXw,2022-01-05T09:55:25Z,@babyxby9143,RIINA,0
H1-KEY,imUUYMi2FXw,2022-01-05T09:55:24Z,@kaipobsuksabay4559,😍😍😍🤩,1
H1-KEY,imUUYMi2FXw,2022-01-05T09:55:17Z,@mr.dino.official7346,THEY ALL SO PRETTY💞✨,24
H1-KEY,imUUYMi2FXw,2022-01-05T09:55:06Z,@klicclak,AND I THOUGHT KEP1ER WAS GONNA HAVE THE BEST DEBUT.... NOPE,3
H1-KEY,imUUYMi2FXw,2022-01-05T09:54:59Z,@mr.dino.official7346,THIS SO GOOD,4
H1-KEY,imUUYMi2FXw,2022-01-05T09:54:54Z,@MrPYan-kv8sw,SITALA GREAT JOB,9
H1-KEY,imUUYMi2FXw,2022-01-05T09:54:36Z,@magicalthursday9359,❤ music and girls are beautiful ❤,0
H1-KEY,imUUYMi2FXw,2022-01-05T09:54:33Z,@elliesoyahhjenchulichaeng9832,Oh ny gosh it&#39;s my first time hearing them gosh is this just their debut but girl their song vocals and concept is on fire,30
H1-KEY,imUUYMi2FXw,2022-01-05T09:54:14Z,@Justin_b,Sitala is 🔥,12
H1-KEY,imUUYMi2FXw,2022-01-05T09:54:10Z,@mindachannel3766,ปังมากๆค่ะ สู้ๆนะคะน้องkep 1 er,13
H1-KEY,imUUYMi2FXw,2022-01-05T09:53:55Z,@hl1gg,"Это очень сильно для дебюта! Клип снят действительно качественно. Я наконец-то смогла услышать хорошии рэп партии, вокал у девчонок замечательный и танец не отстаёт . Голоса у них просто волшебные ) Мне определенно нравится начало года, с дебюта таких потрясающих девушек! И я очень рада, что они дебютировали без изменения состава, не смотря на раздуваемый скандал! Девчонки файтин♡",25
H1-KEY,imUUYMi2FXw,2022-01-05T09:53:49Z,@akira2090,เพลงเพราะ หน้าตาสวยทุกคน,1
H1-KEY,imUUYMi2FXw,2022-01-05T09:53:30Z,@xzero4031,シ︎,1
H1-KEY,imUUYMi2FXw,2022-01-05T09:53:13Z,@เหงียนดึงไข่,very pretty sitala.,1
H1-KEY,imUUYMi2FXw,2022-01-05T09:53:10Z,@greenjeletonotguacamole,เสียงคูมสีตาล่าออโต้จูนเยอะไปหน่อยไหมคะ ดูไม่ธรรมชาติเลย 🤭,4
H1-KEY,imUUYMi2FXw,2022-01-05T09:52:56Z,@bback-h6m,리이나 데뷔 축하합니다 언제나 응원합니다~,2
H1-KEY,imUUYMi2FXw,2022-01-05T09:52:51Z,@ambrosinasina6061,concept=aerobic dance,0
H1-KEY,imUUYMi2FXw,2022-01-05T09:52:47Z,@Jekson_Niko,The chorus,1
H1-KEY,imUUYMi2FXw,2022-01-05T09:52:45Z,@yellownsky5909,BAN SITALA🤢🤢🤢🤮🤮🤮,1
H1-KEY,imUUYMi2FXw,2022-01-05T09:52:39Z,@Justin_b,😍 sitala,1
H1-KEY,imUUYMi2FXw,2022-01-05T09:52:15Z,@lookshinkab,ความฝันพวกเราพังเพราะพ่อเธอเเต่เธอได้ทำตามฝัน??,0
H1-KEY,imUUYMi2FXw,2022-01-05T09:52:08Z,@raghad_815,OMG,0
H1-KEY,imUUYMi2FXw,2022-01-05T09:52:07Z,@sakuramentotown,Cool debut.Newgirl crush K pop groups here.,0
H1-KEY,imUUYMi2FXw,2022-01-05T09:52:02Z,@Misspaiple,SITARA is so pretty. I love you.,1
H1-KEY,imUUYMi2FXw,2022-01-05T09:51:58Z,@Thaweekeirt,Wowww Nice MV ❤️❤️,2
H1-KEY,imUUYMi2FXw,2022-01-05T09:51:47Z,@nath7267,WOW,0
H1-KEY,imUUYMi2FXw,2022-01-05T09:51:21Z,@221LuvSH,승현아 데뷔 츄카해💪🏻🤍🖤💛👸,1
H1-KEY,imUUYMi2FXw,2022-01-05T09:51:19Z,@hunah444,Rap part of Sitala and Yel are on fire 🔥,23
H1-KEY,imUUYMi2FXw,2022-01-05T09:51:14Z,@dearsalmon.3145,🤨😑😑🤮,1
H1-KEY,imUUYMi2FXw,2022-01-05T09:51:05Z,@hduftit6r683,🇰🇵🇹🇭,1
H1-KEY,imUUYMi2FXw,2022-01-05T09:51:04Z,@nuni5592,🤣,0
H1-KEY,imUUYMi2FXw,2022-01-05T09:50:50Z,@divinelufulwabo8530,Better than WA DA DA,0
H1-KEY,imUUYMi2FXw,2022-01-05T09:50:22Z,@alexjoess6945,เพลงนี้ไม่มีอะไรเด่นซักอย่าง55555555,2
H1-KEY,imUUYMi2FXw,2022-01-05T09:50:16Z,@BILLY-BEAR,ฉันชื่นชมในความสามารถคุณนะ แต่ไม่ค่อยชอบตรรกะของคุณSitala ถ้าคุณต้องการได้รับการสนับสนุน คุณควรหาวิธีแก้เกมนะ ที่รัก..........,1
H1-KEY,imUUYMi2FXw,2022-01-05T09:50:00Z,@oiwaruto,it&#39;s like u give Kim Jong Un&#39;s daughter a debut...,4
H1-KEY,imUUYMi2FXw,2022-01-05T09:49:43Z,@eakmilkclub,Let’s go h1-key ❤️,12
H1-KEY,imUUYMi2FXw,2022-01-05T09:49:38Z,@olilondonmalaysia5973,WOW,0
H1-KEY,imUUYMi2FXw,2022-01-05T09:49:32Z,@olilondonmalaysia5973,H1-KEY,0
H1-KEY,imUUYMi2FXw,2022-01-05T09:49:21Z,@keeperrrr7928,We need eng sub. 😘,3
H1-KEY,imUUYMi2FXw,2022-01-05T09:48:34Z,@HanSangRim,I&#39;m shook and i want to be stan for them,5
H1-KEY,imUUYMi2FXw,2022-01-05T09:48:02Z,@daisylpz,SO GOOD!,19
H1-KEY,imUUYMi2FXw,2022-01-05T09:48:00Z,@foreveralive4639,H1 key debut,2
H1-KEY,imUUYMi2FXw,2022-01-05T09:47:24Z,@mzcgjutgm9765,ก็ดีนะถ้าไม่มีอีสีตาลา,1
H1-KEY,imUUYMi2FXw,2022-01-05T09:47:22Z,@Chaerin_98,Congratulation for your debut 🥳🥳,35
H1-KEY,imUUYMi2FXw,2022-01-05T09:47:14Z,@chakul6626,❤️ 🇹🇭🇰🇷❤️,2
H1-KEY,imUUYMi2FXw,2022-01-05T09:47:02Z,@อดิศักดิ์ดวงเพชร-ผ4ฬ,Wow... so nice....,0
H1-KEY,imUUYMi2FXw,2022-01-05T09:46:39Z,@user-og2cf3br6n,ไหนใครบอกว่ายุบค่าย,1
H1-KEY,imUUYMi2FXw,2022-01-05T09:46:38Z,@นุบินได้,ขอให้ดับไวๆจรๅ,4
H1-KEY,imUUYMi2FXw,2022-01-05T09:46:37Z,@Lovelove-kf5fj,Wow ❤️❤️❤️Sitala❤️❤️,4
H1-KEY,imUUYMi2FXw,2022-01-05T09:46:18Z,@gg-fp7hu,Это шикарно! Девочки молодцы! А клип очень красивый 😍,16
H1-KEY,imUUYMi2FXw,2022-01-05T09:46:11Z,@hyunx8790,Вау это реально круто,0
H1-KEY,imUUYMi2FXw,2022-01-05T09:45:58Z,@Gpasltemps,Wow!!! OMG!!! Awesome!!,1
H1-KEY,imUUYMi2FXw,2022-01-05T09:45:56Z,@이지원-d3o,우리 옐 너무 수고 많았어 데뷔 축하해 앞으로 잘 될 일만 남았다🎉❤️,17
H1-KEY,imUUYMi2FXw,2022-01-05T09:45:48Z,@hgbg6688,Fc💖💖💖💗🤗,1
H1-KEY,imUUYMi2FXw,2022-01-05T09:45:45Z,@hyeju5943,3 QUEENS 😍,391
H1-KEY,imUUYMi2FXw,2022-01-05T09:45:33Z,@nunsineekumpeerakit1577,Awesome,2
H1-KEY,imUUYMi2FXw,2022-01-05T09:45:24Z,@lungfatu7966,ดีมาก,0
H1-KEY,imUUYMi2FXw,2022-01-05T09:45:12Z,@alexjoess6945,อีกสามคนสวยกว่าลูกหนังเยอะ555555,1
H1-KEY,imUUYMi2FXw,2022-01-05T09:45:09Z,@justwatchmeglow855,シ︎,0
H1-KEY,imUUYMi2FXw,2022-01-05T09:44:57Z,@choowiez1515,ok i already love this song when the first time i hear it,15
H1-KEY,imUUYMi2FXw,2022-01-05T09:44:36Z,@gg-fp7hu,Лучшие!,0
H1-KEY,imUUYMi2FXw,2022-01-05T09:44:34Z,@THIPDWD,❤️🔥🔥🔥🇹🇭,1
H1-KEY,imUUYMi2FXw,2022-01-05T09:44:22Z,@ชายชาย-ฃ8น,👍,1
H1-KEY,imUUYMi2FXw,2022-01-05T09:44:13Z,@gg-fp7hu,Omg! GLG are the best!,1
H1-KEY,imUUYMi2FXw,2022-01-05T09:44:12Z,@honey6193,물소,0
H1-KEY,imUUYMi2FXw,2022-01-05T09:43:49Z,@surinbr6579,Sitala nailed it!,6
H1-KEY,imUUYMi2FXw,2022-01-05T09:43:35Z,@Arawi123,ถ้าไม่เอาอดีตมาพูดถึงนะ ผมว่าปังเลยแหละครับ แต่ติดตรงที่สนับสนุนไม่ลงจริงๆ🥲🥲,2
H1-KEY,imUUYMi2FXw,2022-01-05T09:43:34Z,@dearartms,this song is strange but i like it,0
H1-KEY,imUUYMi2FXw,2022-01-05T09:43:07Z,@gulbakytaidarkhann,Great 😊💕💕✊🏻✊🏻💃🏽,1
H1-KEY,imUUYMi2FXw,2022-01-05T09:43:01Z,@hujimataji5762,🤢,0
H1-KEY,imUUYMi2FXw,2022-01-05T09:42:59Z,@treasure7084,🇰🇵,0
H1-KEY,imUUYMi2FXw,2022-01-05T09:42:49Z,@justwatchmeglow855,シ︎♡︎,0
H1-KEY,imUUYMi2FXw,2022-01-05T09:42:47Z,@nanana1414,Riina angelic vocal,2
H1-KEY,imUUYMi2FXw,2022-01-05T09:42:46Z,@evewy3507,"Seoi, Riina, Yel you are great but i’m sorry that can’t support your team. Sitala is so disgusting, she is the part of dictator in Thailand 🇹🇭 . We still hurt and many people die because of her 🙁",1
H1-KEY,imUUYMi2FXw,2022-01-05T09:42:41Z,@treasure7084,ปังมาก Bp,0
H1-KEY,imUUYMi2FXw,2022-01-05T09:42:38Z,@honey6193,한 번 더 이상,0
H1-KEY,imUUYMi2FXw,2022-01-05T09:42:36Z,@Aakuayhandsome,ก็ดีนะถ้าไม่มีคนที่ชื่อลูกหนังน่ะ,0
H1-KEY,imUUYMi2FXw,2022-01-05T09:42:33Z,@justwatchmeglow855,WOW BOP !!,0
H1-KEY,imUUYMi2FXw,2022-01-05T09:42:32Z,@noeyphatthan1264,ot3,0
H1-KEY,imUUYMi2FXw,2022-01-05T09:42:22Z,@nanana1414,Seoi voice is so comfortable,0
H1-KEY,imUUYMi2FXw,2022-01-05T09:41:53Z,@nene._.loona.2771,ทั้ง 3 คนเก่งมากค่ะ 💓,7
H1-KEY,imUUYMi2FXw,2022-01-05T09:41:50Z,@ทําไปเรื่อยเรื่อยๆ,❤❤❤ ❤❤❤👍,0
H1-KEY,imUUYMi2FXw,2022-01-05T09:41:48Z,@yannna,"ЭТО БЫЛО ЛУЧШЕ,ЧЕМ PERFECT!!!💛💛💛💛💛😍",7
H1-KEY,imUUYMi2FXw,2022-01-05T09:41:38Z,@뭉-g6r,하이키 짱♥️,1
H1-KEY,imUUYMi2FXw,2022-01-05T09:41:32Z,@natsuhot7299,apple musicでも配信してほしいです〜😖🙏♥️,2
H1-KEY,imUUYMi2FXw,2022-01-05T09:41:30Z,@nuchrattanaporn2543,เหมือนเต้นแอโรบิค,1
H1-KEY,imUUYMi2FXw,2022-01-05T09:41:20Z,@KiNG-BYO-XL,3 ATHLETIC GIRLS + 1 PARASITE,1
H1-KEY,imUUYMi2FXw,2022-01-05T09:41:08Z,@learningearn_official4004,So proud of you 👏 💥✨,9
H1-KEY,imUUYMi2FXw,2022-01-05T09:40:59Z,@vayudum,ค่าของคนอยู่ที่ผลงาน,0
H1-KEY,imUUYMi2FXw,2022-01-05T09:40:55Z,@ประเสริฐบ้านลูก,💘🕺💃💎👑✨🌟✨,0
H1-KEY,imUUYMi2FXw,2022-01-05T09:40:52Z,@vera.loveradolla.idolla3894,SUPER DEBUT SONG H1-KEY,28
H1-KEY,imUUYMi2FXw,2022-01-05T09:40:51Z,@redmi9281,"So cool, nice song, nice MV. เยี่ยมมากๆครับ เชียร์ สนับสนุนที่ความสามารถ",22
H1-KEY,imUUYMi2FXw,2022-01-05T09:40:39Z,@donewithyouall3765,THIS IS SOOOO GOOD,4
H1-KEY,imUUYMi2FXw,2022-01-05T09:40:26Z,@iTriple_P,I like it 👍,1
H1-KEY,imUUYMi2FXw,2022-01-05T09:40:21Z,@vera.loveradolla.idolla3894,CANTIKシ︎♡︎,0
H1-KEY,imUUYMi2FXw,2022-01-05T09:40:20Z,@kwan3806,หน้าด้านมากจ้าาาา,1
H1-KEY,imUUYMi2FXw,2022-01-05T09:39:56Z,@2u874,So good,0
H1-KEY,imUUYMi2FXw,2022-01-05T09:39:29Z,@gamepitchayanin,Perfect and Masterpiece,21
H1-KEY,imUUYMi2FXw,2022-01-05T09:39:22Z,@TheHalionx,Eitteru trae las reactions,1
H1-KEY,imUUYMi2FXw,2022-01-05T09:39:18Z,@lovechan4686,cool,2
H1-KEY,imUUYMi2FXw,2022-01-05T09:39:08Z,@TheHalionx,&lt;3,0
H1-KEY,imUUYMi2FXw,2022-01-05T09:38:56Z,@vera.loveradolla.idolla3894,STAN H1-KEY🌼✨,2
H1-KEY,imUUYMi2FXw,2022-01-05T09:38:51Z,@haruru122,🔥🔥SITALA🔥🔥,9
H1-KEY,imUUYMi2FXw,2022-01-05T09:38:51Z,@pattaratornshovichit,ยินดีด้วยคร้าบ,1
H1-KEY,imUUYMi2FXw,2022-01-05T09:38:38Z,@vera.loveradolla.idolla3894,GO H1-KEY GO🔥,1
H1-KEY,imUUYMi2FXw,2022-01-05T09:38:18Z,@bbdamnph3745,รอคอมเม้นสลิ่ม,2
H1-KEY,imUUYMi2FXw,2022-01-05T09:38:16Z,@gu_artist7810,เพลงโคตรดี ติดหู ท่าเต้นดี ชุดสวย ฉากในเอ็มวีลงทุนมาก ปังๆ 👏🏻👏🏻👏🏻,6
H1-KEY,imUUYMi2FXw,2022-01-05T09:38:11Z,@tknm_690,"I&#39;m fascinated!!!! ,, cool!!💕💕💕RUN, RUN, RUN💕",5
H1-KEY,imUUYMi2FXw,2022-01-05T09:37:46Z,@khanithach5514,So goood!!!,2
H1-KEY,imUUYMi2FXw,2022-01-05T09:37:27Z,@시윤-q5v,리이나가 된 승현 언니 데뷔 축하해요 🥰,9
H1-KEY,imUUYMi2FXw,2022-01-05T09:36:49Z,@24september08.,เป็นเพลงที่ดีแต่มีสมาชิกที่สนับสนุนเผด็จการ ฉันรู้สึกไม่ชอบ,0
H1-KEY,imUUYMi2FXw,2022-01-05T09:36:33Z,@Ragbunprada,Weak,0
H1-KEY,imUUYMi2FXw,2022-01-05T09:36:09Z,@mrzmms,These girls will literally be so famous in the future i wish you girls the best,3
H1-KEY,imUUYMi2FXw,2022-01-05T09:35:59Z,@sunghoon-8165,แนะนำชุดออกกำลังกายหรอ 🤭,4
H1-KEY,imUUYMi2FXw,2022-01-05T09:35:23Z,@Notnugupromoter,The real athletic girls: https://youtu.be/XmdgzqrKi70,0
H1-KEY,imUUYMi2FXw,2022-01-05T09:35:22Z,@mikkusung,เก่งมากเลย ศร CLC คัมแบ็คแล้วเหรอ สู้ๆนะ 🤭🤫🤭🤭,2
H1-KEY,imUUYMi2FXw,2022-01-05T09:35:09Z,@mininoo6153,เพลงฟังได้เรื่อยๆไม่ถึงกับติดหู ขอเป็นกำลังใจให้น้องลูกหนังนะครับสำหรับในฐานะที่ผมแฟนละครพี่ตั้วโดยเฉพาะสุภาพบุรุษลูกผู้ชายทันดูทั้งสองเวอร์ชั่น 555,12
H1-KEY,imUUYMi2FXw,2022-01-05T09:35:07Z,@punpunlovelomap.9993,Very beautiful and strong girls!!,23
H1-KEY,imUUYMi2FXw,2022-01-05T09:35:04Z,@ปลาชะโดถ่าน,There seems to be something foreign.,0
H1-KEY,imUUYMi2FXw,2022-01-05T09:35:03Z,@tatammatta6718,Thailand I Love You,2
H1-KEY,imUUYMi2FXw,2022-01-05T09:34:59Z,@cherrybean6371,มองยังไงก็ไม่ได้อะ ไม่ได้อคติแต่มันไม่ได้ เต้นยังไม่แข็งแรง ท่าเต้นยังไม่เป็นเอกลักษณ์​ ไลน์เต้นแต่ละคนดูไม่ได้เลย คอสตูมก็บ้ง,3
H1-KEY,imUUYMi2FXw,2022-01-05T09:34:53Z,@00hatersloser25,WOW,0
H1-KEY,imUUYMi2FXw,2022-01-05T09:34:46Z,@mydear_pecky6152,🔥🔥🔥,0
H1-KEY,imUUYMi2FXw,2022-01-05T09:34:44Z,@Yucomia123,ค่าพี่แล้วขึ้นคลองราด,1
H1-KEY,imUUYMi2FXw,2022-01-05T09:34:21Z,@00hatersloser25,WOW!!,1
H1-KEY,imUUYMi2FXw,2022-01-05T09:34:06Z,@Mk_wer600,It&#39;s terrible. I&#39;ve never had a song this bad before.,0
H1-KEY,imUUYMi2FXw,2022-01-05T09:34:04Z,@BLUE-dw9ce,❤❤❤❤,0
H1-KEY,imUUYMi2FXw,2022-01-05T09:33:32Z,@itsjustopinion_are_asfollows,Awwwwwwwww❤❤❤❤,0
H1-KEY,imUUYMi2FXw,2022-01-05T09:33:30Z,@levittandwani,노래 좋네,1
H1-KEY,imUUYMi2FXw,2022-01-05T09:33:29Z,@aerithxs,&lt;3,0
H1-KEY,imUUYMi2FXw,2022-01-05T09:33:13Z,@littlelucky8460,"First time I was stunned. I loved it. New dance genres Mix your workouts perfectly. Looks exotic. Teamwork, beautiful, everyone😍😍😍😍 nice 💪",4
H1-KEY,imUUYMi2FXw,2022-01-05T09:33:12Z,@maakeekeemaa,WOW 😍 เก่งมากเลย ขอให้ประสบความสำเร็จตามรุ่นพี่นะคร้าบ เป็นกำลังใจ,15
H1-KEY,imUUYMi2FXw,2022-01-05T09:32:53Z,@fongjanpipattanakij8363,H1-Key ศรีตะลา ยอดเยี่ยมทั้งวง👏👏👏,4
H1-KEY,imUUYMi2FXw,2022-01-05T09:32:52Z,@jaruwanindrapan7926,Very cute girls.,0
H1-KEY,imUUYMi2FXw,2022-01-05T09:32:41Z,@pole2965,เพราะมากๆค่ะ ขอให้ประสบความสำเร็จน๊า,2
H1-KEY,imUUYMi2FXw,2022-01-05T09:32:39Z,@babi3335,ถ้าตัดเรื่องอื่นไปคือเอมวีดีแล้วก็เพลงดีมาก หลอนหูเลยแหละ คิดว่าวงต้องดังมากแน่ๆ(ถ้าไม่มีลห),10
H1-KEY,imUUYMi2FXw,2022-01-05T09:32:28Z,@pantvt508,I&#39;m so proud of you.,6
H1-KEY,imUUYMi2FXw,2022-01-05T09:32:28Z,@haruru122,สวยมากกกกก MVดีอ้ะะ🎉❤❤💕,2
H1-KEY,imUUYMi2FXw,2022-01-05T09:32:21Z,@faceview395,シ︎,1
H1-KEY,imUUYMi2FXw,2022-01-05T09:32:11Z,@027460545,ชอบมากกก ดีกว่าที่คาด เพลง/บีทดีมาก แต่เมโลดี้อาจยังไม่ติดหูสุดๆตั้งแต่ฟังครั้งแรก น้องๆทั้ง 4 คนน่ารักมาก mvก็โอเคเลย look ออกแนว sport girl แข็งแรง+อ่อนหวาน ลงตัว น้องลูกหนัง #thailand ทำได้ดีแม้ยังไม่โดดเด่นมากนัก ถ้าตัดดราม่าออกไปและหัวใจแยกแยะได้ ก็น่าภูมิใจนะครับสำหรับอีก1เด็กไทยที่มีความมานะพยายามจนได้มีเดบิวท์ได้มีซิงเกิลแรกในชีวิต 👍♥️🇹🇭🇹🇭🇹🇭🇹🇭🇹🇭🇹🇭,76
H1-KEY,imUUYMi2FXw,2022-01-05T09:31:41Z,@โกโบริฮามามิ,Good girls,0
H1-KEY,imUUYMi2FXw,2022-01-05T09:31:40Z,@blackfly48,ลูกหนังโคตรเท่ ❤️❤️,5
H1-KEY,imUUYMi2FXw,2022-01-05T09:31:20Z,@theyepper4339,สวัสดี iii,0
H1-KEY,imUUYMi2FXw,2022-01-05T09:30:58Z,@topofthekpops,Nice! I will support H1-KEY!,1
H1-KEY,imUUYMi2FXw,2022-01-05T09:30:55Z,@bngrzpc,เพลงมีกลิ่นอายของกะทิ,1
H1-KEY,imUUYMi2FXw,2022-01-05T09:30:50Z,@iloveu3989,ขอให้ล้มไวๆนะคะ🥺,1
H1-KEY,imUUYMi2FXw,2022-01-05T09:30:18Z,@newzjirawat,LUV SITALA สู้ๆนะครับ,2
H1-KEY,imUUYMi2FXw,2022-01-05T09:29:54Z,@liam_deobi,"So actually I’m a boygroup Stan, but this song is so good",18
H1-KEY,imUUYMi2FXw,2022-01-05T09:29:50Z,@topsmr7000,สลิ่มถูกใจสิ่งนี้,0
H1-KEY,imUUYMi2FXw,2022-01-05T09:29:43Z,@bluecello52,I can&#39;t stop listening.🔥🔥🔥🔥🔥,3
H1-KEY,imUUYMi2FXw,2022-01-05T09:29:37Z,@faceview395,シ︎♡︎,0
H1-KEY,imUUYMi2FXw,2022-01-05T09:29:32Z,@imboss4879,🤢🤢🤢🤢🤢,0
H1-KEY,imUUYMi2FXw,2022-01-05T09:29:01Z,@lalaem4203,congrats riina on your debut!!,3
H1-KEY,imUUYMi2FXw,2022-01-05T09:29:00Z,@supakornattachak5662,Luv u 💗🖤💗🖤4girls figthing (Blackpink),1
H1-KEY,imUUYMi2FXw,2022-01-05T09:28:58Z,@kt.winajda,Go girl 🔥🔥🔥🔥😍😍😍😍,1
H1-KEY,imUUYMi2FXw,2022-01-05T09:28:57Z,@SK-uq9pt,เย้ๆๆๆมาแล้วๆๆ 🎊🎉,0
H1-KEY,imUUYMi2FXw,2022-01-05T09:28:45Z,@papchunez6780,i love you so much!!,0
H1-KEY,imUUYMi2FXw,2022-01-05T09:28:37Z,@prestonsalomon1778,I know im gonna get hate for this but the rap and the one rap girl resemble BP so much,0
H1-KEY,imUUYMi2FXw,2022-01-05T09:28:34Z,@papchunez6780,i&#39;m crying best girls!!,7
H1-KEY,imUUYMi2FXw,2022-01-05T09:28:26Z,@cakredi4132,The victorious return of sexy concept. Thanks to H1-KEY.,25
H1-KEY,imUUYMi2FXw,2022-01-05T09:28:21Z,@gungun1705,สวยนะ ไม่น่าเป็นลูกสลิ่มเลย 🤨 ดังแล้วก็เรียกร้องประชาธิปไตยให้ประเทศไทยบ้างนะครับ อย่ามัวแต่ใช้ชีวิตบนแผ่นดินประชาธิปไตยประเทศอื่น,0
H1-KEY,imUUYMi2FXw,2022-01-05T09:28:17Z,@fyever8472,So good,0
H1-KEY,imUUYMi2FXw,2022-01-05T09:28:16Z,@나고야쟁이,너무 너무 좋아요. 기대한이상 좋습니다. 다들 수고했어요. 리이나 너무 잘한다~~♡♡♡,5
H1-KEY,imUUYMi2FXw,2022-01-05T09:28:12Z,@theendofnightmare413,OT3 🤍,0
H1-KEY,imUUYMi2FXw,2022-01-05T09:28:01Z,@menofmayhem6572,ให้ผ่าน3คน ยกเว้น.....,0
H1-KEY,imUUYMi2FXw,2022-01-05T09:27:57Z,@bngrzpc,OT3 ❤️,0
H1-KEY,imUUYMi2FXw,2022-01-05T09:27:42Z,@onanongist,Very Good song 🇹🇭🙏🎼🤟🏻🥰…,5
H1-KEY,imUUYMi2FXw,2022-01-05T09:27:41Z,@UkritChavalitvorakul,Congratulation 🥳🥳🥳,2
H1-KEY,imUUYMi2FXw,2022-01-05T09:27:36Z,@miarmi12,Sitala Slim member!!!,1
H1-KEY,imUUYMi2FXw,2022-01-05T09:27:25Z,@nonomidzy_3706,Omg i love it,2
H1-KEY,imUUYMi2FXw,2022-01-05T09:27:06Z,@blckpink6857,WOW !!,0
H1-KEY,imUUYMi2FXw,2022-01-05T09:26:52Z,@user-ji7ng7lz8n,Lisa she&#39;s queen not you Si**la,0
H1-KEY,imUUYMi2FXw,2022-01-05T09:26:45Z,@จิราภา2000,😍😍💖,1
H1-KEY,imUUYMi2FXw,2022-01-05T09:26:22Z,@blckpink6857,STAN H1-KEY🌼✨,0
H1-KEY,imUUYMi2FXw,2022-01-05T09:26:14Z,@unkn0wnusernam3,เพลงปังมากเเม่แร็ปมีเสน่ห์มากสู้ๆนะคะเป็นกำลังใจให้นะคะน้องดายอน kep1er 🤩,0
H1-KEY,imUUYMi2FXw,2022-01-05T09:26:10Z,@khamsone5533,กูชอบบบบบ,1
H1-KEY,imUUYMi2FXw,2022-01-05T09:25:57Z,@blckpink6857,THIS SO GOOD 🌼✨!,5
H1-KEY,imUUYMi2FXw,2022-01-05T09:25:51Z,@ประเสริฐบ้านลูก,💖💕💗💓💘✨,0
H1-KEY,imUUYMi2FXw,2022-01-05T09:25:40Z,@jana-mq3zk,I know you are working hard good job🥰🥰,1
H1-KEY,imUUYMi2FXw,2022-01-05T09:25:34Z,@scsunshine20,WoW!! Perfect Sitala.,6
H1-KEY,imUUYMi2FXw,2022-01-05T09:25:19Z,@BlueSky-nb3tv,Love Song.. love mv.. great performance..Love H1-KEY,5
H1-KEY,imUUYMi2FXw,2022-01-05T09:25:19Z,@cuinbb5874,everyone is the best I fell in love with them,79
H1-KEY,imUUYMi2FXw,2022-01-05T09:25:12Z,@blckpink6857,💞✨💞✨💞✨,1
H1-KEY,imUUYMi2FXw,2022-01-05T09:25:09Z,@tecn_08,ท่าเต้นเพลงธรรมดามากไม่ว้าวเลย,4
H1-KEY,imUUYMi2FXw,2022-01-05T09:24:59Z,@blckpink6857,🌼✨🌼✨🌼✨,1
H1-KEY,imUUYMi2FXw,2022-01-05T09:24:27Z,@winner_ner7472,Dictator,0
H1-KEY,imUUYMi2FXw,2022-01-05T09:24:19Z,@pea_pea-p1h,옐 신영아 데뷔 축하해🤍,0
H1-KEY,imUUYMi2FXw,2022-01-05T09:24:14Z,@hnnnyan,応援します‼️‼️,0
H1-KEY,imUUYMi2FXw,2022-01-05T09:24:06Z,@Taannasuzn,Sitala 🙄,0
H1-KEY,imUUYMi2FXw,2022-01-05T09:23:56Z,@kingkansornstudio5989,✨💖💖💖✨🫂,1
H1-KEY,imUUYMi2FXw,2022-01-05T09:23:20Z,@Pizzaßoy,#Bansitala,4
H1-KEY,imUUYMi2FXw,2022-01-05T09:23:10Z,@vdctube1976,Love you all.,1
H1-KEY,imUUYMi2FXw,2022-01-05T09:23:10Z,@jana-mq3zk,woooowwwwwowwowowowoowwoowowowowoowowwo,2
H1-KEY,imUUYMi2FXw,2022-01-05T09:23:04Z,@touchyyamashita3201,대박!!!!!!,1
H1-KEY,imUUYMi2FXw,2022-01-05T09:23:02Z,@tigergurrrrr,เพลงดี เมมเบอร์ทุกคนมีความสามารถรวมถึงลูกหนังด้วยแต่มันติดอยู่ตรงเดียวค่ะตรงนั้นแหละ,1
H1-KEY,imUUYMi2FXw,2022-01-05T09:22:57Z,@meatbunchae1727,SOOOOO GOOD,2
H1-KEY,imUUYMi2FXw,2022-01-05T09:22:53Z,@tklaixx1819,วงนี้ร้องดีมาก อ้อ หมายถึงtwice,12
H1-KEY,imUUYMi2FXw,2022-01-05T09:22:49Z,@nctzengidleneverland5234,เพลงดีมากๆนะ ถ้าลองเปิดใจสักนิด ไม่ได้ดราม่านะ ข้ามเรื่องอื่นก่อน เพลงดีมากๆ เปิดตัวดีมาก แต่ก็ต้องดูผลงานต่อๆไป วิชวล แร็ป เเดนซ์ ครบ!!!,19
H1-KEY,imUUYMi2FXw,2022-01-05T09:22:45Z,@llsimonll44,perfect 👍😊,2
H1-KEY,imUUYMi2FXw,2022-01-05T09:22:42Z,@boy_mfreedom6322,😍🥰😘 the best 😍😍😘,1
H1-KEY,imUUYMi2FXw,2022-01-05T09:22:30Z,@sekioseki,Wowwwww. So stunning and beautiful dance line,5
H1-KEY,imUUYMi2FXw,2022-01-05T09:22:23Z,@jana-mq3zk,I&#39;m Stan for you girls,1
H1-KEY,imUUYMi2FXw,2022-01-05T09:21:50Z,@TikTok-vp2kd,ยินดีกับการdebutด้วยนะวงKep1er🎇🎇🎆🎆,1
H1-KEY,imUUYMi2FXw,2022-01-05T09:21:48Z,@gorgiga3131,Amazing debut girls,17
H1-KEY,imUUYMi2FXw,2022-01-05T09:21:42Z,@jana-mq3zk,you are the best,3
H1-KEY,imUUYMi2FXw,2022-01-05T09:21:41Z,@Shiliw,🇹🇭😏🤫,1
H1-KEY,imUUYMi2FXw,2022-01-05T09:21:35Z,@user-sm3dw5qn7w,H1-KEY💓✨,2
H1-KEY,imUUYMi2FXw,2022-01-05T09:21:32Z,@gorgiga3131,They are on fire,4
H1-KEY,imUUYMi2FXw,2022-01-05T09:21:28Z,@ohmpatiparnchannel,Copy Blackpink,1
H1-KEY,imUUYMi2FXw,2022-01-05T09:21:19Z,@gorgiga3131,Riina vocal is every things i have to,1
H1-KEY,imUUYMi2FXw,2022-01-05T09:21:17Z,@nunewNunew-xt3jd,Good 👍👍👍🤟,0
H1-KEY,imUUYMi2FXw,2022-01-05T09:21:17Z,@ป้าเหม่งชิลชิล,ยินดีกับทุกคนในวงที่ได้ปล่อยผลงานออกมา ยอดเยี่ยม สวยงาม หุ่นดี ทุกคน เป็นกำลังใจให้และติดตามผลงานค่ะ สู้ต่อไปนะคะ❤️❤️❤️❤️❤️❤️❤️,1
H1-KEY,imUUYMi2FXw,2022-01-05T09:21:12Z,@user-sm3dw5qn7w,Rap💯✨,2
H1-KEY,imUUYMi2FXw,2022-01-05T09:21:11Z,@jana-mq3zk,I liked it so much,1
H1-KEY,imUUYMi2FXw,2022-01-05T09:21:06Z,@yanglong9031,Wowwwwwww 😍😍😍,21
H1-KEY,imUUYMi2FXw,2022-01-05T09:21:06Z,@Atzaalop20x,🥺🥺❤️,1
H1-KEY,imUUYMi2FXw,2022-01-05T09:20:57Z,@gorgiga3131,You are so coool,0
H1-KEY,imUUYMi2FXw,2022-01-05T09:20:55Z,@wkhannibalz,ewwwwwww,0
H1-KEY,imUUYMi2FXw,2022-01-05T09:20:55Z,@jana-mq3zk,gggooooooo gurlllssssss,1
H1-KEY,imUUYMi2FXw,2022-01-05T09:20:54Z,@user-sm3dw5qn7w,🥰💓,1
H1-KEY,imUUYMi2FXw,2022-01-05T09:20:47Z,@kaepatpatchy346,"Go go H1-key, love this song.",120
H1-KEY,imUUYMi2FXw,2022-01-05T09:20:42Z,@gorgiga3131,Fighting H1-KEY,0
H1-KEY,imUUYMi2FXw,2022-01-05T09:20:39Z,@imyourtao8752,ภำ,0
H1-KEY,imUUYMi2FXw,2022-01-05T09:20:38Z,@birdotto,bored song,0
H1-KEY,imUUYMi2FXw,2022-01-05T09:20:28Z,@MindJeremy,keep it up girls. #H1KEY #하이키 #ATHLETIC_GIRL #SEOI #RIINA #YEL #SITALA #서이 #리이나 #옐 #시탈라,2
H1-KEY,imUUYMi2FXw,2022-01-05T09:20:26Z,@Notnugupromoter,You’ll never be bebeheal,0
H1-KEY,imUUYMi2FXw,2022-01-05T09:20:00Z,@hunah444,Congratulations on your debut H1key!,78
H1-KEY,imUUYMi2FXw,2022-01-05T09:19:51Z,@มลิวัลย์วงค์อาษา,อีสลิ่ม,0
H1-KEY,imUUYMi2FXw,2022-01-05T09:19:46Z,@tawntawn4074,แต่ละเม้นคือจ้างมาหรือพิมเอง,0
H1-KEY,imUUYMi2FXw,2022-01-05T09:19:37Z,@fromiizone,OMG I clicked on this without expecting anything but this blew me away! What an amazing debut,48
H1-KEY,imUUYMi2FXw,2022-01-05T09:19:35Z,@anafer5259,"QUE LINDAS, me encantó la canción y el mv muy hermoso",21
H1-KEY,imUUYMi2FXw,2022-01-05T09:19:31Z,@sannlexx,"вау, необычное звучание желаю, чтобы они забрали roty",78
H1-KEY,imUUYMi2FXw,2022-01-05T09:19:27Z,@limousine7204,건강미를 강조하는 상당히 독특한 콘셉트인데 다양한 콘셉트의 탄생을 바라는 입장에서 긍정적으로 본다. 가사가 살짝 웃긴 면이 있긴하지만 그와 별개로 멤버들의 실력과 비주얼의 포텐셜이 높아보여 긍정적으로 지켜볼 필요가 있는 신인 그룹이다.,27
H1-KEY,imUUYMi2FXw,2022-01-05T09:19:21Z,@huha7242,ที่1เจน4 สู้ๆนะคะive,0
H1-KEY,imUUYMi2FXw,2022-01-05T09:19:19Z,@pu8588,เดพร้อม Kep1er ก็ยากหน่อยอ่ะนะ หึหึ,1
H1-KEY,imUUYMi2FXw,2022-01-05T09:19:05Z,@SsSs-xw9hy,오 노래좋다,0
H1-KEY,imUUYMi2FXw,2022-01-05T09:19:01Z,@TT-ee1vv,Wow!!! This is a really good debut!!❤️❤️,11
H1-KEY,imUUYMi2FXw,2022-01-05T09:18:54Z,@xxxbgbm8012,어느 쪽이 후크인지조차 모르겠습니다,0
H1-KEY,imUUYMi2FXw,2022-01-05T09:18:31Z,@tumkyoko4383,i hate you so much -_- Sitala,2
H1-KEY,imUUYMi2FXw,2022-01-05T09:18:29Z,@blueCatSu,Exactly what I wanted :D,0
H1-KEY,imUUYMi2FXw,2022-01-05T09:18:29Z,@ประยูสจันโอเลี้ยง,Salim girl Salim girl,1
H1-KEY,imUUYMi2FXw,2022-01-05T09:17:58Z,@Bnmillmoo,كلشي كلشي مثالي,1
H1-KEY,imUUYMi2FXw,2022-01-05T09:17:50Z,@Bnmillmoo,الاوتفتز بكيت,0
H1-KEY,imUUYMi2FXw,2022-01-05T09:17:50Z,@KIM_ZYH,omgggggg I found another talented girlsssss GO GO GO H1-KEY,66
H1-KEY,imUUYMi2FXw,2022-01-05T09:17:48Z,@Allegrabum,นี่เลื่อนกลับไปดูตอน Sitala rap 1:23 love it :),3
H1-KEY,imUUYMi2FXw,2022-01-05T09:17:47Z,@shuretty6963,Yel our maknae She&#39;s the best,3
H1-KEY,imUUYMi2FXw,2022-01-05T09:17:38Z,@dalaata782,They are QUEENS,1
H1-KEY,imUUYMi2FXw,2022-01-05T09:17:34Z,@lamrongpeng533,congrats on your debut!!,6
H1-KEY,imUUYMi2FXw,2022-01-05T09:17:31Z,@westlike9723,Thai girl always next level. Yes...Lalisa Manoban.,1
H1-KEY,imUUYMi2FXw,2022-01-05T09:17:29Z,@shuretty6963,Congratulation on your debut,5
H1-KEY,imUUYMi2FXw,2022-01-05T09:17:23Z,@surachertsawasdee8933,❤❤❤,1
H1-KEY,imUUYMi2FXw,2022-01-05T09:17:16Z,@omerta7606,Thailand say no!!!,6
H1-KEY,imUUYMi2FXw,2022-01-05T09:17:14Z,@earlgreymov,LOVE THIS SONG! H1-KEY YOU&#39;LL BE FAMOUS 💕,9
H1-KEY,imUUYMi2FXw,2022-01-05T09:17:11Z,@dalaata782,Wowwww really wow,0
H1-KEY,imUUYMi2FXw,2022-01-05T09:16:56Z,@pentagonistalent1414,Its so catchy congrats on your debut girls,41
H1-KEY,imUUYMi2FXw,2022-01-05T09:16:46Z,@shuretty6963,Yeees go girls give us every things,0
H1-KEY,imUUYMi2FXw,2022-01-05T09:16:45Z,@Venus-oe8lk,กลับมาที่ไทยไหมจ๊ะที่รัก,1
H1-KEY,imUUYMi2FXw,2022-01-05T09:16:30Z,@jiminnn6452,เก่งมากค่ะ พี่เจนนี่ สนับสนุนเสมอค่ะ เอ็นซีที,8
H1-KEY,imUUYMi2FXw,2022-01-05T09:16:28Z,@ohzzach4113,woww,0
H1-KEY,imUUYMi2FXw,2022-01-05T09:16:26Z,@legend2576,シ︎♡︎,0
H1-KEY,imUUYMi2FXw,2022-01-05T09:16:26Z,@shuretty6963,Our rap line is on fire,121
H1-KEY,imUUYMi2FXw,2022-01-05T09:16:19Z,@legend2576,GOOD !!,0
H1-KEY,imUUYMi2FXw,2022-01-05T09:16:18Z,@wyn3214,sitala&#39;s voice is interesting !!,7
H1-KEY,imUUYMi2FXw,2022-01-05T09:16:11Z,@nananahehehe,옐 데뷔 축하해❤️,18
H1-KEY,imUUYMi2FXw,2022-01-05T09:16:07Z,@nattakit9458,เพลงดีใช้ได้อยู่,1
H1-KEY,imUUYMi2FXw,2022-01-05T09:15:58Z,@nayeonieee2513,My goosebumps won&#39;t stop,12
H1-KEY,imUUYMi2FXw,2022-01-05T09:15:47Z,@shuretty6963,I can&#39;t believe every things on point,29
H1-KEY,imUUYMi2FXw,2022-01-05T09:15:34Z,@legend2576,SUPER !!,1
H1-KEY,imUUYMi2FXw,2022-01-05T09:15:21Z,@legend2576,POWER !!,1
H1-KEY,imUUYMi2FXw,2022-01-05T09:15:21Z,@shuretty6963,Wooooow,1
H1-KEY,imUUYMi2FXw,2022-01-05T09:15:19Z,@Kpopsegye,"Queens of reminding us to get in shape with the New Year! I like this, like a lot!! Vocals, Rap, Visuals, Choreo, MV. The budget here is so good. Reminds me so much of some 2nd gen type songs and MV’s.",131
H1-KEY,imUUYMi2FXw,2022-01-05T09:15:16Z,@shuretty6963,Im crying seunghyeon You finally do it,0
H1-KEY,imUUYMi2FXw,2022-01-05T09:15:01Z,@stampstamp1056,OMGG ❤️❤️❤️❤️,1
H1-KEY,imUUYMi2FXw,2022-01-05T09:15:00Z,@pentagonistalent1414,Sitala&#39;s rap 🔥🔥,14
H1-KEY,imUUYMi2FXw,2022-01-05T09:14:51Z,@legend2576,STAN H1-KEYシ︎♡︎,0
H1-KEY,imUUYMi2FXw,2022-01-05T09:14:50Z,@bagol1209,Rina 😍,1
H1-KEY,imUUYMi2FXw,2022-01-05T09:14:46Z,@Danik.b,🤢🤢🤢🤢🤢🤢🤢🤢🤢🤢🤮🤮🤮🤮🤮🤮🤮🤮🤮🤮,1
H1-KEY,imUUYMi2FXw,2022-01-05T09:14:43Z,@meatbunchae1727,SEUNGHYUN CONGRATS FOR YOUR DEBUT,1
H1-KEY,imUUYMi2FXw,2022-01-05T09:14:32Z,@lovejejee,ไม่สนับสนุนนลูกคนที่เคยก่อรัฐหาร,5
H1-KEY,imUUYMi2FXw,2022-01-05T09:14:28Z,@blueCatSu,Omg I&#39;ve listened only first 34 seconds but I love it,54
H1-KEY,imUUYMi2FXw,2022-01-05T09:14:27Z,@veejan9025,I like this song. 😍😍😍,5
H1-KEY,imUUYMi2FXw,2022-01-05T09:14:21Z,@bbprem1578,"So cool!😍 I come to cheer Sitala,but this is so good.Want to see their show already💓.",17
H1-KEY,imUUYMi2FXw,2022-01-05T09:14:20Z,@aeyalone,ชอบคร้าบ เป็นกำลังใจให้ทุกคนเลย สู้ๆคร้าบ😍✌,2
H1-KEY,imUUYMi2FXw,2022-01-05T09:14:19Z,@oury204,Omg!!,0
H1-KEY,imUUYMi2FXw,2022-01-05T09:14:08Z,@reen4501,THIS IS SO GOOD? IM STANNING,15
H1-KEY,imUUYMi2FXw,2022-01-05T09:13:52Z,@jeimseuu_,This is such a great debut! Congratulations girls!!!,92
H1-KEY,imUUYMi2FXw,2022-01-05T09:13:48Z,@felicity5463,riina Congratulations 🤩🤩😍😍🥰🥰,0
H1-KEY,imUUYMi2FXw,2022-01-05T09:13:45Z,@ตาล-ส2ฒ,มารออ่านคอมเมนท์,0
H1-KEY,imUUYMi2FXw,2022-01-05T09:13:38Z,@nanda-bx6sv,PERFECT,2
H1-KEY,imUUYMi2FXw,2022-01-05T09:13:34Z,@nanda-bx6sv,ISSO TA PERFEITO,22
H1-KEY,imUUYMi2FXw,2022-01-05T09:13:25Z,@SweetforS,With this debut IVE is no longer the talents kpop girl group of 4th Gen (all the girls here are 5’ 7 or 5’ 8),3
H1-KEY,imUUYMi2FXw,2022-01-05T09:13:24Z,@5ilzx1_,ريناا تدلعنلتلتلت,1
H1-KEY,imUUYMi2FXw,2022-01-05T09:13:22Z,@nanda-bx6sv,"SEOI RIINA AND YEL ARE SO TALENTED OMGG, CONGRATS GIRLS OT3 IS THE BEST &lt;3",2
H1-KEY,imUUYMi2FXw,2022-01-05T09:13:15Z,@ujunggermany7953,Wunderschön ✨💖,5
H1-KEY,imUUYMi2FXw,2022-01-05T09:13:15Z,@cheli4136,"สู้ๆนะทั้ง3คนเลย(ซออี,เยล,รีอีนา)",8
H1-KEY,imUUYMi2FXw,2022-01-05T09:13:15Z,@5ilzx1_,ستيالا وييل اعطونا احلا راب😮‍💨💟,2
H1-KEY,imUUYMi2FXw,2022-01-05T09:13:12Z,@tt-yf7hq,น้องหนังยอดเยี่ยม ทั้งการเต้นการร้อง ดีพร้อมทั้งทีม 👍🤟🥰,12
H1-KEY,imUUYMi2FXw,2022-01-05T09:13:06Z,@chrryw0n682,THEY&#39;RE SO PRETTY,51
H1-KEY,imUUYMi2FXw,2022-01-05T09:13:02Z,@olilondonminatdolla6214,SEOI🤍✨,1
H1-KEY,imUUYMi2FXw,2022-01-05T09:12:58Z,@francescodallavilla5875,this was soooo cool!!!,6
H1-KEY,imUUYMi2FXw,2022-01-05T09:12:58Z,@5ilzx1_,ابكم لللحين اصيح,0
H1-KEY,imUUYMi2FXw,2022-01-05T09:12:53Z,@севианушка,ЛУЧШИЙ АНТИДРОП КОТОРЫЙ Я СЛЫШАЛА ДЕВОЧКИ СУПЕР МОЛОДЫ,14
H1-KEY,imUUYMi2FXw,2022-01-05T09:12:51Z,@olilondonminatdolla6214,RIINA🌼✨,1
H1-KEY,imUUYMi2FXw,2022-01-05T09:12:48Z,@Bnmillmoo,يمه هايكي,0
H1-KEY,imUUYMi2FXw,2022-01-05T09:11:36Z,@keska84,오 드디어,0
H1-KEY,imUUYMi2FXw,2022-01-05T09:11:32Z,@olilondonminatdolla6214,WOW!!,2
H1-KEY,imUUYMi2FXw,2022-01-05T09:11:30Z,@panyasrichaiwisarn791,สมการรอคอย ยอดเยี่ยม❤️🥰😍🤟,6
H1-KEY,imUUYMi2FXw,2022-01-05T09:11:24Z,@2ae93i57n,느슨해진 아이돌계에 긴장감을 준다..,6
H1-KEY,imUUYMi2FXw,2022-01-05T09:11:07Z,@soojincult3335,Wow what a debut!,4
H1-KEY,imUUYMi2FXw,2022-01-05T09:11:07Z,@alexjoess6945,กดdislikeให้แล้วครับ5555555,16
H1-KEY,imUUYMi2FXw,2022-01-05T09:10:59Z,@arentweall1407,Let&#39;s go 🔥🔥🔥🔥,34
H1-KEY,imUUYMi2FXw,2022-01-05T09:10:46Z,@blablinklillie600,แวะมาเชียร์น้องหนังคนเก่ง👏👏👏,3
H1-KEY,imUUYMi2FXw,2022-01-05T09:10:29Z,@liaali3260,Soooo gooog,0
H1-KEY,imUUYMi2FXw,2022-01-05T09:10:22Z,@liaali3260,Woooowwwww,1
H1-KEY,imUUYMi2FXw,2022-01-05T09:10:21Z,@user-yi1cv6my7o,デビューおめでとう😭😭 最高にかっこいいです😭💖💖,25
H1-KEY,imUUYMi2FXw,2022-01-05T09:10:10Z,@FriedEggClips,เป็นกำลังใจให้นะคะ ฮยูนิ่งบาฮีเเล้วก็ไฮคีย์อีกสามคน🤍⚡,11
H1-KEY,imUUYMi2FXw,2022-01-05T09:10:09Z,@liaali3260,Wwowowooooo,2
H1-KEY,imUUYMi2FXw,2022-01-05T09:09:33Z,@bluecello52,I love it. Sitala has unique voice. 👍👍👍,4
H1-KEY,imUUYMi2FXw,2022-01-05T09:09:32Z,@masureiyu,"Ребята, это очень сильно для дебюта! Смотря клип, я был в шоке насколько же качественно снят клип и сама песня была на высоте! Нет слов, одни эмоции!🤩",71
H1-KEY,imUUYMi2FXw,2022-01-05T09:09:32Z,@jana-mq3zk,ommmmmggggggggggggggggkdmrgprgkr[l[]peoefna,0
H1-KEY,imUUYMi2FXw,2022-01-05T09:09:30Z,@masureiyu,"Guys, this is very strong for a debut! Watching the clip, I was shocked at how well the clip was shot and the song itself was on top! There are no words, only emotions!🤩",78
H1-KEY,imUUYMi2FXw,2022-01-05T09:09:17Z,@HAENATUBE,서이 최고 멋져 ~~~ 너무 예쁘고 데뷔 축하해 ♡,3
H1-KEY,imUUYMi2FXw,2022-01-05T09:09:11Z,@hunah444,Slayyyyy girls I love the fier scene 🔥🔥🔥😍,23
H1-KEY,imUUYMi2FXw,2022-01-05T09:09:08Z,@sandspoongaming,승현아 꽃길만 걷자ㅠㅠ 프듀부터 응원함ㅠㅠ드뎌데뷔해꾸나ㅠ,2
H1-KEY,imUUYMi2FXw,2022-01-05T09:08:57Z,@nexfof1195,เพลงดี,1
H1-KEY,imUUYMi2FXw,2022-01-05T09:08:56Z,@kkkha-33334,U do it girl !no matter what you can do it,12
H1-KEY,imUUYMi2FXw,2022-01-05T09:08:56Z,@hasaraman440,Love u H1-key💚💛,2
H1-KEY,imUUYMi2FXw,2022-01-05T09:08:43Z,@mamba19,stan h1-key! stan talent!,10
H1-KEY,imUUYMi2FXw,2022-01-05T09:08:37Z,@idkannaclara,essa musica e perfeita demais aaaaa,55
H1-KEY,imUUYMi2FXw,2022-01-05T09:08:36Z,@grayrabbit2623,H1-Key slayyy!! Love u!,31
H1-KEY,imUUYMi2FXw,2022-01-05T09:08:27Z,@idkannaclara,mds e esse rap da sitala e da yel mdss,1
H1-KEY,imUUYMi2FXw,2022-01-05T09:08:24Z,@hasaraman440,🎊🔥🔥🔥🎊,1
H1-KEY,imUUYMi2FXw,2022-01-05T09:08:07Z,@コオニ3,最高,0
H1-KEY,imUUYMi2FXw,2022-01-05T09:08:05Z,@dianaaa-f1o,Wow they are so talented,53
H1-KEY,imUUYMi2FXw,2022-01-05T09:08:05Z,@mitszet5607,Love them up. ❤️❤️❤️❤️👍👍👍👍,4
H1-KEY,imUUYMi2FXw,2022-01-05T09:08:03Z,@greenwhitecargo7859,Wow it is so good,2
H1-KEY,imUUYMi2FXw,2022-01-05T09:07:58Z,@leesy8662,OMG BEAUTIFUL,12
H1-KEY,imUUYMi2FXw,2022-01-05T09:07:55Z,@OneSixth48,That&#39;s soooo above my expectation!!! goodjob girls.😍😍😍😍,12
H1-KEY,imUUYMi2FXw,2022-01-05T09:07:46Z,@sungsung3255,🤗🤗🤗🤗🤗🤗🤩🤩🤩🤩🤩🤩🤩😍😍😍😍😍😍❤❤❤❤❤❤💗💗💗💗💗💗👏👏👏👏👏👏🤟🤟🤟🤟🤟🤟,0
H1-KEY,imUUYMi2FXw,2022-01-05T09:07:45Z,@haibaeasmr2750,Ohhh okay queens,1
H1-KEY,imUUYMi2FXw,2022-01-05T09:07:41Z,@xtenz416,STAN H1-KEY !!,2
H1-KEY,imUUYMi2FXw,2022-01-05T09:07:34Z,@keeperrrr7928,Omg!!! They’re so pretty!!! 💗💗💗💗,14
H1-KEY,imUUYMi2FXw,2022-01-05T09:07:31Z,@mamba19,невероятный дебют,10
H1-KEY,imUUYMi2FXw,2022-01-05T09:07:22Z,@mamba19,а вокальные данные так сладки для ушей,6
H1-KEY,imUUYMi2FXw,2022-01-05T09:07:19Z,@xtenz416,H1-KEY THE BEST!!,28
H1-KEY,imUUYMi2FXw,2022-01-05T09:07:11Z,@samartthepanants8516,Good iob,0
H1-KEY,imUUYMi2FXw,2022-01-05T09:07:03Z,@nagi3475,Love H1-key,11
H1-KEY,imUUYMi2FXw,2022-01-05T09:06:57Z,@xtenz416,✨🔥✨🔥✨🔥✨,1
H1-KEY,imUUYMi2FXw,2022-01-05T09:06:52Z,@mamba19,голос Ситалы это что-то невероятное,36
H1-KEY,imUUYMi2FXw,2022-01-05T09:06:34Z,@niala5130,The mv us So beautiful !💟💟,8
H1-KEY,imUUYMi2FXw,2022-01-05T09:06:34Z,@jonxta,OMG THIS IS SO GOOD,53
H1-KEY,imUUYMi2FXw,2022-01-05T09:06:24Z,@mamba19,ЭТО БЫЛО СУПЕР ХОРОШО 😭,56
H1-KEY,imUUYMi2FXw,2022-01-05T09:06:21Z,@qujedw,"IT&#39;S BEAUTIFUL, STAN H1-KEY!!",45
H1-KEY,imUUYMi2FXw,2022-01-05T09:06:18Z,@niala5130,H1key💟💟💟💟💟💟💟,1
H1-KEY,imUUYMi2FXw,2022-01-05T09:06:06Z,@nataliawojcieszek278,OMGGGG I&#39;M CRYING💗👑,9
H1-KEY,imUUYMi2FXw,2022-01-05T09:06:04Z,@niala5130,We love you so much,2
H1-KEY,imUUYMi2FXw,2022-01-05T09:05:56Z,@evvok2086,MY BABIES,1
H1-KEY,imUUYMi2FXw,2022-01-05T09:05:52Z,@niala5130,Best girls!!,1
H1-KEY,imUUYMi2FXw,2022-01-05T09:05:50Z,@evvok2086,H1-KEY GO,2
H1-KEY,imUUYMi2FXw,2022-01-05T09:05:50Z,@littlegarnet6524,Sooo beautiful,3
H1-KEY,imUUYMi2FXw,2022-01-05T09:05:50Z,@plairpascal5613,"Y’girls are amazing, fighting H1-KEY!",92
H1-KEY,imUUYMi2FXw,2022-01-05T09:05:47Z,@minticycream,AAH OOMG,4
H1-KEY,imUUYMi2FXw,2022-01-05T09:05:42Z,@zosiakrasuska4416,This is a masterpiece😊😀,33
H1-KEY,imUUYMi2FXw,2022-01-05T09:05:40Z,@littlegarnet6524,❤️❤️❤️❤️,0
H1-KEY,imUUYMi2FXw,2022-01-05T09:05:38Z,@niala5130,So pretty I love their dance!,32
H1-KEY,imUUYMi2FXw,2022-01-05T09:05:35Z,@pptt6860,🎉🎉🎉🎉🎉💕💕💕💕,1
H1-KEY,imUUYMi2FXw,2022-01-05T09:05:30Z,@xtenz416,💯✨,1
H1-KEY,imUUYMi2FXw,2022-01-05T09:05:29Z,@toxicon_br6089,GO H1-KEY GOOO ❤️❤️❤️❤️,11
H1-KEY,imUUYMi2FXw,2022-01-05T09:05:28Z,@xxxbox1742,Love Sitala,9
H1-KEY,imUUYMi2FXw,2022-01-05T09:05:26Z,@feydazrin7185,ปังมากๆ ♥️♥️สวยทุกคนเลย,14
H1-KEY,imUUYMi2FXw,2022-01-05T09:05:25Z,@raru4834,曲よき！！！,8
H1-KEY,imUUYMi2FXw,2022-01-05T09:05:20Z,@alexao2724,"It’s so good ! Go girls, you nailed it 🥂 It’s a really good debut track",52
H1-KEY,imUUYMi2FXw,2022-01-05T09:05:19Z,@nmixxsubsbrazil5890,Vocais do H1KEY acima de tudo!!,68
H1-KEY,imUUYMi2FXw,2022-01-05T09:05:15Z,@ohmpatiparnchannel,OT3 BYE😍,0
H1-KEY,imUUYMi2FXw,2022-01-05T09:05:11Z,@짱구는옷말령-n1c,승현아 데뷔 너무 축하해!!!,22
H1-KEY,imUUYMi2FXw,2022-01-05T09:05:04Z,@alvaroamadorcatalan5057,Increíble,2
H1-KEY,imUUYMi2FXw,2022-01-05T09:05:02Z,@olasetka1570,wow so amazing i love it ♡♡♡,5
H1-KEY,imUUYMi2FXw,2022-01-05T09:05:01Z,@niala5130,I can&#39;t wait for u guys in the future!,7
H1-KEY,imUUYMi2FXw,2022-01-05T09:04:58Z,@sofiagl5860,잘 했어요 ! 그것은 굉장,2
H1-KEY,imUUYMi2FXw,2022-01-05T09:04:58Z,@nmixxsubsbrazil5890,"Mds o rap da Yel e da Sitala me mataram , QUE COISA PERFEITA!!!!",97
H1-KEY,imUUYMi2FXw,2022-01-05T09:04:47Z,@evvok2086,I LOVE IT,27
H1-KEY,imUUYMi2FXw,2022-01-05T09:04:39Z,@evvok2086,ATHLETIC GIRLS,2
H1-KEY,imUUYMi2FXw,2022-01-05T09:04:38Z,@niala5130,I love this song!,11
H1-KEY,imUUYMi2FXw,2022-01-05T09:04:33Z,@bellz8018,Todas son hermosas 💖,11
H1-KEY,imUUYMi2FXw,2022-01-05T09:04:30Z,@evvok2086,RUN,0
H1-KEY,imUUYMi2FXw,2022-01-05T09:04:22Z,@evvok2086,OH YEAH,1
H1-KEY,imUUYMi2FXw,2022-01-05T09:04:18Z,@arianagrandfather7847,ปังมากค่ะ kep1er,5
H1-KEY,imUUYMi2FXw,2022-01-05T09:04:14Z,@xtenz416,PRETTY🤍✨,0
H1-KEY,imUUYMi2FXw,2022-01-05T09:04:00Z,@evvok2086,BEST OF BEST,1
H1-KEY,imUUYMi2FXw,2022-01-05T09:03:57Z,@p6eprd_27_apisaraimtua7,ปังปุรึเย้! จะคอยซัพพอร์ตนะคะ น้องหนูเคปเล่อ💖😍,8
H1-KEY,imUUYMi2FXw,2022-01-05T09:03:55Z,@xtenz416,AAAA SO GOOD,58
H1-KEY,imUUYMi2FXw,2022-01-05T09:03:52Z,@m1nky3ung,Hwaiting on your debut👍,12
H1-KEY,imUUYMi2FXw,2022-01-05T09:03:46Z,@xSharpeur,Cool !!,1
H1-KEY,imUUYMi2FXw,2022-01-05T09:03:45Z,@moji2915,สุดยอด! ดีกว่าที่คิดไหวสำหรับวงใหม่และค่ายเพลงใหม่ wow🔥,16
H1-KEY,imUUYMi2FXw,2022-01-05T09:03:43Z,@nmixxsubsbrazil5890,STAN H1KEY STAN TALENT!!!,41
H1-KEY,imUUYMi2FXw,2022-01-05T09:03:42Z,@happyhow5007,เพลงเพราะมากเลยครับ ยินดีด้วยนะครับ❤ กับการเดบิ้ว kep1ler,14
H1-KEY,imUUYMi2FXw,2022-01-05T09:03:35Z,@bellz8018,"La voz de sitala me sorprendió, no lo esperaba",8
H1-KEY,imUUYMi2FXw,2022-01-05T09:03:30Z,@nmixxsubsbrazil5890,MDSSS,0
H1-KEY,imUUYMi2FXw,2022-01-05T09:03:13Z,@shoonvp9397,Ooo,0
H1-KEY,imUUYMi2FXw,2022-01-05T09:03:09Z,@wipawank.3339,❤️❤️🎉🎉,1
H1-KEY,imUUYMi2FXw,2022-01-05T09:03:00Z,@medoughchew,Yel rapp !!!!!😭😭💖💖,0
H1-KEY,imUUYMi2FXw,2022-01-05T09:02:50Z,@medoughchew,Yeel slaying,0
H1-KEY,imUUYMi2FXw,2022-01-05T09:02:44Z,@kimsoo_5820,Wow grate debut😭💜,7
H1-KEY,imUUYMi2FXw,2022-01-05T09:02:35Z,@mbkbenz,LET&#39;S GO!!! YOU GO GIRLS H1-KEY. This is so catchy.,85
H1-KEY,imUUYMi2FXw,2022-01-05T09:02:31Z,@medoughchew,Omgggg,1
H1-KEY,imUUYMi2FXw,2022-01-05T09:02:28Z,@nayeonieee2513,FIRE 🔥,3
H1-KEY,imUUYMi2FXw,2022-01-05T09:02:26Z,@nanana1414,It&#39;s really song of the year,2
H1-KEY,imUUYMi2FXw,2022-01-05T09:02:24Z,@PK-eh6ic,กรี้ดดด...ชอบๆๆค่ะ,1
H1-KEY,imUUYMi2FXw,2022-01-05T09:02:22Z,@hashtagglowup7208,Love H1- Key ❤️❤️❤️❤️ So gooooood,34
H1-KEY,imUUYMi2FXw,2022-01-05T09:02:16Z,@สวัสดีสามสิบมกรา,มาส่งกำลังใจ❤️,3
H1-KEY,imUUYMi2FXw,2022-01-05T09:02:09Z,@iles7117,AAAAAAA,0
H1-KEY,imUUYMi2FXw,2022-01-05T09:02:04Z,@illitsup,I’m cry,2
H1-KEY,imUUYMi2FXw,2022-01-05T09:02:01Z,@user-mj2ve2zg1f,It&#39;s good than kep1er,4
H1-KEY,imUUYMi2FXw,2022-01-05T09:01:48Z,@Arm-ls5ix,❤️,1
H1-KEY,imUUYMi2FXw,2022-01-05T09:01:46Z,@xtenz416,H1-KEY,0
H1-KEY,imUUYMi2FXw,2022-01-05T09:01:41Z,@상어_0723,승현아 ㅠㅠ 대박 데뷔 축하해!!!,31
H1-KEY,imUUYMi2FXw,2022-01-05T09:01:37Z,@nana-ck9bu,H1KEYデビューおめでとう😭✨ ソイちゃんかわいい😭😭😭💞,27
H1-KEY,imUUYMi2FXw,2022-01-05T09:01:05Z,@nanana1414,OMG IT&#39;S SOOO GOOOD,45
H1-KEY,imUUYMi2FXw,2022-01-05T09:01:01Z,@illitsup,ببكيي,1
H1-KEY,imUUYMi2FXw,2022-01-05T09:00:56Z,@illitsup,اوللل,0
H1-KEY,imUUYMi2FXw,2022-01-05T09:00:51Z,@jojo694,리이나 너무 예쁘다,17
H1-KEY,imUUYMi2FXw,2022-01-05T09:00:50Z,@Zaaradosani27,Yea,0
H1-KEY,imUUYMi2FXw,2022-01-05T09:00:48Z,@МинаЛова-г3э,Woooow,1
H1-KEY,imUUYMi2FXw,2022-01-05T09:00:48Z,@nanana1414,Congratulation on your debut girls,33
H1-KEY,imUUYMi2FXw,2022-01-05T09:00:43Z,@luvlllie,Yel ~ ！！🤍,0
H1-KEY,imUUYMi2FXw,2022-01-05T09:00:31Z,@nanana1414,Yeeeeees,2
